Codigo;DescripciÃƒÂ³n de artÃƒÂ­culo;Cod Barra;Peso;Cupo;Cod Jerarq 4;CÃƒÂ³digos de artÃƒÂ­-culos alternativos;Descrip 3 Artic;Familia Envase
0069;Pan Hot Dog 16 8p 350g Con Bol HOU;78034732140580;350;9;72 BG;0069;BG;BANDEJAS
0299;Pinguinos Tira 4p 160g MLA;7803473542106;160;18;72 BG;0299;BG;BANDEJAS
0428;Pan Pita Blanco 8p 344g CJ ID;7803473000767;344;14;120 BCH;0428;BCH;BANDEJAS
0429;Pan Pita Integral 8p 344g CJ ID;7803473000750;344;14;120 BCH;0429;BCH;BANDEJAS
0473;Tortilla 10p 940g Bolsa HOU;7803403000522;940;10;72 BG;0473;BG;BANDEJAS
0546;Pan Blanco 1p 650g BIM;7750727112038;650;8;28 BG;0546;BG;BANDEJAS
0667;Alfajor Laguito 3p 105g LDS;7803400000839;105;50;120 BCH;0667;BCH;BANDEJAS
0822;Pan Blanco 1p 560g Bolsa ID;7803403002229;560;10;72 BG;0822;BG;BANDEJAS
100234;BARREDURA CON ENVOLTURA;7790001001153_100234;0;1;0 g;100234;g;
100235;BARREDURA SIN ENVOLTURA;7790001001153_100235;0;1;0 g;100235;g;
10177;Pan Hamburguesa Artesano 4p 330g ID;7803403002250;330;10;72 BG;10177;BG;BANDEJAS
10298;Pinguinos Chocolate 3p 120g MLA;7803473004840;120;40;72 BG;10298;BG;BANDEJAS
122874;Takis Original 1p 190g Flow BAR EXP;757528024581;190;12;135 CT;122874;CT;CAJAS
123152;Takis Fuego 1ct 2OZ 56g FLOW BAR EXP;757528005276;56;36;117 CU;123152;CU;CAJAS
123153;Mini Takis Fuego 25ct 875g ME BAR EXP;757528009113;4375;1;64 CU;123153;CU;CAJAS
123154;Takis Fuego 1ct 4OZ 113.4g FLOW BAR EXP;757528008796_123154;113.4;16;117 CU;123154;CU;CAJAS
123163;Takis Fuego 1ct 1oz 28g FLOW BAR EXP;757528005047;28;46;96 CU;123163;CU;CAJAS
123189;Takis Fuego 42ct 2oz 56g CASE EXP BAR;20757528002767;56;42;112 CU;123189;CU;CAJAS
123191;Takis Fuego 20ct 4oz 113.4g CASE EXP BAR;30757528008797;113.4;20;112 CU;123191;CU;CAJAS
123397;Takis Fuego 9.9oz 280g FLOW BAR EXP;757528028268_123397;280;12;64 CU;123397;CU;CAJAS
123399;Takis Xplosion 9.9OZ 280g EXP CAN BAR;757528028282_123399;280;12;64 CU;123399;CU;CAJAS
123490;Takis Fuego 1p 190g Flow BAR EXP;757528028947;190;12;135 CT;123490;CT;CAJAS
123501;Takis Xplosion 1p 56g Flow BAR EXP;757528029050;56;36;108 CT;123501;CT;CAJAS
123502;Takis Xplosion 1p 90g Flow BAR EXP;757528029067;90;35;64 CT;123502;CT;CAJAS
123503;Takis Xplosion 1p 190g Flow BAR EXP;757528029074;190;12;135 CT;123503;CT;CAJAS
124317;Takis Fuego 14ct 9.9oz 280g CASE EXP BAR;20757528008684;280;14;72 CU;124317;CU;CAJAS
124678;Takis Blue Heat Promo 20ct 4oz 113.4g BAG BAR;10757528037465;113.4;20;112 CU;124678;CU;CAJAS
124679;Takis Blue Heat Promo 14ct 9.9oz 280g BAG BAR;10757528037472;280;14;72 CU;124679;CU;CAJAS
124949;Chips Sal 1p 170g Flow BAR EXP;757528038908_1;170;8;108 CT;124949;CT;CAJAS
125070;Takis Fuego 1p 56g Bolsa BAR;757528039592;56;42;112 CME;125070;CME;CORRUGADO
125071;Takis Fuego 1p 280g Bolsa BAR;757528039608;280;12;64 CME;125071;CME;CORRUGADO
125072;Takis Original 1p 56g BOLSA BAR EXP;757528039615;56;42;112 CME;125072;CME;CORRUGADO
125073;Takis Original 1p 280g Bolsa BAR;757528039622;280;12;64 CME;125073;CME;CORRUGADO
125074;Takis Xplosion 1p 56g Bolsa BAR;757528039639;56;42;112 CME;125074;CME;CORRUGADO
125075;Takis Xplosion 1p 280g Bolsa BAR;757528039646;280;12;64 CME;125075;CME;CORRUGADO
125141;Pop Karameladas 1p 105g Flow BAR EXP;757528040048;105;16;135 CT;125141;CT;CAJAS
125179;Pop Karameladas 1p 260g Flow BAR EXP;757528040406;260;10;108 CT;125179;CT;CAJAS
125180;Pop Karameladas 1p 50g Flow BAR EXP;757528040413;50;35;120 CT;125180;CT;CAJAS
125183;Chips Fuego 1p 42g Flow BAR EXP;757528040444;42;30;120 CT;125183;CT;CAJAS
125185;Chips Fuego 1p 170g Flow BAR EXP;757528040468;170;8;108 CT;125185;CT;CAJAS
125186;Chips Jalapeno 1p 42g Flow BAR EXP;757528040475;42;30;120 CT;125186;CT;CAJAS
125188;Chips Jalapeno 1p 170g Flow BAR EXP;757528040499;170;8;108 CT;125188;CT;CAJAS
125189;Chips Sal 1p 42g Flow BAR EXP;757528040505;42;30;120 CT;125189;CT;CAJAS
125426;Takis Fuego 1p 15g Bolsa BAR;757528042547;15;72;48 CME;125426;CME;CORRUGADO
125995;Bolson Chip Fuego 25p 450g Bolsa BAR EXP;7503029445874;450;5;30 CT;125995;CT;CAJAS
126102;Takis Xplosion 1p 200g Bolsa EXP CHI BAR;757528044978;200;16;64 CME;126102;CME;CORRUGADO
126103;Takis Original 1p 200g Bolsa EXP CHI BAR;757528044985;200;16;64 CME;126103;CME;CORRUGADO
126104;Takis Fuego 1p 200g Bolsa BAR EXP;757528044992;200;16;64 CME;126104;CME;CORRUGADO
126349;Chips Fuego 1p 55g Flow BAR EXP;7503030374125;55;35;64 CT;126349;CT;CAJAS
126350;Chips Jalapeno 1p 55g Flow BAR EXP;757528045180;55;35;64 CT;126350;CT;CAJAS
126433;Takis Wapas Fuego 1p 40g Bolsa BAR EXP;757528045296;40;30;112 CU;126433;CU;CAJAS
126434;Takis Wapas Fuego 1p 170g Bolsa BAR EXP;757528045302;170;12;64 CU;126434;CU;CAJAS
126437;Takis Wapas QuesLoc 1p 40g Bolsa BAR EXP;757528045333;40;30;112 CU;126437;CU;CAJAS
126438;Takis WapasQuesLoc 1p 170g Bolsa BAR EXP;757528045340;170;12;64 CU;126438;CU;CAJAS
126565;TakisFuego 20C4OZ113.4g BOLSA BAR EXP;757528045449;113.4;20;112 CU;126565;CU;CAJAS
126566;Takis Fuego 42CT 2OZ56g BOLSA BAR EXP;757528045456;56.7;42;112 CU;126566;CU;CAJAS
126576;TakisFuego 14p9.9OZ280g BOLSA BAR EXP;757528045531;280.7;14;72 CU;126576;CU;CAJAS
127049;Takis Kettlez Fuego 20ct 2.5oz71g CASE EXP BAR;757528046361;71;20;112 CU;127049;CU;CAJAS
127062;Takis HotNuts Fueg 1p 90g Bolsa BAR EXP;757528046392;90;36;108 CU;127062;CU;CAJAS
127063;Takis HotNuts Orig 1p 90g Bolsa BAR EXP;757528046712;90;36;108 CU;127063;CU;CAJAS
127122;Takis Huakamoles 1p 56g FLOW BAR EXP;757528046491;56;36;108 CT;127122;CT;CAJAS
127133;Big Mix Fuego 1p 25g Flow BAR;757528046507;25;50;72 CT;127133;CT;CAJAS
127207;Takis Dragon Sweet Chili 1Ct 9.88Oz 280G BAG BAR EXP;10757528046566;280;12;64 CU;127207;CU;CAJAS
127208;Takis Dragon Sweet Chili 1Ct 3.17Oz 90G BAG BAR EXP;10757528046573;90;18;112 CU;127208;CU;CAJAS
127243;Takis Huakamoles 1p 90g FLOW BAR EXP;757528046637;90;35;64 CT;127243;CT;CAJAS
127244;Takis Huakamoles 1p 190g FLOW BAR EXP;757528046644;190;12;135 CT;127244;CT;CAJAS
127245;Takis Fuego 1ct 9.8OZ 280g FLOW BAR EXP;757528046651;280;14;72 CU;127245;CU;CAJAS
127280;Takis HotNuts Orig 1p 200g Bolsa BAR EXP;757528046408;200;30;72 CU;127280;CU;CAJAS
127281;Takis HotNuts Fueg 1p 200g Bolsa BAR EXP;757528046729;200;30;72 CU;127281;CU;CAJAS
127492;Mini Takis Fuego 25p 875g CJA BAR EXP;10757528047419;4375;1;72 CU;127492;CU;CAJAS
127529;Chips Fuego 1p 36g Flow BAR;757528047467;36;30;112 CT;127529;CT;CAJAS
127530;Chips Jalapeno 1p 36g Flow BAR;757528047474;36;30;112 CT;127530;CT;CAJAS
127531;Chips Sal 1p 36g Flow BAR;757528047481;36;30;112 CT;127531;CT;CAJAS
127566;Takis Hot Nuts Fuego 12p 3.2oz 90g CASE BAR EXP;757528047504;90;36;108 CU;127566;CU;CAJAS
127567;Takis Hot Nuts Flare 12p 3.2oz 90g CASE BAR EXP;757528047511;90;36;108 CU;127567;CU;CAJAS
127568;Takis Blue Heat 1ct 4OZ 113.4g FLOW BAR EXP;757528047528;113.4;20;112 CU;127568;CU;CAJAS
127595;TakisWaves Dragon SweetChili 10ct 6.7oz 190g CASE BAR EXP;10757528047532;190;10;64 CU;127595;CU;CAJAS
127599;Takis Waves Fuego 10ct 6.7oz 190g CASE BAR EXP;10757528047556;190;10;64 CU;127599;CU;CAJAS
127619;Takis Fuego 42p 45g FLOW BAR EXP;7500810001295;45;42;112 CU;127619;CU;CAJAS
127620;Takis Original 42p 45g FLOW BAR EXP;7500810001301;45;42;112 CU;127620;CU;CAJAS
127621;Takis Xplosion 42p 45g FLOW BAR EXP;7500810001318;45;42;112 CU;127621;CU;CAJAS
127666;Takis Waves Fuego Gcc 1ct 2.5oz 71g FLOW BAR EXP;7500810001592_127666;71;20;112 CU;127666;CU;CAJAS
127667;Takis Waves Fuego Gcc 1ct 8oz 227g FLOW BAR EXP;7500810001608_127667;227;12;64 CU;127667;CU;CAJAS
127767;Pop Fuego 1p 25g FLOW BAR EXP;7500810003190;25;25;112 CT;127767;CT;CAJAS
127799;Takis Original 24p 185g FLOW BAR EXP;7500810003657;185;24;64 CU;127799;CU;CAJAS
127800;Takis Fuego 24p 185g FLOW BAR EXP;7500810003664;185;24;64 CU;127800;CU;CAJAS
127811;Takis Xplosion 24p 185g FLOW BAR EXP;7500810003954;185;24;64 CU;127811;CU;CAJAS
127888;Mini Takis Fuego JOR 25p 30.8oz875g CASE BAR EXP;17500810004590;4375;1;64 CU;127888;CU;CAJAS
127890;Takis Fuego JOR 46p 1oz28g CASE BAR EXP;17500810004613;28;46;96 CU;127890;CU;CAJAS
127891;Takis Fuego JOR 36p 2oz56g CASE BAR EXP;17500810004644;56;36;117 CU;127891;CU;CAJAS
127892;TakisFuego JOR 16p 4oz113.4g CASE BAR EXP;17500810004620;113.4;16;117 CU;127892;CU;CAJAS
127992;Hot Nuts Fuego 1p 50g FLOW BAR EXP;7500810005903;50;72;108 CT;127992;CT;CAJAS
127993;Hot Nuts Original 1p 80g FLOW BAR EXP;7500810005910;80;16;312 CT;127993;CT;CAJAS
127994;Hot Nuts Original 1p 50g FLOW BAR EXP;7500810005927;50;72;108 CT;127994;CT;CAJAS
128177;Takis Nitro 1ct 4OZ 113.4g FLOW BAR EXP;7500810008638;113.4;20;112 CU;128177;CU;CAJAS
128178;Takis Blue Heat 1ct 4OZ 113.4g FLOW BAR EXP;7500810008645;113.4;20;112 CU;128178;CU;CAJAS
128284;Hot Nuts Fuego 1p 80g FLOW BAR EXP;7500810010884;80;16;312 CT;128284;CT;CAJAS
128355;Takis Waves Fuego JOR 12ct 8oz 227g CASE BAR EXP;7500810012062;227;12;64 CU;128355;CU;CAJAS
128356;Takis Waves Fuego JOR 20ct 2.5oz 71g CASE BAR EXP;7500810012079;71;20;112 CU;128356;CU;CAJAS
128387;Takis Zombie GCC 46ct 1oz 28.4g CASE BAR EXP;757528048273;28.4;46;112 CU;128387;CU;CAJAS
128512;Takis Waves Fuego SPI 20ct 2.5oz 71g CASE BAR EXP;757528048648;71;20;112 CU;128512;CU;CAJAS
128513;Takis Waves Fuego SPI 12ct 8oz 227g CASE BAR EXP;757528048655;227;12;64 CU;128513;CU;CAJAS
128544;Big Mix Fuego 1p 40g FLOW BAR EXP;757528048686_1;40;33;72 CT;128544;CT;CAJAS
128623;Takis Nitro 12ct 9.9oz 280g CASE BAR EXP;757528048808;280;12;64 CU;128623;CU;CAJAS
128648;Takis Blue Heat 20ct4oz113.4g CASE BAR EXP;757528048990;113.4;20;112 CU;128648;CU;CAJAS
128649;Takis Blue Heat 14ct9.9oz280g CASE BAR EXP;757528049003;280;14;72 CU;128649;CU;CAJAS
128650;Takis Fuego 42ct 2oz 56g CASE BAR EXP;757528049010;56;42;112 CU;128650;CU;CAJAS
128652;Takis Fuego 20ct 4oz 113.4g CASE BAR EXP;757528049034;113.4;20;112 CU;128652;CU;CAJAS
128653;Takis HotNuts Flare 12ct 3.2oz1089.6g DPY BAR EXP;757528049041;1089.6;3;108 CU;128653;CU;CAJAS
128655;Takis HotNuts Fuego 12ct 3.2oz1089.6g DPY BAR EXP;757528049065;1089.6;3;108 CU;128655;CU;CAJAS
128656;Takis Hot Nuts Fuego 12ct 3.2oz 90.8g CASE BAR EXP;757528049072;90.8;36;108 CU;128656;CU;CAJAS
128701;Takis Kaboom 12ct 9.9oz 280g CASE BAR EXP;757528049331;280;12;64 CU;128701;CU;CAJAS
128744;Takis Fuego 1p 200g FLOW BAR EXP;757528044992_2;200;20;64 CME;128744;CME;CORRUGADO
128745;Takis Original 1p 200g FLOW BAR EXP;757528044985_1;200;20;64 CME;128745;CME;CORRUGADO
128748;Takis Xplosion GCC 20ct 4oz 113.4g CASE BAR EXP;757528049393;113.4;20;112 CU;128748;CU;CAJAS
128750;Takis Xplosion 1p 200g FLOW BAR EXP;757528044978_1;200;20;64 CME;128750;CME;CORRUGADO
128795;Takis Xplosion PAL 20ct 4oz 113.4g CASE BAR EXP;757528049461;113.4;20;112 CU;128795;CU;CAJAS
128798;Takis Fajita PAL 20ct 4oz 113.4g CASE BAR EXP;757528049492;113.4;20;112 CU;128798;CU;CAJAS
128799;Takis HotNuts Flare PAL 12ct 3.2oz 90.8g CASE BAR EXP;757528049508;1089.6;3;108 CU;128799;CU;CAJAS
128800;Takis HotNuts Fuego PAL 12ct 3.2oz 90.8g CASE BAR EXP;757528049515;1089.6;3;108 CU;128800;CU;CAJAS
128810;Takis Blue 1p 113g FLOW BAR EXP;757528049539;113;20;112 CME;128810;CME;CORRUGADO
128811;Takis Original 1p 113g FLOW BAR EXP;757528049546;113;20;112 CME;128811;CME;CORRUGADO
128812;Takis Fuego 1p 113g FLOW BAR EXP;757528049553;113;20;112 CME;128812;CME;CORRUGADO
128813;TakisKettlez Fuego GCC 20ct 2.5oz 71g CASE BAR EXP;757528049560;71;20;112 CU;128813;CU;CAJAS
128817;Takis Xplosion 1p 113g FLOW BAR EXP;757528049607;113;20;112 CME;128817;CME;CORRUGADO
128858;Takis BlueHeat PR 20ct 3.25oz 92.3g CASE BAR EXP;757528048112_1;92.3;20;112 CU;128858;CU;CAJAS
128859;Takis Fuego PR 20ct 3.25oz 92.3g CASE BAR EXP;757528048075_2;92.3;20;112 CU;128859;CU;CAJAS
128883;TakisKettlez Fuego SPI 20ct 2.5oz 71g CASE BAR EXP;757528046361_1;71;20;112 CU;128883;CU;CAJAS
128889;Takis Volcano 1p 120g FLOW BAR EXP;7500810020029;120;35;72 CT;128889;CT;CAJAS
128890;Takis Fuego 1p 120g FLOW BAR EXP;7500810020036;120;35;72 CT;128890;CT;CAJAS
128891;Takis Original 1p 42g FLOW BAR EXP;7500810020043;42;42;112 CT;128891;CT;CAJAS
128892;Takis Volcano 1p 42g FLOW BAR EXP;7500810020050;42;42;112 CT;128892;CT;CAJAS
128893;Takis Fuego 1p 42g FLOW BAR EXP;7500810020067;42;42;112 CT;128893;CT;CAJAS
128908;Takis Zombie 18ct 3.17oz 90g CASE BAR EXP;757528049775;90;18;104 CU;128908;CU;CAJAS
128909;Takis Zombie 12ct 9.9oz 280g CASE BAR EXP;757528049782;280;12;64 CU;128909;CU;CAJAS
128918;Takis Blue Heat GCC 14ct 9.9oz 280.7g CASE BAR EXP;7500810020241;280.7;14;72 CU;128918;CU;CAJAS
128919;Takis Zombie JOR 46ct 1oz 28.4g CASE BAR EXP;7500810020258;28.4;46;112 CU;128919;CU;CAJAS
128920;Takis Zombie JOR 20ct 3.25oz92.3g CASE BAR EXP;7500810020265;92.3;20;112 CU;128920;CU;CAJAS
128921;Takis Pop Fuego GCC 12ct 2oz 56.7g CASE BAR EXP;7500810020272;56.7;12;72 CU;128921;CU;CAJAS
128922;Takis Zombie GCC 20ct 3.25oz92.3g CASE BAR EXP;7500810020289;92.3;20;112 CU;128922;CU;CAJAS
128923;Takis Zombie GCC 14ct 9.9oz 280.7g CASE BAR EXP;7500810020296;280.7;14;72 CU;128923;CU;CAJAS
128924;Takis Pop Fuego GCC 8ct 6.7oz 190g CASE BAR EXP;7500810020302;190;8;48 CU;128924;CU;CAJAS
128937;Takis Original 1p 120g FLOW BAR EXP;7500810022016;120;35;72 CT;128937;CT;CAJAS
128938;TakisFuego 1p90g FLOW BAR EXP;757528049812;90;35;72 CT;128938;CT;CAJAS
128939;Takis Fuego 1P 28G FLOW BAR EXP;757528049829;28;46;112 CT;128939;CT;CAJAS
128940;Takis Blue Heat 1p 190g FLOW BAR EXP;757528049836;190;12;135 CT;128940;CT;CAJAS
128941;Takis Blue Heat 1p 90g FLOW BAR EXP;757528049843;90;35;64 CT;128941;CT;CAJAS
128942;Takis Blue Heat 1p 56g FLOW BAR EXP;757528049850;56;36;108 CT;128942;CT;CAJAS
128943;Takis Guacamole GCC 20ct 113.4g CASE BAR EXP;757528008833_1;113.4;20;112 CU;128943;CU;CAJAS
128944;Takis Fajita GCC 20ct 4oz113.4g CASE BAR EXP;757528008819_1;113.4;20;112 CU;128944;CU;CAJAS
128945;Takis Nitro GCC 20ct 4oz113.4g CASE BAR EXP;757528008802_1;113.4;20;112 CU;128945;CU;CAJAS
128955;Takis Fuego GCC 20ct 4oz113.4g CASE BAR EXP;757528008796_1;113.4;20;112 CU;128955;CU;CAJAS
128969;TakisFuego 1p200g FLOW BAR EXP;7500810020999;200;20;72 CT;128969;CT;CAJAS
128970;TakisXplosion 1p200g FLOW BAR EXP;7500810021002;200;20;72 CT;128970;CT;CAJAS
128971;TakisOriginal 1p200g FLOW BAR EXP;7500810021019;200;20;72 CT;128971;CT;CAJAS
128972;TakisOriginal 1p90g FLOW BAR EXP;7500810021026;90;35;72 CT;128972;CT;CAJAS
128973;TakisOriginal 1p56g FLOW BAR EXP;7500810021033;56;42;112 CT;128973;CT;CAJAS
128974;TakisXplosion 1p90g FLOW BAR EXP;7500810021040;90;35;72 CT;128974;CT;CAJAS
128975;TakisXplosion 1p56g FLOW BAR EXP;7500810021057;56;42;112 CT;128975;CT;CAJAS
128976;TakisFuego 1p56g FLOW BAR EXP;7500810021064;56;42;112 CT;128976;CT;CAJAS
128986;TakisFuego 1p28g FLOW BAR EXP;7500810021170;28;46;112 CT;128986;CT;CAJAS
1419;Tortilla Wraps Blanco 8p 400g ID;7803473001061;400;18;72 BG;1419;BG;BANDEJAS
1420;Tortilla Wraps Integral 8p 400g ID;7803473001078;400;18;72 BG;1420;BG;BANDEJAS
1436;Pan Hambur 4BK cses 30p 1650gÃ‚Â  PPack HOU;7803473014368;1650;1;120 BCH;1436;BCH;BANDEJAS
1438;Pan Hamb Whopper 5BK 20p 1600g PPack HOU;7803473014382;1600;1;120 BCH;1438;BCH;BANDEJAS
1462;Pizza 1p 250g CEN;7803473000552;250;20;72 BG;1462;BG;BANDEJAS
1471;Frica Salada 5 20p 1600g Ppack HOU;7803403001413;1600;1;120 BCH;1471;BCH;BANDEJAS
1480;Pan Hot Dog 16 Doggis 8p 345g Bol HOU;7803473014801;345;9;72 BG;1480;BG;BANDEJAS
1496;Super Hot Dog 22 Doggis 8p 600g Bol HOU;7803473014962;600;6;72 BG;1496;BG;BANDEJAS
1519;Hot Dog 22cm 8p 600g Bol HOU;7803473015198;600;6;72 BG;1519;BG;BANDEJAS
1972;Pan Centeno Avena 450g Fuc;7803480001139;450;13;72 BG;1972;BG;BANDEJAS
202055;Principe Choco Bco RRP 14p 147g Tubo MLA;7501030423331;147;27;156 CME;202055;CME;CORRUGADO
202056;Principe Chocolate RRP 14p 147g Tubo MLA;7501030491071;147;27;156 CME;202056;CME;CORRUGADO
202057;Principe Limon RRP 14p 147g Tubo MLA;7501030423447;147;27;156 CME;202057;CME;CORRUGADO
202878;Galleta Pinguino 5p 40g Tira EXP CHI MLA;27501030425957;200;18;96 CU;202878;CU;CAJAS
203029;Principe Vai Cho 8p 84g Flowpack EXP MLA;7441029504613;84;48;144 CU;203029;CU;CAJAS
203030;Principe Cho Bl 8p 84g Flowpack EXP MLA;7441029515268;84;48;144 CU;203030;CU;CAJAS
203031;Principe Limon 8p 84g Flowpack EXP MLA;7441029506181;84;48;144 CU;203031;CU;CAJAS
203172;Galleta Gansito 10p 215g Tubo MLA EXP;757528047160_1;215;12;144 CU;203172;CU;CAJAS
203173;Galleta Pinguino 10p 200g Tubo MLA EXP;757528047177;200;12;144 CU;203173;CU;CAJAS
204845;Pastel Choc BrownieChoc 1p35g FLOW MLA;7500810037782;35;144;63 CU;204845;CU;CAJAS
204897;Pastel Choc BrownieChoc 1p35gSP FLOW MLA;7500810037782_1;35;144;63 CU;204897;CU;CAJAS
20726;Pinguino 3p 120g MLA;7803473003461;120;44;72 BG;20726;BG;BANDEJAS
21027;Rayita Twinkies 1p 30g BOLSA MLA;78034735411230;30;30;250 CC;21027;CC;CORRUGADO
21029;Mankeke 24p 25g ME MLA;7803473241214;25;24;250 CC;21029;CC;CORRUGADO
21097;Pan Pita Integral Light 8p 344g CJ ID;7803403000034;300;14;120 BCH;21097;BCH;BANDEJAS
21164;Quequitos Limon 6p 300g CEN;7803473002686;300;15;72 BG;21164;BG;BANDEJAS
21287;Alfajor Laguito 8P 280g ME LDS;7803400001119;280;24;72 BG;21287;BG;BANDEJAS
21348;Pan Blanco XL 1p 750g Bolsa ID;78034730026621;750;7;72 BG;21348;BG;BANDEJAS
21478;Rapiditas Clasic 1p 275g BOLSA BIM;7793890258264;275;28;56 CPA;21478;CPA;CAJAS
21734;Tortilla Pack Fiesta 24p 600g BOLSA TR;7803403000188;600;12;120 BCH;21734;BCH;BANDEJAS
21815;Pan Hambur 5BK CornD 20p 1700g PPack HOU;7803403001390;1700;1;120 BCH;21815;BCH;BANDEJAS
21860;Tortilla Burreras 22cm 8p 400g BOLSA TR;7803403000195_1;400;16;72 BG;21860;BG;BANDEJAS
21899;Pan Light Multigrano 650g FUC;7803480000309;650;10;72 BG;21899;BG;BANDEJAS
22016;Pan Integral Stuttgart 650g FUC;7803480020079;650;10;72 BG;22016;BG;BANDEJAS
22059;Pan Molde Fibra 1p 580g Bolsa CEN;7803473001153;580;10;72 BG;22059;BG;BANDEJAS
22193;Tkch 2.0 1p 44g DSP MLA;7803473003102;44;144;72 BG;22193;BG;BANDEJAS
22378;Pan Hamb 80pct 5 20p 1800g PPack HOU;7803473223784;1800;1;72 BCH;22378;BCH;BANDEJAS
2278;Frica 4 cs 30p 2100g Ppack HOU;7803473022783;2100;1;120 BCH;2278;BCH;BANDEJAS
2279;Frica 5 cs 20p 1600g Ppack HOU;7803473022790;1600;1;120 BCH;2279;BCH;BANDEJAS
22793;Tortilla Pack 3x2 24p 600g ID;7803403000362;600;9;120 BCH;22793;BCH;BANDEJAS
23211;Pizza Rectangular 3p 750g ID;7803403232114;750;12;72 BG;23211;BG;BANDEJAS
23258;Pan Centeno Linaza 400g Fuc;7803480001122;400;13;72 BG;23258;BG;BANDEJAS
23274;Rayita Twinkies 12p 360g BOLSA MLA;7803473003171;360;14;48 CG;23274;CG;CORRUGADO
23275;Pinguino 6p 80g CJA MLA;7803473003164;480;9;48 CG;23275;CG;CORRUGADO
23355;Rayita Twinkies 2p 60g BOLSA MLA;7803473003232;60;94;72 BG;23355;BG;BANDEJAS
23409;Caja Mankeke 6p 300g ME MLA;7803473003188;300;14;48 CG;23409;CG;CORRUGADO
23599;Brazo de Reina 550g ADP;7803403000478;550;9;120 BCH;23599;BCH;BANDEJAS
23633;Pan Blanco Artesanal 600g Id;7803403000447;600;10;72 BG;23633;BG;BANDEJAS
23634;Pizza Clasica 2p 500g ID;7803403236341;500;20;72 BG;23634;BG;BANDEJAS
23680;Pinguinos Polares 3p 120g MLA;7803473003249;120;44;72 BG;23680;BG;BANDEJAS
23980;Pan Pita Multigrano 8P 300G Id;7803403002328;300;14;120 BCH;23980;BCH;BANDEJAS
23981;Pan Pita 12 Granos 8P 300G Id;7803403002311;300;14;120 BCH;23981;BCH;BANDEJAS
23983;Mankeke ChocolateÃ‚Â 3p 75g MLA;780347003362;75;72;72 BG;23983;BG;BANDEJAS
24048;Pan Pasc FSec 900g FUC;7803480000415;800;18;45 CG;24048;CG;CORRUGADO
24919;Queque Clasico Vainilla 2p 450g CEN;7803473249197;450;9;120 BCH;24919;BCH;BANDEJAS
24955;Pizza Metro Toques de Cebolla 2p 500g ID;7803403002274;500;15;72 BG;24955;BG;BANDEJAS
24956;Gansito Termoformado 1p 50g MLA;7803473543189;50;144;72 BG;24956;BG;BANDEJAS
25269;Gansito 3p 150g MLA;7803473544186;150;36;72 BG;25269;BG;BANDEJAS
25383;Pan Gran y Sem 12Granos 680g FUC;7803480000439;680;10;72 BG;25383;BG;BANDEJAS
25384;Pan Gran y Sem Multigrano 600g FUC;7803480000446;600;10;72 BG;25384;BG;BANDEJAS
25746;Laguito 2p 70g LDS;7803403000737;70;100;120 BCH;25746;BCH;BANDEJAS
25747;Pan Int Artesanal 440 g ID;78034030019010;440;12;72 BG;25747;BG;BANDEJAS
26160;Megarollo 1p 50g MLA;7803473003522;50;144;72 BG;26160;BG;BANDEJAS
2637;Galleton AvenaCranberry 10p 50g FUC;7803480001009;50;120;72 BG;2637;BG;BANDEJAS
2658;Galleton AvenaChocolate 10p 50g FUC;7803480000996;50;120;72 BG;2658;BG;BANDEJAS
26733;Pan Integral Artesanal 700g Id;7803403801020;700;10;72 BG;26733;BG;BANDEJAS
27114;Pan Rallado 1000g ID;7803403000928;1000;8;70 CME;27114;CME;CORRUGADO
2725;Brownie Chips 8p 62g DISP FUC;7803480000859;62;88;72 BG;2725;BG;BANDEJAS
2747;Pan Pascua 700g ID;7803473242211;700;18;45 CG;2747;CG;CORRUGADO
27665;Madalena Rellena DDL 12p 32g EXP CHI ID;7793890252071;32;108;72 CG;27665;CG;CORRUGADO
27666;Madalena Marmolada 12p 25g EXP CHI ID;7793890252088;25;9;72 CG;27666;CG;CORRUGADO
2767;Brownie Nuez 8p 62g DISP FUC;7803480000842;62;88;72 BG;2767;BG;BANDEJAS
27761;Rebanada Pan de Pascua 2p 75g FUC;7803480001016;75;120;72 BG;27761;BG;BANDEJAS
27762;Galleta Base Alfajor 1120p 6000g LDS;7803400001317;6000;1;72 CG;27762;CG;CORRUGADO
2777;Alfajor Clasico 3p 135g Tira LDS;7803400000143;135;42;120 BCH;2777;BCH;BANDEJAS
2779;Pan Blanco Sandwich 1p 700g Bolsa HOU;7803473000508;700;8;72 BG;2779;BG;BANDEJAS
27859;Pan Hamburguesa Art 5 4p 316g ID;7803403001017;316;10;72 BG;27859;BG;BANDEJAS
27984;Pan Rallado Rebozador 25000g ID;7803473279842;25000;1;72 BG;27984;BG;BANDEJAS
28156;Pan Multigrano 380g Fuc;7803480001078;380;13;72 BG;28156;BG;BANDEJAS
28554;Pan Hot Dog 15cm 8p 415g ID;7803473214058;415;9;72 BME;28554;BME;BANDEJAS
28555;Pan Hamburguesa 8p 520g BOLSA ID;7803473215253;520;9;72 BME;28555;BME;BANDEJAS
28850;Brazo de Reina Manjar Nuez 610g ADP;7803403288500;610;9;120 BCH;28850;BCH;BANDEJAS
28878;Hamburguesa 4 CMaiz 30p 1800g PPack HOU;7803403001376;1800;1;120 BCH;28878;BCH;BANDEJAS
29300;Queque Clasico Chocolate 1p 225g CEN;7803473003782;225;21;72 BG;29300;BG;BANDEJAS
29301;Queque Clasico Limon 1p 225g CEN;7803473003799;225;21;72 BG;29301;BG;BANDEJAS
29446;29446 Pan Blanco LV 400g ID;78034030018260;400;12;72 BG;29446;BG;BANDEJAS
29447;Pizza Sab 2p 500g ID;7803403002441;500;15;72 BG;29447;BG;BANDEJAS
29455;Pan Pita Integral 10p 380g ID;7803403002496;380;14;120 BCH;29455;BCH;BANDEJAS
29456;Pan Avena Quinoa 380g Fuc;7803480001085;380;13;72 BG;29456;BG;BANDEJAS
29460;Pan Pita Blanco 10p 380g ID;7803403002489;380;14;120 BCH;29460;BCH;BANDEJAS
29461;Pan Linaza Chia 380g Fuc;7803480001092;380;13;72 BG;29461;BG;BANDEJAS
29462;Pan 12Granos 380g FUC;7803480001108;380;13;72 BG;29462;BG;BANDEJAS
2948;Alfajor Brandy 3p 135g Tira LDS;7803400000242;135;42;120 BCH;2948;BCH;BANDEJAS
2949;Alfajor Escolar 14p 280g LDS;7803400000662;280;21;72 BG;2949;BG;BANDEJAS
29586;Pan Pascua FS 1p 700g BOLSA ID;7803403295867;700;18;45 CG;29586;CG;CORRUGADO
29606;Tortilla Grandota 8p 620g TR;7803403002304_1;620;12;72 BG;29606;BG;BANDEJAS
29607;Kequito Chocolate 8p 160g ID;7803403002427;160;20;72 BG;29607;BG;BANDEJAS
29660;Pizza Ital 2p 500g ID;7803403002434;500;15;72 BG;29660;BG;BANDEJAS
29863;Tortilla 25cm McD 12p 800g ID;7803403002380;800;12;30 CC;29863;CC;CORRUGADO
30400;Pan Pascua Premium Frutos Secos 900g FUC;7803480000651;900;12;45 CG;30400;CG;CORRUGADO
33452;Galleta Base Alfajor 1000p 6000g LDS;7803400001393;1000;1;72 CG;33452;CG;CORRUGADO
33520;Pan Pita Blanco Light 10p 375g ID;7803403002335;375;14;120 BCH;33520;BCH;BANDEJAS
33810;Pan Pita Linaza Light 10p 375g ID;7803403002342;375;14;120 BCH;33810;BCH;BANDEJAS
33963;Pan Hamb 4 Sin Sesamo 8p 450g Bol HOU;7803473339638;450;6;72 BG;33963;BG;BANDEJAS
3425;Alfajor Escolar 5P 110G Tira Lds;7803400000693;110;35;120 BCH;3425;BCH;BANDEJAS
34692;Takis Fuego 12ct 9.9oz 280g CASE EXP BAR;10757528008687;280;12;72 CU;34692;CU;CAJAS
34707;Takis Nitro 1ct 4OZ 113.4g FLOW BAR EXP;757528008802_34707;113.4;16;117 CU;34707;CU;CAJAS
34708;Takis Fajita 1ct 4OZ 113.4g FLOW BAR EXP;757528008819_34708;113.4;16;117 CU;34708;CU;CAJAS
34710;Takis Guacamole 1ct 4OZ 113.4g FLOW BAR EXP;757528008833;113.4;16;117 CU;34710;CU;CAJAS
34720;Hot Nuts Chile Limon 12c3.2oz90.75g DPY BAR EXP;10757528008939;1089;3;117 CU;34720;CU;CAJAS
34721;Hot NutsFuego 12ct 3.2oz 90.8g DPY BAR EXP;10757528008946;1089;3;117 CU;34721;CU;CAJAS
34740;Mini Takis Fuego 25ct 30.9oz 875g MP EXP BAR;10757528009110;875;5;72 CU;34740;CU;CAJAS
34805;Pinguinos Halloween 3p 120g MLA;7803473004253;120;44;72 BG;34805;BG;BANDEJAS
3490;Alfi 3p 45g MLA;7803473002020_1;45;120;120 BCH;3490;BCH;BANDEJAS
35377;Churritos Fuego 1ctp 4OZ 113.4g FLOW BAR EXP;757528010607;113.4;16;117 CU;35377;CU;CAJAS
3538;Pan Integral 900g HOU;7803403000874;945;8;72 BG;3538;BG;BANDEJAS
35873;Pan Calabaza Nuez 380g Fuc;780348000115;380;13;72 BG;35873;BG;BANDEJAS
36081;Hit Marinela 1p 25g MLA;7730476008653;25;144;90 CME;36081;CME;CORRUGADO
36124;Salmas Chile 8p 144g EXP SAN;658480001101;144;28;64 CG;36124;CG;CORRUGADO
36466;Takis Original 1p 56g Flow BAR EXP;757528013455;56;36;108 CT;36466;CT;CAJAS
36468;Takis Fuego 1p 56g Flow BAR EXP;757528013479;56;36;108 CT;36468;CT;CAJAS
36469;Takis Original 1p 90g Flow BAR EXP;757528013486;90;35;64 CT;36469;CT;CAJAS
36471;Takis Fuego 1p 90g FLOW BAR EXP;757528013509;90;35;64 CT;36471;CT;CAJAS
3653;Alfi 25p 375g MLA;7803473004673;375;625;72 BG;3653;BG;BANDEJAS
3682;Mankeke Manjar Lucuma 4p 100g MLA;7803473004697;100;60;48 BG;3682;BG;BANDEJAS
3857;Pan Pascua 500g CEN;7803403003676;500;18;45 CG;3857;CG;CORRUGADO
3858;Pan Integral XL 750g Id;7803403001925;750;7;72 BG;3858;BG;BANDEJAS
3859;Galletas Mix Vegetales 220g SAN;7730154004489;220;24;64 CG;3859;CG;CORRUGADO
3898;Pan Frances suaj 24p 1400g Ppack HOU;7803473038982;1400;1;120 BCH;3898;BCH;BANDEJAS
39798;Quequitos Vainilla 6p 300g CEN;7803473004161;300;15;72 BG;39798;BG;BANDEJAS
39799;Quequitos Chocolate 6p 300g CEN;7803473004154;300;15;72 BG;39799;BG;BANDEJAS
40168;Pan Pita Blanco Light 8p 344g CJ ID;7803473001993;344;14;120 BCH;40168;BCH;BANDEJAS
40279;Mil Hojas 6p 280g ADP;7803473002143;280;22;72 BG;40279;BG;BANDEJAS
40382;Alfi 10p 200g ME MLA;7803473004680;150;40;72 BG;40382;BG;BANDEJAS
40383;Galleton AvenaChocolate 4p 200g FUC;7803480000934;200;28;72 BG;40383;BG;BANDEJAS
40384;Galleton AvenaCranberry 4p 200g FUC;7803480000941;200;28;72 BG;40384;BG;BANDEJAS
40575;Tortilla Mexicana 10p 320g TR;7803473002242_1;320;18;72 BG;40575;BG;BANDEJAS
4077;Mil Hojas 1p 80g ADP;7803403002014;80;144;72 BG;4077;BG;BANDEJAS
41671;Prepizza Toques de Cebolla 2p 500g ID;7803473001603;500;18;72 BG;41671;BG;BANDEJAS
41916;Alfajor Brandy 12p 540g LDS;7803400001492;45;180;72 BG;41916;BG;BANDEJAS
41922;Alfajor Clasico 12p 540g LDS;7803400001508;540;180;72 BG;41922;BG;BANDEJAS
42427;Medialuna Mant Esp Prefe 288p 9.67kg ID;7797674001183;9670;288;48 CT;42427;CT;CAJAS
4386;Pan Flautitas 6p 318g Bolsa ID;7803403043864;318;11;72 BG;4386;BG;BANDEJAS
4388;Pan Rallado XL 250g ID;7803403002212;250;32;120 BCH;4388;BCH;BANDEJAS
44169;Rayita 2p 60g MLA;7803473004635;60;94;72 BG;44169;BG;BANDEJAS
44238;Gansito go 7p 175g ME MLA;7803473004642;175;36;72 BG;44238;BG;BANDEJAS
44272;Mankeke 8p 200g ME MLA;7803473004659;200;20;72 BG;44272;BG;BANDEJAS
44282;Gansito 4p 200g MLA;7803473002068;200;36;72 BG;44282;BG;BANDEJAS
44284;Tortilla Integral 8p 260g TR;7803403001895_1;260;18;72 BG;44284;BG;BANDEJAS
44397;Chilenos 6p 230g ADP;7803403101045;230;8;120 BCH;44397;BCH;BANDEJAS
44398;Principes 6p 230g ADP;7803403101069;230;8;120 BCH;44398;BCH;BANDEJAS
44400;Pan de Pascua 900g ADP;7803403104015;800;18;45 CG;44400;CG;CORRUGADO
44463;Disco Merengue Cup 3p 450g ADP;7803403601019;450;5;72 BG;44463;BG;BANDEJAS
44554;Pizza Clas Promo 2p 500g ID;78034032363410;500;20;72 BG;44554;BG;BANDEJAS
44555;Rapiditas Tortilla 8p 200g ASS ID;7803403000331;200;27;72 BG;44555;BG;BANDEJAS
44817;Sampling Pan Artesano 56G Id;7803403002359;56;85;72 BG;44817;BG;BANDEJAS
44855;Rapiditas Tortilla Trad 8p 200g ID;78034030003311;200;27;72 BG;44855;BG;BANDEJAS
44860;Pan Blanc Stuttgart con Ses 600g FUC;7803480001030;600;10;72 BG;44860;BG;BANDEJAS
44881;Galleton Miel 1p 70g ADP;7803473001504;70;84;72 BG;44881;BG;BANDEJAS
45002;Mankeke Chocolate 4p 100g MLA;7803473004604;100;60;72 BG;45002;BG;BANDEJAS
45213;Pan de Pascua libre ley 500g ID;7803403001918;500;18;45 CG;45213;CG;CORRUGADO
45221;Pan Integral 1p 380g Bolsa ID;7803403001901;380;13;72 BG;45221;BG;BANDEJAS
45587;Gansito Manjar 1p 47g MLA;7803473004307;47;144;72 BG;45587;BG;BANDEJAS
45644;Minibaguette Prec. 1p 480g FLOW ID;7793890256291;480;24;30 CG;45644;CG;CORRUGADO
45645;Minibaguette Prec. Salv. 1p 480g FLOW ID;7793890256307;480;24;30 CG;45645;CG;CORRUGADO
46192;Tortilla 25cm 12p 940g HOU;7803403002397;940;12;30 CME;46192;CME;CORRUGADO
46193;Tortilla 17cm 10p 320g HOU;17803473002243;320;18;30 CME;46193;CME;CORRUGADO
4620;Mankeke 2p 60g CJ MLA;7803473241252;60;104;72 BG;4620;BG;BANDEJAS
46314;Brownie Chips 4p 272g FUC;7803480000798;272;30;72 BG;46314;BG;BANDEJAS
46316;Brownie Nuez 4p 272g FUC;7803480000781;272;30;72 BG;46316;BG;BANDEJAS
46321;Pan Blanco Sin Bordes 430g Id;7803403001840;430;12;72 BG;46321;BG;BANDEJAS
46330;Pan Integral Sin Bordes 430g Id;7803403001857;430;12;72 BG;46330;BG;BANDEJAS
46338;Pan Integral 380g Fuc;7803480001061;380;13;72 BG;46338;BG;BANDEJAS
4635;Galletas Chia y Arandanos 220g SAN;7730154004434;220;24;64 CG;4635;CG;CORRUGADO
4660;Hot Dog 19cm 8p 530g Bol HOU;7803473046604;530;6;72 BG;4660;BG;BANDEJAS
4688;Pan Blanco 1p 380g Bolsa ID;7803473212054;380;13;72 BG;4688;BG;BANDEJAS
4690;Pan Blanco Sandwich 700g Id;7803473212238;700;8;72 BG;4690;BG;BANDEJAS
4697;Queque Clasico 225g CEN;7803473300034;225;21;72 BG;4697;BG;BANDEJAS
47741;Pan Blco Gde 1p 560g Bolsa CEN;7803473000873;560;10;72 BG;47741;BG;BANDEJAS
48069;Pan Molde Blanco Artesano 500g ID;7803480000705;500;10;72 BG;48069;BG;BANDEJAS
48558;Rayita Frutilla 2P 60G Mla;78034730042770;60;90;72 BG;48558;BG;BANDEJAS
48559;Rayita Tropical 2p 60g MLA;7803473004284;60;94;72 BG;48559;BG;BANDEJAS
48825;Alfi 4p 120g MLA;7803473002044;120;45;120 BCH;48825;BCH;BANDEJAS
48826;Mankeke 5p 125g MLA;7803473002105;125;26;72 BG;48826;BG;BANDEJAS
48827;Rayita 4p 120g MLA;7803473002051;120;37;72 BG;48827;BG;BANDEJAS
48828;Rollo 2p 100g MLA;7803473002075;100;66;72 BG;48828;BG;BANDEJAS
48829;Tkch 2p 100g MLA;7803473002099;100;66;72 BG;48829;BG;BANDEJAS
48890;Takis Xplosion 1p 90g FLOW BAR;757528023843;90;18;104 CU;48890;CU;CAJAS
4895;Pinguinos Enamorados 3p 120g MLA;7803473004383;120;40;72 BG;4895;BG;BANDEJAS
49215;Alfajor Pack Brandy 6p 270g LDS;7803400001065;270;36;72 BG;49215;BG;BANDEJAS
49216;Alfajor Pack Clasico 6p 270g LDS;7803400001058;270;36;72 BG;49216;BG;BANDEJAS
500853;Rollo 12p 600g Dpy MLA;7803473004765;600;12;72 BG;500853;BG;BANDEJAS
500854;Tkch 1p 44g MLA;7803473004772_1;44;12;72 BG;500854;BG;BANDEJAS
500857;Pizza Piedra 2p 270g ID;7803403002502;270;20;72 BG;500857;BG;BANDEJAS
500867;Mankeke Manjar 4p 100g Tira MLA;7803473004925;100;30;72 BG;500867;BG;BANDEJAS
500871;Pinguinos 3p 120g Tira MLA;7803473004918;120;25;72 BG;500871;BG;BANDEJAS
500873;Rayita 3p 90g Tira MLA;7803473542199;90;45;72 BG;500873;BG;BANDEJAS
500893;Paneton Frutado 500g EXP CHI ID;77507270061121;500;12;30 CG;500893;CG;CORRUGADO
500894;Salmas Horneadas 8p 144g Cj EXP CHI SAN;77507270058251;144;28;64 CG;500894;CG;CORRUGADO
500903;Pizza Francesa 2p 500g ID;7803403002458;500;15;72 BG;500903;BG;BANDEJAS
500997;Mil Hojas 12p 960g ADP;78034030020143;950;12;72 BG;500997;BG;BANDEJAS
501003;Rayita Twinkies 32p 960g CJ MLA;7803473004970;960;1;250 CC;501003;CC;CORRUGADO
501004;Alfi 60p 2700g Cj MLA;7803473004987;2700;1;250 CC;501004;CC;CORRUGADO
501005;Hit Marinela Cj 144p 3600g MLA;7730476008790_1;3600;1;90 CME;501005;CME;CORRUGADO
501006;Laguito 36p 2520g Cj LDS;7803403002519;2520;1;250 CC;501006;CC;CORRUGADO
501074;Gansito 18p 900g Dpy MLA;7803473004956;945;6;48 CME;501074;CME;CORRUGADO
501075;Rayita 12p 720g Dpy MLA;7803473004963;720;6;48 CME;501075;CME;CORRUGADO
501076;Mankeke 12p 600g Dpy MLA;7803473004949;600;6;48 CME;501076;CME;CORRUGADO
501077;Pinguinos 8p 640g Dpy MLA;7803473004932;640;6;48 CME;501077;CME;CORRUGADO
501085;Sandwichera Osito Mas Pan Xl 750g ID;7803403002472;750;2;72 BG;501085;BG;BANDEJAS
501086;Sandwichera Osito Mas Artesano 500g ID;7803403002526;500;2;72 BG;501086;BG;BANDEJAS
501090;Gansito 100p 5000g Cj MLA;7803473005014;5000;1;48 CG;501090;CG;CORRUGADO
501091;Rollo 132p 6600g Cj MLA;78034730047650;6600;1;48 CG;501091;CG;CORRUGADO
501092;Tckh 144p 6336g Cj MLA;78034730047720;6336;1;48 CG;501092;CG;CORRUGADO
501094;Mankeke choco 2p 50g MLA;78034730049940;50;72;48 CME;501094;CME;CORRUGADO
501099;Pan Hamburguesa 4in 8p 520g HOU;7803473005045;520;6;72 BG;501099;BG;BANDEJAS
501100;Pan Hamburguesa 5in 8p 640g HOU;7803473005052;640;6;72 BG;501100;BG;BANDEJAS
501103;Pan Pascua Receta Original 600g ADP;7803403002533;600;12;72 BG;501103;BG;BANDEJAS
501107;Pan Artesano Hamburguesa 8p 720g BOL ID;7803403002588;720;5;72 BME;501107;BME;BANDEJAS
501108;Mil Hojas Frambuesa 6p 280g Bolsa ADP;7803473005021;280;22;48 BG;501108;BG;BANDEJAS
501112;Madalena Vainilla EXPO 1p 225g FLOW ID;7793890252156;225;10;72 CME;501112;CME;CORRUGADO
501113;Madalena Marmolada EXPO 1p 225g FLOW ID;7793890252132;225;10;72 CME;501113;CME;CORRUGADO
501114;Madalena Rellen DDL EXPO 1p 220g FLOW ID;7793890252149;220;10;72 CME;501114;CME;CORRUGADO
501115;Budin Fruta EXPO 1p 200gr FLOW ID;7793890252125;200;15;105 CC;501115;CC;CORRUGADO
501116;Pan Dulce Fruta Confitada 500g ID;7750727006115;500;12;30 CG;501116;CG;CORRUGADO
501117;Budin Vainilla EXPO 1p 200gr FLOW ID;7793890252095;200;15;105 CC;501117;CC;CORRUGADO
501118;Budin Marmolado EXPO 1p 200gr FLOW ID;7793890252101;200;15;105 CC;501118;CC;CORRUGADO
501119;Budin Limon EXPO 1p 200gr FLOW ID;7793890252118;200;15;105 CC;501119;CC;CORRUGADO
501144;Pinguinos 2p 80g RRP MLA;78034735421820;80;48;48 CME;501144;CME;CORRUGADO
501145;Mankeke 2p 50g RRP MLA;78034732412520;50;72;48 CME;501145;CME;CORRUGADO
501146;Gansito 1p 50g RRP MLA;78034735431890;50;108;48 CME;501146;CME;CORRUGADO
501147;Rayita 2p 60g RRP MLA;78034730032320;60;72;48 CME;501147;CME;CORRUGADO
501166;Rollo 1p 50g MLA;7803473004741;50;144;72 BG;501166;BG;BANDEJAS
501167;Tkch 1p 44g MLA;7803473004758;44;144;72 BG;501167;BG;BANDEJAS
501168;Rayita Frutilla 2p 60g ASS MLA;7803473004277;60;94;72 BG;501168;BG;BANDEJAS
501169;Mankeke Choco 2p 50g ASS MLA;7803473004994;50;104;72 BG;501169;BG;BANDEJAS
501211;Princip Vainill Choco 8p 84g EXP CHI MLA;74410295046131;84;79;70 CME;501211;CME;CORRUGADO
501212;Principe Choc Bco 8p 84g EXP CHI MLA;74410295152681;84;79;70 CME;501212;CME;CORRUGADO
501213;Principe Limon 8p 84g EXP CHI MLA;74410295061811;84;79;70 CME;501213;CME;CORRUGADO
501565;Magdalena Tres Leches 6p 240g ME CEN;7803473005076;240;20;72 CG;501565;CG;CORRUGADO
501566;Kekeke 4p 320g ME MLA;7803473005083;320;20;72 BG;501566;BG;BANDEJAS
501567;Kequito Vainilla 5p 100g ME ID;7803403002601;100;27;72 BG;501567;BG;BANDEJAS
501601;Alfi SP 3p 60g BOLSA MLA;7803473002020;60;120;120 BCH;501601;BCH;BANDEJAS
501856;Hit Marinela As 1p 25g MLA;77304760086530;25;144;90 CME;501856;CME;CORRUGADO
501860;Pan Frica Tradicional 4p 316g ID;7803403002618;316;10;72 BG;501860;BG;BANDEJAS
501866;Pan Completo XL 6p 528g BOLSA ID;7803403002632;528;9;72 BME;501866;BME;BANDEJAS
501873;Salmas Horneadas 12p 216g EXP CHI SAN;17750727006662;216;14;80 CG;501873;CG;CORRUGADO
501989;Kekeke 6p 80g Dpy MLA;7803473005069;80;66;72 BG;501989;BG;BANDEJAS
501995;Mr Brown Chips 1p 52g MLA;7803473005137;52;150;72 BG;501995;BG;BANDEJAS
501996;Mr Brown Nuez 1p 52g MLA;7803473005144;52;150;72 BG;501996;BG;BANDEJAS
502049;Pan Hot Dog XL 6p 528g HOU;7803473005243;84;9;72 BG;502049;BG;BANDEJAS
502108;Principe Limon 8p 84g Dpy MLA;74410295061812;84;72;70 CME;502108;CME;CORRUGADO
502109;Principe Vainilla Chocol 8p 84g Dpy MLA;74410295046132;84;72;70 CME;502109;CME;CORRUGADO
502110;Principe Chocolate Bco 8p 84g Dpy MLA;74410295152682;84;72;70 CME;502110;CME;CORRUGADO
502138;Pan Hamburguesa Brioche 8p 520g ID;7803480001160;520;9;60 BG;502138;BG;BANDEJAS
502139;Salchicha Trad SJ 5p 250g BOLSA NP;7801907008402;250;20;48 CT;502139;CT;CAJAS
502140;Pan Hamburguesa 5in 20p 1600g HOU;7803473005281;1600;1;100 BCH;502140;BCH;BANDEJAS
502141;Pan Hamburguesa 4in 30p 1950g HOU;7803473005274;1950;1;100 BCH;502141;BCH;BANDEJAS
502146;Lonchera Osito Bimbo 300g ID;7803403002663;300;36;16 CME;502146;CME;CORRUGADO
502611;MrBrown Nuez ASS 4p 208g Cj MLA;7803473005304;208;34;48 BG;502611;BG;BANDEJAS
502612;MrBrown Chips ASS 4p 208g Cj MLA;7803473005298;208;34;48 BG;502612;BG;BANDEJAS
502614;Pan Hamburguesa 4 Brioche 30p 1950g HOU;7803473005335;1950;1;100 BCH;502614;BCH;BANDEJAS
502615;Pan Hamburguesa 5 Brioche 20p 1600g HOU;7803473005328;1600;1;100 BCH;502615;BCH;BANDEJAS
502616;Pan Blanco 43 Calorias 497g Bolsa ID;7803403002649;497;10;60 BG;502616;BG;BANDEJAS
502618;Pan Artesano Integ Miel 500g 1p Bol ID;7803480001146;500;10;60 BG;502618;BG;BANDEJAS
502656;Chileno 1p 30g BOLSA NUR;7803525999315;30;160;60 CME;502656;CME;CORRUGADO
502657;Braunichoc 1p BOLSA 35g NUR;7803525000431;35;144;63 CME;502657;CME;CORRUGADO
502658;Alfajor Chileno 1p 43g Bolsa NUR;7803525400668;43;144;63 CME;502658;CME;CORRUGADO
502659;Brownie 1p 62g Bolsa NUR;7803525000387;62;72;54 CME;502659;CME;CORRUGADO
502660;Brownie Chip 1p 62g Bolsa NUR;7803525999568;62;72;54 CME;502660;CME;CORRUGADO
502661;Brownie Sin Azucar 1p 50g Bolsa NUR;7803525000851;50;72;63 CME;502661;CME;CORRUGADO
502662;Delicia Frambuesa 1p 40g Bolsa NUR;7803525400651;40;144;63 CME;502662;CME;CORRUGADO
502663;Galleta Amapola 1p 32g Bolsa NUR;7803525000967;32;72;54 CME;502663;CME;CORRUGADO
502664;Galleta Chocochip 16 1200g Dpy NUR;7803525000790;75;48;70 CME;502664;CME;CORRUGADO
502665;Galletas Aven Choc 1p 50g Dpy NUR;7803525000875;50;60;100 CME;502665;CME;CORRUGADO
502666;Galletas Aven Manzan 1p 50g Dpy NUR;7803525000882;50;60;100 CME;502666;CME;CORRUGADO
502667;Galletas Aven Pasa 12p 600g Dpy NUR;7803525000929;50;60;100 CME;502667;CME;CORRUGADO
502668;Queque Marmol 1p 70g Bolsa NUR;7803525000974;70;72;60 CME;502668;CME;CORRUGADO
502669;Galleta Almendr S Azucar 1p 40g Gnrl NUR;7803525000806;40;40;170 CME;502669;CME;CORRUGADO
502670;Galleta Avena Chocolate 1p 175g Grnl NUR;7803525999780;175;20;100 CME;502670;CME;CORRUGADO
502671;Galleta Avena Manzana 1p 175g Tubo NUR;7803525999797;175;20;100 CME;502671;CME;CORRUGADO
502672;Galleta Avena Pasas 1p 175g Tubo NUR;7803525999803;175;20;100 CME;502672;CME;CORRUGADO
502673;Galleta Chip Choc S Azu 1p 40g BOLSA NUR;7803525000813;40;40;170 CME;502673;CME;CORRUGADO
502674;Galleta Digest SA Choco 1p 39g BOLSA NUR;7803525999650;39;40;100 CME;502674;CME;CORRUGADO
502675;Gllta Dig S A Linaz Chia 1p 39g Grnl NUR;7803525999643;39;40;100 CME;502675;CME;CORRUGADO
502676;Galleta Dige S Azucar 1p 39g BOLSA NUR;7803525999056;39;40;100 CME;502676;CME;CORRUGADO
502677;Galleta Almendra S Azuc 1p 128g Grnl NUR;78035259993911;128;20;100 CME;502677;CME;CORRUGADO
502678;Galleta Chip Choc SA 1p 128g TUBO NUR;78035259994071;128;20;100 CME;502678;CME;CORRUGADO
502679;Galleton Almendra 1p 40g Grnl NUR;7803525999957;40;60;100 CME;502679;CME;CORRUGADO
502680;Galleton Avena/Manzana 1p 40g BOLSA NUR;7803525999964;40;60;100 CME;502680;CME;CORRUGADO
502681;Galleton Avena/Pasas 1p 40g BOLSA NUR;7803525999971;40;60;100 CME;502681;CME;CORRUGADO
502682;Galleton Chocolate Chip 1p 40g BOLSA NUR;7803525999933;40;60;100 CME;502682;CME;CORRUGADO
502683;Pack Alfajor Chileno 6p 270g ME NUR;7803525000646;270;20;60 CG;502683;CG;CORRUGADO
502684;Pack Braunichoc 6p 210g ME NUR;7803525000417;210;15;60 CG;502684;CG;CORRUGADO
502685;Pack Brownie 4p 248g ME NUR;7803525400743;248;8;100 CG;502685;CG;CORRUGADO
502686;Pack Brownie Chip 4p 248g ME NUR;7803525999582;248;8;100 CG;502686;CG;CORRUGADO
502687;Pack Brownie Sin Azucar 4p 200g ME NUR;7803525999735;200;8;100 CG;502687;CG;CORRUGADO
502688;Pack Delicias Frambuesa 6p 252g ME NUR;7803525000653;252;20;60 CG;502688;CG;CORRUGADO
502689;Pack Digestive Sin Azucar 4p 156g ME NUR;7803525999322;156;18;60 CME;502689;CME;CORRUGADO
502690;Pack Gall Diges Chi Linaz 4p 156g ME NUR;7803525999711;156;18;60 CME;502690;CME;CORRUGADO
502691;Pack Gall Diges Choco 4p 156g ME NUR;7803525999728;156;18;60 CME;502691;CME;CORRUGADO
502692;Pack Premium 1p 200g ME NUR;7803525000899;200;8;100 CME;502692;CME;CORRUGADO
502693;Pack Prem Queque Familiar 1p 500g ME NUR;7803525999759;500;10;54 CG;502693;CG;CORRUGADO
502694;Pack Semanal 6p 207g ME NUR;7803525400729;207;8;100 CME;502694;CME;CORRUGADO
502695;Pack Swett Life 1p 240g ME NUR;7803525000936;240;8;100 CME;502695;CME;CORRUGADO
502696;Pan Naranja 1p 900g CJA NUR;7803525000011;900;6;63 CME;502696;CME;CORRUGADO
502697;Pan Pascua 1p 500g BOLSA NUR;7803525400422;500;12;63 CME;502697;CME;CORRUGADO
502698;Pan Pascua 1p 900g Grnl NUR;7803525111106;900;8;60 CME;502698;CME;CORRUGADO
502699;Quequ Vainill Sweet Life 1p 40g Grnl NUR;7803525000844;40;140;60 CME;502699;CME;CORRUGADO
502700;Quequ Fam Marmol Prem 1p 250g Grnl NUR;7803525999704;250;16;63 CG;502700;CG;CORRUGADO
502701;Queque Fam Brownie Prem 1p 250g Grnl NUR;7803525999681;250;16;63 CG;502701;CG;CORRUGADO
502702;Queque Fam Nja  Prem 1p 250g BOLSA NUR;7803525999674;250;16;63 CG;502702;CG;CORRUGADO
502703;Queque Fam S Azcar Brow 1p 250g Grnl NUR;7803525001001;250;16;63 CG;502703;CG;CORRUGADO
502704;Queque Fam Zan Prem 1p 250g BOLSA NUR;7803525001018;250;16;63 CG;502704;CG;CORRUGADO
502705;Queque Muffin Zanahoria 1p 70g BOLSA NUR;7803525999841;70;30;100 CME;502705;CME;CORRUGADO
502706;Queque Sponge Naranja 1p 60g BOLSA NUR;7803525400002;60;30;100 CME;502706;CME;CORRUGADO
502707;Quequito Chocolate 1p 25g BOLSA NUR;7803525000127;25;130;60 CME;502707;CME;CORRUGADO
502708;Quequito Vainilla 1p 25g BOLSA NUR;7803525000103;25;130;60 CME;502708;CME;CORRUGADO
502709;Alfajor Chileno 3p 135g Tira NUR;78045200;135;25;100 CME;502709;CME;CORRUGADO
502710;Braunichoc 3p 105g Tira NUR;7803525000363;105;20;100 CME;502710;CME;CORRUGADO
502711;Delicia Frambuesa 3p 126g Tira NUR;7803525045234;126;25;100 CME;502711;CME;CORRUGADO
502712;Galleta Almendra 2p 80g Tira NUR;7803525000714;80;30;100 CME;502712;CME;CORRUGADO
502713;Galleta Avena Manzana 2p 80gTira NUR;7803525000721;80;30;100 CME;502713;CME;CORRUGADO
502714;Galleta Avena Pasas 2p 80g Tira NUR;7803525000738;80;30;100 CME;502714;CME;CORRUGADO
502715;Galleta Chocolate Chip 2p 80g Tira NUR;7803525000707;80;30;100 CME;502715;CME;CORRUGADO
502716;Queque Brownie 2p 124g Tira NUR;7803525000271;124;18;100 CME;502716;CME;CORRUGADO
502717;Queque Brownie ChipChoc 2p 124g Tira NUR;7803525999605;124;18;100 CME;502717;CME;CORRUGADO
502718;Queque Marmol 2p 140g Tira NUR;7803525000042;140;18;100 CME;502718;CME;CORRUGADO
502719;Quequito Vainilla 3p 75g Tira NUR;7803525000110;75;20;100 CME;502719;CME;CORRUGADO
502722;Pre Pizza American Style 1p 450g Flow ID;7803403002694;450;12;48 BG;502722;BG;BANDEJAS
502723;Pan Arabe Blanco 6p 450g Bolsa ID;7803403002670;450;18;48 BG;502723;BG;BANDEJAS
502724;Pan Arabe Integral 6p 450g Bolsa ID;7803403002687;450;18;48 BG;502724;BG;BANDEJAS
502727;Pan Integral Ed.Ltda 1p 520g Bolsa Fuc;7803480001207;520;10;60 BG;502727;BG;BANDEJAS
502728;Pan Blanco Ed.Ltda 1p 500g Bolsa ID;7803403002779;500;10;60 BG;502728;BG;BANDEJAS
502730;Alfajor Amargo 6p 270g Dpy LDS;7803400001539;270;36;48 BG;502730;BG;BANDEJAS
502731;Alfajor Blanco 6p 270g Dpy LDS;7803400001522;270;36;48 BG;502731;BG;BANDEJAS
502732;Alfajor Amargo 1p 45g Bolsa LDS;7803400001577;45;180;48 BG;502732;BG;BANDEJAS
502733;Alfajor Blanco 1p 45g Bolsa LDS;7803400001560;45;180;48 BG;502733;BG;BANDEJAS
502734;Mil Hojas Framb 1p 80g Dpy ADP;7803403002731;80;144;48 BG;502734;BG;BANDEJAS
502735;Pinguino 6p 240g ME MLA;7803473005311;240;20;48 BG;502735;BG;BANDEJAS
502736;Rayita Frutillas 6p 180g ME MLA;7803473005397;180;24;48 BG;502736;BG;BANDEJAS
502737;Pinguino Check Out 6p 240g Dpy MLA;7803473005113;240;120;48 BG;502737;BG;BANDEJAS
502739;Pinguino Black White 2p 80g Dpy MLA;7803473005359;80;48;48 CME;502739;CME;CORRUGADO
502740;Mankeke Check Out 6p 150g MLA;7803473005120;150;120;48 BG;502740;BG;BANDEJAS
502741;Tortilla mexican spicy 8p 260g Bolsa TR;7803473005410;260;18;48 BG;502741;BG;BANDEJAS
502742;Rapidita Mix Verduras 8p 200g Bolsa ID;7803403002700;200;27;48 BG;502742;BG;BANDEJAS
502743;Rapidita Multigranos 8p 200g Bolsa ID;7803403002717;200;27;48 BG;502743;BG;BANDEJAS
502744;Chipspdp ASS 1p 800g Bolsa FUC;7803480001191;800;18;35 CG;502744;CG;CORRUGADO
502753;Alfajor Brandy CC 1p 45g Bolsa LDS;7803400001584;45;96;100 CME;502753;CME;CORRUGADO
502754;Alfajor Clasico CC 1p 45g Bolsa LDS;7803400001591;45;96;100 CME;502754;CME;CORRUGADO
502755;Pan Hamburguesa Artesano 8p 520g Bol ID;7803403002793;520;9;60 BG;502755;BG;BANDEJAS
502757;Pinguino Chocolate 6p 240g ME MLA;7803473005342;240;20;48 BG;502757;BG;BANDEJAS
502758;Cookie Va/Ch Coc 108p 3.78Kg ID;7793890253375;3780;108;120 CT;502758;CT;CAJAS
502759;Cookie Ch/Ch Coc 108p 3.78kg CJA ID;7793890253382;3780;108;120 CT;502759;CT;CAJAS
502765;Tortilla Burrera Cons 8p 350g CJ TR;17803403000192;350;18;30 CG;502765;CG;CORRUGADO
502766;Tortilla Grandota Cons 8p 620g CJ TR;17803403002301;620;12;30 CG;502766;CG;CORRUGADO
502774;Pelota Roja 1p 220g Bolsa ID;7803473005458;220;1;45 CC;502774;CC;CORRUGADO
502779;Alfajor Blanco CC 1p 45g Bolsa LDS;7803400001621;45;96;100 CME;502779;CME;CORRUGADO
502793;Lonchera Pan Blanco 1p 580g Bolsa ID;7803403002823;580;2;60 BG;502793;BG;BANDEJAS
502794;Paleta Cama Inflable 1p 852g Bolsa ID;7803403002854;852;1;45 CME;502794;CME;CORRUGADO
502795;Sandwicheras Osito 1p 580g Bolsa ID;7803403002830;580;2;60 BG;502795;BG;BANDEJAS
502833;Mil Hojas ASS 1p 225g Bolsa ADP;7803403002946;225;22;48 BG;502833;BG;BANDEJAS
502852;Pinguino Hallowen 2p 80g FLOW MLA;7803473005502;80;48;48 CME;502852;CME;CORRUGADO
502861;Hamburguesa 4 CMaiz 30p 1800g PPack HOU;7803403002953;1800;2;60 BG;502861;BG;BANDEJAS
502895;Takis 180p 50400g Chip BAR;7803403002960;50400;1;1 CU;502895;CU;CAJAS
502896;Barra Arandanos 1p 35g Flow NUR;7793890254297;35;132;80 CC;502896;CC;CORRUGADO
502897;Barra Chocolate 1p 39g Flow NUR;7793890254303;39;132;80 CC;502897;CC;CORRUGADO
502900;Barra Arandanos 12p 420g CJA NUR;7793890254334;420;11;80 CC;502900;CC;CORRUGADO
502901;Barra Chocolate 12p 468g CJ NUR;7793890254341;468;11;80 CC;502901;CC;CORRUGADO
502924;Galleta Avena Choc 1p 50g Bolsa NUR;7803525999087-1;50;60;170 CME;502924;CME;CORRUGADO
502925;Galletas Aven Pasa 1p 50g Bolsa NUR;7803525999063-1;50;60;170 CME;502925;CME;CORRUGADO
502926;Galleta Chocochip 1p 75g Bolsa NUR;7803525000769;75;48;70 CME;502926;CME;CORRUGADO
502927;Pan Hamburguesa Sesamo 8p 650g BOLSA FUC;7803480001214;650;5;60 BME;502927;BME;BANDEJAS
502928;Pizza Rec TCeb Prom Det 2p 500g Flow ID;7803403002977;500;15;48 BG;502928;BG;BANDEJAS
502929;Pan Natura Multigrano 1p 580g BOLSA FUC;7803480001221;580;10;60 BG;502929;BG;BANDEJAS
502930;Pan Natura Semillas 1p 580g BOLSA FUC;7803480001238;580;10;60 BG;502930;BG;BANDEJAS
502931;Pan Natura Arandano Nuez 1p 600g BOL FUC;7803480001245;600;10;60 BG;502931;BG;BANDEJAS
502932;Pan Natura Cereales 1p 580g BOLSA FUC;7803480001252;580;10;60 BG;502932;BG;BANDEJAS
502933;Pan Cienpc Natural 1p 600g BOLSA ID;7803403002991;600;10;60 BG;502933;BG;BANDEJAS
502936;Pan Hamb Whop BK 5 20p 1600g PPACK HOU;7803473005571;1600;2;100 BCH;502936;BCH;BANDEJAS
502937;Pan Frica 5 cs 20p 1600g PPACK HOU;7803473005618;1600;2;100 BCH;502937;BCH;BANDEJAS
502938;Pan Frica 5 Sin Sesam 20p 1600g PPACK HOU;7803473005625;1600;2;100 BCH;502938;BCH;BANDEJAS
502939;Pan Frica 4 c s 30p 2100g PPACK HOU;7803473005588;2100;2;100 BCH;502939;BCH;BANDEJAS
502940;Pan Hamb BK 5 cses 20p 1650g PPACK HOU;7803473005632;1650;2;100 BCH;502940;BCH;BANDEJAS
502941;Pan Hamb Corn Dusted 20p 1700g PPACK HOU;7803473005649;1700;2;100 BCH;502941;BCH;BANDEJAS
502942;Pan Hamb 5 20p 1600g PPACK HOU;7803473005595;1600;2;100 BCH;502942;BCH;BANDEJAS
502943;Pan Hamb 5 Brioche 20p 1600g PPACK HOU;7803473005601;1600;2;100 BCH;502943;BCH;BANDEJAS
502944;Pan Hamb 4 Brioche 30p 1950g PPACK HOU;7803473005335_1;1950;2;100 BCH;502944;BCH;BANDEJAS
502966;Pan Pita Blanco 5p 215g Flow ID;7803403003011;215;30;100 BCH;502966;BCH;BANDEJAS
502967;Pan Pita Integral 5p 215g Film Flow ID;7803403003028;215;30;100 BCH;502967;BCH;BANDEJAS
502968;Pan Linaza Chia 1p 650g Bolsa FUC;7803480001269;650;10;60 BG;502968;BG;BANDEJAS
502969;Queso Gauda Laminado LN 14p 250g FLOW NP;7801907067775;250;8;48 CT;502969;CT;CAJAS
502970;Pan Zanahoria 1p 450g Bolsa FUC;7803480001276;450;12;60 BG;502970;BG;BANDEJAS
502973;Rollos Minix 8p 144g ME MLA;7803473005496;144;25;48 BG;502973;BG;BANDEJAS
502974;TKCH Minix 8p 160g ME MLA;7803473005489;160;25;48 BG;502974;BG;BANDEJAS
502975;Gansito 5p 250g ME MLA;7803473005557;250;30;48 BG;502975;BG;BANDEJAS
502987;Pan Artesano Blanco 1p 600g Bolsa ID;7803403003035;600;10;48 BG;502987;BG;BANDEJAS
502988;Pan Artesano Integral 1p 600g Bolsa ID;7803403003042;600;10;60 BG;502988;BG;BANDEJAS
502989;Muffin Zanahoria 1p 100g Bolsa NUR;7803525001025;100;22;100 CG;502989;CG;CORRUGADO
502990;Queso Mantecoso LN 14p 250g BOLSA NP;7801907067829;250;8;48 CT;502990;CT;CAJAS
502991;Muffin Selva Negra 1p 100g Bolsa NUR;7803525001049;100;22;100 CG;502991;CG;CORRUGADO
502992;Muffin Selva Negra 4p 400g ME NUR;7803525001070;400;10;60 CG;502992;CG;CORRUGADO
502993;Muffin Zanahoria 4p 400g ME NUR;7803525001056;400;10;60 CG;502993;CG;CORRUGADO
503006;Salmas Horneadas 1p 18g Flow SAN;658480001248;18;168;80 CG;503006;CG;CORRUGADO
503059;Pan de Pascua 500g Bolsa ADP;7803403003059;500;18;35 CG;503059;CG;CORRUGADO
503060;Pan de Pascua 500g Bolsa FUC;7803480001290;500;18;35 CG;503060;CG;CORRUGADO
503068;Alfajor Clasico 4p 180g Dpy LDS;7803400001645;180;36;192 BG;503068;BG;BANDEJAS
503117;Alfajor Brandy 4p 180g DPY LDS;7803400001652;180;36;48 BG;503117;BG;BANDEJAS
503122;Turron La Florencia 1p 500g CJ BOG;7750727010617;500;27;24 CG;503122;CG;CORRUGADO
503126;Magdalena Tres Leches 4p 200g ME ADP;7803403002984;201;14;80 CC;503126;CC;CORRUGADO
503133;Pan Artesano Blanco 450g 1p BOLSA ID;7803403003066;450;13;60 BG;503133;BG;BANDEJAS
503134;Pan Hamb 4BK Sesamo 30p 1650g PPACK HOU;7803473005687;1650;1;60 BCH;503134;BCH;BANDEJAS
503135;Pan Hamb 4BK DobCort 30p 2460gÃ‚Â PPACK HOU;7803473005694;2460;1;60 BCH;503135;BCH;BANDEJAS
503136;Pan Hamb 5BK Whopper 20p 1700g PPACK HOU;7803473005717;1700;1;60 BCH;503136;BCH;BANDEJAS
503137;Pan Frances 24p 1400gÃ‚Â PPACK HOU;7803473005700;1400;1;60 BCH;503137;BCH;BANDEJAS
503139;Pan de Pascua Chips Choc 500g Bolsa FUC;7803480001306;500;18;35 CG;503139;CG;CORRUGADO
503161;Pan Hot Dog Ed Ltda 6p 312g Bolsa ID;7803403003073;312;12;60 BG;503161;BG;BANDEJAS
503167;Mantequilla Campo LN 18p 125g CAP NP;7801907067768;125;8;20 CT;503167;CT;CAJAS
503169;Takis Blue Heat CH 1p 190g FLOW BAR;7803403003851;190;20;64 CT;503169;CT;CAJAS
503170;Braunichoc 4p 140g ME NUR;7803525001087;140;24;60 CG;503170;CG;CORRUGADO
503179;Salmas Horneadas 5p 90g CJ SAN EXP;17750727009816;90;28;105 CT;503179;CT;CAJAS
503180;Salmas Maiz Morado 5p 90g EXP CH SAN;7750727010679;90;28;105 CT;503180;CT;CAJAS
503181;Pan Calabaza Nuez 1p 630g  BOLSA FUC;7803480001313;630;10;60 BG;503181;BG;BANDEJAS
503208;Grisin Gourm Mant Cib 1p 120g BOL EXP ID;7840131003838;120;30;90 CME;503208;CME;CORRUGADO
503209;Grisin Gourm Rom Oliv 1p 120g BOL EXP ID;7840131003814;120;30;90 CME;503209;CME;CORRUGADO
503210;Grisin Gourm Ceb Asad 1p 120g BOL EXP ID;7840131003821;120;30;90 CME;503210;CME;CORRUGADO
503233;Tortilla Rapiditas 14p 350g BOLSA ID;7803403003097;350;24;48 BG;503233;BG;BANDEJAS
503286;Galleta Avena Pasas 4P 50g Bolsa NUR;7803525999063;50;36;170 CC;503286;CC;CORRUGADO
503287;Galleta Avena Manzana 4p 50g Bolsa NUR;7803525999070;50;36;170 CC;503287;CC;CORRUGADO
503288;Galleta Avena Chocolate 4p 50g Bolsa NUR;7803525999087;50;36;170 CC;503288;CC;CORRUGADO
503291;Galleton Almendra 4p 160g ME NUR;7803525001162;160;14;100 CG;503291;CG;CORRUGADO
503292;Galleton Avena Manzana 4p 160g ME NUR;7803525001155;160;14;100 CG;503292;CG;CORRUGADO
503293;Galleton Avena Pasas 4p 160g ME NUR;7803525001148;160;14;100 CG;503293;CG;CORRUGADO
503294;Galleton Chips Chocolate 4p 160g ME NUR;7803525001131;160;14;100 CG;503294;CG;CORRUGADO
503295;Pack Alfajor Chileno 4p 180g ME NUR;7803525001117;180;26;100 CG;503295;CG;CORRUGADO
503296;Pack Delicias Frambuesa 4p 168g ME NUR;7803525001100;168;26;100 CG;503296;CG;CORRUGADO
503297;Queque Marmol 4p 280g ME NUR;7803525001124;280;8;100 CME;503297;CME;CORRUGADO
503301;Mankeke 4p 120g ME MLA;7803473005748;120;28;48 BG;503301;BG;BANDEJAS
503302;Pinguino 4p 160g ME MLA;7803473005762;160;24;48 BG;503302;BG;BANDEJAS
503303;Pinguino chocolate 4p 160g ME MLA;7803473005755;160;24;48 BG;503303;BG;BANDEJAS
503304;Rayita Twinkies Vainilla 4p 120g ME MLA;7803473005779;120;39;48 BG;503304;BG;BANDEJAS
503305;Rayita Twinkies Frutilla 4p 120g ME MLA;7803473005786;120;39;48 BG;503305;BG;BANDEJAS
503306;Laguito 4p 140g ME LDS;7803400001669;140;52;48 BG;503306;BG;BANDEJAS
503307;Alfi 4p 160g ME MLA;7803473005793;160;36;100 BG;503307;BG;BANDEJAS
503322;Brownie Mini 1p 30g Bolsa NUR;7803525001186;30;144;54 CME;503322;CME;CORRUGADO
503323;Pan Hamburguesa Gde 6p 480g Bolsa CEN;7803473005731;480;8;60 BME;503323;BME;BANDEJAS
503324;Pan Blanco Ed Ltda 1p 520g Bolsa ID;7803403003103;520;10;60 BG;503324;BG;BANDEJAS
503353;Takis Xplosion CEE CHI 1p 200g Bolsa BAR;503353;200;16;72 CME;503353;CME;CORRUGADO
503355;Takis Fuego TRA CHI 1p 200g Bolsa BAR;757528044990;200;16;64 CME;503355;CME;CORRUGADO
503356;Takis Xplosion TRA CHI 1p 200g Bolsa BAR;757528044970;200;16;64 CME;503356;CME;CORRUGADO
503357;Takis Fuego CEE CHI 1p 200g Bolsa BAR;757528044992_1;200;16;72 CME;503357;CME;CORRUGADO
503358;Takis Original TRA CHI 1p 200g Bolsa BAR;757528044980;200;16;64 CME;503358;CME;CORRUGADO
503365;Galleta Pinguino 5p 40g Tira MLA;7501030425953;40;90;90 CU;503365;CU;CAJAS
503366;Gansito Wafer Detalle 1p 23g bolsa MLA;17750727010546;23;120;88 CME;503366;CME;CORRUGADO
503371;CalTort Rojo 1p 30g BOLSA TR;7777473005410;30;100;16 CT;503371;CT;CAJAS
503372;CalTort Rosado 1p 30g BOLSA TR;7777403000188;30;100;16 CT;503372;CT;CAJAS
503373;CalTort Amarillo 1p 30g BOLSA TR;7777403000195;30;100;16 CT;503373;CT;CAJAS
503374;CalTort Celeste 1p 30g BOLSA TREA;7777403002304;30;100;16 CT;503374;CT;CAJAS
503375;Brownie Mini 6p 180g ME NUR;7803525001193;180;15;60 CME;503375;CME;CORRUGADO
503410;Pan Hotdog 8p 480g Bolsa ID;7803403003158;480;9;60 BME;503410;BME;BANDEJAS
503411;Pre Mezcla Pan Blanco 1p 500g Bolsa ID;7803403003165;500;12;75 CG;503411;CG;CORRUGADO
503412;Pre Mezcla Pan Granos 1p 500g Bolsa ID;7803403003172;500;12;75 CG;503412;CG;CORRUGADO
503413;Pan Integ masProtein10 1p 640g BOLSA ID;7803403003110;640;10;60 BG;503413;BG;BANDEJAS
503414;Brownie Fudge 1p 50g BOLSA NUR;7803525001230;50;60;63 CG;503414;CG;CORRUGADO
503415;Brownie Fudge 4p 200g ME NUR;7803525001216;200;8;63 CME;503415;CME;CORRUGADO
503426;Tortilla Mexicana 10p 320g BOL TR EXP;37803473002243;320;18;84 CT;503426;CT;CAJAS
503427;Galletas Aven Manza 1p 50g Flow NUR EXP;7730117005768;50;60;100 CME;503427;CME;CORRUGADO
503428;Galleta Avena Choc 1p 50g Flow NUR EXP;7730117005782;50;60;100 CME;503428;CME;CORRUGADO
503429;Galletas Aven Pasa 1p 50g Flow NUR EXP;7730117005775;50;60;100 CME;503429;CME;CORRUGADO
503430;Galleton Almendra 1p 40g Flow NUR EXP;7730117005720;40;60;100 CME;503430;CME;CORRUGADO
503431;Galleton Av Manzana 1p 40g Flow NUR EXP;7730117005737;40;60;100 CME;503431;CME;CORRUGADO
503432;Galleton Av Pasas 1p 40g Flow NUR EXP;7730117005744;40;60;100 CME;503432;CME;CORRUGADO
503433;Galleton Choc Chip 1p 40g Flow NUR EXP;7730117005751;40;60;100 CME;503433;CME;CORRUGADO
503434;Brownie 1p 62g Flow NUR EXP;7730117006253;62;72;54 CME;503434;CME;CORRUGADO
503435;Brownie Chip 1p 62g Flow NUR EXP;7730117006277;62;72;54 CME;503435;CME;CORRUGADO
503436;Braunichoc 1p 35g Flow NUR EXP;7730117006260;35;144;63 CME;503436;CME;CORRUGADO
503455;Pan Super Hamb 4p 416g Bolsa ID;7803403003189;416;8;68 BME;503455;BME;BANDEJAS
503511;Gansito Wafer MEE 6p 138g BOLSA MLA;7750727010976;138;21;88 CME;503511;CME;CORRUGADO
503524;Bolsa Tienda Ideal.cl 1p 1g BOLSA NP;503524;1;300;0 CT;503524;CT;CAJAS
503526;Pan Blanco Sandwich 1p 900g BOLSA ID;7803403003196;900;8;60 BG;503526;BG;BANDEJAS
503527;Chaparrita Vienesa Ques 1p 160g BOLSA NP;7803413002448;160;27;0 CME;503527;CME;CORRUGADO
503528;Empanada Napolitana 1p 180g BOLSA NP;7803413002639;180;27;0 CME;503528;CME;CORRUGADO
503529;Empanada QuesoÃ‚Â  Chanco 1p 160g BOLSA NP;7803413005074;160;27;0 CME;503529;CME;CORRUGADO
503530;Empanada Carne Queso 1p 180g BOLSA NP;7803413002677;180;27;0 CME;503530;CME;CORRUGADO
503531;Empanada Camaron QuesoÃ‚Â 1p 160g BOLSA NP;7803413003636;160;27;0 CME;503531;CME;CORRUGADO
503532;Empanada Pino Grande 1p 200g BOLSA NP;7803413004480;200;27;0 CME;503532;CME;CORRUGADO
503533;Empanada Int Champinon 1p 180g BOLSA NP;7803413002592;180;27;0 CME;503533;CME;CORRUGADO
503567;Salmitas Horneadas 1p 80g CJ SAN EXP;7750727011485;80;32;36 CT;503567;CT;CAJAS
503569;Pan Molde Bco XL 1p 752g BOLSA ID EXP;7750727011669;752;5;114 CT;503569;CT;CAJAS
503604;Quequ Fam Marmol Prem 1p 200g BOLSA NUR;7803525001322;200;16;63 CME;503604;CME;CORRUGADO
503605;Queque Fam Brow Prem 1p 200g BOLSA NUR;7803525001346;200;16;63 CME;503605;CME;CORRUGADO
503606;Queque Fam Nja Prem 1p 200g BOLSA NUR;7803525001353;200;16;63 CME;503606;CME;CORRUGADO
503607;Queque Fam Zan Prem 1p 200g BOLSA NUR;7803525001339;200;16;63 CME;503607;CME;CORRUGADO
503608;Gansito 4p 200g ME MLA;7803473005830;200;30;48 BG;503608;BG;BANDEJAS
503621;Donut Rell Choco Popp 1p 71g Bolsa NP;5411823866370;71;48;0 CT;503621;CT;CAJAS
503622;Donut Rell Dulech Popp 1p 66g Bolsa NP;5411823869111;66;48;0 CT;503622;CT;CAJAS
503623;Donut Rell Fram Popp 1p 68g Bolsa NP;5411823871589;68;48;0 CT;503623;CT;CAJAS
503624;Donut Rell Crem Popp 1p 71g Bolsa NP;5411823871572;71;48;0 CT;503624;CT;CAJAS
503625;Donut Rell Vain Gallet 1p 68g Bolsa NP;5411823871565;68;48;0 CT;503625;CT;CAJAS
503642;Ensalada de Salm 1p 285g Bolsa NP;7804671590005;285;8;0 BG;503642;BG;BANDEJAS
503643EAC;Ensalada Vegetariana 1p 206g Bolsa NP;7804671590579;206;0;0;503643EAC;;
503644;Arroz Frito Pollo Cam 1p 380g Bolsa NP;7804671590272;380;15;0 BG;503644;BG;BANDEJAS
503645;Seco Res Con Pure 1p 350g Bolsa NP;7804671590449;350;17;0 BG;503645;BG;BANDEJAS
503646;Aji de Gallina 1p 380g Bolsa NPEAC;7804671590470;380;15;0 BG;503646;BG;BANDEJAS
503647;Fetuccini Alfredo 1p 380g Bolsa NP;7804671590494;380;15;0 BG;503647;BG;BANDEJAS
503648;Noqui Papa Pom 1p 350g Bolsa NP;7804671590500;350;17;0 BG;503648;BG;BANDEJAS
503649;Vaso Fruta 1p 180g Bolsa NP;7804671590111;180;1;0 BG;503649;BG;BANDEJAS
503650;Yogurt Maracuya 1p 280g Bolsa NP;7804671590104;280;20;0 BG;503650;BG;BANDEJAS
503651;Yogurt Frambuesa 1p 280g Bolsa NP;7804671590203;280;20;0 BG;503651;BG;BANDEJAS
503660;Pastel Tentacion 72p 62g CJA MLA EXP;7803403003219;62;72;63 CME;503660;CME;CORRUGADO
503679;Galleta Gansito 1p 43g TIRA MLA;7500810001127;43;90;96 CU;503679;CU;CAJAS
503709;Bronto Burguer SJ 1p 185g FLOW NP;7801907006897;185;20;48 CT;503709;CT;CAJAS
503716;Magdalena Tres Leches 2p 100g FLOW ADP;7803473005854;100;44;48 BG;503716;BG;BANDEJAS
503718;Tortilla Sabrosota 8p 415g BOLSA TR;7803403003875;415;20;48 BG;503718;BG;BANDEJAS
503730;Rapidita XL Integral 8p 415g BOLSA ID;7803403004087;415;20;48 BG;503730;BG;BANDEJAS
503738;Galleton Miel 1p 70g CJA ADP;7803473001481;70;33;136 CT;503738;CT;CAJAS
503743;Alfajor Semi Amargo 4p 180g Dpy LDS;7803400001683;180;36;48 BG;503743;BG;BANDEJAS
503744;Alfajor Blanco 4p 180g Dpy LDS;7803400001676;180;36;48 BG;503744;BG;BANDEJAS
503750;Queque Navideno 1p 240g BOLSA ID;7803403003912;240;21;48 BG;503750;BG;BANDEJAS
503976;Gansito 4p 200g CJ MLA;7803473005939_2;200;16;48 BG;503976;BG;BANDEJAS
503977;Mankeke 4p 120g CJ MLA;7803473005885_2;120;12;48 BG;503977;BG;BANDEJAS
503978;Mankeke 8p 240g CJ MLA;7803473005922_2;240;6;48 BG;503978;BG;BANDEJAS
503979;Pinguino 4p 160g CJ MLA;7803473005878_2;160;12;48 BG;503979;BG;BANDEJAS
503980;Pinguino Chocolate 4p 160g CJ MLA;7803473005892;160;12;48 BG;503980;BG;BANDEJAS
503981;Hamgurguesa Vacuno SJ 1p 90g FLOW NP;7801907001762;90;24;48 CT;503981;CT;CAJAS
503982;Rayita Vainilla 4p 128g CJ MLA;7803473005908_2;128;16;48 BG;503982;BG;BANDEJAS
503999;Pinguino Triple Choco 2p 80g BOLSA MLA;7803403003868;80;66;48 BG;503999;BG;BANDEJAS
504001;Takis Intense Nacho CH 1p 190g FLOW BAR;7803403003882;190;21;56 CU;504001;CU;CAJAS
504007;Gansito Halloween 1p 50g Bolsa MLA;7803473005946;50;144;48 BG;504007;BG;BANDEJAS
504076;Pan Integral EdLimitada 1p 520g BOLSA ID;7803403003226;520;10;68 BME;504076;BME;BANDEJAS
504102;Takis Intense Nacho CH 1p 49g FLOW BAR;7803403003899;49;42;88 CU;504102;CU;CAJAS
504103;Pan Integral Cero Cero 1p 600g BOLSA ID;7803403003240;600;10;60 BG;504103;BG;BANDEJAS
504104;Pan Blanco Cero Cero 1p 580g BOLSA ID;7803403003233;580;10;60 BG;504104;BG;BANDEJAS
504105;Salame La Preferida 6p 100g FLOW NP;7801916030340;100;10;48 CU;504105;CU;CAJAS
504106;Pate Sabor Ternera LP 11p 160g TUBO NP;7801916000718;160;10;340 CT;504106;CT;CAJAS
504107;PastaPolloCiboullette LP 8p 125g TUBO NP;7801916029702;125;8;48 CU;504107;CU;CAJAS
504108;Jamon Pierna LP 13p 125g BOLSA NP;7801916031538;125;10;84 CT;504108;CT;CAJAS
504109;Pechuga Pavo Cocida LP 25p 250g BOLSA NP;7801916033006;250;24;48 CT;504109;CT;CAJAS
504110;Salchica Surena LP 10p 500g BOLSA NP;7801916035734;500;8;48 CT;504110;CT;CAJAS
504111;Hamb Con Carne Angus LP 1p 100g FLOW NP;7801916038575;100;24;48 CT;504111;CT;CAJAS
504112;Tocino Cortado LP 9p 100g BOLSA NP;7801916039602;100;10;48 CU;504112;CU;CAJAS
504113;Top Relleno C Chocolat BM 90p 75g CJA NP;7803413000826;75;90;48 CT;504113;CT;CAJAS
504114;Top Rell Framb QuesoCrema 90p 75g CJA NP;7803413000840;75;90;48 CT;504114;CT;CAJAS
504115;Canasto RellMembrillo BM 90p 75g CJA NP;7803413000666;75;90;48 CT;504115;CT;CAJAS
504122;Porotos Mazam 10p 350g CJA NP;7804621985313;350;10;40 CME;504122;CME;CORRUGADO
504123;Wraps Mech Queso 10p 250g CJA NP;7804621984313;250;10;80 CME;504123;CME;CORRUGADO
504124;Pastel de Choclo 10p 350g CJA NP;7804621985311;350;10;40 CME;504124;CME;CORRUGADO
504125;Wraps Mechada Verdura 10p 250g CJA NP;7804621984310;250;10;80 CME;504125;CME;CORRUGADO
504126;Wraps Atun Verduras 1p 250g CJA NP;7804621984312;250;10;80 CME;504126;CME;CORRUGADO
504127;Frica Barros Luco 20p 160g CJA NP;7804621982313;160;20;50 CME;504127;CME;CORRUGADO
504128;Canasto Relleno Choco BM 90p 75g CJA NP;7803413000628;75;90;48 CT;504128;CT;CAJAS
504129;Wraps Pollo 10p 250g CJA NP;7804621984311;250;10;80 CME;504129;CME;CORRUGADO
504130;Frica Ave Mayo 20p 160g CJA NP;7804621982311;160;20;50 CME;504130;CME;CORRUGADO
504132;Frica Mechada Queso 20p 160g CJA NP;7804621982310;160;20;50 CME;504132;CME;CORRUGADO
504133;Empanada Pino 50p 180g CJA NP;7804621983311;180;50;48 CME;504133;CME;CORRUGADO
504134;Frica Ave Pimenton 20p 160g CJA NP;7804621982312;160;20;50 CME;504134;CME;CORRUGADO
504135;Empanada Queso 50p 160g CJA NP;7804621983313;160;50;48 CME;504135;CME;CORRUGADO
504136;Empanada Pollo Champinon 50p 180g CJA NP;7804621983312;180;50;48 CME;504136;CME;CORRUGADO
504137;Raviol Carne 10p 350g CJA NP;7804621985314;350;10;40 CME;504137;CME;CORRUGADO
504138;Spaguetti Bolonesa 1p 350g CJA NP;7804621985310;350;10;40 CME;504138;CME;CORRUGADO
504139;Chaparrita 1p 250g CJA NP;7804621985315;250;10;80 CME;504139;CME;CORRUGADO
504140;Empanada Napolitana 50p 150g CJA NP;7804621983310;150;50;48 CME;504140;CME;CORRUGADO
504141;Pastel de Papas 10p 350g CJA NP;7804621985312;350;10;40 CME;504141;CME;CORRUGADO
504164;Salmas Horneadas 4p 72g CJ SAN EXP;7750727012871;72;35;28 CT;504164;CT;CAJAS
504178;Pan Blanco 1p 550g BOLSA ID;7803403003271;550;10;68 BME;504178;BME;BANDEJAS
504179;Pan Blanco 1p 350g BOLSA ID;7803403003288;350;15;108 BME;504179;BME;BANDEJAS
504180;Pan Blanco XL 1p 740g BOLSA ID;7803403003257;740;7;68 BME;504180;BME;BANDEJAS
504186;Pan Blanco Artesano 1p 550g BOLSA ID;7803403003264;550;10;60 BG;504186;BG;BANDEJAS
504192;Grisin Gourm Romero 1p 60g FLOW ID EXP;7840131004194;60;56;90 CT;504192;CT;CAJAS
504193;Grisin Gourm Ceb Asad 1p 60g FLOW ID EXP;7840131004200;60;56;90 CT;504193;CT;CAJAS
504194;Grisin Gourm Cib 1p 60g FLOW ID EXP;7840131004187;60;56;90 CT;504194;CT;CAJAS
504195;Queque Limon Ed. Ltda. 1p 225g BOLSA ADP;7803403003295;225;21;48 BG;504195;BG;BANDEJAS
504196;Queque Chocola Ed.Ltda 1p 225g BOLSA ADP;7803403003301;225;21;48 BG;504196;BG;BANDEJAS
504235;Pan Integral Ed Limit 1p 350g BOLSA ID;7803403003325;350;15;72 BME;504235;BME;BANDEJAS
504236;Pan Blanco Ch Ed Limit 1p 350g BOLSA ID;7803403003318;350;15;72 BME;504236;BME;BANDEJAS
504256;Pan Pita Blanco CeroCero 5p 215g FLOW ID;7803403003356;215;30;48 BG;504256;BG;BANDEJAS
504257;Pan Pita Integ CeroCero 5p 215g FLOW ID;7803403003363;215;30;48 BG;504257;BG;BANDEJAS
504265;Pan Integral 1p 350g BOLSA ID;7803403003349;350;15;68 BME;504265;BME;BANDEJAS
504274;Pan Fibra XL 1p 750g BOLSA CEN;7803473006004;750;7;48 BG;504274;BG;BANDEJAS
504302;Black Jack 1p 38g FLOW MLA;7803403003370;38;168;48 BG;504302;BG;BANDEJAS
504303;Black Jack 4p 152g ME MLA;7803403003387;152;44;48 BG;504303;BG;BANDEJAS
504336;Pan Blanco Con Avena 1p 560g BOLSA ID;7803403003400;560;10;68 BME;504336;BME;BANDEJAS
504337;Hamburguesa Brioche 4p 352g BOLSA ID;7803403003417;352;10;68 BME;504337;BME;BANDEJAS
504347;Pan Integral XL 1p 750g BOLSA ID;7803403003332;750;7;68 BME;504347;BME;BANDEJAS
504400;Muffin Soft Arandano BM 2p 110g CJA NP;7803413006682;110;24;48 CT;504400;CT;CAJAS
504401;Galleta Avena Pasas 1p 175g TUBO NUR EXP;7730117007779;175;20;100 CME;504401;CME;CORRUGADO
504402;Galleta Avena Choco 1p 175g TUBO NUR EXP;7730117007793;175;20;100 CME;504402;CME;CORRUGADO
504403;Galleta Avena Mzana 1p 175g TUBO NUR EXP;7730117007786;175;20;100 CME;504403;CME;CORRUGADO
504408;Brownie Sin Azucar 1p 50g BOLSA NUR EXP;7730117007830;50;72;63 CME;504408;CME;CORRUGADO
504410;GalletaChocochipsProtein 4p 400g DPY NUR;7803525001414;400;21;48 CG;504410;CG;CORRUGADO
504413;Mankeke NE 4p 120g CJ MLA;7803473005885;120;28;35 CG;504413;CG;CORRUGADO
504414;Rayita TwinkiesVainillaB 4p 128g CJ MLA;7803473005908;128;31;35 CG;504414;CG;CORRUGADO
504415;Pinguino NE 4p 160g CJ MLA;7803473005878;160;28;35 CG;504415;CG;CORRUGADO
504416;Mankeke NE 8p 240g CJ MLA;7803473005922;240;14;35 CG;504416;CG;CORRUGADO
504417;Gansito NE 4p 200g CJ MLA;7803473005939;350;31;35 CG;504417;CG;CORRUGADO
504422;GalletChocchip Protein 2p 100g BOLSA NUR;7803525001407;100;54;70 CG;504422;CG;CORRUGADO
504423;Rapidita Linaza Chia 8p 200g BOLSA ID;7803403003424;200;27;48 BG;504423;BG;BANDEJAS
504435;Pan Blanco CM 1p 550g BOLSA BIM EXP;7793890259032_1;550;10;60 CU;504435;CU;CAJAS
504439;Rapiditas Tomate 8p 200g BOLSA ID;7803403003431;200;27;48 BG;504439;BG;BANDEJAS
504447;Gansito Wafer MEE 4p 92g BOLSA MLA;7803473005953;92;28;88 CME;504447;CME;CORRUGADO
504452;Magdalenas Limon 6p 300g BOLSA ADP;7803403003738;300;23;48 BG;504452;BG;BANDEJAS
504470;Queque Fruta Confitada 1p 240g BOLSA ADP;7803403003448;240;21;48 BG;504470;BG;BANDEJAS
504491;Brownie Protein 4p 248g CJ NUR;7803525001391;248;22;1000 CG;504491;CG;CORRUGADO
504492;Donut Rell Frambuesa BM 2p 150g CJA NP;7803413010566;150;16;48 CT;504492;CT;CAJAS
504493;Sandw M Barros Luco Prem 1p 165g FLOW NP;7808744501820;165;1;48 CT;504493;CT;CAJAS
504494;Sandw Vegetariano Prem 1p 190g FLOW NP;7808744501929;190;1;48 CT;504494;CT;CAJAS
504495;Sandw Jamon Queso Exp 1p 140g FLOW NP;7808744500878;140;1;48 CT;504495;CT;CAJAS
504497;Sandwich Ave Mayo Prem 1p 175g FLOW NP;7808744500311;175;1;48 CT;504497;CT;CAJAS
504498;Sandw MigaSalame QuGauda 1p 151g FLOW NP;7808744501158;151;1;48 CT;504498;CT;CAJAS
504499;Alfajor Deleite 4p 200g DPY LDS;7803400001713;200;12;48 BG;504499;BG;BANDEJAS
504500;Sandw Ave Pimenton Exp 1p 125g FLOW NP;7808744500571;125;1;48 CT;504500;CT;CAJAS
504501;Marraqueta Ave Mayo 1p 160g FLOW NP;7808744501127;160;1;48 CT;504501;CT;CAJAS
504502;Sandwich Jamon Queso 1p 175g FLOW NP;7808744500014;175;1;48 CT;504502;CT;CAJAS
504503;Sandw Ave Mayo Express 1p 125g FLOW NP;7808744500564;125;1;48 CT;504503;CT;CAJAS
504504;Sandw Ave Pimenton Prem 1p 175g FLOW NP;7808744500021;175;1;96 CT;504504;CT;CAJAS
504505;Marraqueta Ave Pimenton 1p 160g FLOW NP;7808744501134;160;1;48 CT;504505;CT;CAJAS
504520;Budin Brownie 1p 250g BOLSA NUR EXP;7730117007939;250;16;63 CG;504520;CG;CORRUGADO
504521;Budin Marmolado 1p 250g BOLSA NUR EXP;7730117007915;250;16;63 CG;504521;CG;CORRUGADO
504522;Budin NaranjaChips 1p 250g BOLSA NUR EXP;7730117007922;250;16;63 CG;504522;CG;CORRUGADO
504523;Pan de Pascua Chips 1p 500g BOLSA NUR;7803525001483;500;18;25 CME;504523;CME;CORRUGADO
504524;Pan de Pascua 1p 450g BOLSA CEN;7803403003493;450;18;25 CME;504524;CME;CORRUGADO
504527;Queque Navideno 1p 240g BOLSA ADP;7803403003509;240;21;48 BG;504527;BG;BANDEJAS
504549;DonRell ConMan TopAzu 2u 16p 152g CJA NP;7803413010573;152;16;48 CU;504549;CU;CAJAS
504550;Donut Rell Choco BM 2u 16p 150g CJA NP;7803413010597;150;16;48 CU;504550;CU;CAJAS
504551;Muffin Soft Chip Cho 2u 24p 200g CJA NP;7803413006675;200;24;48 CT;504551;CT;CAJAS
504552;Sandw Croissant JamQueso 1p 125g FLOW NP;7808744501851;125;1;48 CT;504552;CT;CAJAS
504553;Magdalenas Chips Choco 6p 300g BOLSA ADP;7803473005977;300;23;48 BG;504553;BG;BANDEJAS
504554;Brownie Mini 4p 120g BOLSA NUR;7803525001575;120;36;63 CT;504554;CT;CAJAS
504555;Brownie Nuez 6p 372g DPY NUR EXP;7803525001643;372;10;63 CME;504555;CME;CORRUGADO
504556;Brownie Chips 4p 248g ME NUR EXP;7803525001551;248;8;100 CT;504556;CT;CAJAS
504557;Braunichoc 4p 140g ME NUR EXP;7803525001582;140;24;60 CG;504557;CG;CORRUGADO
504566;Tortilla Burrera 22cms 8p 400g BOLSA TR;7803403000195;400;20;48 BG;504566;BG;BANDEJAS
504567;Hamb CarQuProc CheddToc 1p 152g FLOW NP;7808744501271;152;1;48 CT;504567;CT;CAJAS
504568;HCarnQue Proces SalsBarb 1p 142g FLOW NP;7808744501288;142;1;48 CT;504568;CT;CAJAS
504569;Galleta Chocochips 12p 600g DPY NUR;7803525001506_1;600;72;100 CME;504569;CME;CORRUGADO
504570;Galleta Chocochip 1p 50g Dpy NUR;7803525001506;50;72;54 CME;504570;CME;CORRUGADO
504571;Tortilla Fajitas 10p 320g BOLSA TR;7803473002242;320;20;48 BG;504571;BG;BANDEJAS
504572;Tortilla Integral 8p 260g BOLSA TR;7803403001895;260;24;48 BG;504572;BG;BANDEJAS
504573;Galleta Chocochips 4p 200g BOLSA NUR;7803525001568;200;16;100 CME;504573;CME;CORRUGADO
504574;Tortilla Grandota 8p 620g BOLSA TR;7803403002304;620;16;48 BG;504574;BG;BANDEJAS
504575;Pan Blanco XL 1p 740g BOLSA CEN;7803403003530;740;7;60 BG;504575;BG;BANDEJAS
504591;Galleta Avena Pasas 1p 150g BOLSA NUR;7803525001728;150;18;120 CT;504591;CT;CAJAS
504595;Brownie Protein 1p 62g BOLSA NUR;7803525001384;62;42;100 CG;504595;CG;CORRUGADO
504596;Osito Ideal 1p 183g BOLSA NP;7500810016831;183;60;48 CT;504596;CT;CAJAS
504600;Natures Heart Te Ceylan 20p 40g DPY NP;7613287952516;40;6;273 CT;504600;CT;CAJAS
504631;Tostadas Naturales 16p 100g Flow ID;7861009943681;100;48;55 CT;504631;CT;CAJAS
504632;Tostadas Francesas 16p 120g Flow ID;7861009943698;120;48;55 CT;504632;CT;CAJAS
505188;Pan Completo Gde 6p 396g Bolsa CEN;7803473005724;396;9;60 BME;505188;BME;BANDEJAS
505377;Horneaditos PanIntegral 16p 7200g CJA NP;17700304293848;7200;1;35 CG;505377;CG;CORRUGADO
505431;Mini Brownie sinAzucar 1p 16g FLOW BIM;7705326002426;16;168;34 BG;505431;BG;BANDEJAS
505887;Braunichoc 24p 840g DPY NUR;7803525000431_1;840;6;63 CME;505887;CME;CORRUGADO
506096;Galleta Avena Choc 1p 150g BOLSA NUR;7803525001711;150;18;120 CT;506096;CT;CAJAS
506097;Galleta Avena Manzana 1p 150g BOLSA NUR;7803525001704;150;18;120 CT;506097;CT;CAJAS
506315;Pan Blanco 1p 580g BOLSA ID;7803403003936;580;10;60 BG;506315;BG;BANDEJAS
506339;Pan Blanco NP 1p 380g BOLSA ID;7803403003929;380;13;60 BG;506339;BG;BANDEJAS
506350;Salmas CamoteZanahoria 5p 90g CJ SAN EXP;7750727013502;90;28;90 CT;506350;CT;CAJAS
506351;NatHeart Te Verde Puro 20p 35g DPY NP;7613287952820;35;6;273 CT;506351;CT;CAJAS
506352;NatHeart Earl Grey Tea 20p 35g DPY NP;7613287951649;35;6;259 CT;506352;CT;CAJAS
506353;Pasta Cocktail APimenton 1p 250g VASO NP;7808744501912;250;9;48 CT;506353;CT;CAJAS
506354;Pasta Cocktail AvMayo 1p 250g VASO NP;7808744501905;250;9;48 CT;506354;CT;CAJAS
506355;Nat Heart Limon Jenjibre 20p 35g DPY NP;7613287952608;35;6;234 CT;506355;CT;CAJAS
506356;Salmas Horneadas NE 8p 144g CJ SAN EXP;7750727013656;144;28;64 CT;506356;CT;CAJAS
506359;Chips TortillasAji 1p 160g BOLSA SAN EXP;7750727013526;160;18;40 CT;506359;CT;CAJAS
506360;ChipsTortillaTomAlb1p 160g BOLSA SAN EXP;7750727013533;160;18;40 CT;506360;CT;CAJAS
506361;ChipsTortiHorneada 1p 160gSAN BOLSA EXP;7750727013519;160;18;40 CT;506361;CT;CAJAS
506363;Queque Vainilla 1p 225g FLOW ADP;7803403003684;225;21;48 BG;506363;BG;BANDEJAS
506369;Pita Cero Cero Blanca 8p 344g BOLSA ID;7803403003820;344;14;48 BCH;506369;BCH;BANDEJAS
506370;Pita Cero Cero integral 8p 344g BOLSA ID;7803403003837;344;14;48 BCH;506370;BCH;BANDEJAS
506371;Grisines Romero 1p 75g FLOW ID EXP;7803403003653;75;54;90 CT;506371;CT;CAJAS
506372;Grisines Cebolla 1p 75g FLOW ID EXP;7803403003677;75;54;90 CT;506372;CT;CAJAS
506373;Grisines Cib 1p 75g FLOW ID EXP;7803403003660;75;54;90 CT;506373;CT;CAJAS
506374;Pan Blanco EdLimitada 1p 500g BOLSA ID;7803403003608;500;10;60 BG;506374;BG;BANDEJAS
506375;Pan Integral EdLimitada 1p 500g BOLSA ID;7803403003615;500;10;60 BG;506375;BG;BANDEJAS
506376;Pan Blanco EdEspecial 1p 500g BOLSA CEN;7803403003622;500;10;60 BG;506376;BG;BANDEJAS
506377;Pan Fibra EdEspecial 1p 500g BOLSA CEN;7803403003639;500;10;60 BG;506377;BG;BANDEJAS
506402;Magdalenas Chips Choco 2p 100g BOLSA ADP;7803473005984;100;44;48 BG;506402;BG;BANDEJAS
506403;Pizza 20cm 2p 315g FLOW ID;7803403003646;315;30;48 BG;506403;BG;BANDEJAS
506414;Rapiditas Tomate NC 8p 200g BOLSA ID;7803403003431_1;200;35;48 BG;506414;BG;BANDEJAS
506417;Rapidita Linaza Chia NC 8p 200g BOLSA ID;7803403003424_1;200;35;48 BG;506417;BG;BANDEJAS
506424;Hallulla Jamon Queso 1p 185g FLOW NP;5618318427355;185;60;40 CT;506424;CT;CAJAS
506425;Brownie 4p 248g FLOW NUR EXP;7803525001544;248;8;100 CT;506425;CT;CAJAS
506426;Magdalenas Coco 6p 300g BOLSA ADP;7803403003745;300;23;48 BG;506426;BG;BANDEJAS
506427;Magdalenas Tres Leches 6p 300g FLOW ADP;7803403003486;300;23;63 CG;506427;CG;CORRUGADO
506428;Magdalenas Vainilla 6p 300g FLOW ADP;7803403003752;300;14;63 CG;506428;CG;CORRUGADO
506430;Magdalenas Vainilla 2p 100g FLOW ADP;7803403003783;100;23;48 BG;506430;BG;BANDEJAS
506431;Magdalenas Coco 2p 100g FLOW ADP;7803403003769;100;44;48 BG;506431;BG;BANDEJAS
506432;Magdalenas Limon 2p 100g FLOW ADP;7803403003776;100;44;48 BG;506432;BG;BANDEJAS
506452;CocaCola Orig 1p 350ml LATA NP;7801610001196;350;6;48 CU;506452;CU;CAJAS
506453;CocaCola SinAzucar 1p 350ml LATA NP;7801610350355;350;6;48 CU;506453;CU;CAJAS
506454;Fanta 1p 350ml LATA NP;7801610002193;350;6;48 CU;506454;CU;CAJAS
506455;Fanta SinAzucar 1p 350ml LATA NP;7801610671016;350;6;48 CU;506455;CU;CAJAS
506456;Sprite 1p 350ml LATA NP;7801610005194;350;6;48 CU;506456;CU;CAJAS
506457;Sprite Zero 1p 350ml LATA NP;7801610223192;350;6;48 CU;506457;CU;CAJAS
506458;NRLimonada GLL 1p 500ml BOTELLA NP;7803908005251;500;6;48 CU;506458;CU;CAJAS
506489;Hamburguesa XL 4p 325g BOLSA ID;7803403003721;325;10;68 BME;506489;BME;BANDEJAS
506495;Mankeke 3p 90g BOLSA MLA;7803473005960_2;90;87;48 BG;506495;BG;BANDEJAS
506507;Tortilla Fajita 8p 260g BOLSA TR;7803403003790;260;22;48 BG;506507;BG;BANDEJAS
506517;Leche Descremada 1p 1000g BOLSA NP;0614143407215;1000;10;65 CT;506517;CT;CAJAS
506518;Cappuc VaiGetTogether 1p 1000g BOLSA NP;0614143407062;1000;10;48 CT;506518;CT;CAJAS
506519;Chocolate Get Together 1p 1000g BOLSA NP;0614143407086;1000;10;48 CT;506519;CT;CAJAS
506520;Cafe Grano Org Buf Sold 1p 907g BOLSA NP;0859940002991;907;10;48 CT;506520;CT;CAJAS
506521;ChaiLatte Get Together 1p 1000g BOLSA NP;0614143407048;1000;10;48 CT;506521;CT;CAJAS
506523;Salmas Maiz Morado ND 7p 126g CJ SAN EXP;7750727013663;126;28;64 CT;506523;CT;CAJAS
506524;Galleta Chocochips 1p 75g BOLSA NUR EXP;7730117008110;75;48;100 CU;506524;CU;CAJAS
506532;Hamb Wendys 4 30p 2000g BOLSA HOU;7803403003844;2000;1;60 BCH;506532;BCH;BANDEJAS
506535;Brownie Chips 1p 62g BOLSA NUR EXP;7803525001520;62;60;63 CT;506535;CT;CAJAS
506536;Braunichoc 1p 35g BOLSA NUR EXP;7803525001537;35;240;48 CT;506536;CT;CAJAS
506537;Brownie Nuez 1p 62g BOLSA NUR EXP;7803525001513;62;60;63 CT;506537;CT;CAJAS
506538;Galleta Naranja 8p 700g BOLSA DCP;7803473005991;700;8;72 CME;506538;CME;CORRUGADO
506539;Mini Brownie 6p 180g ME NUR EXP;7803525001636;180;15;60 CG;506539;CG;CORRUGADO
506551;Jamon Acaramelado SJ 1p 200g BOLSA NP;7801907001618;200;12;48 CT;506551;CT;CAJAS
506552;Jamon Colonial SJ 7p 200g BOLSA NP;7801907001595;200;12;48 CT;506552;CT;CAJAS
506555;Brownie Chips 6p 372g DPY NUR EXP;7803525001650;372;10;63 CT;506555;CT;CAJAS
506556;Braunichoc 12p 420g DPY NUR EXP;7803525001667;420;20;48 CT;506556;CT;CAJAS
506557;Pan Calabaza Nuez 1p 350g BOLSA FUC;7803480001399;350;13;60 BG;506557;BG;BANDEJAS
506558;Pan Calabaza Nuez 1p 600g BOLSA FUC;7803480001429;0;10;60 BG;506558;BG;BANDEJAS
506559;Pan Linaza Chia 1p 350g BOLSA FUC;7803480001443;350;13;60 BG;506559;BG;BANDEJAS
506560;Pan Linaza Chia 1p 600g BOLSA FUC;7803480001436;600;10;60 BG;506560;BG;BANDEJAS
506561;Pan Multigrano Light 1p 620g BOLSA FUC;7803480001412;620;10;60 BG;506561;BG;BANDEJAS
506564;Pan Multigrano 1p 350g BOLSA FUC;7803480001405;350;13;60 BG;506564;BG;BANDEJAS
5076;Rayita Vainilla 6p 180g MLA;7803473551122;180;24;72 BG;5076;BG;BANDEJAS
514548;Takis Fuego SPI 20ct 3.25oz 92.3g CASE BAR EXP;757528048075;92.3;20;112 CU;514548;CU;CAJAS
514549;Takis BlueHeat SPI 20ct 3.25oz 92.3g CASE BAR EXP;757528048112;92.3;20;112 CU;514549;CU;CAJAS
514550;Takis Fuego 20ct 3.25oz 92.3g Belice CASE BAR EXP;757528048075_1;92.3;20;112 CU;514550;CU;CAJAS
514589;TakisFuego 1p28g FLOWBAR EXP;757528050658;28;46;112 CU;514589;CU;CAJAS
514590;TakisFuego 1p56gFLOW BAR EXP;757528050665;56;42;112 CU;514590;CU;CAJAS
514591;TakisXplosion 1p56gFLOW BAR EXP;757528050672;56;42;112 CU;514591;CU;CAJAS
514593;TakisOriginal 1p56g FLOWBAR EXP;757528050696;56;42;112 CU;514593;CU;CAJAS
514594;TakisOriginal 1p200gFLOW BAR EXP;757528050702;200;20;72 CU;514594;CU;CAJAS
514595;TakisFuego 1p200gFLOWBAR EXP;757528050719;200;20;72 CU;514595;CU;CAJAS
514632;Chips Fuego 1p 6500g CJA BAR EXP;7500810024461;6500;1;36 CT;514632;CT;CAJAS
514633;Chips Sal 1p 6500g CJA BAR EXP;7500810024478;6500;1;36 CT;514633;CT;CAJAS
514634;Chips Jalapeno 1p 6500g CJA BAR EXP;7500810024485;6500;1;36 CT;514634;CT;CAJAS
514698;TakisXplosion 1p28g FLOW BAR EXP;7500810025710;28;46;112 CU;514698;CU;CAJAS
514699;TakisOriginal 1p28g FLOW BAR EXP;7500810025727;28;46;112 CU;514699;CU;CAJAS
514741;TakisFuego 1p 56gFLOW BAR EXP;7500810026564;56;42;112 CU;514741;CU;CAJAS
514742;TakisOriginal1p 56gFLOW BAR EXP;7500810026571;56;42;112 CU;514742;CU;CAJAS
514743;TakisXplosion 1p 56gFLOW BAR EXP;7500810026588;56;42;112 CU;514743;CU;CAJAS
514745;TakisOriginal 1p 152g FLOW BAR EXP;7500810026601;152;16;72 CU;514745;CU;CAJAS
514747;TakisOriginal 1p 250g FLOW BAR EXP;7500810026625;250;14;72 CU;514747;CU;CAJAS
514748;TakisFuego 1p 250g FLOW BAR EXP;7500810026632;250;14;72 CU;514748;CU;CAJAS
514751;TakisFuego 1p 28gFLOW BAR EXP;7500810026663;28;46;112 CU;514751;CU;CAJAS
514752;TakisXplosion 1p 200gFLOW BAR EXP;7500810026670;200;20;72 CU;514752;CU;CAJAS
514755;Takis Fuego 1p 152g FLOW BAR EXP;7500810026700;152;16;72 CU;514755;CU;CAJAS
515272;Takis Xplosion 1p 140g FLOW BAR EXP;7500810034347;140;16;72 CME;515272;CME;CORRUGADO
515273;Takis Original 1p 140g FLOW BAR EXP;7500810034354;140;16;72 CME;515273;CME;CORRUGADO
515275;Takis Xplosion 1p 85g FLOW BAR EXP;7500810034460;85;35;72 CME;515275;CME;CORRUGADO
515276;Takis Original 1p 85g FLOW BAR EXP;7500810034477;85;35;72 CME;515276;CME;CORRUGADO
515277;Takis Xplosion 1p 49g FLOW BAR EXP;7500810034484;49;36;112 CC;515277;CC;CORRUGADO
515278;Takis Original 1p 49g FLOW BAR EXP;7500810034491;49;36;112 CC;515278;CC;CORRUGADO
516630;Chips Fuego CH 1p 5000g CASE BAR EXP;7500810051559;5000;1;24 CU;516630;CU;CAJAS
516631;Chips Sal CH 1p 5000g CASE BAR EXP;7500810051566;5000;1;24 CU;516631;CU;CAJAS
516632;Chips Jalapeno CH 1p 5000g CASE BAR EXP;7500810051573;5000;1;24 CU;516632;CU;CAJAS
5380;Pinguinos 2p 80g MLA;7803473542182;80;66;72 BG;5380;BG;BANDEJAS
5432;Surtido Dulces 6p 200g ADP;7803403101014;200;8;120 BCH;5432;BCH;BANDEJAS
5477;Alfi 2p 40g BOLSA MLA;7803473612229;40;160;120 BCH;5477;BCH;BANDEJAS
6418;Galletas Mix Semillas 220g SAN;7730154004441;220;24;64 CG;6418;CG;CORRUGADO
6432;Salmas Granos Ancestrales 126g SAN;658480002368;126;28;64 CG;6432;CG;CORRUGADO
6433;Pan Integral 580g Id;7803403002243;580;10;72 BG;6433;BG;BANDEJAS
7197;Divertipack 5p 175g MLA;7803473004369;175;24;72 BG;7197;BG;BANDEJAS
7212;Pan Americano Hamburguesa 8p 550g FUC;7803480050052;550;6;72 BG;7212;BG;BANDEJAS
7216;Mankeke 4p 100g CJ MLA;7803473004376;100;60;72 BG;7216;BG;BANDEJAS
7234;Mil Hojas 4p 450g ADP;7803403103018;450;18;72 BG;7234;BG;BANDEJAS
7497;Pan Pita Diet Linaza 8p 344g CJ ID;7803473001252;344;14;120 BCH;7497;BCH;BANDEJAS
7562;Pan Blanco 400g ID TRAD;7803403001826;400;13;72 BG;7562;BG;BANDEJAS
7565;Pan Hot Dog Sesamo 8p 415g FUC;7803480000712;415;9;72 BG;7565;BG;BANDEJAS
7566;Pan Hambur 4 DCortBK 30p 2460g PPack HOU;7803473075666;2460;1;72 BCH;7566;BCH;BANDEJAS
7718;Hot Dog Doggis 19cm 8p 530g Bol HOU;7803473077189;530;6;72 BG;7718;BG;BANDEJAS
7979;Takis Fuego 1p 90g FLOW BAR EXP;757528023164_7979;90;18;104 CU;7979;CU;CAJAS
8212;Rayita Vainilla 1p 30g MLA;7803473541123;30;120;120 BCH;8212;BCH;BANDEJAS
8514;Pan SemillasyCereales 2p 1340g Bolsa EUR;7401011510107;1340;5;34 BG;8514;BG;BANDEJAS
9520;Kequito Vainilla 8p 160g ID;7803403002113;160;20;72 BG;9520;BG;BANDEJAS
9602;Kequito Manjar 8p 160g ID;7803403002144;160;20;72 BG;9602;BG;BANDEJAS
964306;Takis Blue Heat 1p 49g FLOW BAR EXP;7500810047965;49;36;88 CT;964306;CT;CAJAS
964332;Takis Fuego Uy 1p 49g FLOW BAR EXP;7500810048306;49;36;88 CU;964332;CU;CAJAS
964334;ChipsTortiLinChia1p160gBOLSA SAN;7803525001926;160;18;28 CT;964334;CT;CAJAS
964335;ChipsTortiClasica1p160gBOLSA SAN;7803525001919;160;18;28 CT;964335;CT;CAJAS
964336;Takis BcknRnch 1p 49g UY FLOW BAR EXP;7500810048788;49;36;88 CU;964336;CU;CAJAS
964337;Takis BcknRnch 1p 190g UY FLOW BAR;7500810048795;190;14;56 CU;964337;CU;CAJAS
964346;Pan Completo 10p 880g BOLSA CEN;7803473006134;880;3;60 BG;964346;BG;BANDEJAS
964347;Pan Frica 10p 800g BOLSA CEN;7803473006127;800;3;60 BG;964347;BG;BANDEJAS
964349;Cafe Marley Vaso Grande 1p 400ml VASO NP;7803403004896;400;1;60 CT;964349;CT;CAJAS
964351;Takis Fuego Py 1p 49g FLOW BAR EXP;7500810048306_1;49;36;88 CU;964351;CU;CAJAS
964356;Takis Intense NachoPy 1p 49gFLOW BAR EXP;7803403004445_1;49;36;88 CU;964356;CU;CAJAS
964360;CiabattinaAvMay DaiFres 1p 100g FLOW NP;7803403004902;100;1;1 CT;964360;CT;CAJAS
964361;Ciabattina AvPimenton DF 1p 100g FLOW NP;7803403004919;100;1;1 CT;964361;CT;CAJAS
964362;Ciabattina JamQso DaFrsh 1p 110g FLOW NP;7803403004926;110;1;1 CT;964362;CT;CAJAS
964363;CibtinaMechadaQso DaiFrh 1p 120g FLOW NP;7803403004933;120;1;1 CT;964363;CT;CAJAS
964364;Cibtina Salam Qso DaFrh 1p 108g FLOW NP;7803403004940;108;1;1 CT;964364;CT;CAJAS
964365;PstaCockt AvMay DlyFresh 1p 250g FLOW NP;7803403004957;250;9;60 CT;964365;CT;CAJAS
964366;PstaCocktail AvPim DFrsh 1p 250g FLOW NP;7803403004964;250;9;60 CT;964366;CT;CAJAS
964369;Hamburguesa 4pulgadas 8p 500g BOLSA ID;7803403004872;500;9;60 BG;964369;BG;BANDEJAS
964370;Hamburguesa XL Ideal 8p 650g BOLSA ID;7803403004889;650;5;60 BG;964370;BG;BANDEJAS
964371;Wrap Mechada Queso 1p 480g FLOW NP;7803403004995;480;1;1 CT;964371;CT;CAJAS
964372;WrapChamp SnackService 1p480g FLOW NP;7803403004988;480;1;1 CT;964372;CT;CAJAS
964373;Wrap Pollo Snack Service 1p 480g FLOW NP;7803403004971;480;1;1 CT;964373;CT;CAJAS
964380;Enslda Lechuga Choclo 1p 120g BLISTER NP;7803403005008;120;1;1 CT;964380;CT;CAJAS
964381;Enslda Beterraga Ceb 1p 120g BLISTER NP;7803403005022;120;1;1 CT;964381;CT;CAJAS
964382;Ensalada Apio 1p 120g BLISTER NP;7803403005015;120;1;1 CT;964382;CT;CAJAS
964383;EnsldaPorotCebo 1p 120g BLISTER NP;7803403005039;120;1;1 CT;964383;CT;CAJAS
964384;MixFrutas 1p 280g PCSnaServ VASO NP;7803403005046;280;1;1 CT;964384;CT;CAJAS
964385;Takis IntensNacho1p PY 150g FLOW BAR EXP;7500810049372;150;16;64 CU;964385;CU;CAJAS
964386;ColacWrpPollo 1p 500g BLISTER NP;7803403005053;500;1;1 CT;964386;CT;CAJAS
964387;ColacWrpChmp 1p 500g BLISTER NP;7803403005060;500;1;1 CT;964387;CT;CAJAS
964409;ColacWrpMchd 1p 500g BLISTER NP;7803403005077;500;1;1 CT;964409;CT;CAJAS
964411;Alfi 90p 20g CJA MLA;7803473006141;20;90;48 CT;964411;CT;CAJAS
964419;Galleta Alfajor Pingui 54p 32g CJA MLA;7803403004315_1;32;24;48 CT;964419;CT;CAJAS
964421;Gansito 30p 50g CJA MLA;7803473006158;50;30;250 CT;964421;CT;CAJAS
964427;TKCH 50p 34g CJA MLA;7803403004506_1;34;50;250 CT;964427;CT;CAJAS
964428;Rollo 50p 32g CJA MLA;7803403004490_1;32;50;250 CT;964428;CT;CAJAS
964434;Rapiditas Protein 8p 416g BOLSA ID;7803403005145;416;20;48 BG;964434;BG;BANDEJAS
964440;Pan Pita Protein Integ 8p 360g BOLSA ID;7803403005152;360;14;48 BG;964440;BG;BANDEJAS
964444;Sandwichera BacktoSchool 1p 825g CJA NP;7803403005268;825;10;60 CT;964444;CT;CAJAS
964504;Pan Blanco Cero Cero 1p 400g BOLSA ID;7803403005107;400;13;60 BG;964504;BG;BANDEJAS
964505;Pan Integral Cero Cero 1p 400g BOLSA ID;7803403005114;400;13;60 BG;964505;BG;BANDEJAS
964506;Pan Protein 1p 430g BOLSA ID;7803403005121;430;13;60 BG;964506;BG;BANDEJAS
964521;Brownie Cob Chocolate 1p35g FLOW PUL EXP;7896002312233;35;144;63 CT;964521;CT;CAJAS
964522;Brownie Mini Nozes 1p 30g FLOW PUL EXP;7896002312226;30;144;54 CT;964522;CT;CAJAS
964563;Gansito 6p 300g PPACK MLA;7803473006035;300;9;56 BG;964563;BG;BANDEJAS
964564;Mankeke 6p 180g PPACK MLA;7803473006011;180;9;56 BG;964564;BG;BANDEJAS
964565;Rayita 6p 180g PPACK MLA;7803473006042;180;9;56 BG;964565;BG;BANDEJAS
964566;Pinguino 6p 240g PPACK MLA;7803473006028;240;9;56 BG;964566;BG;BANDEJAS
964580;Galleton Choc 1p 50g BOLSA DCP;7803473006059;50;60;100 CT;964580;CT;CAJAS
964588;Pan Blanco XL NC 1p 750g BOLSA ID;7803473002662;750;6;60 BG;964588;BG;BANDEJAS
964607;Pan integral XL NC 1p 750g BOLSA ID;78034030033321;750;6;60 BG;964607;BG;BANDEJAS
964614;Hot Dog Brioche Artes 6p 370g BOLSA ID;7803403004018;370;9;60 BG;964614;BG;BANDEJAS
964620;Takis Fuego CH 1p 190g FLOW BAR;7803403003950;190;21;56 CT;964620;CT;CAJAS
964621;Takis Original CH 1p 190g FLOW BAR;7803403003943;190;21;56 CT;964621;CT;CAJAS
964622;Takis Xplosion CH 1p 190g FLOW BAR;7803403003967;190;21;35 CT;964622;CT;CAJAS
964623;Galleta Almendra SAz NC 1p 128g TUBO NUR;7803525999391_1;128;18;120 CT;964623;CT;CAJAS
964624;Galleta ChioChoc SAz NC 1p 128g TUBO NUR;7803525999407_1;128;18;120 CT;964624;CT;CAJAS
964628;Pan Pascua FC Lata Negra 1p 700g LATA ID;7803403004056;700;14;25 CT;964628;CT;CAJAS
964629;Pan Pascua FC Lata Roja 1p 700g LATA ID;7803403004063;700;14;25 CT;964629;CT;CAJAS
964630;Pan Pascua FC Lata Verde 1p 700g LATA ID;7803403004070;700;14;25 CT;964630;CT;CAJAS
964669;Mankeke NC 3p 90g BOLSA MLA;7803473005960;90;77;48 BG;964669;BG;BANDEJAS
964670;Pan Sin Bordes 1p 400g BOLSA ID;7803403004094;400;12;60 BG;964670;BG;BANDEJAS
964679;Tortilla Burrera Lider 8p 400g BOLSA NP;7803403004100;400;20;48 BG;964679;BG;BANDEJAS
964740;Takis Original CH 1p 49g FLOW BAR;7803403004032;49;42;112 CT;964740;CT;CAJAS
964741;Takis Xplosion CH 1p 49g FLOW BAR;7803403004049;49;42;112 CT;964741;CT;CAJAS
964742;Takis Fuego CH 1p 49g FLOW BAR;7803403004025;49;42;112 CT;964742;CT;CAJAS
964743;Tort Rapiditas Clas XL 8p 415g BOLSA ID;7803403004117;415;20;48 BG;964743;BG;BANDEJAS
964761;Salmas Clasicas 6p 108g CJ SAN;7803403004131;108;28;48 CT;964761;CT;CAJAS
964762;Salmas Moradas 6p 108g CJ SAN;7803525001841;108;28;48 CT;964762;CT;CAJAS
964763;Salmas Camote Zanahoria 6p 108g CJ SAN;7803525001810;108;28;48 CT;964763;CT;CAJAS
964770;Minix Pinguino 10p 200g DOYPACK MLA EXP;7803403004148;200;20;48 CT;964770;CT;CAJAS
964781;Pan Coliza 6p 450g FLOW CEN;7803473006066;450;16;60 BG;964781;BG;BANDEJAS
964782;Pan Coliza 4p 300g FLOW CEN;7803473006073;300;20;60 BG;964782;BG;BANDEJAS
964786;Braunichoc 1p 35g BOLSA SBI EXP;7793890261530;35;144;63 CME;964786;CME;CORRUGADO
964787;Brownie Mini 1p 35g BOLSA SBI EXP;7793890261646;35;240;48 CME;964787;CME;CORRUGADO
964798;Brownie Chips 1p 62g BOLSA SBI EXP;7793890261578;62;72;54 CME;964798;CME;CORRUGADO
964823;Salmas Horneadas NE 5p 90g CJ ZEN EXP;7793890261844;90;28;70 CME;964823;CME;CORRUGADO
964840;Prom Hot Dog 5p 295g BOLSA ID;7803403004209;295;12;60 BG;964840;BG;BANDEJAS
964841;Prom Hamburguesa 4p 225g BOLSA ID;7803403004216;225;15;60 BG;964841;BG;BANDEJAS
964847;Salmas Chia Linaza 6p 108g DPY SAN;7803525001834;108;28;48 CT;964847;CT;CAJAS
964851;Takis Original 1p 100g FLOW BAR;7803403004230;100;25;80 CME;964851;CME;CORRUGADO
964852;Takis Fuego 1p 100g FLOW BAR;7803403004261;100;25;80 CME;964852;CME;CORRUGADO
964853;Takis Intense Nacho 1p 100g FLOW BAR;7803403004247;100;25;80 CME;964853;CME;CORRUGADO
964854;Hamburg Papa Artesano 4p 352g BOLSA ID;780343004278;352;10;60 BG;964854;BG;BANDEJAS
964855;Hot Dog Papa Artesano 6p 370g BOLSA ID;7803403004285;370;9;60 BG;964855;BG;BANDEJAS
964877;Porteno Chico 214p 6Kg CJA PAG EXP;7730911980421_1;6000;1;60 CU;964877;CU;CAJAS
964880;Ciabatta 40p 5.2Kg CJA RUK EXP;7730911984979_1;5200;1;36 CU;964880;CU;CAJAS
964881;Frances Chico 61p 8.1Kg CJA PAG EXP;7730911980483_1;8100;1;30 CU;964881;CU;CAJAS
964889;Mini Panbatta 80p 3.52Kg CJA RUK EXP;7730911985006_1;3520;1;60 CU;964889;CU;CAJAS
964890;Pan Batard 20p 8.8Kg CJA RUK EXP;7730911981770_1;8800;1;30 CU;964890;CU;CAJAS
964892;Pan Frances Grande C 31p 8.06Kg CJA PAG EXP;7730911984689_1;8060;1;30 CU;964892;CU;CAJAS
964899;Batard Multicereal 20p 8.8Kg CJA RUK EXP;7730911982357_1;8800;1;30 CU;964899;CU;CAJAS
964900;Pan Granbatta 31p 9.3Kg CJA RUK EXP;7730911982746_1;9300;1;30 CU;964900;CU;CAJAS
964901;PanBatard Integral 20p 8.8Kg CJA RUK EXP;7730911982852_1;8800;1;30 CU;964901;CU;CAJAS
964904;MediaLuna Portena 120p 4.8Kg CJA PAG EXP;7730911981008_2;4800;1;110 CU;964904;CU;CAJAS
964905;Minicroissant 108p 3.8Kg CJA PAG EXP;7730911981114_1;3800;1;110 CU;964905;CU;CAJAS
964911;Palmita 218p 5014g CJA PAG EXP;7730911984658_1;5014;1;136 CU;964911;CU;CAJAS
964922;Margarita Crema 130p 5.5Kg CJA PAG EXP;7730911982661_1;5500;1;110 CU;964922;CU;CAJAS
964923;Marga Membrillo 130p 5.46Kg CJA PAG EXP;7730911982678_1;5460;1;100 CU;964923;CU;CAJAS
964931;Rollito Chocolate 60p 4.9Kg CJA PAG EXP;7730911984498_1;4900;1;110 CU;964931;CU;CAJAS
964934;Strudel De Manzana 100p 5.6Kg CJA PAG EXP;7730911983101_1;5600;1;100 CU;964934;CU;CAJAS
964935;Mallas Membrillo 120p 5.8Kg CJA PAG EXP;7730911983118_1;5800;1;110 CU;964935;CU;CAJAS
964938;Crois Clasico ddl 120p 5.4Kg CJA PAG EXP;7730911983262_1;5400;1;110 CU;964938;CU;CAJAS
964939;Napolitana De JyQ 80p 5.6Kg CJA PAG EXP;7730911983279_1;5600;1;100 CU;964939;CU;CAJAS
964940;Napolitana Verdura 80p 5.6Kg CJA PAG EXP;7730911983286_1;5600;1;100 CU;964940;CU;CAJAS
965144;Pan Integral 1p 600g BOLSA ID;7803403004292;600;10;60 BG;965144;BG;BANDEJAS
965193;Pinguino Peach Idol 2p 80g BOLSA MLA;7803403004308;80;66;60 CU;965193;CU;CAJAS
965197;Galleta Alfajor Pinguino 2p 32g BOLSA MLA;7803403004315;32;160;60 BG;965197;BG;BANDEJAS
965200;Pinguinos 6p 240g CJ MLA;7803403004186;240;31;35 CT;965200;CT;CAJAS
965201;Gansito 5p 250g CJ MLA;7803403004193;250;31;35 CT;965201;CT;CAJAS
965202;Rayita TwinkiesVainillaBÂ 5p 150g DPY MLA;7803473006080;150;31;35 CT;965202;CT;CAJAS
965204;MankekeÂ 6p 180g DPY MLA;7803403004179;180;31;35 CT;965204;CT;CAJAS
965207;Pan de Pascua 1p 500g BOLSA ID;7803403004339;500;18;25 CT;965207;CT;CAJAS
965208;Pan de Pascua 1p 700g BOLSA NUR;7803403004346;700;18;25 CG;965208;CG;CORRUGADO
965215;Takis Chili Limon 1p 190g FLOW BAR;7803403004360;190;21;64 CT;965215;CT;CAJAS
965216;Takis Chili Limon 1p 49g FLOW BAR;7803403004377;49;42;88 CT;965216;CT;CAJAS
965221;Pan Integral XL 1p 770g BOLSA ID;7803403004421;770;6;48 BG;965221;BG;BANDEJAS
965223;Takis Intense Nacho1p 190g FLOW BAR EXP;7803403004438;190;20;64 CT;965223;CT;CAJAS
965224;Takis Intense Nacho1p 49g FLOW BAR EXP;7803403004445;49;36;88 CT;965224;CT;CAJAS
965227;Rapiditas Clasicas 6p 150g BOLSA ID;7803403004476_1;150;30;48 BG;965227;BG;BANDEJAS
965228;Rapiditas Cero Cero 8p 200g BOLSA ID;7803403004483;200;27;48 BG;965228;BG;BANDEJAS
965230;Little Bites Brownie 10p 130g CJ ID EXP;7803403004414;130;24;48 CG;965230;CG;CORRUGADO
965231;Little Bites Chips 10p 130g CJ ID EXP;7803403004407;130;24;48 CG;965231;CG;CORRUGADO
965232;Takis Intense Nacho 1p 190g FLOW BAR EXP;7803403004575;190;20;64 CT;965232;CT;CAJAS
965236;TakisIntense Nacho1p 49g FLOW BAR EXP;7803403004582;49;42;88 CT;965236;CT;CAJAS
965262;TKCH 1p 34g BOLSA MLA;7803403004506;34;192;60 BG;965262;BG;BANDEJAS
965263;Rollo 4p 104g BOLSA MLA;7803403004537;104;45;60 BG;965263;BG;BANDEJAS
965264;TKCH 4p 92g BOLSA MLA;7803403004544;92;45;60 BG;965264;BG;BANDEJAS
965265;Rollo 1p 32g BOLSA MLA;7803403004490;32;192;60 BG;965265;BG;BANDEJAS
965267;Pinguino 1p 40g BOLSA MLA;7803473500069;40;32;250 CT;965267;CT;CAJAS
965268;Totopos 1p 130g FLOW TR;7803403004599;130;20;64 CT;965268;CT;CAJAS
965269;Pan Bco Con Semillas 1p 350g BOLSA FUC;7803480001474;350;13;60 BG;965269;BG;BANDEJAS
965270;Pan Blanco XL 1p 700g BOLSA CEN;7803403004551;700;7;60 BG;965270;BG;BANDEJAS
965271;Pan Integral XL 1p 700g BOLSA CEN;7803403004568;700;7;60 BG;965271;BG;BANDEJAS
965273;Pan de Pascua FalabellaFC 1p 700g CJA ID;7803403004605;700;13;25 CT;965273;CT;CAJAS
965278;Hit 1p 25g DPY MLA EXP ID;7803403004612;25;180;84 CT;965278;CT;CAJAS
965284;Pan de Pascua Premium 1p 700g CJA NUR;7803403004674;700;13;30 CT;965284;CT;CAJAS
965329;Pan De Pascua Verde Falab 1p 700g CJA ID;7803403004681;700;13;30 CT;965329;CT;CAJAS
965333;Rustica clasica 24p 6.5Kg CJA RUK EXP;7730911985594_1;6500;1;30 CU;965333;CU;CAJAS
965334;Grand Rustica 20p 6.8Kg CJA RUK EXP;7730911985600_1;6800;1;30 CU;965334;CU;CAJAS
965335;Pan Italiano 18p 6.7Kg CJA RUK EXP;7730911985617_1;6700;1;30 CU;965335;CU;CAJAS
965342;SS Alfajor Chileno 35p 1485g BILSTER NUR;7803403004797;1485;6;48 BG;965342;BG;BANDEJAS
965343;SS Delicia Fram 35p 1380g BLISTER NUR;7803403004780;1380;6;48 BG;965343;BG;BANDEJAS
965344;SS Rollo 17p 830g BLISTER MLA;7803403004773;830;6;48 BG;965344;BG;BANDEJAS
965345;SS Tkch 15p 640g BLISTER MLA;7803403004766;640;6;48 BG;965345;BG;BANDEJAS
965346;SS GallAlfajorPing 75p 1180g BLISTER MLA;7803403004759;1180;6;48 BG;965346;BG;BANDEJAS
965347;SS Laguito 30p 1030g BLISTER LDS;7803403004742;1030;6;48 BG;965347;BG;BANDEJAS
965348;SS Alfi 50p 980g BLISTER MLA;7803403004735;980;6;48 BG;965348;BG;BANDEJAS
965349;SS Gansito 24p 1180g BLISTER MLA;7803403004728;1180;6;48 BG;965349;BG;BANDEJAS
965350;SS Rayita 2p 610g BLISTER MLA;7803403004711;610;6;48 BG;965350;BG;BANDEJAS
965351;SS Pinguino 20p 780g BLISTER MLA;7803403004704;780;6;48 BG;965351;BG;BANDEJAS
965352;SS Mankeke 24p 700g BLISTER MLA;7803403004698;700;6;48 BG;965352;BG;BANDEJAS
965360;Rayita Frutilla 5p 150g DPY MLA;7803473006110;150;31;35 CT;965360;CT;CAJAS
965364;GalletaAlfajor Pinguin 8p 128g BOLSA MLA;7803403004643;128;33;60 BG;965364;BG;BANDEJAS
965380;Takis Buckin Ranch CH 1p 49g FLOW BAR;7500810046869;49;42;88 CT;965380;CT;CAJAS
965383;Takis Buckin Ranch CH 1p 190g FLOW BAR;7500810046890;190;14;64 CT;965383;CT;CAJAS
965394;Brownie Nuez 24p 1488g Pil Trad CJ NUR;7803525000387_1;1488;24;210 CT;965394;CT;CAJAS
965404;Queque Chocolate 1p 160g FLOW ADP;7803403004827;160;24;48 BG;965404;BG;BANDEJAS
965405;Queque Vainilla 1p 160g FLOW ADP;7803403004810;160;24;48 BG;965405;BG;BANDEJAS
972573;Pan Bco Rendidor 1p 450g BOLSA BIM;7705326879479;450;10;34 BG;972573;BG;BANDEJAS
973512;TortillaTacos AmadaMasa 8p 200g BOLSA NP;7807975010323;200;39;60 CT;973512;CT;CAJAS
973513;TortillaBurr AmadaMasa 8p 400g BOLSA NP;7807975010330;400;17;60 CT;973513;CT;CAJAS
973521;ChipsJalapeno NC 1p 60g FLOW BAR;7500810050958;60;25;80 CU;973521;CU;CAJAS
973522;ChipsJalapeno 1p 160g FLOW BAR;7500810050965;160;12;64 CU;973522;CU;CAJAS
973523;ChipsSal NC 1p 60g FLOW BAR;7500810050972;60;25;80 CU;973523;CU;CAJAS
973524;Chips Fuego1p 160g FLOW BAR;7500810050989;160;12;64 CU;973524;CU;CAJAS
973525;Chips Fuego NC 1p 60g FLOW BAR;7500810050996;60;25;80 CU;973525;CU;CAJAS
973526;ChipsSal 1p 160g FLOW BAR;7500810051009;160;12;64 CU;973526;CU;CAJAS
973532;Alfajor Alfi 10p 200g ME MLA;7803473006189;200;27;48 CC;973532;CC;CORRUGADO
973533;Alfajor Chileno 4p 180g ME NUR;7803525001940;180;27;48 CC;973533;CC;CORRUGADO
973541;Pinguinos CookiesCream 6p 240g CJA MLA;7803473006219;240;31;35 CT;973541;CT;CAJAS
973547;Alfajor Brandy 1p 45g LDS BOLSA;7803400001782;45;12;48 CG;973547;CG;CORRUGADO
973548;Alfi 4p 160g NE ME MLA;7803473006196;160;27;48 CC;973548;CC;CORRUGADO
973549;Galleta Pinguino 4p 128g ME MLA;7803403005367;128;27;48 CC;973549;CC;CORRUGADO
973550;TKCH 4p 92g ME MLA;7803403005350;92;27;48 CC;973550;CC;CORRUGADO
973551;Rollo 4p 104g ME MLA;7803403005343;104;27;48 CC;973551;CC;CORRUGADO
973552;Delicias Frambuesa NE 4p 168g ME NUR;7803525001933;168;27;48 CC;973552;CC;CORRUGADO
973553;Laguito NE 4p 140g ME LDS;7803400001768;140;27;48 CC;973553;CC;CORRUGADO
973554;Brownie Mini 1p 35g NC BOLSA SBI EXP;7793890261646_1;35;72;117 CT;973554;CT;CAJAS
973555;Braunichoc 1p 35g NC BOLSA SBI EXP;7793890261530_1;35;72;117 CT;973555;CT;CAJAS
973597;Gall Alfajor Pingui NC 54p 32g CJA MLA;7803403004315_2;32;54;250 CC;973597;CC;CORRUGADO
973598;Pinguinos CookiesCream 2p 80g FLOW MLA;7803473006202;80;66;60 BG;973598;BG;BANDEJAS
973601;Pinguino Cookies Cream 1p 40g BOLSA MLA;7803473006226;40;32;250 CT;973601;CT;CAJAS
973602;TakisChile Limon 1p 49g FLOW BAR EXP;7500810051771;49;36;88 CU;973602;CU;CAJAS
973603;TakisChileLim 1p 150g FLOW BAR EXP;7500810051788;150;16;64 CU;973603;CU;CAJAS
973604;Brownie Sin Azucar 1p 50g BOLSA SBI EXP;7793890262780;50;72;63 CT;973604;CT;CAJAS
973609;Rapiditas Clasicas 6p 150g CAJ ID;7803403004476;150;50;54 CT;973609;CT;CAJAS
973610;Alfajor Laguito 8p 280g NE ME LDS;7803400001751;280;16;48 CC;973610;CC;CORRUGADO
973621;SaturPapaya 1p 250ml BOTELLA NP;7803403005336;250;24;65 CT;973621;CT;CAJAS
973622;LovOrange 1p 385ml BOTELLA NP;7803403005329;385;12;125 CT;973622;CT;CAJAS
973623;LovLemon Pink 1p 385ml BOTELLA NP;7803403005312;385;12;125 CT;973623;CT;CAJAS
973624;LovLemonOrig 1p 385ml BOTELLA NP;7803403005305;385;12;125 CT;973624;CT;CAJAS
973625;LovLemonLig 1p 385ml BOTELLA NP;7803403005299;385;12;125 CT;973625;CT;CAJAS
973626;LoveAloeVeraOrig 1p 500ml BOTELLA NP;7803403005282;500;24;65 CT;973626;CT;CAJAS
973627;LoveAloeVeraMango 1p 500ml BOTELLA NP;7803403005275;500;24;65 CT;973627;CT;CAJAS
973628;Brownie Dulce de Leche 1p 44g FLOW NUR;7803525001957;44;108;63 CT;973628;CT;CAJAS
973629;Brownie Choco Almendra 4p 200g ME NUR;7803525002008;200;8;100 CT;973629;CT;CAJAS
973630;Brownie Dulce de Leche 4p 176g ME NUR;7803525001995;176;20;60 CT;973630;CT;CAJAS
973631;Brownie Choco Almendra 1p 50g FLOW NUR;7803525001964;50;72;63 CT;973631;CT;CAJAS
973632;Alfajor Clasico 1p 45g BOLSA LDS;7803400001775;45;12;48 CC;973632;CC;CORRUGADO
973633;Galleta Chocochip 1p 150g FLOW NUR EXP;7803525001971;150;20;120 CME;973633;CME;CORRUGADO
973634;Brownie Mini 1p 35g BOLSA NUR EXP;7803525001988;35;72;135 CT;973634;CT;CAJAS
973644;Queque Fam Marmol 1p 200g FLOW NUR;7803525002084;200;16;63 CG;973644;CG;CORRUGADO
973645;Queque Fam Brownie 1p 200g FLOW NUR;7803525002077;200;16;63 CG;973645;CG;CORRUGADO
973646;Queque Brownie SinAz 1p 200g FLOW NUR;7803525002053;200;18;63 CG;973646;CG;CORRUGADO
973647;Pan de Pascua Premium 1p 700g CJ NUR;7803525002046;700;12;25 CG;973647;CG;CORRUGADO
973648;Pan de Pascua 1p 500g BOLSA NUR;7803525002039;500;18;25 CG;973648;CG;CORRUGADO
973650;Gansito Purple Idol 30p 50g CJA MLA;7803473006233_1;50;30;250 CT;973650;CT;CAJAS
973651;Gansito Purple Idol 5p 250g DPY MLA;7803473006240;250;31;35 CT;973651;CT;CAJAS
973652;Gansito Purple Idol 1p 50g BOLSA MLA;7803473006233;50;144;48 BG;973652;BG;BANDEJAS
973656;Nachos Tomate Alba 1p 160g BOLSA SAN EXP;7750727013212;160;18;840 CT;973656;CT;CAJAS
973681;Queque Carrot Cake 1p 320g BOLSA NUR;7803525002107;320;20;63 CT;973681;CT;CAJAS
973682;Queque Banana 1p 320g BOLSA NUR;7803525002114;320;20;63 CT;973682;CT;CAJAS
973724;Rustica Clasica 1p 271g BOLSA RUK;7803403005800;271;24;30 CU;973724;CU;CAJAS
973725;Grand Rustica 1p 340g BOLSA RUK;7803403005817;340;20;30 CU;973725;CU;CAJAS
973726;Pan Italiano 1p 372g BOLSA RUK;7803403005886;372;18;30 CU;973726;CU;CAJAS
973727;Napolitana Verdura 1p 70g BOLSA PAG;7803403006005;70;80;100 CU;973727;CU;CAJAS
973728;Napolitana De JyQ 1p 70g BOLSA PAG;7803403005992;70;80;100 CU;973728;CU;CAJAS
973729;Porteno Chico 1p 28g BOLSA PAG;7803403005824;28;214;60 CU;973729;CU;CAJAS
973730;Pan Frances Grande C 1p 260g BOLSA PAG;7803403005879;260;31;30 CU;973730;CU;CAJAS
973731;Batard Multicereal 1p 440g BOLSA RUK;7803403005893;440;20;30 CU;973731;CU;CAJAS
973732;Pan Granbatta 1p 300g BOLSA RUK;7803403005909;300;31;30 CU;973732;CU;CAJAS
973733;PanBatard Integral 1p 440g BOLSA RUK;7803403005916;440;20;30 CU;973733;CU;CAJAS
973734;MediaLuna Portena 1p 40g BOLSA PAG;7803403005923;40;120;110 CU;973734;CU;CAJAS
973735;Minicroissant 1p 35g BOLSA PAG;7803403005930;35;108;110 CU;973735;CU;CAJAS
973736;Palmita 1p 23g BOLSA PAG;7803403005947;23;218;136 CU;973736;CU;CAJAS
973737;Marga Membrillo 1p 42g BOLSA PAG;7803403005961;42;130;100 CU;973737;CU;CAJAS
973738;Crois Clasico ddl 1p 45g BOLSA PAG;7803403005985;45;120;110 CU;973738;CU;CAJAS
973739;Mini Panbatta 1p 44g BOLSA RUK;7803403005855;44;80;60 CU;973739;CU;CAJAS
973740;Pan Batard 1p 440g BOLSA RUK;7803403005862;440;20;30 CU;973740;CU;CAJAS
973741;Ciabatta 1p 130g BOLSA RUK;7803403005831;130;40;36 CU;973741;CU;CAJAS
973742;Frances Chico 1p 133g BOLSA PAG;7803403005848;133;61;30 CU;973742;CU;CAJAS
973743;Margarita Crema 1p 42g BOLSA PAG;7803403005954;42;130;110 CU;973743;CU;CAJAS
973744;Rollito Chocolate 1p 82g BOLSA PAG;7803403005978;82;60;110 CU;973744;CU;CAJAS
973745;Pan de Pascua Paris 1p 700g CJ NUR;7803403006012;700;14;25 CG;973745;CG;CORRUGADO
973746;Pan de Pascua Falabella FC 1p 700g CJ ID;7803403005794;700;14;25 CG;973746;CG;CORRUGADO
973747;Pan de Pascua Falabella FS 1p 700g CJ ID;7803403005787;700;14;25 CG;973747;CG;CORRUGADO
973748;Pan Frica 1p 640g BOLSA CEN;7803473006264;640;4;54 CT;973748;CT;CAJAS
973749;Pan Completo 1p 880g BOLSA CEN;7803473006257;880;6;54 CT;973749;CT;CAJAS
973752;Tortuga Sesamo 1p 300g FLOW BIM;7730117008745;300;12;30 BG;973752;BG;BANDEJAS
973815;Magdalenas Chocolate 1p 30g BOLSA ID;7803403006036;30;24;250 CT;973815;CT;CAJAS
973816;Magdalenas Vainilla 1p 30g BOLSA ID;7803403006029;30;24;250 CT;973816;CT;CAJAS
973817;Magdalenas Chocolate 1p 180g BOLSA ID;7803403006050;180;20;48 CT;973817;CT;CAJAS
973862;Magdalenas Vainilla 1p 180g BOLSA ID;7803403006043;180;20;48 CT;973862;CT;CAJAS
973901;Strudel De Manzana 1p 56g BOLSA PAG;7803403006067;56;100;100 CT;973901;CT;CAJAS
973902;Mallas Membrillo 1p 48g BOLSA PAG;7803403006074;48;120;110 CT;973902;CT;CAJAS
973921;Transac Salmas Clasicas 6p 108g CJ SAN;973921;108;28;48 CT;973921;CT;CAJAS
DO-NOT-USE;29461-;DO-NOT-USE;0;0;;DO-NOT-USE;;
PPCLIDHAX0000000002;48069-;PPCLIDHAX0000000002;0;0;;PPCLIDHAX0000000002;;
PPCLIDHAX0000000003;10177-;PPCLIDHAX0000000003;0;;;PPCLIDHAX0000000003;;
PPCLIDHKL0000000024;21860-;PPCLIDHKL0000000024;0;0;;PPCLIDHKL0000000024;;
SKU1;TEST;SKU1;0;1;;SKU1;;
XX0546;Pan Blanco 1p 650g BIM;7705326011206;0;8;28 BG;XX0546;;
XX501005;Hit Marinela Cj 144p 3600g MLA;7730476008790;3600;1;90 CME;XX501005;CME;CORRUGADO
XX501873;Salmas Horneadas 12p 216g EXP CHI SANXSalmas Horneadas 12p 216g EXP CHI SAN;1111;216;0;80;XX501873;;
