NUM_TRANSF	FECHA_TRANSFERENCIA	ORIGEN	USUARIO_ENVIA	DESTINO	ESTADO	USUARIO_RECIBE	FECHA_RECIBE	ENVASE	CANT_ENVIADA	CANT_RECIBIDA	DIFERENCIA	REQUERIDOS
47862	08/08/2026 03:29:00	CEDIS IDE QUILICURA	10161182	PLANTA IDEAL	Receptado	10033115	08/08/2026 04:27:25	BG	1398	1398	0	1/1/1
47862	08/08/2026 03:29:00	CEDIS IDE QUILICURA	10161182	PLANTA IDEAL	Receptado	10033115	08/08/2026 04:27:25	P5T	24	24	0	1/1/1
47869	08/08/2026 04:44:23	VIÑA DEL MAR	10450104	PLANTA IDEAL	Receptado	10001082	08/08/2026 11:50:20	BCH	400	400	0	STJR25/PXJD33/10534793
47869	08/08/2026 04:44:23	VIÑA DEL MAR	10450104	PLANTA IDEAL	Receptado	10001082	08/08/2026 11:50:20	BG	1080	1080	0	STJR25/PXJD33/10534793
47869	08/08/2026 04:44:23	VIÑA DEL MAR	10450104	PLANTA IDEAL	Receptado	10001082	08/08/2026 11:50:20	P5T	35	35	0	STJR25/PXJD33/10534793
47872	08/08/2026 04:59:22	CEDIS IDE QUILICURA	10161182	PLANTA IDEAL	Receptado	10001082	08/08/2026 09:31:29	BG	1458	1458	0	1/1/1
47872	08/08/2026 04:59:22	CEDIS IDE QUILICURA	10161182	PLANTA IDEAL	Receptado	10001082	08/08/2026 09:31:29	P5T	22	22	0	1/1/1
47962	09/08/2026 00:09:53	PLANTA IDEAL	10033115	CEDIS IDE QUILICURA	Receptado	10161182	09/08/2026 01:13:54	BG	951	951	0	49/49/CHKL476521
47962	09/08/2026 00:09:53	PLANTA IDEAL	10033115	CEDIS IDE QUILICURA	Receptado	10161182	09/08/2026 01:13:54	P5T	21	21	0	49/49/CHKL476521
47963	09/08/2026 00:22:10	PLANTA IDEAL	10033115	CEDIS IDE QUILICURA	Receptado	10161182	09/08/2026 01:22:25	BG	672	672	0	49/49/CHKL476631
47963	09/08/2026 00:22:10	PLANTA IDEAL	10033115	CEDIS IDE QUILICURA	Receptado	10161182	09/08/2026 01:22:25	P5T	21	21	0	49/49/CHKL476631
47964	09/08/2026 01:09:21	PLANTA IDEAL	10033115	CEDIS IDE QUILICURA	Receptado	10161182	09/08/2026 02:06:11	BG	436	436	0	49/49/CHKL476522
47964	09/08/2026 01:09:21	PLANTA IDEAL	10033115	CEDIS IDE QUILICURA	Receptado	10161182	09/08/2026 02:06:11	P5T	16	16	0	49/49/CHKL476522
47993	09/08/2026 23:27:06	ARICA	10154469	PLANTA IDEAL	Receptado	10001082	11/08/2026 23:46:43	BG	543	764	-221	LCTB56/PTYJ57/10534828
47993	09/08/2026 23:27:06	ARICA	10154469	PLANTA IDEAL	Receptado	10001082	11/08/2026 23:46:43	P5T	7	9	-2	LCTB56/PTYJ57/10534828
47994	09/08/2026 23:32:23	ARICA	10154469	ECCOFEED SPA	Receptado	10487508	14/08/2026 08:23:37	BG	88	88	0	LCTB56/PTYJ57/10534829
47994	09/08/2026 23:32:23	ARICA	10154469	ECCOFEED SPA	Receptado	10487508	14/08/2026 08:23:37	P5T	2	2	0	LCTB56/PTYJ57/10534829
48235	12/08/2026 01:15:37	PLANTA IDEAL	10001082	CEDIS IDE QUILICURA	Receptado	10001100	12/08/2026 03:02:32	BG	1296	1296	0	1/1/CHKL476832
48235	12/08/2026 01:15:37	PLANTA IDEAL	10001082	CEDIS IDE QUILICURA	Receptado	10001100	12/08/2026 03:02:32	P5T	14	14	0	1/1/CHKL476832
48236	12/08/2026 01:34:02	CEDIS IDE QUILICURA	10001100	SAN FERNANDO	Receptado	10004891	13/08/2026 06:45:52	BCH	82	82	0	1/1/HKOOB37599128
48236	12/08/2026 01:34:02	CEDIS IDE QUILICURA	10001100	SAN FERNANDO	Receptado	10004891	13/08/2026 06:45:52	BG	597	597	0	1/1/HKOOB37599128
48236	12/08/2026 01:34:02	CEDIS IDE QUILICURA	10001100	SAN FERNANDO	Receptado	10004891	13/08/2026 06:45:52	P5T	12	12	0	1/1/HKOOB37599128
48237	12/08/2026 01:51:27	CEDIS IDE QUILICURA	10001100	QUILICURA	Receptado	10397048	12/08/2026 13:20:45	BCH	3	3	0	1/1/1
48237	12/08/2026 01:51:27	CEDIS IDE QUILICURA	10001100	QUILICURA	Receptado	10397048	12/08/2026 13:20:45	BG	1727	1727	0	1/1/1
48237	12/08/2026 01:51:27	CEDIS IDE QUILICURA	10001100	QUILICURA	Receptado	10397048	12/08/2026 13:20:45	P5T	36	36	0	1/1/1
48238	12/08/2026 01:59:09	CEDIS IDE QUILICURA	10001100	SALON LO ESPEJO	Receptado	10000848	19/08/2026 14:40:25	P5T	1	1	0	1/1/1
48239	12/08/2026 02:00:16	PLANTA IDEAL	10001082	CEDIS IDE QUILICURA	Receptado	10001100	12/08/2026 03:02:03	BG	1044	1044	0	1/1/CHKL476856
48239	12/08/2026 02:00:16	PLANTA IDEAL	10001082	CEDIS IDE QUILICURA	Receptado	10001100	12/08/2026 03:02:03	P5T	14	14	0	1/1/CHKL476856
48240	12/08/2026 02:13:20	CEDIS IDE QUILICURA	10001100	VIÑA DEL MAR	Receptado	10450104	12/08/2026 06:06:40	BCH	300	300	0	1/1/HKOOB37601675
48240	12/08/2026 02:13:20	CEDIS IDE QUILICURA	10001100	VIÑA DEL MAR	Receptado	10450104	12/08/2026 06:06:40	BG	803	803	0	1/1/HKOOB37601675
48240	12/08/2026 02:13:20	CEDIS IDE QUILICURA	10001100	VIÑA DEL MAR	Receptado	10450104	12/08/2026 06:06:40	P5T	22	22	0	1/1/HKOOB37601675
48241	12/08/2026 02:29:35	CEDIS IDE QUILICURA	10001100	LO ESPEJO	Receptado	10461749	12/08/2026 03:29:26	BG	284	284	0	1/1/HKOOB37592397
48241	12/08/2026 02:29:35	CEDIS IDE QUILICURA	10001100	LO ESPEJO	Receptado	10461749	12/08/2026 03:29:26	P5T	6	6	0	1/1/HKOOB37592397
48242	12/08/2026 02:33:54	PLANTA IDEAL	10001082	CEDIS IDE QUILICURA	Receptado	10001100	12/08/2026 06:50:47	BG	1065	1065	0	1/1/CHKL476833
48242	12/08/2026 02:33:54	PLANTA IDEAL	10001082	CEDIS IDE QUILICURA	Receptado	10001100	12/08/2026 06:50:47	P5T	16	16	0	1/1/CHKL476833
48243	12/08/2026 03:09:11	PLANTA IDEAL	10001082	CEDIS IDE QUILICURA	Receptado	10001100	12/08/2026 06:53:02	BG	1260	1260	0	1/1/CHKL476924
48243	12/08/2026 03:09:11	PLANTA IDEAL	10001082	CEDIS IDE QUILICURA	Receptado	10001100	12/08/2026 06:53:02	P5T	18	18	0	1/1/CHKL476924
48246	12/08/2026 04:15:48	PLANTA IDEAL	10001082	CEDIS IDE QUILICURA	Receptado	10001100	12/08/2026 06:58:02	BG	1126	1126	0	1/1/CHKL476879
48246	12/08/2026 04:15:48	PLANTA IDEAL	10001082	CEDIS IDE QUILICURA	Receptado	10001100	12/08/2026 06:58:02	P5T	17	17	0	1/1/CHKL476879
48247	12/08/2026 04:26:21	CEDIS IDE QUILICURA	10001100	PUERTO MONTT	Receptado	10001696	13/08/2026 11:08:21	BG	60	60	0	1/1/HKOOB37599108
48248	12/08/2026 04:27:38	CEDIS IDE QUILICURA	10001100	PUERTO MONTT	Receptado	10001696	13/08/2026 11:06:41	BG	473	473	0	1/1/1
48248	12/08/2026 04:27:38	CEDIS IDE QUILICURA	10001100	PUERTO MONTT	Receptado	10001696	13/08/2026 11:06:41	P5T	9	9	0	1/1/1
48251	12/08/2026 04:55:20	PLANTA IDEAL	10001082	CEDIS IDE QUILICURA	Receptado	10001100	12/08/2026 06:58:21	BG	1312	1312	0	1/1/CHKL476834
48251	12/08/2026 04:55:20	PLANTA IDEAL	10001082	CEDIS IDE QUILICURA	Receptado	10001100	12/08/2026 06:58:21	P5T	19	19	0	1/1/CHKL476834
48252	12/08/2026 05:18:56	CEDIS IDE QUILICURA	10001100	MELIPILLA	Receptado	10291937	12/08/2026 09:33:57	BG	1230	1230	0	1/1/HKOOOB37599467
48252	12/08/2026 05:18:56	CEDIS IDE QUILICURA	10001100	MELIPILLA	Receptado	10291937	12/08/2026 09:33:57	P5T	19	19	0	1/1/HKOOOB37599467
48258	12/08/2026 06:34:58	CEDIS IDE QUILICURA	10001100	OSORNO	Receptado	10001704	14/08/2026 07:00:10	BCH	59	59	0	1/1/HKOOB37599127
48258	12/08/2026 06:34:58	CEDIS IDE QUILICURA	10001100	OSORNO	Receptado	10001704	14/08/2026 07:00:10	BG	1050	0	1050	1/1/HKOOB37599127
48258	12/08/2026 06:34:58	CEDIS IDE QUILICURA	10001100	OSORNO	Receptado	10001704	14/08/2026 07:00:10	P5T	19	19	0	1/1/HKOOB37599127
48261	12/08/2026 07:11:32	TALCA	10000096	ECCOFEED SPA	Receptado	10487508	19/08/2026 10:24:23	BG	224	224	0	PSLZ 36/HKKF 81/0
48261	12/08/2026 07:11:32	TALCA	10000096	ECCOFEED SPA	Receptado	10487508	19/08/2026 10:24:23	P5T	4	4	0	PSLZ 36/HKKF 81/0
48263	12/08/2026 07:29:46	CHILLAN	10301699	PLANTA CHILLAN	Receptado	10000416	14/08/2026 10:42:24	BG	1128	1128	0	PFBS11/KDHG62/10534958
48263	12/08/2026 07:29:46	CHILLAN	10301699	PLANTA CHILLAN	Receptado	10000416	14/08/2026 10:42:24	P5T	12	12	0	PFBS11/KDHG62/10534958
48270	12/08/2026 07:57:31	LA SERENA	10444394	PLANTA IDEAL	Receptado	10033115	12/08/2026 17:15:50	BCH	300	300	0	HVJX52/JP3260/10534974
48270	12/08/2026 07:57:31	LA SERENA	10444394	PLANTA IDEAL	Receptado	10033115	12/08/2026 17:15:50	BG	1808	1808	0	HVJX52/JP3260/10534974
48270	12/08/2026 07:57:31	LA SERENA	10444394	PLANTA IDEAL	Receptado	10033115	12/08/2026 17:15:50	P5T	24	24	0	HVJX52/JP3260/10534974
48277	12/08/2026 08:23:45	PLANTA IDEAL	10000427	CEDIS IDE QUILICURA	Receptado	10033023	12/08/2026 08:38:29	BG	1164	1164	0	49/KYLZ24/CHKL476908
48277	12/08/2026 08:23:45	PLANTA IDEAL	10000427	CEDIS IDE QUILICURA	Receptado	10033023	12/08/2026 08:38:29	P5T	13	13	0	49/KYLZ24/CHKL476908
48279	12/08/2026 08:29:20	PLANTA IDEAL	10000427	CEDIS IDE QUILICURA	Receptado	10033023	12/08/2026 08:37:55	BG	1110	1110	0	49/KYLZ24/CHKL476909
48279	12/08/2026 08:29:20	PLANTA IDEAL	10000427	CEDIS IDE QUILICURA	Receptado	10033023	12/08/2026 08:37:55	P5T	11	11	0	49/KYLZ24/CHKL476909
48280	12/08/2026 08:33:47	CONCEPCION	10001026	CEDIS IDE QUILICURA	Receptado	10000980	13/08/2026 12:17:09	BCH	60	60	0	VJWL-64/PXKH-32/10534978
48280	12/08/2026 08:33:47	CONCEPCION	10001026	CEDIS IDE QUILICURA	Receptado	10000980	13/08/2026 12:17:09	BG	2052	2052	0	VJWL-64/PXKH-32/10534978
48280	12/08/2026 08:33:47	CONCEPCION	10001026	CEDIS IDE QUILICURA	Receptado	10000980	13/08/2026 12:17:09	P5T	34	34	0	VJWL-64/PXKH-32/10534978
48282	12/08/2026 08:58:01	CEDIS IDE QUILICURA	10033023	LA SERENA	Receptado	10444394	13/08/2026 06:07:18	BG	828	828	0	FDKC88/PXDV39/HKOOB37599116
48282	12/08/2026 08:58:01	CEDIS IDE QUILICURA	10033023	LA SERENA	Receptado	10444394	13/08/2026 06:07:18	P5T	15	15	0	FDKC88/PXDV39/HKOOB37599116
48283	12/08/2026 09:02:07	CEDIS IDE QUILICURA	10033023	COPIAPO	Receptado	10405300	13/08/2026 08:52:28	BG	504	504	0	FDKC88/PXDV39/HKOOB37599116
48283	12/08/2026 09:02:07	CEDIS IDE QUILICURA	10033023	COPIAPO	Receptado	10405300	13/08/2026 08:52:28	P5T	5	5	0	FDKC88/PXDV39/HKOOB37599116
48287	12/08/2026 09:18:01	RANCAGUA	10000032	PLANTA IDEAL	Receptado	10000427	12/08/2026 12:19:49	BCH	32	32	0	DRPH-69/JJ-4819/10534981
48287	12/08/2026 09:18:01	RANCAGUA	10000032	PLANTA IDEAL	Receptado	10000427	12/08/2026 12:19:49	BG	1670	1670	0	DRPH-69/JJ-4819/10534981
48287	12/08/2026 09:18:01	RANCAGUA	10000032	PLANTA IDEAL	Receptado	10000427	12/08/2026 12:19:49	P5T	20	20	0	DRPH-69/JJ-4819/10534981
48325	12/08/2026 17:46:26	GRANDES CLIENTES	10000772	PLANTA IDEAL	Receptado	10033115	12/08/2026 19:24:53	BG	1200	1200	0	JG4930/JG4930/10535058
48325	12/08/2026 17:46:26	GRANDES CLIENTES	10000772	PLANTA IDEAL	Receptado	10033115	12/08/2026 19:24:53	P5T	10	10	0	JG4930/JG4930/10535058
48330	12/08/2026 19:21:49	CEDIS IDE QUILICURA	10000798	PLANTA IDEAL	Receptado	10033115	12/08/2026 21:04:56	BG	1656	1656	0	IDEAL/IDEAL/IDEAL
48330	12/08/2026 19:21:49	CEDIS IDE QUILICURA	10000798	PLANTA IDEAL	Receptado	10033115	12/08/2026 21:04:56	P5T	24	24	0	IDEAL/IDEAL/IDEAL
48335	12/08/2026 20:26:05	PLANTA IDEAL	10033115	CEDIS IDE QUILICURA	Receptado	10000798	12/08/2026 20:36:20	BG	964	964	0	49/49/CHKL476965
47921	08/08/2026 13:45:28	PLANTA IDEAL	10000427	CEDIS IDE QUILICURA	Receptado	10033023	08/08/2026 18:48:24	BG	1164	1164	0	JKKJ 26/KYLZ 24/CHKL476520
47921	08/08/2026 13:45:28	PLANTA IDEAL	10000427	CEDIS IDE QUILICURA	Receptado	10033023	08/08/2026 18:48:24	P5T	19	19	0	JKKJ 26/KYLZ 24/CHKL476520
47926	08/08/2026 14:14:03	PLANTA IDEAL	10000427	CEDIS IDE QUILICURA	Receptado	10033023	08/08/2026 18:48:10	BG	1068	1068	0	JKKJ 26/KYLZ 24/CHKL476625
47926	08/08/2026 14:14:03	PLANTA IDEAL	10000427	CEDIS IDE QUILICURA	Receptado	10033023	08/08/2026 18:48:10	P5T	18	18	0	JKKJ 26/KYLZ 24/CHKL476625
47928	08/08/2026 14:39:51	CEDIS IDE QUILICURA	10033023	LOS ANDES	Receptado	10154347	08/08/2026 16:36:43	BCH	66	66	0	JKHC71/JL6745/HKOOB37584523
47928	08/08/2026 14:39:51	CEDIS IDE QUILICURA	10033023	LOS ANDES	Receptado	10154347	08/08/2026 16:36:43	BG	313	314	-1	JKHC71/JL6745/HKOOB37584523
47928	08/08/2026 14:39:51	CEDIS IDE QUILICURA	10033023	LOS ANDES	Receptado	10154347	08/08/2026 16:36:43	P5T	8	8	0	JKHC71/JL6745/HKOOB37584523
47929	08/08/2026 15:00:03	PLANTA IDEAL	10000427	CEDIS IDE QUILICURA	Receptado	10033023	08/08/2026 18:47:46	P5T	20	20	0	TVTD 89/TVTD 89/CHKL476626
47931	08/08/2026 15:19:32	LOS ANDES	10486010	PLANTA IDEAL	Receptado	10000427	08/08/2026 18:15:03	BCH	133	133	0	JKHC-71/JKHC-71/10534817
48167	11/08/2026 13:15:19	VIÑA DEL MAR	10001291	PLANTA IDEAL	Receptado	10033115	11/08/2026 21:43:01	BG	1200	1200	0	ST JR-25/IDEAL/10534911
48167	11/08/2026 13:15:19	VIÑA DEL MAR	10001291	PLANTA IDEAL	Receptado	10033115	11/08/2026 21:43:01	P5T	11	11	0	ST JR-25/IDEAL/10534911
48168	11/08/2026 13:48:32	CEDIS IDE QUILICURA	10033023	GRANDES CLIENTES	Receptado	10000772	11/08/2026 15:07:06	BG	1200	1200	0	,,/,/CHKO382871
48168	11/08/2026 13:48:32	CEDIS IDE QUILICURA	10033023	GRANDES CLIENTES	Receptado	10000772	11/08/2026 15:07:06	P5T	24	24	0	,,/,/CHKO382871
48336	12/08/2026 20:29:21	PLANTA IDEAL	10033115	CEDIS IDE QUILICURA	Receptado	10000798	12/08/2026 20:36:32	BG	1160	1160	0	49/49/CHKL476837
48336	12/08/2026 20:29:21	PLANTA IDEAL	10033115	CEDIS IDE QUILICURA	Receptado	10000798	12/08/2026 20:36:32	P5T	15	15	0	49/49/CHKL476837
48337	12/08/2026 20:31:33	PLANTA IDEAL	10033115	CEDIS IDE QUILICURA	Receptado	10000798	12/08/2026 20:37:02	BG	180	180	0	49/49/CHKL476984
48337	12/08/2026 20:31:33	PLANTA IDEAL	10033115	CEDIS IDE QUILICURA	Receptado	10000798	12/08/2026 20:37:02	P5T	12	12	0	49/49/CHKL476984
48337	12/08/2026 20:31:33	PLANTA IDEAL	10033115	CEDIS IDE QUILICURA	Receptado	10000798	12/08/2026 20:37:02	BCH	1900	1900	0	49/49/CHKL476984
48339	12/08/2026 20:33:12	PLANTA IDEAL	10033115	CEDIS IDE QUILICURA	Receptado	10000798	12/08/2026 20:37:20	BG	1260	1260	0	49/49/CHKL476966
48339	12/08/2026 20:33:12	PLANTA IDEAL	10033115	CEDIS IDE QUILICURA	Receptado	10000798	12/08/2026 20:37:20	P5T	12	12	0	49/49/CHKL476966
48339	12/08/2026 20:33:12	PLANTA IDEAL	10033115	CEDIS IDE QUILICURA	Receptado	10000798	12/08/2026 20:37:20	BCH	100	100	0	49/49/CHKL476966
48340	12/08/2026 20:35:31	PLANTA IDEAL	10033115	CEDIS IDE QUILICURA	Receptado	10000798	12/08/2026 20:37:41	BG	1320	1320	0	49/49/CHKL476927
48340	12/08/2026 20:35:31	PLANTA IDEAL	10033115	CEDIS IDE QUILICURA	Receptado	10000798	12/08/2026 20:37:41	P5T	22	22	0	49/49/CHKL476927
48347	12/08/2026 20:46:45	LO ESPEJO	10458156	PLANTA IDEAL	Receptado	10001082	13/08/2026 03:12:04	BG	1792	1800	-8	IDEAL/IDEAL/IDEAL
48347	12/08/2026 20:46:45	LO ESPEJO	10458156	PLANTA IDEAL	Receptado	10001082	13/08/2026 03:12:04	P5T	20	19	1	IDEAL/IDEAL/IDEAL
48348	12/08/2026 20:49:34	PLANTA CHILLAN	10000416	CEDIS IDE QUILICURA	Receptado	10001100	14/08/2026 06:06:43	BG	1320	1320	0	spvr15/pxbk21/cgax00043201
48035	10/08/2026 17:44:56	CONCEPCION	10001288	PLANTA IDEAL	Receptado	10001082	11/08/2026 01:56:51	BG	1716	1608	108	PFBS12/PWZP17/10534859
48035	10/08/2026 17:44:56	CONCEPCION	10001288	PLANTA IDEAL	Receptado	10001082	11/08/2026 01:56:51	BCH	220	200	20	PFBS12/PWZP17/10534859
48035	10/08/2026 17:44:56	CONCEPCION	10001288	PLANTA IDEAL	Receptado	10001082	11/08/2026 01:56:51	P5T	19	14	5	PFBS12/PWZP17/10534859
48037	10/08/2026 18:04:36	SALON PEDRO DE VALDIVIA	10000349	QUILICURA	Receptado	101196341	12/08/2026 15:35:55	BG	21	21	0	0/0/0
48052	10/08/2026 20:33:33	PLANTA IDEAL	10033115	CEDIS IDE QUILICURA	Receptado	10000798	10/08/2026 20:59:12	BG	464	464	0	49/49/CHKL476825
48052	10/08/2026 20:33:33	PLANTA IDEAL	10033115	CEDIS IDE QUILICURA	Receptado	10000798	10/08/2026 20:59:12	P5T	20	20	0	49/49/CHKL476825
48058	10/08/2026 20:48:50	PLANTA IDEAL	10033115	CEDIS IDE QUILICURA	Receptado	10001100	11/08/2026 00:13:21	BG	1004	1004	0	49/49/CHKL476826
48058	10/08/2026 20:48:50	PLANTA IDEAL	10033115	CEDIS IDE QUILICURA	Receptado	10001100	11/08/2026 00:13:21	P5T	18	18	0	49/49/CHKL476826
48060	10/08/2026 20:52:01	PLANTA IDEAL	10033115	CEDIS IDE QUILICURA	Receptado	10001100	11/08/2026 00:13:55	BCH	60	60	0	49/49/CHKL476866
48060	10/08/2026 20:52:01	PLANTA IDEAL	10033115	CEDIS IDE QUILICURA	Receptado	10001100	11/08/2026 00:13:55	BG	1184	1184	0	49/49/CHKL476866
48060	10/08/2026 20:52:01	PLANTA IDEAL	10033115	CEDIS IDE QUILICURA	Receptado	10001100	11/08/2026 00:13:55	P5T	21	21	0	49/49/CHKL476866
48062	10/08/2026 21:11:10	PLANTA IDEAL	10033115	CEDIS IDE QUILICURA	Receptado	10001100	10/08/2026 23:29:50	BCH	332	332	0	49/49/CHKL476786
48062	10/08/2026 21:11:10	PLANTA IDEAL	10033115	CEDIS IDE QUILICURA	Receptado	10001100	10/08/2026 23:29:50	BG	912	912	0	49/49/CHKL476786
48062	10/08/2026 21:11:10	PLANTA IDEAL	10033115	CEDIS IDE QUILICURA	Receptado	10001100	10/08/2026 23:29:50	P5T	21	21	0	49/49/CHKL476786
48070	10/08/2026 22:16:43	LO ESPEJO	10458156	ECCOFEED SPA	Receptado	10487508	13/08/2026 16:32:51	BG	385	385	0	IDEAL/IDEAL/10172468-69-70
48070	10/08/2026 22:16:43	LO ESPEJO	10458156	ECCOFEED SPA	Receptado	10487508	13/08/2026 16:32:51	P5T	8	8	0	IDEAL/IDEAL/10172468-69-70
48071	10/08/2026 22:17:52	LO ESPEJO	10458156	PLANTA IDEAL	Receptado	10033115	11/08/2026 18:59:06	BG	1718	1718	0	IDEAL/IDEAL/IDEAL
48071	10/08/2026 22:17:52	LO ESPEJO	10458156	PLANTA IDEAL	Receptado	10033115	11/08/2026 18:59:06	P5T	15	15	0	IDEAL/IDEAL/IDEAL
48249	12/08/2026 04:28:59	CEDIS IDE QUILICURA	10001100	PUERTO MONTT	Receptado	10001696	13/08/2026 11:07:21	BG	197	197	0	1/1/HKOOB37599108
48249	12/08/2026 04:28:59	CEDIS IDE QUILICURA	10001100	PUERTO MONTT	Receptado	10001696	13/08/2026 11:07:21	P5T	5	5	0	1/1/HKOOB37599108
48255	12/08/2026 05:59:44	CEDIS IDE QUILICURA	10001100	RANCAGUA	Receptado	10000032	12/08/2026 11:44:37	BCH	5	5	0	1/1/HKOOB37599084
48255	12/08/2026 05:59:44	CEDIS IDE QUILICURA	10001100	RANCAGUA	Receptado	10000032	12/08/2026 11:44:37	BG	931	931	0	1/1/HKOOB37599084
48255	12/08/2026 05:59:44	CEDIS IDE QUILICURA	10001100	RANCAGUA	Receptado	10000032	12/08/2026 11:44:37	P5T	13	20	-7	1/1/HKOOB37599084
48257	12/08/2026 06:11:38	CEDIS IDE QUILICURA	10001100	LOS ANDES	Receptado	10486010	12/08/2026 08:29:55	BCH	37	37	0	1/1/HKOOB37599088
48257	12/08/2026 06:11:38	CEDIS IDE QUILICURA	10001100	LOS ANDES	Receptado	10486010	12/08/2026 08:29:55	BG	1070	1060	10	1/1/HKOOB37599088
48257	12/08/2026 06:11:38	CEDIS IDE QUILICURA	10001100	LOS ANDES	Receptado	10486010	12/08/2026 08:29:55	P5T	18	18	0	1/1/HKOOB37599088
48259	12/08/2026 06:21:42	PLANTA IDEAL	10001082	CEDIS IDE QUILICURA	Receptado	10033023	12/08/2026 08:17:22	BG	952	952	0	1/1/CHKL476857
48259	12/08/2026 06:21:42	PLANTA IDEAL	10001082	CEDIS IDE QUILICURA	Receptado	10033023	12/08/2026 08:17:22	P5T	15	15	0	1/1/CHKL476857
48260	12/08/2026 07:08:24	ANTOFAGASTA	10299402	ECCOFEED SPA	Receptado	10487508	19/08/2026 10:24:10	BG	418	418	0	PGDK17/X/10534967
48260	12/08/2026 07:08:24	ANTOFAGASTA	10299402	ECCOFEED SPA	Receptado	10487508	19/08/2026 10:24:10	P5T	9	9	0	PGDK17/X/10534967
48262	12/08/2026 07:14:49	TALCA	10000096	PLANTA IDEAL	Receptado	10001082	21/08/2026 21:33:42	BG	180	180	0	PSLZ 36/HGKF 81/0
48262	12/08/2026 07:14:49	TALCA	10000096	PLANTA IDEAL	Receptado	10001082	21/08/2026 21:33:42	P5T	2	2	0	PSLZ 36/HGKF 81/0
48266	12/08/2026 07:30:32	CEDIS IDE QUILICURA	10033023	LOS ANGELES	Receptado	172705782	13/08/2026 10:31:41	BCH	103	103	0	LCTB56/PTYJ57/HKOOB37599113
48266	12/08/2026 07:30:32	CEDIS IDE QUILICURA	10033023	LOS ANGELES	Receptado	172705782	13/08/2026 10:31:41	BG	1028	1028	0	LCTB56/PTYJ57/HKOOB37599113
48266	12/08/2026 07:30:32	CEDIS IDE QUILICURA	10033023	LOS ANGELES	Receptado	172705782	13/08/2026 10:31:41	P5T	17	17	0	LCTB56/PTYJ57/HKOOB37599113
48267	12/08/2026 07:42:27	MELIPILLA	10291937	ECCOFEED SPA	Receptado	10487508	13/08/2026 16:36:46	BG	121	121	0	JKZB48/-/12661413-14
48267	12/08/2026 07:42:27	MELIPILLA	10291937	ECCOFEED SPA	Receptado	10487508	13/08/2026 16:36:46	P5T	3	3	0	JKZB48/-/12661413-14
48278	12/08/2026 08:27:33	PLANTA IDEAL	10000427	CEDIS IDE QUILICURA	Receptado	10033023	12/08/2026 08:38:15	BG	996	996	0	49/KYLZ24/CHKL476835
48278	12/08/2026 08:27:33	PLANTA IDEAL	10000427	CEDIS IDE QUILICURA	Receptado	10033023	12/08/2026 08:38:15	P5T	13	13	0	49/KYLZ24/CHKL476835
48281	12/08/2026 08:36:00	CEDIS IDE QUILICURA	10033023	LO ESPEJO	Receptado	10429055	12/08/2026 19:01:25	BG	528	528	0	JG5632/STJR25/HKOOB37602131
48281	12/08/2026 08:36:00	CEDIS IDE QUILICURA	10033023	LO ESPEJO	Receptado	10429055	12/08/2026 19:01:25	P5T	11	11	0	JG5632/STJR25/HKOOB37602131
48335	12/08/2026 20:26:05	PLANTA IDEAL	10033115	CEDIS IDE QUILICURA	Receptado	10000798	12/08/2026 20:36:20	P5T	14	14	0	49/49/CHKL476965
48345	12/08/2026 20:44:44	PLANTA IDEAL	10033115	CEDIS IDE QUILICURA	Receptado	10000798	12/08/2026 21:10:50	BCH	1300	1300	0	49/49/CHKL476969
48345	12/08/2026 20:44:44	PLANTA IDEAL	10033115	CEDIS IDE QUILICURA	Receptado	10000798	12/08/2026 21:10:50	BG	540	540	0	49/49/CHKL476969
48345	12/08/2026 20:44:44	PLANTA IDEAL	10033115	CEDIS IDE QUILICURA	Receptado	10000798	12/08/2026 21:10:50	P5T	16	16	0	49/49/CHKL476969
48376	13/08/2026 01:13:06	CEDIS IDE QUILICURA	10001100	EL PINAR	Receptado	10300015	13/08/2026 10:19:27	BG	978	978	0	1/1/HKOOB37599091
48376	13/08/2026 01:13:06	CEDIS IDE QUILICURA	10001100	EL PINAR	Receptado	10300015	13/08/2026 10:19:27	P5T	18	18	0	1/1/HKOOB37599091
48378	13/08/2026 01:33:40	CEDIS IDE QUILICURA	10001100	RANCAGUA	Receptado	10000032	13/08/2026 12:33:51	BCH	100	110	-10	1/1/HKOOB37604900
48378	13/08/2026 01:33:40	CEDIS IDE QUILICURA	10001100	RANCAGUA	Receptado	10000032	13/08/2026 12:33:51	BG	1022	1008	14	1/1/HKOOB37604900
48378	13/08/2026 01:33:40	CEDIS IDE QUILICURA	10001100	RANCAGUA	Receptado	10000032	13/08/2026 12:33:51	P5T	18	22	-4	1/1/HKOOB37604900
48379	13/08/2026 02:12:29	PLANTA IDEAL	10001082	CEDIS IDE QUILICURA	Receptado	10001100	13/08/2026 03:16:10	BG	1308	1308	0	1/1/CHKL476972
48379	13/08/2026 02:12:29	PLANTA IDEAL	10001082	CEDIS IDE QUILICURA	Receptado	10001100	13/08/2026 03:16:10	P5T	12	12	0	1/1/CHKL476972
48380	13/08/2026 02:30:18	PLANTA IDEAL	10001082	CEDIS IDE QUILICURA	Receptado	10033023	13/08/2026 08:52:17	BCH	900	900	0	1/1/CHKL476973
48380	13/08/2026 02:30:18	PLANTA IDEAL	10001082	CEDIS IDE QUILICURA	Receptado	10033023	13/08/2026 08:52:17	BG	480	480	0	1/1/CHKL476973
48380	13/08/2026 02:30:18	PLANTA IDEAL	10001082	CEDIS IDE QUILICURA	Receptado	10033023	13/08/2026 08:52:17	P5T	11	11	0	1/1/CHKL476973
48447	13/08/2026 12:03:08	CEDIS IDE QUILICURA	10000980	PUERTO MONTT	Receptado	10001696	14/08/2026 11:13:08	BG	843	843	0	PFBS12/PWZP17/HKOOB37608534
48447	13/08/2026 12:03:08	CEDIS IDE QUILICURA	10000980	PUERTO MONTT	Receptado	10001696	14/08/2026 11:13:08	P5T	13	13	0	PFBS12/PWZP17/HKOOB37608534
48447	13/08/2026 12:03:08	CEDIS IDE QUILICURA	10000980	PUERTO MONTT	Receptado	10001696	14/08/2026 11:13:08	BCH	119	119	0	PFBS12/PWZP17/HKOOB37608534
47953	08/08/2026 19:49:17	CEDIS IDE QUILICURA	10033023	PLANTA IDEAL	Receptado	10000427	08/08/2026 20:40:26	BCH	600	600	0	,/,/,
47953	08/08/2026 19:49:17	CEDIS IDE QUILICURA	10033023	PLANTA IDEAL	Receptado	10000427	08/08/2026 20:40:26	BG	840	840	0	,/,/,
47953	08/08/2026 19:49:17	CEDIS IDE QUILICURA	10033023	PLANTA IDEAL	Receptado	10000427	08/08/2026 20:40:26	P5T	10	10	0	,/,/,
48165	11/08/2026 13:06:12	CEDIS IDE QUILICURA	10033023	EL PINAR	Receptado	10149777	11/08/2026 17:59:37	BG	579	579	0	TVTD89/JF4261/HKOOB37593584
48165	11/08/2026 13:06:12	CEDIS IDE QUILICURA	10033023	EL PINAR	Receptado	10149777	11/08/2026 17:59:37	P5T	9	9	0	TVTD89/JF4261/HKOOB37593584
47931	08/08/2026 15:19:32	LOS ANDES	10486010	PLANTA IDEAL	Receptado	10000427	08/08/2026 18:15:03	BG	560	560	0	JKHC-71/JKHC-71/10534817
47931	08/08/2026 15:19:32	LOS ANDES	10486010	PLANTA IDEAL	Receptado	10000427	08/08/2026 18:15:03	P5T	29	29	0	JKHC-71/JKHC-71/10534817
47937	08/08/2026 16:29:27	TALCA	10395252	ECCOFEED SPA	Receptado	10487508	14/08/2026 08:41:25	BG	230	230	0	PFBS17/KYLH53/0
47937	08/08/2026 16:29:27	TALCA	10395252	ECCOFEED SPA	Receptado	10487508	14/08/2026 08:41:25	P5T	4	4	0	PFBS17/KYLH53/0
47938	08/08/2026 16:32:11	TALCA	10395252	PLANTA IDEAL	Receptado	10001082	10/08/2026 01:26:39	BG	660	533	127	PFBS17/KYLH53/0
47938	08/08/2026 16:32:11	TALCA	10395252	PLANTA IDEAL	Receptado	10001082	10/08/2026 01:26:39	P5T	44	47	-3	PFBS17/KYLH53/0
47942	08/08/2026 16:53:19	VIÑA DEL MAR	10000599	PLANTA IDEAL	Receptado	10000427	08/08/2026 19:36:22	BG	1200	1080	120	kyth94/kyth94/10534820
47942	08/08/2026 16:53:19	VIÑA DEL MAR	10000599	PLANTA IDEAL	Receptado	10000427	08/08/2026 19:36:22	BCH	200	200	0	kyth94/kyth94/10534820
47942	08/08/2026 16:53:19	VIÑA DEL MAR	10000599	PLANTA IDEAL	Receptado	10000427	08/08/2026 19:36:22	P5T	11	11	0	kyth94/kyth94/10534820
47995	10/08/2026 04:52:11	PLANTA IDEAL	10001082	CEDIS IDE QUILICURA	Receptado	10033023	10/08/2026 07:31:44	BG	348	348	0	1/1/CHKL476704
47995	10/08/2026 04:52:11	PLANTA IDEAL	10001082	CEDIS IDE QUILICURA	Receptado	10033023	10/08/2026 07:31:44	P5T	14	14	0	1/1/CHKL476704
48085	11/08/2026 01:38:25	CEDIS IDE QUILICURA	10001100	EL PINAR	Receptado	10300015	11/08/2026 10:42:40	BG	589	589	0	1/1/HKOOB37593586
48085	11/08/2026 01:38:25	CEDIS IDE QUILICURA	10001100	EL PINAR	Receptado	10300015	11/08/2026 10:42:40	P5T	13	13	0	1/1/HKOOB37593586
48095	11/08/2026 03:30:01	PLANTA IDEAL	10001082	CEDIS IDE QUILICURA	Receptado	10001100	11/08/2026 05:05:44	BG	1128	1128	0	1/1/CHKL476849
48095	11/08/2026 03:30:01	PLANTA IDEAL	10001082	CEDIS IDE QUILICURA	Receptado	10001100	11/08/2026 05:05:44	P5T	17	17	0	1/1/CHKL476849
48100	11/08/2026 04:35:04	CEDIS IDE QUILICURA	10001100	LOS ANDES	Receptado	10486010	11/08/2026 10:22:02	BCH	20	20	0	1/1/HKOOB37593206
48100	11/08/2026 04:35:04	CEDIS IDE QUILICURA	10001100	LOS ANDES	Receptado	10486010	11/08/2026 10:22:02	BG	1122	1144	-22	1/1/HKOOB37593206
48100	11/08/2026 04:35:04	CEDIS IDE QUILICURA	10001100	LOS ANDES	Receptado	10486010	11/08/2026 10:22:02	P5T	18	18	0	1/1/HKOOB37593206
48102	11/08/2026 04:46:52	PLANTA IDEAL	10001082	CEDIS IDE QUILICURA	Receptado	10001100	11/08/2026 06:47:03	BG	984	984	0	1/1/CHKL476813
48102	11/08/2026 04:46:52	PLANTA IDEAL	10001082	CEDIS IDE QUILICURA	Receptado	10001100	11/08/2026 06:47:03	P5T	20	20	0	1/1/CHKL476813
48102	11/08/2026 04:46:52	PLANTA IDEAL	10001082	CEDIS IDE QUILICURA	Receptado	10001100	11/08/2026 06:47:03	BCH	107	107	0	1/1/CHKL476813
48105	11/08/2026 05:42:55	CEDIS IDE QUILICURA	10001100	GRANDES CLIENTES	Receptado	10000772	11/08/2026 15:07:40	BG	215	215	0	1/1/1
48105	11/08/2026 05:42:55	CEDIS IDE QUILICURA	10001100	GRANDES CLIENTES	Receptado	10000772	11/08/2026 15:07:40	P5T	6	6	0	1/1/1
48107	11/08/2026 06:09:43	CEDIS IDE QUILICURA	10001100	RANCAGUA	Receptado	10000032	11/08/2026 10:39:36	BCH	30	34	-4	1/1/HKOOB37593205
48107	11/08/2026 06:09:43	CEDIS IDE QUILICURA	10001100	RANCAGUA	Receptado	10000032	11/08/2026 10:39:36	BG	1002	998	4	1/1/HKOOB37593205
48107	11/08/2026 06:09:43	CEDIS IDE QUILICURA	10001100	RANCAGUA	Receptado	10000032	11/08/2026 10:39:36	P5T	16	20	-4	1/1/HKOOB37593205
48119	11/08/2026 07:34:22	CHILLAN	10301699	PLANTA CHILLAN	Receptado	10000416	11/08/2026 17:25:30	BG	720	720	0	PFBS16/PXXJ26/10534823
48119	11/08/2026 07:34:22	CHILLAN	10301699	PLANTA CHILLAN	Receptado	10000416	11/08/2026 17:25:30	P5T	6	6	0	PFBS16/PXXJ26/10534823
48124	11/08/2026 08:07:24	VALDIVIA	10421004	PLANTA CHILLAN	Receptado	10000416	11/08/2026 17:27:17	BCH	361	361	0	LXHJ99/KYRC26/0
48124	11/08/2026 08:07:24	VALDIVIA	10421004	PLANTA CHILLAN	Receptado	10000416	11/08/2026 17:27:17	BG	1080	1080	0	LXHJ99/KYRC26/0
48124	11/08/2026 08:07:24	VALDIVIA	10421004	PLANTA CHILLAN	Receptado	10000416	11/08/2026 17:27:17	P5T	13	13	0	LXHJ99/KYRC26/0
48129	11/08/2026 08:19:33	CEDIS IDE QUILICURA	10033023	TALCA	Receptado	10000096	12/08/2026 12:14:07	BCH	64	64	0	FHDT82/HXFD93/HKOOB37593194
48129	11/08/2026 08:19:33	CEDIS IDE QUILICURA	10033023	TALCA	Receptado	10000096	12/08/2026 12:14:07	BG	1127	1127	0	FHDT82/HXFD93/HKOOB37593194
48129	11/08/2026 08:19:33	CEDIS IDE QUILICURA	10033023	TALCA	Receptado	10000096	12/08/2026 12:14:07	P5T	19	19	0	FHDT82/HXFD93/HKOOB37593194
48245	12/08/2026 03:43:42	CEDIS IDE QUILICURA	10001100	VALDIVIA	Receptado	10421004	13/08/2026 08:38:16	BCH	93	93	0	1/1/HKOOB37599124
48245	12/08/2026 03:43:42	CEDIS IDE QUILICURA	10001100	VALDIVIA	Receptado	10421004	13/08/2026 08:38:16	BG	926	926	0	1/1/HKOOB37599124
48245	12/08/2026 03:43:42	CEDIS IDE QUILICURA	10001100	VALDIVIA	Receptado	10421004	13/08/2026 08:38:16	P5T	18	18	0	1/1/HKOOB37599124
48294	12/08/2026 11:05:33	CEDIS IDE QUILICURA	10033023	CONCEPCION	Receptado	10001026	13/08/2026 08:14:23	BCH	100	100	0	PSLY22/HGKY40/HKOOB37599105
48294	12/08/2026 11:05:33	CEDIS IDE QUILICURA	10033023	CONCEPCION	Receptado	10001026	13/08/2026 08:14:23	BG	1400	1400	0	PSLY22/HGKY40/HKOOB37599105
48294	12/08/2026 11:05:33	CEDIS IDE QUILICURA	10033023	CONCEPCION	Receptado	10001026	13/08/2026 08:14:23	P5T	21	21	0	PSLY22/HGKY40/HKOOB37599105
48358	12/08/2026 21:59:54	CEDIS IDE QUILICURA	10000798	SAN FERNANDO	Receptado	10004891	13/08/2026 06:45:18	BCH	34	34	0	CZTY30/JH3200/HKOOB37608023
48358	12/08/2026 21:59:54	CEDIS IDE QUILICURA	10000798	SAN FERNANDO	Receptado	10004891	13/08/2026 06:45:18	BG	1106	1106	0	CZTY30/JH3200/HKOOB37608023
48358	12/08/2026 21:59:54	CEDIS IDE QUILICURA	10000798	SAN FERNANDO	Receptado	10004891	13/08/2026 06:45:18	P5T	17	17	0	CZTY30/JH3200/HKOOB37608023
48362	12/08/2026 22:11:04	PLANTA IDEAL	10033115	CEDIS IDE QUILICURA	Receptado	10000798	12/08/2026 22:36:48	BCH	400	400	0	49/49/CHKL476863
48362	12/08/2026 22:11:04	PLANTA IDEAL	10033115	CEDIS IDE QUILICURA	Receptado	10000798	12/08/2026 22:36:48	BG	1044	1044	0	49/49/CHKL476863
48362	12/08/2026 22:11:04	PLANTA IDEAL	10033115	CEDIS IDE QUILICURA	Receptado	10000798	12/08/2026 22:36:48	P5T	13	13	0	49/49/CHKL476863
48363	12/08/2026 22:22:24	CEDIS IDE QUILICURA	10000798	VIÑA DEL MAR	Receptado	10450104	13/08/2026 01:01:29	BCH	117	117	0	STJR25/KDGT92/HKOOB37602137
48363	12/08/2026 22:22:24	CEDIS IDE QUILICURA	10000798	VIÑA DEL MAR	Receptado	10450104	13/08/2026 01:01:29	BG	940	940	0	STJR25/KDGT92/HKOOB37602137
48363	12/08/2026 22:22:24	CEDIS IDE QUILICURA	10000798	VIÑA DEL MAR	Receptado	10450104	13/08/2026 01:01:29	P5T	15	15	0	STJR25/KDGT92/HKOOB37602137
48364	12/08/2026 22:24:29	QUILICURA	10001353	ECCOFEED SPA	Receptado	10487508	14/08/2026 08:33:13	BG	233	233	0	N/NN/NN
48364	12/08/2026 22:24:29	QUILICURA	10001353	ECCOFEED SPA	Receptado	10487508	14/08/2026 08:33:13	P5T	40	40	0	N/NN/NN
48169	11/08/2026 14:45:51	PLANTA CHILLAN	10000416	CEDIS IDE QUILICURA	Receptado	10033023	12/08/2026 08:35:51	BG	1320	1320	0	LTGY83/PWWC54/CGAX00043141
48169	11/08/2026 14:45:51	PLANTA CHILLAN	10000416	CEDIS IDE QUILICURA	Receptado	10033023	12/08/2026 08:35:51	P5T	22	22	0	LTGY83/PWWC54/CGAX00043141
48617	14/08/2026 19:46:09	GRANDES CLIENTES	10000772	PLANTA IDEAL	Receptado	10033115	14/08/2026 20:40:30	BG	1200	1200	0	KYPH95/KYPH95/10535193
48617	14/08/2026 19:46:09	GRANDES CLIENTES	10000772	PLANTA IDEAL	Receptado	10033115	14/08/2026 20:40:30	P5T	70	70	0	KYPH95/KYPH95/10535193
48681	15/08/2026 08:58:34	PLANTA IDEAL	10000427	CEDIS IDE QUILICURA	Receptado	10033023	15/08/2026 10:15:35	BG	1295	1295	0	JKKJ 26/KYLZ 24/CHKL477072
48681	15/08/2026 08:58:34	PLANTA IDEAL	10000427	CEDIS IDE QUILICURA	Receptado	10033023	15/08/2026 10:15:35	P5T	22	22	0	JKKJ 26/KYLZ 24/CHKL477072
48862	18/08/2026 14:36:28	PLANTA IDEAL	10001082	CEDIS IDE QUILICURA	Receptado	10001100	18/08/2026 17:25:17	BG	1000	1000	0	1/1/CHKL477191
48862	18/08/2026 14:36:28	PLANTA IDEAL	10001082	CEDIS IDE QUILICURA	Receptado	10001100	18/08/2026 17:25:17	P5T	17	17	0	1/1/CHKL477191
48863	18/08/2026 14:41:03	LO ESPEJO	10458156	PLANTA IDEAL	Receptado	10487508	19/08/2026 09:59:08	BG	1176	1176	0	IDEAL/IDEAL/10535312
48863	18/08/2026 14:41:03	LO ESPEJO	10458156	PLANTA IDEAL	Receptado	10487508	19/08/2026 09:59:08	P5T	28	28	0	IDEAL/IDEAL/10535312
49205	21/08/2026 07:56:18	CONCEPCION	10001026	PLANTA IDEAL	Receptado	10000427	21/08/2026 23:21:58	BG	1804	1804	0	PJJV-10/KDGH-62/10535487
49205	21/08/2026 07:56:18	CONCEPCION	10001026	PLANTA IDEAL	Receptado	10000427	21/08/2026 23:21:58	P5T	20	20	0	PJJV-10/KDGH-62/10535487
49206	21/08/2026 07:57:42	TEMUCO	10344423	ECCOFEED SPA	Receptado	10487508	27/08/2026 10:51:13	BG	226	226	0	LCTB56 /PTYJ57 /10535488
49206	21/08/2026 07:57:42	TEMUCO	10344423	ECCOFEED SPA	Receptado	10487508	27/08/2026 10:51:13	P5T	4	4	0	LCTB56 /PTYJ57 /10535488
49211	21/08/2026 08:05:47	VALDIVIA	10421004	ECCOFEED SPA	Receptado	10487508	27/08/2026 10:54:44	BG	108	108	0	PSLY27/PWZP19/10535490
49211	21/08/2026 08:05:47	VALDIVIA	10421004	ECCOFEED SPA	Receptado	10487508	27/08/2026 10:54:44	P5T	2	2	0	PSLY27/PWZP19/10535490
49220	21/08/2026 09:20:28	PUERTO MONTT	10001696	ECCOFEED SPA	Receptado	10487508	27/08/2026 10:57:45	BG	100	100	0	PGKD-18/PWZP-17/13054980-81-82
49220	21/08/2026 09:20:28	PUERTO MONTT	10001696	ECCOFEED SPA	Receptado	10487508	27/08/2026 10:57:45	P5T	2	2	0	PGKD-18/PWZP-17/13054980-81-82
49256	21/08/2026 17:36:15	PLANTA IDEAL	10001082	CEDIS IDE QUILICURA	Receptado	10001100	21/08/2026 18:50:15	BG	1012	1012	0	1/1/CHKL477505
49256	21/08/2026 17:36:15	PLANTA IDEAL	10001082	CEDIS IDE QUILICURA	Receptado	10001100	21/08/2026 18:50:15	P5T	19	19	0	1/1/CHKL477505
49362	22/08/2026 13:38:40	PLANTA IDEAL	10001082	CEDIS IDE QUILICURA	Receptado	10001100	22/08/2026 17:59:32	P5T	7	7	0	1/1/CHKL477459
49364	22/08/2026 14:25:39	PLANTA CHILLAN	10000416	PLANTA IDEAL	Receptado	10033115	24/08/2026 05:35:02	BCH	1210	1210	0	CGHG65/JH5760/10535568
49364	22/08/2026 14:25:39	PLANTA CHILLAN	10000416	PLANTA IDEAL	Receptado	10033115	24/08/2026 05:35:02	BG	414	414	0	CGHG65/JH5760/10535568
49364	22/08/2026 14:25:39	PLANTA CHILLAN	10000416	PLANTA IDEAL	Receptado	10033115	24/08/2026 05:35:02	P5T	20	20	0	CGHG65/JH5760/10535568
49370	22/08/2026 15:02:53	EL PINAR	10149777	ECCOFEED SPA	Receptado	10487508	27/08/2026 10:14:26	BG	4	4	0	ideal/ideal/12578828
49370	22/08/2026 15:02:53	EL PINAR	10149777	ECCOFEED SPA	Receptado	10487508	27/08/2026 10:14:26	P5T	1	1	0	ideal/ideal/12578828
49378	22/08/2026 16:36:30	CEDIS IDE QUILICURA	10001100	MELIPILLA	Receptado	10291937	24/08/2026 08:12:12	BCH	22	22	0	1/1/HKOOB37659380
49378	22/08/2026 16:36:30	CEDIS IDE QUILICURA	10001100	MELIPILLA	Receptado	10291937	24/08/2026 08:12:12	BG	962	905	57	1/1/HKOOB37659380
48009	10/08/2026 10:02:51	CEDIS IDE QUILICURA	10033023	VALDIVIA	Receptado	10421004	11/08/2026 08:28:59	BCH	10	10	0	PFBS17/SAN GABRIEL/HKOOB37592352
48087	11/08/2026 02:05:20	CEDIS IDE QUILICURA	10001100	SALON LO ESPEJO	Receptado	10000848	19/08/2026 14:33:18	BG	15	15	0	1/1/1
48389	13/08/2026 04:54:58	CEDIS IDE QUILICURA	10001100	PUERTO MONTT	Receptado	10001696	14/08/2026 11:11:41	BG	171	171	0	1/1/HKOOB37608533
48389	13/08/2026 04:54:58	CEDIS IDE QUILICURA	10001100	PUERTO MONTT	Receptado	10001696	14/08/2026 11:11:41	P5T	3	3	0	1/1/HKOOB37608533
48639	15/08/2026 00:28:23	VIÑA DEL MAR	10450104	PLANTA IDEAL	Receptado	10000427	15/08/2026 10:17:38	BG	1440	1440	0	TVTD89/PXJD34/10535211
48639	15/08/2026 00:28:23	VIÑA DEL MAR	10450104	PLANTA IDEAL	Receptado	10000427	15/08/2026 10:17:38	P5T	12	12	0	TVTD89/PXJD34/10535211
48672	15/08/2026 07:47:44	CHILLAN	10301699	PLANTA IDEAL	Receptado	10033115	06/09/2026 10:53:51	BG	1066	1066	0	PGKD17/PWSS29/10535195
48672	15/08/2026 07:47:44	CHILLAN	10301699	PLANTA IDEAL	Receptado	10033115	06/09/2026 10:53:51	BCH	44	44	0	PGKD17/PWSS29/10535195
48672	15/08/2026 07:47:44	CHILLAN	10301699	PLANTA IDEAL	Receptado	10033115	06/09/2026 10:53:51	P5T	9	9	0	PGKD17/PWSS29/10535195
48878	18/08/2026 17:54:31	TALCA	10395252	ECCOFEED SPA	Receptado	10487508	27/08/2026 10:27:06	BG	213	213	0	PFBS15/KYRC26/0
48878	18/08/2026 17:54:31	TALCA	10395252	ECCOFEED SPA	Receptado	10487508	27/08/2026 10:27:06	P5T	4	4	0	PFBS15/KYRC26/0
48890	18/08/2026 19:52:40	LO ESPEJO	10458156	PLANTA IDEAL	Receptado	10000427	19/08/2026 00:52:47	BG	1848	1852	-4	IDEAL/IDEAL/10535323
48890	18/08/2026 19:52:40	LO ESPEJO	10458156	PLANTA IDEAL	Receptado	10000427	19/08/2026 00:52:47	P5T	21	21	0	IDEAL/IDEAL/10535323
48896	18/08/2026 20:57:51	LO ESPEJO	10458156	ECCOFEED SPA	Receptado	10487508	25/08/2026 17:03:17	BG	480	480	0	IDEAL/IDEAL/IDEAL
48896	18/08/2026 20:57:51	LO ESPEJO	10458156	ECCOFEED SPA	Receptado	10487508	25/08/2026 17:03:17	P5T	8	8	0	IDEAL/IDEAL/IDEAL
48898	18/08/2026 21:06:55	GRANDES CLIENTES	10000772	ECCOFEED SPA	Receptado	10487508	25/08/2026 17:03:30	BG	440	440	0	1/1/11692064-65
48898	18/08/2026 21:06:55	GRANDES CLIENTES	10000772	ECCOFEED SPA	Receptado	10487508	25/08/2026 17:03:30	P5T	8	8	0	1/1/11692064-65
48902	18/08/2026 21:56:19	PLANTA IDEAL	10001082	CEDIS IDE QUILICURA	Receptado	10033023	18/08/2026 23:13:41	BG	430	430	0	1/1/CHKL477156
48902	18/08/2026 21:56:19	PLANTA IDEAL	10001082	CEDIS IDE QUILICURA	Receptado	10033023	18/08/2026 23:13:41	P5T	6	6	0	1/1/CHKL477156
48910	19/08/2026 00:20:45	PLANTA IDEAL	10000427	CEDIS IDE QUILICURA	Receptado	10033023	19/08/2026 01:31:20	BG	1292	1292	0	DBLS 59/KYLZ 25/CHKL477157
48910	19/08/2026 00:20:45	PLANTA IDEAL	10000427	CEDIS IDE QUILICURA	Receptado	10033023	19/08/2026 01:31:20	P5T	21	21	0	DBLS 59/KYLZ 25/CHKL477157
48911	19/08/2026 00:23:43	GRANDES CLIENTES	10001251	CEDIS IDE QUILICURA	Receptado	10033023	19/08/2026 01:32:24	P5T	24	24	0	0/0/0
48912	19/08/2026 00:25:27	PLANTA IDEAL	10000427	CEDIS IDE QUILICURA	Receptado	10033023	19/08/2026 01:31:34	BG	872	872	0	DBLS 59/KYLZ 25/CHKL477158
48912	19/08/2026 00:25:27	PLANTA IDEAL	10000427	CEDIS IDE QUILICURA	Receptado	10033023	19/08/2026 01:31:34	P5T	15	15	0	DBLS 59/KYLZ 25/CHKL477158
48913	19/08/2026 00:40:53	PLANTA IDEAL	10000427	CEDIS IDE QUILICURA	Receptado	10033023	19/08/2026 01:32:06	BG	914	914	0	DBLS 59/KYLZ 25/CHKL477195
48913	19/08/2026 00:40:53	PLANTA IDEAL	10000427	CEDIS IDE QUILICURA	Receptado	10033023	19/08/2026 01:32:06	P5T	18	18	0	DBLS 59/KYLZ 25/CHKL477195
48914	19/08/2026 01:39:16	PLANTA IDEAL	10000427	CEDIS IDE QUILICURA	Receptado	10032939	19/08/2026 07:09:55	BG	1092	1092	0	DBLS 59/KYLZ 25/CHKL477305
48914	19/08/2026 01:39:16	PLANTA IDEAL	10000427	CEDIS IDE QUILICURA	Receptado	10032939	19/08/2026 07:09:55	P5T	18	18	0	DBLS 59/KYLZ 25/CHKL477305
48915	19/08/2026 01:52:47	CEDIS IDE QUILICURA	10033023	VIÑA DEL MAR	Receptado	10450104	19/08/2026 04:07:32	BG	1054	1054	0	VRZL40/PXJD33/HKOOB37640502
48915	19/08/2026 01:52:47	CEDIS IDE QUILICURA	10033023	VIÑA DEL MAR	Receptado	10450104	19/08/2026 04:07:32	P5T	22	22	0	VRZL40/PXJD33/HKOOB37640502
48922	19/08/2026 03:03:08	PLANTA IDEAL	10000427	CEDIS IDE QUILICURA	Receptado	10032939	19/08/2026 07:10:47	BG	748	748	0	DBLS 59/KYLZ 25/CHKL477288
48922	19/08/2026 03:03:08	PLANTA IDEAL	10000427	CEDIS IDE QUILICURA	Receptado	10032939	19/08/2026 07:10:47	P5T	14	14	0	DBLS 59/KYLZ 25/CHKL477288
48925	19/08/2026 03:28:14	VIÑA DEL MAR	10450104	PLANTA IDEAL	Receptado	10033115	19/08/2026 11:00:54	BG	1560	1560	0	VRZL40/PXJD34/10535337
48925	19/08/2026 03:28:14	VIÑA DEL MAR	10450104	PLANTA IDEAL	Receptado	10033115	19/08/2026 11:00:54	P5T	14	14	0	VRZL40/PXJD34/10535337
48929	19/08/2026 04:17:52	CEDIS IDE QUILICURA	10033023	PUERTO MONTT	Receptado	10001696	20/08/2026 12:28:35	BG	168	168	0	PJKT50/PWXK-75/HKOOB37640435
48929	19/08/2026 04:17:52	CEDIS IDE QUILICURA	10033023	PUERTO MONTT	Receptado	10001696	20/08/2026 12:28:35	P5T	4	4	0	PJKT50/PWXK-75/HKOOB37640435
48939	19/08/2026 06:37:02	CEDIS IDE QUILICURA	10000980	VALDIVIA	Receptado	10421004	20/08/2026 08:21:01	BCH	31	31	0	LTGY83/PTYJ59/HKOOB37640439
48939	19/08/2026 06:37:02	CEDIS IDE QUILICURA	10000980	VALDIVIA	Receptado	10421004	20/08/2026 08:21:01	BG	1186	1186	0	LTGY83/PTYJ59/HKOOB37640439
48939	19/08/2026 06:37:02	CEDIS IDE QUILICURA	10000980	VALDIVIA	Receptado	10421004	20/08/2026 08:21:01	P5T	19	19	0	LTGY83/PTYJ59/HKOOB37640439
48970	19/08/2026 08:46:33	PLANTA CHILLAN	10000416	CEDIS IDE QUILICURA	Receptado	10033023	20/08/2026 01:17:36	BG	1440	1440	0	PGKD18/PWZP17/CGAX00043442
48970	19/08/2026 08:46:33	PLANTA CHILLAN	10000416	CEDIS IDE QUILICURA	Receptado	10033023	20/08/2026 01:17:36	P5T	24	24	0	PGKD18/PWZP17/CGAX00043442
48712	17/08/2026 07:28:36	SAN FERNANDO	10004891	ECCOFEED SPA	Receptado	10487508	19/08/2026 10:57:21	BG	183	183	0	FHDT82/JJ4817/5391411
48712	17/08/2026 07:28:36	SAN FERNANDO	10004891	ECCOFEED SPA	Receptado	10487508	19/08/2026 10:57:21	P5T	4	4	0	FHDT82/JJ4817/5391411
48713	17/08/2026 07:31:50	CHILLAN	10301699	PLANTA CHILLAN	Receptado	10000416	17/08/2026 09:37:30	BG	636	636	0	PJJV29/HGKF99/10535224
48713	17/08/2026 07:31:50	CHILLAN	10301699	PLANTA CHILLAN	Receptado	10000416	17/08/2026 09:37:30	P5T	6	6	0	PJJV29/HGKF99/10535224
48717	17/08/2026 07:45:25	LA SERENA	10444394	ECCOFEED SPA	Receptado	10487508	19/08/2026 10:57:38	BG	264	264	0	LTGY83/PWWC54/11477115
48717	17/08/2026 07:45:25	LA SERENA	10444394	ECCOFEED SPA	Receptado	10487508	19/08/2026 10:57:38	P5T	4	4	0	LTGY83/PWWC54/11477115
48720	17/08/2026 07:54:56	LA SERENA	10444394	PLANTA IDEAL	Receptado	10001082	17/08/2026 18:45:16	BCH	200	200	0	LTGY83/PWWC54/10535232
48720	17/08/2026 07:54:56	LA SERENA	10444394	PLANTA IDEAL	Receptado	10001082	17/08/2026 18:45:16	BG	1740	1740	0	LTGY83/PWWC54/10535232
48720	17/08/2026 07:54:56	LA SERENA	10444394	PLANTA IDEAL	Receptado	10001082	17/08/2026 18:45:16	P5T	20	20	0	LTGY83/PWWC54/10535232
48721	17/08/2026 07:57:58	MELIPILLA	10291937	ECCOFEED SPA	Receptado	10487508	19/08/2026 10:57:54	BG	212	212	0	HXDF-12/-/12662419-20
48721	17/08/2026 07:57:58	MELIPILLA	10291937	ECCOFEED SPA	Receptado	10487508	19/08/2026 10:57:54	P5T	5	5	0	HXDF-12/-/12662419-20
48722	17/08/2026 08:04:35	RANCAGUA	10000032	PLANTA IDEAL	Receptado	10033115	18/08/2026 10:36:42	BCH	92	92	0	DRPH-69 /JJ-4819/10535233
48722	17/08/2026 08:04:35	RANCAGUA	10000032	PLANTA IDEAL	Receptado	10033115	18/08/2026 10:36:42	BG	1283	1283	0	DRPH-69 /JJ-4819/10535233
48722	17/08/2026 08:04:35	RANCAGUA	10000032	PLANTA IDEAL	Receptado	10033115	18/08/2026 10:36:42	P5T	27	27	0	DRPH-69 /JJ-4819/10535233
48727	17/08/2026 09:11:27	LOS ANGELES	172705782	PLANTA CHILLAN	Receptado	10000416	17/08/2026 12:32:51	BG	1344	1344	0	LTGY82/PWVG98/1
48727	17/08/2026 09:11:27	LOS ANGELES	172705782	PLANTA CHILLAN	Receptado	10000416	17/08/2026 12:32:51	P5T	13	13	0	LTGY82/PWVG98/1
48728	17/08/2026 09:12:58	LOS ANGELES	172705782	ECCOFEED SPA	Receptado	10487508	27/08/2026 10:49:30	BG	354	354	0	LTGY82/PWVG98/1
48728	17/08/2026 09:12:58	LOS ANGELES	172705782	ECCOFEED SPA	Receptado	10487508	27/08/2026 10:49:30	P5T	6	6	0	LTGY82/PWVG98/1
48729	17/08/2026 09:20:03	PLANTA CHILLAN	10000416	CEDIS IDE QUILICURA	Receptado	10001100	18/08/2026 15:51:00	BG	895	895	0	PJJV29/HGKF99/CGAX00043362
48729	17/08/2026 09:20:03	PLANTA CHILLAN	10000416	CEDIS IDE QUILICURA	Receptado	10001100	18/08/2026 15:51:00	P5T	15	15	0	PJJV29/HGKF99/CGAX00043362
48735	17/08/2026 11:03:40	PLANTA CHILLAN	10000416	PLANTA IDEAL	Receptado	10000427	18/08/2026 00:59:54	BCH	240	200	40	pgkd17/kyrc26/10535241
48735	17/08/2026 11:03:40	PLANTA CHILLAN	10000416	PLANTA IDEAL	Receptado	10000427	18/08/2026 00:59:54	BG	1657	1510	147	pgkd17/kyrc26/10535241
48735	17/08/2026 11:03:40	PLANTA CHILLAN	10000416	PLANTA IDEAL	Receptado	10000427	18/08/2026 00:59:54	P5T	20	18	2	pgkd17/kyrc26/10535241
48737	17/08/2026 11:46:18	ANTOFAGASTA	10299402	PLANTA IDEAL	Receptado	10033115	19/08/2026 10:59:39	BCH	14	14	0	TGPH68/X/0
48738	17/08/2026 11:53:55	CEDIS IDE QUILICURA	10032939	COPIAPO	Receptado	10405300	18/08/2026 08:16:52	BCH	2	2	0	1/1/HKOOB37619658
48738	17/08/2026 11:53:55	CEDIS IDE QUILICURA	10032939	COPIAPO	Receptado	10405300	18/08/2026 08:16:52	BG	1302	1302	0	1/1/HKOOB37619658
48738	17/08/2026 11:53:55	CEDIS IDE QUILICURA	10032939	COPIAPO	Receptado	10405300	18/08/2026 08:16:52	P5T	23	23	0	1/1/HKOOB37619658
48741	17/08/2026 13:07:52	CEDIS IDE QUILICURA	10032939	TEMUCO	Receptado	10344423	18/08/2026 07:38:06	BCH	146	146	0	1/1/HKOOB37619631
48741	17/08/2026 13:07:52	CEDIS IDE QUILICURA	10032939	TEMUCO	Receptado	10344423	18/08/2026 07:38:06	BG	1239	1239	0	1/1/HKOOB37619631
48741	17/08/2026 13:07:52	CEDIS IDE QUILICURA	10032939	TEMUCO	Receptado	10344423	18/08/2026 07:38:06	P5T	18	18	0	1/1/HKOOB37619631
48742	17/08/2026 13:36:03	CEDIS IDE QUILICURA	10032939	VIÑA DEL MAR	Receptado	10000599	17/08/2026 15:45:46	BCH	206	206	0	1/1/HKOOB37619673
48742	17/08/2026 13:36:03	CEDIS IDE QUILICURA	10032939	VIÑA DEL MAR	Receptado	10000599	17/08/2026 15:45:46	BG	1381	1381	0	1/1/HKOOB37619673
48742	17/08/2026 13:36:03	CEDIS IDE QUILICURA	10032939	VIÑA DEL MAR	Receptado	10000599	17/08/2026 15:45:46	P5T	22	22	0	1/1/HKOOB37619673
48744	17/08/2026 13:42:51	PLANTA IDEAL	10033115	CEDIS IDE QUILICURA	Receptado	10032939	17/08/2026 14:18:54	BG	695	695	0	49/49/CHKL477165
48744	17/08/2026 13:42:51	PLANTA IDEAL	10033115	CEDIS IDE QUILICURA	Receptado	10032939	17/08/2026 14:18:54	P5T	13	13	0	49/49/CHKL477165
48747	17/08/2026 15:14:37	LO ESPEJO	10458156	PLANTA IDEAL	Receptado	10001082	17/08/2026 19:00:22	BG	1848	1843	5	IDEAL/IDEAL/10535252
48747	17/08/2026 15:14:37	LO ESPEJO	10458156	PLANTA IDEAL	Receptado	10001082	17/08/2026 19:00:22	P5T	19	19	0	IDEAL/IDEAL/10535252
48750	17/08/2026 15:46:35	VIÑA DEL MAR	10000599	PLANTA IDEAL	Receptado	10001216	24/08/2026 09:39:20	BG	720	720	0	vrzl40/vrzl40/10535253
48750	17/08/2026 15:46:35	VIÑA DEL MAR	10000599	PLANTA IDEAL	Receptado	10001216	24/08/2026 09:39:20	BCH	100	100	0	vrzl40/vrzl40/10535253
48750	17/08/2026 15:46:35	VIÑA DEL MAR	10000599	PLANTA IDEAL	Receptado	10001216	24/08/2026 09:39:20	P5T	31	31	0	vrzl40/vrzl40/10535253
48753	17/08/2026 17:04:23	SALON PEDRO DE VALDIVIA	10000349	QUILICURA	Receptado	101196341	17/08/2026 21:47:36	BG	30	30	0	0/0/0
48756	17/08/2026 17:22:46	PLANTA IDEAL	10001082	CEDIS IDE QUILICURA	Receptado	10001100	17/08/2026 18:42:51	BG	1108	1108	0	1/1/CHKL477147
48016	10/08/2026 12:51:44	LO ESPEJO	10458156	LA LIGUA	Receptado	10006353	13/08/2026 09:58:56	BG	672	672	0	IDEAL/IDEAL/IDEAL
48016	10/08/2026 12:51:44	LO ESPEJO	10458156	LA LIGUA	Receptado	10006353	13/08/2026 09:58:56	P5T	4	4	0	IDEAL/IDEAL/IDEAL
48091	11/08/2026 02:35:19	CEDIS IDE QUILICURA	10001100	LO ESPEJO	Receptado	10461749	11/08/2026 07:41:58	BG	761	761	0	1/1/HKOOB37592388
48091	11/08/2026 02:35:19	CEDIS IDE QUILICURA	10001100	LO ESPEJO	Receptado	10461749	11/08/2026 07:41:58	P5T	9	9	0	1/1/HKOOB37592388
48092	11/08/2026 02:49:17	PLANTA IDEAL	10001082	CEDIS IDE QUILICURA	Receptado	10001100	11/08/2026 05:06:19	BG	760	760	0	1/1/CHKL476848
48092	11/08/2026 02:49:17	PLANTA IDEAL	10001082	CEDIS IDE QUILICURA	Receptado	10001100	11/08/2026 05:06:19	P5T	18	18	0	1/1/CHKL476848
48093	11/08/2026 03:06:39	CEDIS IDE QUILICURA	10001100	LO ESPEJO	Receptado	10461749	11/08/2026 07:42:56	BG	154	154	0	1/1/1
48093	11/08/2026 03:06:39	CEDIS IDE QUILICURA	10001100	LO ESPEJO	Receptado	10461749	11/08/2026 07:42:56	P5T	6	6	0	1/1/1
48295	12/08/2026 11:11:46	PLANTA IDEAL	10000427	CEDIS IDE QUILICURA	Receptado	10000798	12/08/2026 14:21:41	BCH	300	300	0	JKKJ 26/KYLZ 24/CHKL476926
48295	12/08/2026 11:11:46	PLANTA IDEAL	10000427	CEDIS IDE QUILICURA	Receptado	10000798	12/08/2026 14:21:41	BG	1052	1052	0	JKKJ 26/KYLZ 24/CHKL476926
48295	12/08/2026 11:11:46	PLANTA IDEAL	10000427	CEDIS IDE QUILICURA	Receptado	10000798	12/08/2026 14:21:41	P5T	10	10	0	JKKJ 26/KYLZ 24/CHKL476926
48300	12/08/2026 11:51:32	PLANTA IDEAL	10000427	CEDIS IDE QUILICURA	Receptado	10000798	12/08/2026 14:22:35	BCH	881	881	0	JKKJ 26/KYLZ 24/CHKL476859
48300	12/08/2026 11:51:32	PLANTA IDEAL	10000427	CEDIS IDE QUILICURA	Receptado	10000798	12/08/2026 14:22:35	BG	764	764	0	JKKJ 26/KYLZ 24/CHKL476859
48300	12/08/2026 11:51:32	PLANTA IDEAL	10000427	CEDIS IDE QUILICURA	Receptado	10000798	12/08/2026 14:22:35	P5T	14	14	0	JKKJ 26/KYLZ 24/CHKL476859
48977	19/08/2026 10:53:19	ANTOFAGASTA	10299402	CEDIS IDE QUILICURA	Receptado	10161182	20/08/2026 14:50:50	BG	1848	1848	0	VJWL66/VJWL66/1
48977	19/08/2026 10:53:19	ANTOFAGASTA	10299402	CEDIS IDE QUILICURA	Receptado	10161182	20/08/2026 14:50:50	P5T	31	31	0	VJWL66/VJWL66/1
48978	19/08/2026 10:59:40	CEDIS IDE QUILICURA	10032939	VIÑA DEL MAR	Receptado	10000599	19/08/2026 14:07:51	BG	1240	1240	0	1/1/HKOOB37640503
48978	19/08/2026 10:59:40	CEDIS IDE QUILICURA	10032939	VIÑA DEL MAR	Receptado	10000599	19/08/2026 14:07:51	P5T	21	21	0	1/1/HKOOB37640503
48979	19/08/2026 10:59:56	PLANTA CHILLAN	10000416	CEDIS IDE QUILICURA	Receptado	10033023	20/08/2026 00:42:10	BG	1440	1440	0	PGKD17/PWZH31/CGAX00043462
48979	19/08/2026 10:59:56	PLANTA CHILLAN	10000416	CEDIS IDE QUILICURA	Receptado	10033023	20/08/2026 00:42:10	P5T	24	24	0	PGKD17/PWZH31/CGAX00043462
48985	19/08/2026 12:47:09	CEDIS IDE QUILICURA	10032939	GRANDES CLIENTES	Receptado	10001251	20/08/2026 00:42:34	BCH	1149	1149	0	1/1/CHKO383368
48985	19/08/2026 12:47:09	CEDIS IDE QUILICURA	10032939	GRANDES CLIENTES	Receptado	10001251	20/08/2026 00:42:34	BG	5120	5072	48	1/1/CHKO383368
48985	19/08/2026 12:47:09	CEDIS IDE QUILICURA	10032939	GRANDES CLIENTES	Receptado	10001251	20/08/2026 00:42:34	P5T	100	100	0	1/1/CHKO383368
48992	19/08/2026 13:23:40	PLANTA IDEAL	10033115	CEDIS IDE QUILICURA	Receptado	10032939	19/08/2026 13:41:00	BG	840	840	0	50/50/CHKL477308
48992	19/08/2026 13:23:40	PLANTA IDEAL	10033115	CEDIS IDE QUILICURA	Receptado	10032939	19/08/2026 13:41:00	P5T	20	20	0	50/50/CHKL477308
48993	19/08/2026 13:26:08	PLANTA IDEAL	10033115	CEDIS IDE QUILICURA	Receptado	10032939	19/08/2026 13:41:17	BG	1164	1164	0	49/49/CHKL477326
48993	19/08/2026 13:26:08	PLANTA IDEAL	10033115	CEDIS IDE QUILICURA	Receptado	10032939	19/08/2026 13:41:17	P5T	13	13	0	49/49/CHKL477326
48999	19/08/2026 14:37:23	SALON LO ESPEJO	10000848	LO ESPEJO	Receptado	10461749	20/08/2026 03:46:53	BG	14	14	0	0/0/0
49003	19/08/2026 15:01:16	PLANTA IDEAL	10001082	CEDIS IDE QUILICURA	Receptado	10001100	19/08/2026 15:53:40	BG	1272	1272	0	1/1/CHKL477162
49003	19/08/2026 15:01:16	PLANTA IDEAL	10001082	CEDIS IDE QUILICURA	Receptado	10001100	19/08/2026 15:53:40	P5T	20	20	0	1/1/CHKL477162
49004	19/08/2026 15:33:54	PLANTA IDEAL	10001082	CEDIS IDE QUILICURA	Receptado	10001100	19/08/2026 21:27:23	BG	944	944	0	1/1/CHKL477345
49004	19/08/2026 15:33:54	PLANTA IDEAL	10001082	CEDIS IDE QUILICURA	Receptado	10001100	19/08/2026 21:27:23	P5T	13	13	0	1/1/CHKL477345
49005	19/08/2026 15:36:02	LO ESPEJO	10450102	PLANTA IDEAL	Receptado	10001082	19/08/2026 17:01:20	BG	1232	1232	0	RZVS88/PXJD32/10535368
49005	19/08/2026 15:36:02	LO ESPEJO	10450102	PLANTA IDEAL	Receptado	10001082	19/08/2026 17:01:20	P5T	61	61	0	RZVS88/PXJD32/10535368
49006	19/08/2026 15:41:49	GRANDES CLIENTES	10001302	PLANTA IDEAL	Receptado	10001082	19/08/2026 16:43:08	BCH	600	600	0	PWVW35/PWVW35/10535370
49006	19/08/2026 15:41:49	GRANDES CLIENTES	10001302	PLANTA IDEAL	Receptado	10001082	19/08/2026 16:43:08	BG	840	840	0	PWVW35/PWVW35/10535370
49006	19/08/2026 15:41:49	GRANDES CLIENTES	10001302	PLANTA IDEAL	Receptado	10001082	19/08/2026 16:43:08	P5T	60	60	0	PWVW35/PWVW35/10535370
49009	19/08/2026 15:14:11	GRANDES CLIENTES	10000772	PLANTA IDEAL	Receptado	10001082	19/08/2026 17:51:16	BCH	200	200	0	PWVW35/PWVW35/10535375
49009	19/08/2026 15:14:11	GRANDES CLIENTES	10000772	PLANTA IDEAL	Receptado	10001082	19/08/2026 17:51:16	BG	1080	1080	0	PWVW35/PWVW35/10535375
49009	19/08/2026 15:14:11	GRANDES CLIENTES	10000772	PLANTA IDEAL	Receptado	10001082	19/08/2026 17:51:16	P5T	10	10	0	PWVW35/PWVW35/10535375
49010	19/08/2026 16:38:00	CEDIS IDE QUILICURA	10001100	LOS ANGELES	Receptado	172705782	26/08/2026 09:10:22	BCH	17	17	0	1/1/HKOOB37640445
49010	19/08/2026 16:38:00	CEDIS IDE QUILICURA	10001100	LOS ANGELES	Receptado	172705782	26/08/2026 09:10:22	BG	967	967	0	1/1/HKOOB37640445
49010	19/08/2026 16:38:00	CEDIS IDE QUILICURA	10001100	LOS ANGELES	Receptado	172705782	26/08/2026 09:10:22	P5T	19	19	0	1/1/HKOOB37640445
49015	19/08/2026 17:40:20	CONCEPCION	10001288	ECCOFEED SPA	Receptado	10487508	27/08/2026 10:45:54	BG	122	122	0	PFBS16/PXJF25/10535382
49015	19/08/2026 17:40:20	CONCEPCION	10001288	ECCOFEED SPA	Receptado	10487508	27/08/2026 10:45:54	P5T	2	2	0	PFBS16/PXJF25/10535382
49017	19/08/2026 17:52:45	CEDIS IDE QUILICURA	10001100	LO ESPEJO	Receptado	10461749	20/08/2026 03:47:25	BG	909	909	0	1/1/HKOOB37640497
49017	19/08/2026 17:52:45	CEDIS IDE QUILICURA	10001100	LO ESPEJO	Receptado	10461749	20/08/2026 03:47:25	P5T	14	14	0	1/1/HKOOB37640497
49019	19/08/2026 18:04:01	PLANTA IDEAL	10001082	CEDIS IDE QUILICURA	Receptado	10001100	19/08/2026 21:29:58	BG	901	901	0	1/1/CHKL477328
49019	19/08/2026 18:04:01	PLANTA IDEAL	10001082	CEDIS IDE QUILICURA	Receptado	10001100	19/08/2026 21:29:58	P5T	17	17	0	1/1/CHKL477328
49019	19/08/2026 18:04:01	PLANTA IDEAL	10001082	CEDIS IDE QUILICURA	Receptado	10001100	19/08/2026 21:29:58	BCH	259	259	0	1/1/CHKL477328
49020	19/08/2026 18:49:40	VIÑA DEL MAR	10000599	PLANTA IDEAL	Receptado	10001082	19/08/2026 21:59:02	BG	1320	1320	0	hvjx52/jp3260/10535384
49020	19/08/2026 18:49:40	VIÑA DEL MAR	10000599	PLANTA IDEAL	Receptado	10001082	19/08/2026 21:59:02	P5T	11	11	0	hvjx52/jp3260/10535384
48516	13/08/2026 23:34:23	PLANTA IDEAL	10001082	CEDIS IDE QUILICURA	Receptado	10001100	14/08/2026 06:03:59	BG	1164	1164	0	1/1/CHKL476936
48516	13/08/2026 23:34:23	PLANTA IDEAL	10001082	CEDIS IDE QUILICURA	Receptado	10001100	14/08/2026 06:03:59	P5T	18	18	0	1/1/CHKL476936
48517	13/08/2026 23:45:57	PLANTA CHILLAN	10000416	CEDIS IDE QUILICURA	Receptado	10001100	17/08/2026 15:27:53	BG	1409	1409	0	PGBY32/PWZP18/CGAX00043281
48517	13/08/2026 23:45:57	PLANTA CHILLAN	10000416	CEDIS IDE QUILICURA	Receptado	10001100	17/08/2026 15:27:53	P5T	24	24	0	PGBY32/PWZP18/CGAX00043281
48518	13/08/2026 23:59:51	PLANTA IDEAL	10001082	CEDIS IDE QUILICURA	Receptado	10001100	14/08/2026 06:04:34	BG	941	941	0	1/1/CHKL477045
48518	13/08/2026 23:59:51	PLANTA IDEAL	10001082	CEDIS IDE QUILICURA	Receptado	10001100	14/08/2026 06:04:34	P5T	19	19	0	1/1/CHKL477045
48533	14/08/2026 03:58:23	CEDIS IDE QUILICURA	10001100	LA SERENA	Receptado	10444394	17/08/2026 05:33:08	BG	271	271	0	1/1/HKOOB37611597
48533	14/08/2026 03:58:23	CEDIS IDE QUILICURA	10001100	LA SERENA	Receptado	10444394	17/08/2026 05:33:08	P5T	4	4	0	1/1/HKOOB37611597
48535	14/08/2026 04:03:31	CEDIS IDE QUILICURA	10001100	LA SERENA	Receptado	10444394	17/08/2026 05:33:43	BG	150	150	0	1/1/HKOOB37611597
48535	14/08/2026 04:03:31	CEDIS IDE QUILICURA	10001100	LA SERENA	Receptado	10444394	17/08/2026 05:33:43	P5T	3	3	0	1/1/HKOOB37611597
48538	14/08/2026 04:57:30	LO ESPEJO	10461749	PLANTA IDEAL	Receptado	10000427	14/08/2026 10:33:16	BG	1120	1120	0	001/001/10535140
48538	14/08/2026 04:57:30	LO ESPEJO	10461749	PLANTA IDEAL	Receptado	10000427	14/08/2026 10:33:16	P5T	13	13	0	001/001/10535140
48539	14/08/2026 05:04:52	PLANTA IDEAL	10001082	CEDIS IDE QUILICURA	Receptado	10001100	14/08/2026 06:01:20	BG	979	979	0	1/1/CHKL476939
48539	14/08/2026 05:04:52	PLANTA IDEAL	10001082	CEDIS IDE QUILICURA	Receptado	10001100	14/08/2026 06:01:20	P5T	16	16	0	1/1/CHKL476939
48543	14/08/2026 05:43:15	PLANTA IDEAL	10001082	CEDIS IDE QUILICURA	Receptado	10033023	14/08/2026 07:55:40	BG	1288	1288	0	1/1/CHKL476994
48543	14/08/2026 05:43:15	PLANTA IDEAL	10001082	CEDIS IDE QUILICURA	Receptado	10033023	14/08/2026 07:55:40	P5T	22	22	0	1/1/CHKL476994
48591	14/08/2026 14:46:28	PLANTA CHILLAN	10000416	CEDIS IDE QUILICURA	Receptado	10032939	17/08/2026 11:42:12	BG	1380	1380	0	PGKD18 /PWZP19/CGAX00043321
48591	14/08/2026 14:46:28	PLANTA CHILLAN	10000416	CEDIS IDE QUILICURA	Receptado	10032939	17/08/2026 11:42:12	P5T	23	23	0	PGKD18 /PWZP19/CGAX00043321
48658	15/08/2026 05:04:10	CEDIS IDE QUILICURA	10001100	SALON TOBALABA	Receptado	10000349-1	17/08/2026 17:10:32	BG	9	9	0	1/1/1
48658	15/08/2026 05:04:10	CEDIS IDE QUILICURA	10001100	SALON TOBALABA	Receptado	10000349-1	17/08/2026 17:10:32	P5T	1	0	1	1/1/1
48659	15/08/2026 05:24:21	PLANTA IDEAL	10001082	CEDIS IDE QUILICURA	Receptado	10001100	15/08/2026 06:27:16	BG	1220	1220	0	1/1/CHKL477104
48659	15/08/2026 05:24:21	PLANTA IDEAL	10001082	CEDIS IDE QUILICURA	Receptado	10001100	15/08/2026 06:27:16	P5T	20	20	0	1/1/CHKL477104
48660	15/08/2026 05:32:10	CEDIS IDE QUILICURA	10001100	SALON PEDRO DE VALDIVIA	Receptado	10000349	17/08/2026 17:04:01	BG	27	30	-3	1/1/1
48660	15/08/2026 05:32:10	CEDIS IDE QUILICURA	10001100	SALON PEDRO DE VALDIVIA	Receptado	10000349	17/08/2026 17:04:01	P5T	1	0	1	1/1/1
48661	15/08/2026 05:43:16	CEDIS IDE QUILICURA	10001100	SALON QUILICURA	Receptado	10000981	17/08/2026 14:26:56	BG	47	47	0	1/1/1
48661	15/08/2026 05:43:16	CEDIS IDE QUILICURA	10001100	SALON QUILICURA	Receptado	10000981	17/08/2026 14:26:56	P5T	2	0	2	1/1/1
48662	15/08/2026 05:49:49	CEDIS IDE QUILICURA	10001100	SALON EL CORTIJO	Receptado	10000989	17/08/2026 15:15:19	BG	32	32	0	1/1/1
48662	15/08/2026 05:49:49	CEDIS IDE QUILICURA	10001100	SALON EL CORTIJO	Receptado	10000989	17/08/2026 15:15:19	P5T	2	0	2	1/1/1
48664	15/08/2026 05:59:38	PLANTA IDEAL	10001082	CEDIS IDE QUILICURA	Receptado	10033023	15/08/2026 10:16:46	BG	968	968	0	1/1/CHKL476999
48664	15/08/2026 05:59:38	PLANTA IDEAL	10001082	CEDIS IDE QUILICURA	Receptado	10033023	15/08/2026 10:16:46	P5T	19	19	0	1/1/CHKL476999
48667	15/08/2026 06:56:57	LO ESPEJO	10461749	PLANTA IDEAL	Receptado	10000427	15/08/2026 09:05:50	BG	840	840	0	001/001/10535214
48667	15/08/2026 06:56:57	LO ESPEJO	10461749	PLANTA IDEAL	Receptado	10000427	15/08/2026 09:05:50	P5T	8	8	0	001/001/10535214
48668	15/08/2026 07:14:10	TALCA	10000096	ECCOFEED SPA	Receptado	10487508	19/08/2026 10:35:35	BG	242	242	0	PFBS 13/PWZH 31/0
48668	15/08/2026 07:14:10	TALCA	10000096	ECCOFEED SPA	Receptado	10487508	19/08/2026 10:35:35	P5T	4	4	0	PFBS 13/PWZH 31/0
48669	15/08/2026 07:16:22	TALCA	10000096	PLANTA IDEAL	Receptado	10000427	18/08/2026 00:31:21	BG	720	720	0	PFBS 13/PWZH 31/0
48669	15/08/2026 07:16:22	TALCA	10000096	PLANTA IDEAL	Receptado	10000427	18/08/2026 00:31:21	P5T	11	12	-1	PFBS 13/PWZH 31/0
48670	15/08/2026 07:37:54	CHILLAN	10301699	PLANTA IDEAL	Cancelado			BG	1066	0	1066	PGKD17/PWSS29/10535195
48670	15/08/2026 07:37:54	CHILLAN	10301699	PLANTA IDEAL	Cancelado			BCH	42	0	42	PGKD17/PWSS29/10535195
48670	15/08/2026 07:37:54	CHILLAN	10301699	PLANTA IDEAL	Cancelado			P5T	4	0	4	PGKD17/PWSS29/10535195
48671	15/08/2026 07:41:08	CHILLAN	10301699	ECCOFEED SPA	Receptado	10487508	19/08/2026 10:55:31	BG	126	126	0	PGKD17/PWSS29/10535196
48671	15/08/2026 07:41:08	CHILLAN	10301699	ECCOFEED SPA	Receptado	10487508	19/08/2026 10:55:31	P5T	2	2	0	PGKD17/PWSS29/10535196
48679	15/08/2026 08:34:05	COPIAPO	10405300	PLANTA IDEAL	Receptado	10001082	17/08/2026 16:25:33	BCH	48	48	0	PFBS17/KYLH53/10535220
48679	15/08/2026 08:34:05	COPIAPO	10405300	PLANTA IDEAL	Receptado	10001082	17/08/2026 16:25:33	BG	1346	1346	0	PFBS17/KYLH53/10535220
48679	15/08/2026 08:34:05	COPIAPO	10405300	PLANTA IDEAL	Receptado	10001082	17/08/2026 16:25:33	P5T	29	29	0	PFBS17/KYLH53/10535220
48680	15/08/2026 08:40:50	IQUIQUE	10012419	PLANTA IDEAL	Receptado	10033115	17/08/2026 14:22:34	BG	1432	1432	0	PFBS-11/KDGH-62/10535176
48680	15/08/2026 08:40:50	IQUIQUE	10012419	PLANTA IDEAL	Receptado	10033115	17/08/2026 14:22:34	P5T	16	16	0	PFBS-11/KDGH-62/10535176
48682	15/08/2026 09:26:55	CEDIS IDE QUILICURA	10033023	VIÑA DEL MAR	Receptado	10001291	15/08/2026 11:29:02	BCH	92	92	0	VSRP19/KYPH-94/HKOOB37619432
48682	15/08/2026 09:26:55	CEDIS IDE QUILICURA	10033023	VIÑA DEL MAR	Receptado	10001291	15/08/2026 11:29:02	BG	1103	1103	0	VSRP19/KYPH-94/HKOOB37619432
48682	15/08/2026 09:26:55	CEDIS IDE QUILICURA	10033023	VIÑA DEL MAR	Receptado	10001291	15/08/2026 11:29:02	P5T	19	19	0	VSRP19/KYPH-94/HKOOB37619432
48756	17/08/2026 17:22:46	PLANTA IDEAL	10001082	CEDIS IDE QUILICURA	Receptado	10001100	17/08/2026 18:42:51	P5T	17	17	0	1/1/CHKL477147
48760	17/08/2026 18:14:20	CEDIS IDE QUILICURA	10001100	LO ESPEJO	Receptado	10461749	18/08/2026 01:57:19	BG	787	787	0	1/1/HKOOB37619666
48760	17/08/2026 18:14:20	CEDIS IDE QUILICURA	10001100	LO ESPEJO	Receptado	10461749	18/08/2026 01:57:19	P5T	14	14	0	1/1/HKOOB37619666
48761	17/08/2026 18:37:56	PLANTA IDEAL	10001082	CEDIS IDE QUILICURA	Receptado	10001100	17/08/2026 19:58:20	BG	956	956	0	1/1/CHKL477167
48761	17/08/2026 18:37:56	PLANTA IDEAL	10001082	CEDIS IDE QUILICURA	Receptado	10001100	17/08/2026 19:58:20	P5T	20	20	0	1/1/CHKL477167
48763	17/08/2026 18:48:21	PLANTA IDEAL	10001082	CEDIS IDE QUILICURA	Receptado	10001100	17/08/2026 19:55:03	BG	1008	1008	0	1/1/CHKL477185
48763	17/08/2026 18:48:21	PLANTA IDEAL	10001082	CEDIS IDE QUILICURA	Receptado	10001100	17/08/2026 19:55:03	P5T	17	17	0	1/1/CHKL477185
48767	17/08/2026 19:31:31	TALCA	10395252	ECCOFEED SPA	Receptado	10487508	27/08/2026 10:26:05	BG	49	49	0	PFBS12/PWZH30/0
48767	17/08/2026 19:31:31	TALCA	10395252	ECCOFEED SPA	Receptado	10487508	27/08/2026 10:26:05	P5T	1	1	0	PFBS12/PWZH30/0
48769	17/08/2026 19:35:29	MELIPILLA	10469278	QUILICURA	Receptado	101196341	18/08/2026 22:10:28	BG	45	45	0	Quilicura/Quilicura/N°12662806
48769	17/08/2026 19:35:29	MELIPILLA	10469278	QUILICURA	Receptado	101196341	18/08/2026 22:10:28	P5T	1	1	0	Quilicura/Quilicura/N°12662806
48770	17/08/2026 19:37:02	LO ESPEJO	10458156	PLANTA IDEAL	Receptado	10001082	17/08/2026 21:30:10	BG	1680	1680	0	IDEAL/IDEAL/56172774
48770	17/08/2026 19:37:02	LO ESPEJO	10458156	PLANTA IDEAL	Receptado	10001082	17/08/2026 21:30:10	P5T	18	18	0	IDEAL/IDEAL/56172774
48771	17/08/2026 19:45:31	PLANTA IDEAL	10001082	CEDIS IDE QUILICURA	Receptado	10001100	17/08/2026 21:25:38	BG	768	768	0	1/1/CHKL477168
48771	17/08/2026 19:45:31	PLANTA IDEAL	10001082	CEDIS IDE QUILICURA	Receptado	10001100	17/08/2026 21:25:38	P5T	12	12	0	1/1/CHKL477168
48772	17/08/2026 20:04:23	LO ESPEJO	10458156	PLANTA IDEAL	Receptado	10487508	18/08/2026 10:26:18	BG	2480	2480	0	IDEAL/IDEAL/IDEAL
48772	17/08/2026 20:04:23	LO ESPEJO	10458156	PLANTA IDEAL	Receptado	10487508	18/08/2026 10:26:18	P5T	2	2	0	IDEAL/IDEAL/IDEAL
48773	17/08/2026 20:06:36	LO ESPEJO	10458156	PLANTA IDEAL	Receptado	10487508	18/08/2026 10:27:01	BG	119	119	0	IDEAL/IDEAL/IDEAL
48777	17/08/2026 20:15:15	LO ESPEJO	10458156	PLANTA IDEAL	Receptado	10487508	19/08/2026 10:13:34	BG	193	193	0	IDEAL/IDEAL/IDEAL
48777	17/08/2026 20:15:15	LO ESPEJO	10458156	PLANTA IDEAL	Receptado	10487508	19/08/2026 10:13:34	P5T	2	2	0	IDEAL/IDEAL/IDEAL
48778	17/08/2026 20:22:29	GRANDES CLIENTES	10000772	PLANTA IDEAL	Receptado	10487508	18/08/2026 10:21:08	BCH	270	270	0	1/1/1
48778	17/08/2026 20:22:29	GRANDES CLIENTES	10000772	PLANTA IDEAL	Receptado	10487508	18/08/2026 10:21:08	BG	1586	1586	0	1/1/1
48778	17/08/2026 20:22:29	GRANDES CLIENTES	10000772	PLANTA IDEAL	Receptado	10487508	18/08/2026 10:21:08	P5T	20	20	0	1/1/1
48779	17/08/2026 20:27:04	PLANTA IDEAL	10001082	CEDIS IDE QUILICURA	Receptado	10001100	17/08/2026 21:26:00	BG	896	896	0	1/1/CHKL477148
48779	17/08/2026 20:27:04	PLANTA IDEAL	10001082	CEDIS IDE QUILICURA	Receptado	10001100	17/08/2026 21:26:00	P5T	17	17	0	1/1/CHKL477148
48780	17/08/2026 20:39:01	GRANDES CLIENTES	10000772	ECCOFEED SPA	Receptado	10487508	25/08/2026 17:01:13	BG	83	83	0	1/1/11691601-02
48780	17/08/2026 20:39:01	GRANDES CLIENTES	10000772	ECCOFEED SPA	Receptado	10487508	25/08/2026 17:01:13	P5T	2	2	0	1/1/11691601-02
48781	17/08/2026 20:48:00	EL PINAR	10149777	ECCOFEED SPA	Receptado	10487508	19/08/2026 10:59:17	BG	117	117	0	ideal/ideal/12575501
48781	17/08/2026 20:48:00	EL PINAR	10149777	ECCOFEED SPA	Receptado	10487508	19/08/2026 10:59:17	P5T	2	2	0	ideal/ideal/12575501
47883	08/08/2026 07:20:13	CHILLAN	10301699	PLANTA CHILLAN	Receptado	10000416	10/08/2026 11:08:49	BG	1110	1110	0	PJKT50/PWXK75/10534786
48096	11/08/2026 03:41:07	CEDIS IDE QUILICURA	10001100	SALON PEDRO DE VALDIVIA	Receptado	10000349	12/08/2026 21:00:26	BG	24	25	-1	1/1/CHKO382734
48096	11/08/2026 03:41:07	CEDIS IDE QUILICURA	10001100	SALON PEDRO DE VALDIVIA	Receptado	10000349	12/08/2026 21:00:26	P5T	1	0	1	1/1/CHKO382734
48103	11/08/2026 05:35:46	CEDIS IDE QUILICURA	10001100	IQUIQUE	Receptado	10012419	12/08/2026 13:54:23	BG	1264	1264	0	1/1/HKOOB37593583
48103	11/08/2026 05:35:46	CEDIS IDE QUILICURA	10001100	IQUIQUE	Receptado	10012419	12/08/2026 13:54:23	P5T	21	21	0	1/1/HKOOB37593583
48299	12/08/2026 11:26:49	LA SERENA	10444394	ECCOFEED SPA	Receptado	10487508	14/08/2026 08:26:08	BG	252	252	0	TGPH68/PXJD17/11475955
48299	12/08/2026 11:26:49	LA SERENA	10444394	ECCOFEED SPA	Receptado	10487508	14/08/2026 08:26:08	P5T	4	4	0	TGPH68/PXJD17/11475955
48366	12/08/2026 23:04:42	ARICA	10154469	PLANTA IDEAL	Receptado	10001082	15/08/2026 00:37:10	BCH	63	63	0	PWZH-33/PSLY-21/10535074
48366	12/08/2026 23:04:42	ARICA	10154469	PLANTA IDEAL	Receptado	10001082	15/08/2026 00:37:10	BG	1232	1186	46	PWZH-33/PSLY-21/10535074
48366	12/08/2026 23:04:42	ARICA	10154469	PLANTA IDEAL	Receptado	10001082	15/08/2026 00:37:10	P5T	13	15	-2	PWZH-33/PSLY-21/10535074
48370	12/08/2026 23:27:59	PLANTA IDEAL	10001082	CEDIS IDE QUILICURA	Receptado	10001100	13/08/2026 00:31:01	BG	1105	1105	0	1/1/CHKL476985
48370	12/08/2026 23:27:59	PLANTA IDEAL	10001082	CEDIS IDE QUILICURA	Receptado	10001100	13/08/2026 00:31:01	P5T	18	18	0	1/1/CHKL476985
49024	19/08/2026 19:01:21	CEDIS IDE QUILICURA	10001100	SAN FERNANDO	Receptado	10004891	20/08/2026 13:34:14	BCH	18	17	1	1/1/HKOOB37640448
49024	19/08/2026 19:01:21	CEDIS IDE QUILICURA	10001100	SAN FERNANDO	Receptado	10004891	20/08/2026 13:34:14	BG	36	37	-1	1/1/HKOOB37640448
49024	19/08/2026 19:01:21	CEDIS IDE QUILICURA	10001100	SAN FERNANDO	Receptado	10004891	20/08/2026 13:34:14	P5T	1	1	0	1/1/HKOOB37640448
49026	19/08/2026 19:18:28	PLANTA IDEAL	10001082	CEDIS IDE QUILICURA	Receptado	10001100	19/08/2026 21:30:34	BG	1088	1088	0	1/1/CHKL477329
49026	19/08/2026 19:18:28	PLANTA IDEAL	10001082	CEDIS IDE QUILICURA	Receptado	10001100	19/08/2026 21:30:34	P5T	16	16	0	1/1/CHKL477329
49027	19/08/2026 19:42:50	PLANTA IDEAL	10001082	CEDIS IDE QUILICURA	Receptado	10001100	19/08/2026 21:31:28	BCH	400	400	0	1/1/CHKL477164
49027	19/08/2026 19:42:50	PLANTA IDEAL	10001082	CEDIS IDE QUILICURA	Receptado	10001100	19/08/2026 21:31:28	BG	156	156	0	1/1/CHKL477164
49027	19/08/2026 19:42:50	PLANTA IDEAL	10001082	CEDIS IDE QUILICURA	Receptado	10001100	19/08/2026 21:31:28	P5T	9	9	0	1/1/CHKL477164
49029	19/08/2026 20:10:18	LO ESPEJO	10458156	PLANTA IDEAL	Receptado	10487508	20/08/2026 15:29:23	BG	1454	1454	0	IDEAL/IDEAL/IDEAL
49029	19/08/2026 20:10:18	LO ESPEJO	10458156	PLANTA IDEAL	Receptado	10487508	20/08/2026 15:29:23	P5T	12	12	0	IDEAL/IDEAL/IDEAL
49031	19/08/2026 20:17:34	CEDIS IDE QUILICURA	10001100	EL PINAR	Receptado	10300015	20/08/2026 10:26:11	BG	1035	1035	0	1/1/HKOOB37635374
49031	19/08/2026 20:17:34	CEDIS IDE QUILICURA	10001100	EL PINAR	Receptado	10300015	20/08/2026 10:26:11	P5T	14	14	0	1/1/HKOOB37635374
49033	19/08/2026 20:31:27	MELIPILLA	10469278	QUILICURA	Cancelado			BG	18	0	18	Quilicura/Quilicura/12663513
49033	19/08/2026 20:31:27	MELIPILLA	10469278	QUILICURA	Cancelado			P5T	1	0	1	Quilicura/Quilicura/12663513
49034	19/08/2026 20:43:46	LO ESPEJO	10458156	PLANTA IDEAL	Receptado	10000427	20/08/2026 00:05:42	BG	1176	1176	0	IDEAL/IDEAL/IDEAL
49034	19/08/2026 20:43:46	LO ESPEJO	10458156	PLANTA IDEAL	Receptado	10000427	20/08/2026 00:05:42	P5T	14	14	0	IDEAL/IDEAL/IDEAL
49035	19/08/2026 20:44:47	LO ESPEJO	10458156	ECCOFEED SPA	Receptado	10487508	25/08/2026 17:05:33	BG	420	420	0	IDEAL/IDEAL/IDEAL
49035	19/08/2026 20:44:47	LO ESPEJO	10458156	ECCOFEED SPA	Receptado	10487508	25/08/2026 17:05:33	P5T	7	7	0	IDEAL/IDEAL/IDEAL
49036	19/08/2026 20:37:23	MELIPILLA	10469278	QUILICURA	Receptado	101196341	20/08/2026 20:27:46	BG	18	18	0	Quilicura/Quilicura/N°12663520
49036	19/08/2026 20:37:23	MELIPILLA	10469278	QUILICURA	Receptado	101196341	20/08/2026 20:27:46	P5T	1	1	0	Quilicura/Quilicura/N°12663520
49038	19/08/2026 20:53:17	GRANDES CLIENTES	10000772	ECCOFEED SPA	Cancelado			BG	144	0	144	1/1/1
49038	19/08/2026 20:53:17	GRANDES CLIENTES	10000772	ECCOFEED SPA	Cancelado			P5T	3	0	3	1/1/1
49039	19/08/2026 20:53:03	CEDIS IDE QUILICURA	10001100	GRANDES CLIENTES	Receptado	10001251	20/08/2026 00:42:58	BG	98	28	70	1/1/1
49039	19/08/2026 20:53:03	CEDIS IDE QUILICURA	10001100	GRANDES CLIENTES	Receptado	10001251	20/08/2026 00:42:58	P5T	1	1	0	1/1/1
49041	19/08/2026 21:07:44	EL PINAR	10149777	PLANTA IDEAL	Receptado	10000427	20/08/2026 01:32:06	BG	1584	1515	69	ideal/ideal/10535389
49041	19/08/2026 21:07:44	EL PINAR	10149777	PLANTA IDEAL	Receptado	10000427	20/08/2026 01:32:06	P5T	18	18	0	ideal/ideal/10535389
49043	19/08/2026 21:14:36	PLANTA IDEAL	10001082	CEDIS IDE QUILICURA	Receptado	10001100	19/08/2026 22:00:26	BCH	700	700	0	1/1/CHKL477385
49043	19/08/2026 21:14:36	PLANTA IDEAL	10001082	CEDIS IDE QUILICURA	Receptado	10001100	19/08/2026 22:00:26	BG	900	900	0	1/1/CHKL477385
49043	19/08/2026 21:14:36	PLANTA IDEAL	10001082	CEDIS IDE QUILICURA	Receptado	10001100	19/08/2026 22:00:26	P5T	20	20	0	1/1/CHKL477385
49046	19/08/2026 22:08:22	QUILICURA	10001353	ECCOFEED SPA	Receptado	10487508	25/08/2026 17:06:17	BG	206	206	0	NN/NN/NN
49046	19/08/2026 22:08:22	QUILICURA	10001353	ECCOFEED SPA	Receptado	10487508	25/08/2026 17:06:17	P5T	4	4	0	NN/NN/NN
49048	19/08/2026 22:11:44	CEDIS IDE QUILICURA	10001100	VIÑA DEL MAR	Receptado	10450104	20/08/2026 02:18:05	BCH	288	288	0	1/1/HKOOB37646829
49048	19/08/2026 22:11:44	CEDIS IDE QUILICURA	10001100	VIÑA DEL MAR	Receptado	10450104	20/08/2026 02:18:05	BG	661	661	0	1/1/HKOOB37646829
49048	19/08/2026 22:11:44	CEDIS IDE QUILICURA	10001100	VIÑA DEL MAR	Receptado	10450104	20/08/2026 02:18:05	P5T	12	12	0	1/1/HKOOB37646829
49051	19/08/2026 23:31:20	VIÑA DEL MAR	10450104	PLANTA IDEAL	Receptado	10000427	20/08/2026 03:14:40	BG	1440	1429	11	VRZL40/PXJD34/10535392
49051	19/08/2026 23:31:20	VIÑA DEL MAR	10450104	PLANTA IDEAL	Receptado	10000427	20/08/2026 03:14:40	P5T	12	12	0	VRZL40/PXJD34/10535392
49064	20/08/2026 03:07:05	PLANTA IDEAL	10000427	CEDIS IDE QUILICURA	Receptado	10033023	20/08/2026 06:26:16	BCH	500	500	0	TVTD 89/KYLZ 24/CHKL477202
49064	20/08/2026 03:07:05	PLANTA IDEAL	10000427	CEDIS IDE QUILICURA	Receptado	10033023	20/08/2026 06:26:16	BG	926	926	0	TVTD 89/KYLZ 24/CHKL477202
49064	20/08/2026 03:07:05	PLANTA IDEAL	10000427	CEDIS IDE QUILICURA	Receptado	10033023	20/08/2026 06:26:16	P5T	18	18	0	TVTD 89/KYLZ 24/CHKL477202
49065	20/08/2026 03:08:21	PLANTA IDEAL	10000427	CEDIS IDE QUILICURA	Receptado	10033023	20/08/2026 06:26:31	BG	120	120	0	TVTD 89/KYLZ 24/CHKL477203
49065	20/08/2026 03:08:21	PLANTA IDEAL	10000427	CEDIS IDE QUILICURA	Receptado	10033023	20/08/2026 06:26:31	P5T	2	2	0	TVTD 89/KYLZ 24/CHKL477203
49066	20/08/2026 03:09:31	PLANTA IDEAL	10000427	CEDIS IDE QUILICURA	Receptado	10033023	20/08/2026 06:26:45	BCH	74	74	0	TVTD 89/KYLZ 24/CHKL477405
49066	20/08/2026 03:09:31	PLANTA IDEAL	10000427	CEDIS IDE QUILICURA	Receptado	10033023	20/08/2026 06:26:45	BG	728	728	0	TVTD 89/KYLZ 24/CHKL477405
49066	20/08/2026 03:09:31	PLANTA IDEAL	10000427	CEDIS IDE QUILICURA	Receptado	10033023	20/08/2026 06:26:45	P5T	14	14	0	TVTD 89/KYLZ 24/CHKL477405
49067	20/08/2026 04:13:14	CEDIS IDE QUILICURA	10033023	MELIPILLA	Receptado	10291937	20/08/2026 09:44:10	BCH	21	21	0	TVTD89/PXJD33/HKOOB37644505
49067	20/08/2026 04:13:14	CEDIS IDE QUILICURA	10033023	MELIPILLA	Receptado	10291937	20/08/2026 09:44:10	BG	395	395	0	TVTD89/PXJD33/HKOOB37644505
47997	10/08/2026 07:24:14	TEMUCO	10344423	PLANTA CHILLAN	Receptado	10000416	10/08/2026 12:47:36	BG	640	624	16	LZRG89 /PXJF25 /10534831
47997	10/08/2026 07:24:14	TEMUCO	10344423	PLANTA CHILLAN	Receptado	10000416	10/08/2026 12:47:36	P5T	26	26	0	LZRG89 /PXJF25 /10534831
47999	10/08/2026 08:07:45	SAN FERNANDO	10004891	ECCOFEED SPA	Receptado	10487508	13/08/2026 16:31:54	BG	187	187	0	FHDT82/JJ4817/5390734
47999	10/08/2026 08:07:45	SAN FERNANDO	10004891	ECCOFEED SPA	Receptado	10487508	13/08/2026 16:31:54	P5T	4	4	0	FHDT82/JJ4817/5390734
48005	10/08/2026 09:03:22	LOS ANGELES	172705782	PLANTA CHILLAN	Receptado	10000416	10/08/2026 12:47:10	BCH	99	99	0	PFBS11/KDGH62/1
48005	10/08/2026 09:03:22	LOS ANGELES	172705782	PLANTA CHILLAN	Receptado	10000416	10/08/2026 12:47:10	BG	1280	1232	48	PFBS11/KDGH62/1
48005	10/08/2026 09:03:22	LOS ANGELES	172705782	PLANTA CHILLAN	Receptado	10000416	10/08/2026 12:47:10	P5T	24	24	0	PFBS11/KDGH62/1
48014	10/08/2026 12:25:07	CEDIS IDE QUILICURA	10033023	PUERTO MONTT	Receptado	10001696	11/08/2026 11:35:52	BG	780	780	0	PFBS17/KYRC26/HKOOB37592438
48014	10/08/2026 12:25:07	CEDIS IDE QUILICURA	10033023	PUERTO MONTT	Receptado	10001696	11/08/2026 11:35:52	P5T	13	13	0	PFBS17/KYRC26/HKOOB37592438
48185	11/08/2026 17:36:35	PLANTA IDEAL	10033115	CEDIS IDE QUILICURA	Receptado	10000798	11/08/2026 17:50:35	BG	1192	1192	0	49/49/CHKL476905
48185	11/08/2026 17:36:35	PLANTA IDEAL	10033115	CEDIS IDE QUILICURA	Receptado	10000798	11/08/2026 17:50:35	P5T	19	19	0	49/49/CHKL476905
48187	11/08/2026 17:46:50	LO ESPEJO	10458156	PLANTA IDEAL	Receptado	10033115	11/08/2026 18:58:47	BG	227	227	0	IDEAL/IDEAL/IDEAL
48782	17/08/2026 20:52:38	PLANTA IDEAL	10001082	CEDIS IDE QUILICURA	Receptado	10033023	17/08/2026 22:54:08	BG	984	984	0	1/1/CHKL477205
48782	17/08/2026 20:52:38	PLANTA IDEAL	10001082	CEDIS IDE QUILICURA	Receptado	10033023	17/08/2026 22:54:08	P5T	17	17	0	1/1/CHKL477205
48783	17/08/2026 21:05:48	LO ESPEJO	10458156	ECCOFEED SPA	Receptado	10487508	19/08/2026 10:59:30	BG	420	420	0	IDEAL/IDEAL/10178860-61-62
48783	17/08/2026 21:05:48	LO ESPEJO	10458156	ECCOFEED SPA	Receptado	10487508	19/08/2026 10:59:30	P5T	7	7	0	IDEAL/IDEAL/10178860-61-62
48785	17/08/2026 21:11:59	ANTOFAGASTA	10299402	CEDIS IDE QUILICURA	Receptado	10032939	19/08/2026 12:21:58	BG	857	857	0	vjwl65/pxkh33/10535269
48785	17/08/2026 21:11:59	ANTOFAGASTA	10299402	CEDIS IDE QUILICURA	Receptado	10032939	19/08/2026 12:21:58	P5T	16	16	0	vjwl65/pxkh33/10535269
48788	17/08/2026 21:19:25	CEDIS IDE QUILICURA	10001100	LO ESPEJO	Receptado	10461749	18/08/2026 01:57:49	BG	666	666	0	1/1/HKOOB37619667
48788	17/08/2026 21:19:25	CEDIS IDE QUILICURA	10001100	LO ESPEJO	Receptado	10461749	18/08/2026 01:57:49	P5T	12	12	0	1/1/HKOOB37619667
48789	17/08/2026 21:26:06	PLANTA IDEAL	10001082	CEDIS IDE QUILICURA	Receptado	10033023	17/08/2026 22:50:52	BCH	100	100	0	1/1/CHKL477169
48789	17/08/2026 21:26:06	PLANTA IDEAL	10001082	CEDIS IDE QUILICURA	Receptado	10033023	17/08/2026 22:50:52	BG	468	468	0	1/1/CHKL477169
48789	17/08/2026 21:26:06	PLANTA IDEAL	10001082	CEDIS IDE QUILICURA	Receptado	10033023	17/08/2026 22:50:52	P5T	8	8	0	1/1/CHKL477169
48790	17/08/2026 21:29:05	CONCEPCION	10001288	ECCOFEED SPA	Receptado	10487508	27/08/2026 10:45:42	BG	293	293	0	PJKT50/PWXK75/10535273
48790	17/08/2026 21:29:05	CONCEPCION	10001288	ECCOFEED SPA	Receptado	10487508	27/08/2026 10:45:42	P5T	5	5	0	PJKT50/PWXK75/10535273
48792	17/08/2026 23:31:53	PLANTA IDEAL	10000427	CEDIS IDE QUILICURA	Receptado	10033023	18/08/2026 01:20:42	BG	623	623	0	JKKJ 26/KYLZ 25/CHKL477170
48792	17/08/2026 23:31:53	PLANTA IDEAL	10000427	CEDIS IDE QUILICURA	Receptado	10033023	18/08/2026 01:20:42	P5T	19	19	0	JKKJ 26/KYLZ 25/CHKL477170
48792	17/08/2026 23:31:53	PLANTA IDEAL	10000427	CEDIS IDE QUILICURA	Receptado	10033023	18/08/2026 01:20:42	BCH	52	52	0	JKKJ 26/KYLZ 25/CHKL477170
48793	17/08/2026 23:33:55	PLANTA IDEAL	10000427	CEDIS IDE QUILICURA	Receptado	10033023	18/08/2026 01:20:23	BG	974	974	0	JKKJ 26/KYLZ 24/CHKL477225
48793	17/08/2026 23:33:55	PLANTA IDEAL	10000427	CEDIS IDE QUILICURA	Receptado	10033023	18/08/2026 01:20:23	P5T	20	20	0	JKKJ 26/KYLZ 24/CHKL477225
48794	18/08/2026 00:02:33	PLANTA IDEAL	10000427	CEDIS IDE QUILICURA	Receptado	10033023	18/08/2026 01:20:07	BG	738	738	0	49/KYLZ24/CHKL477149
48794	18/08/2026 00:02:33	PLANTA IDEAL	10000427	CEDIS IDE QUILICURA	Receptado	10033023	18/08/2026 01:20:07	P5T	16	16	0	49/KYLZ24/CHKL477149
48795	18/08/2026 00:32:12	PLANTA IDEAL	10000427	CEDIS IDE QUILICURA	Receptado	10033023	18/08/2026 01:19:46	BG	318	318	0	JKKJ26/KYLZ 24/CHKL477188
48795	18/08/2026 00:32:12	PLANTA IDEAL	10000427	CEDIS IDE QUILICURA	Receptado	10033023	18/08/2026 01:19:46	P5T	11	11	0	JKKJ26/KYLZ 24/CHKL477188
48796	18/08/2026 01:20:50	CEDIS IDE QUILICURA	10033023	RANCAGUA	Receptado	10000032	18/08/2026 07:55:22	BCH	40	40	0	CZYT30/JH3200/HKOOB37633047
48796	18/08/2026 01:20:50	CEDIS IDE QUILICURA	10033023	RANCAGUA	Receptado	10000032	18/08/2026 07:55:22	BG	1438	1438	0	CZYT30/JH3200/HKOOB37633047
48796	18/08/2026 01:20:50	CEDIS IDE QUILICURA	10033023	RANCAGUA	Receptado	10000032	18/08/2026 07:55:22	P5T	20	20	0	CZYT30/JH3200/HKOOB37633047
48798	18/08/2026 01:58:29	PLANTA IDEAL	10000427	CEDIS IDE QUILICURA	Receptado	10033023	18/08/2026 02:58:16	BG	924	924	0	JKKJ 26/KYLZ 25/CHKL477188
48798	18/08/2026 01:58:29	PLANTA IDEAL	10000427	CEDIS IDE QUILICURA	Receptado	10033023	18/08/2026 02:58:16	P5T	17	17	0	JKKJ 26/KYLZ 25/CHKL477188
48799	18/08/2026 01:59:27	PLANTA IDEAL	10000427	CEDIS IDE QUILICURA	Receptado	10033023	18/08/2026 02:57:59	BG	779	779	0	JKKJ 26/KYLZ 24/CHKL477189
48799	18/08/2026 01:59:27	PLANTA IDEAL	10000427	CEDIS IDE QUILICURA	Receptado	10033023	18/08/2026 02:57:59	P5T	17	17	0	JKKJ 26/KYLZ 24/CHKL477189
48800	18/08/2026 01:59:06	CEDIS IDE QUILICURA	10033023	VIÑA DEL MAR	Receptado	10450104	18/08/2026 04:20:11	BCH	118	118	0	STJR25/PXJD33/HKOOB37635361
48800	18/08/2026 01:59:06	CEDIS IDE QUILICURA	10033023	VIÑA DEL MAR	Receptado	10450104	18/08/2026 04:20:11	BG	1105	1105	0	STJR25/PXJD33/HKOOB37635361
48800	18/08/2026 01:59:06	CEDIS IDE QUILICURA	10033023	VIÑA DEL MAR	Receptado	10450104	18/08/2026 04:20:11	P5T	20	20	0	STJR25/PXJD33/HKOOB37635361
48801	18/08/2026 02:25:27	CEDIS IDE QUILICURA	10033023	LO ESPEJO	Receptado	10461749	19/08/2026 04:36:10	BG	796	796	0	VRZL40/PWVW35/HKOOB37635365
48801	18/08/2026 02:25:27	CEDIS IDE QUILICURA	10033023	LO ESPEJO	Receptado	10461749	19/08/2026 04:36:10	P5T	12	12	0	VRZL40/PWVW35/HKOOB37635365
48802	18/08/2026 02:36:39	CEDIS IDE QUILICURA	10033023	SALON LO ESPEJO	Receptado	10000848	19/08/2026 14:39:10	BG	17	17	0	,/,/CHKO383326
48802	18/08/2026 02:36:39	CEDIS IDE QUILICURA	10033023	SALON LO ESPEJO	Receptado	10000848	19/08/2026 14:39:10	P5T	1	0	1	,/,/CHKO383326
48803	18/08/2026 02:44:32	CEDIS IDE QUILICURA	10033023	SALON EL CORTIJO	Receptado	10000989	18/08/2026 17:19:41	BG	4	4	0	,/,/CHKO383268
48803	18/08/2026 02:44:32	CEDIS IDE QUILICURA	10033023	SALON EL CORTIJO	Receptado	10000989	18/08/2026 17:19:41	P5T	1	0	1	,/,/CHKO383268
48807	18/08/2026 03:00:53	CEDIS IDE QUILICURA	10033023	SALON PEDRO DE VALDIVIA	Receptado	10000349	19/08/2026 14:57:17	BG	17	17	0	1/1/CHKO383329
48807	18/08/2026 03:00:53	CEDIS IDE QUILICURA	10033023	SALON PEDRO DE VALDIVIA	Receptado	10000349	19/08/2026 14:57:17	P5T	1	0	1	1/1/CHKO383329
48809	18/08/2026 03:21:46	CEDIS IDE QUILICURA	10033023	ANTOFAGASTA	Receptado	10299402	19/08/2026 10:53:06	BCH	153	153	0	vjwl66/pxkh33/HKOOB37635377
48809	18/08/2026 03:21:46	CEDIS IDE QUILICURA	10033023	ANTOFAGASTA	Receptado	10299402	19/08/2026 10:53:06	BG	1090	1090	0	vjwl66/pxkh33/HKOOB37635377
48809	18/08/2026 03:21:46	CEDIS IDE QUILICURA	10033023	ANTOFAGASTA	Receptado	10299402	19/08/2026 10:53:06	P5T	27	27	0	vjwl66/pxkh33/HKOOB37635377
48810	18/08/2026 03:39:13	CEDIS IDE QUILICURA	10033023	SALON CEDIS	Receptado	10000848-1	19/08/2026 14:09:13	BG	20	20	0	,/,/CHKO383269
48810	18/08/2026 03:39:13	CEDIS IDE QUILICURA	10033023	SALON CEDIS	Receptado	10000848-1	19/08/2026 14:09:13	P5T	1	0	1	,/,/CHKO383269
48811	18/08/2026 03:54:13	CEDIS IDE QUILICURA	10033023	PUERTO MONTT	Receptado	10001696	19/08/2026 10:48:52	BG	1390	1385	5	LCTB56/PTYJ57/HKOOB37633046
48811	18/08/2026 03:54:13	CEDIS IDE QUILICURA	10033023	PUERTO MONTT	Receptado	10001696	19/08/2026 10:48:52	P5T	20	20	0	LCTB56/PTYJ57/HKOOB37633046
48812	18/08/2026 03:58:56	GRANDES CLIENTES	10001251	CEDIS IDE QUILICURA	Receptado	10033023	18/08/2026 04:25:51	P5T	24	24	0	0/0/0
48814	18/08/2026 04:22:32	CEDIS IDE QUILICURA	10033023	MELIPILLA	Receptado	10291937	18/08/2026 08:07:34	BG	1293	1477	-184	BWPL16/JK3213/HKOOB37633054
48814	18/08/2026 04:22:32	CEDIS IDE QUILICURA	10033023	MELIPILLA	Receptado	10291937	18/08/2026 08:07:34	P5T	23	28	-5	BWPL16/JK3213/HKOOB37633054
48817	18/08/2026 05:03:54	CEDIS IDE QUILICURA	10033023	RANCAGUA	Receptado	10000032	18/08/2026 08:48:33	BCH	1	1	0	TVTD89/KYPH95/HKOOB37633048
48817	18/08/2026 05:03:54	CEDIS IDE QUILICURA	10033023	RANCAGUA	Receptado	10000032	18/08/2026 08:48:33	BG	1126	1126	0	TVTD89/KYPH95/HKOOB37633048
48817	18/08/2026 05:03:54	CEDIS IDE QUILICURA	10033023	RANCAGUA	Receptado	10000032	18/08/2026 08:48:33	P5T	21	21	0	TVTD89/KYPH95/HKOOB37633048
48818	18/08/2026 05:26:09	CEDIS IDE QUILICURA	10033023	LOS ANDES	Receptado	10486010	20/08/2026 08:38:12	BCH	23	23	0	WD9161/JL9607/HKOOB37633052
48818	18/08/2026 05:26:09	CEDIS IDE QUILICURA	10033023	LOS ANDES	Receptado	10486010	20/08/2026 08:38:12	BG	1180	1180	0	WD9161/JL9607/HKOOB37633052
48818	18/08/2026 05:26:09	CEDIS IDE QUILICURA	10033023	LOS ANDES	Receptado	10486010	20/08/2026 08:38:12	P5T	19	19	0	WD9161/JL9607/HKOOB37633052
48819	18/08/2026 05:56:41	CEDIS IDE QUILICURA	10033023	QUILICURA	Receptado	10397048	19/08/2026 10:11:21	BG	1674	1674	0	,/,/CHKO383249
48819	18/08/2026 05:56:41	CEDIS IDE QUILICURA	10033023	QUILICURA	Receptado	10397048	19/08/2026 10:11:21	P5T	38	38	0	,/,/CHKO383249
48820	18/08/2026 06:13:18	PLANTA IDEAL	10000427	CEDIS IDE QUILICURA	Receptado	10033023	18/08/2026 06:38:09	BG	812	812	0	JKKJ 26/KYLZ 25/CHKL477227
48820	18/08/2026 06:13:18	PLANTA IDEAL	10000427	CEDIS IDE QUILICURA	Receptado	10033023	18/08/2026 06:38:09	P5T	15	15	0	JKKJ 26/KYLZ 25/CHKL477227
48822	18/08/2026 06:29:36	CEDIS IDE QUILICURA	10033023	LO ESPEJO	Receptado	10461749	19/08/2026 04:46:19	BG	1320	1320	0	STJR25/HXDF12/HKOOB37635367
48822	18/08/2026 06:29:36	CEDIS IDE QUILICURA	10033023	LO ESPEJO	Receptado	10461749	19/08/2026 04:46:19	P5T	20	20	0	STJR25/HXDF12/HKOOB37635367
48824	18/08/2026 07:20:55	VALDIVIA	10421004	PLANTA CHILLAN	Receptado	10000416	18/08/2026 18:32:25	BCH	103	103	0	PJJV10/KDGH62/0
48824	18/08/2026 07:20:55	VALDIVIA	10421004	PLANTA CHILLAN	Receptado	10000416	18/08/2026 18:32:25	BG	1200	1200	0	PJJV10/KDGH62/0
48824	18/08/2026 07:20:55	VALDIVIA	10421004	PLANTA CHILLAN	Receptado	10000416	18/08/2026 18:32:25	P5T	15	15	0	PJJV10/KDGH62/0
48825	18/08/2026 07:22:49	CHILLAN	10301699	PLANTA CHILLAN	Receptado	10000416	18/08/2026 18:33:00	BG	1282	1200	82	LTGY83/PWWC54/10535272
48825	18/08/2026 07:22:49	CHILLAN	10301699	PLANTA CHILLAN	Receptado	10000416	18/08/2026 18:33:00	BCH	88	88	0	LTGY83/PWWC54/10535272
48825	18/08/2026 07:22:49	CHILLAN	10301699	PLANTA CHILLAN	Receptado	10000416	18/08/2026 18:33:00	P5T	23	23	0	LTGY83/PWWC54/10535272
48830	18/08/2026 07:36:53	MELIPILLA	10291937	PLANTA IDEAL	Receptado	10033115	18/08/2026 10:51:58	BCH	24	24	0	 JK-3213/-/10535268
48830	18/08/2026 07:36:53	MELIPILLA	10291937	PLANTA IDEAL	Receptado	10033115	18/08/2026 10:51:58	BG	1144	1144	0	 JK-3213/-/10535268
47880	08/08/2026 06:34:04	CEDIS IDE QUILICURA	10161182	QUILICURA	Receptado	101196341	09/08/2026 07:23:53	BCH	4	4	0	1/1/CHKO382744
47880	08/08/2026 06:34:04	CEDIS IDE QUILICURA	10161182	QUILICURA	Receptado	101196341	09/08/2026 07:23:53	BG	1405	1405	0	1/1/CHKO382744
47880	08/08/2026 06:34:04	CEDIS IDE QUILICURA	10161182	QUILICURA	Receptado	101196341	09/08/2026 07:23:53	P5T	39	39	0	1/1/CHKO382744
47883	08/08/2026 07:20:13	CHILLAN	10301699	PLANTA CHILLAN	Receptado	10000416	10/08/2026 11:08:49	P5T	22	22	0	PJKT50/PWXK75/10534786
47883	08/08/2026 07:20:13	CHILLAN	10301699	PLANTA CHILLAN	Receptado	10000416	10/08/2026 11:08:49	BCH	90	90	0	PJKT50/PWXK75/10534786
47884	08/08/2026 07:22:13	CHILLAN	10301699	ECCOFEED SPA	Receptado	10487508	14/08/2026 08:43:37	BG	136	136	0	PJKT50/PWXK75/10534787
47884	08/08/2026 07:22:13	CHILLAN	10301699	ECCOFEED SPA	Receptado	10487508	14/08/2026 08:43:37	P5T	3	3	0	PJKT50/PWXK75/10534787
48141	11/08/2026 09:06:46	RANCAGUA	10000032	ECCOFEED SPA	Receptado	10487508	13/08/2026 16:34:42	BG	118	118	0	DRPH-69/JJ-4819/10534895
48141	11/08/2026 09:06:46	RANCAGUA	10000032	ECCOFEED SPA	Receptado	10487508	13/08/2026 16:34:42	P5T	2	2	0	DRPH-69/JJ-4819/10534895
48148	11/08/2026 09:27:10	PLANTA IDEAL	10000427	CEDIS IDE QUILICURA	Receptado	10033023	11/08/2026 11:07:17	BG	948	948	0	JKKJ 26/KYLZ 24/CHKL476830
48148	11/08/2026 09:27:10	PLANTA IDEAL	10000427	CEDIS IDE QUILICURA	Receptado	10033023	11/08/2026 11:07:17	P5T	19	19	0	JKKJ 26/KYLZ 24/CHKL476830
48341	12/08/2026 20:36:58	PLANTA IDEAL	10033115	CEDIS IDE QUILICURA	Receptado	10000798	12/08/2026 21:09:39	BG	1008	1008	0	49/49/CHKL476967
48341	12/08/2026 20:36:58	PLANTA IDEAL	10033115	CEDIS IDE QUILICURA	Receptado	10000798	12/08/2026 21:09:39	P5T	13	13	0	49/49/CHKL476967
48346	12/08/2026 20:44:18	GRANDES CLIENTES	10000772	ECCOFEED SPA	Receptado	10487508	13/08/2026 16:38:24	BG	149	149	0	1/1/11690079-80
48346	12/08/2026 20:44:18	GRANDES CLIENTES	10000772	ECCOFEED SPA	Receptado	10487508	13/08/2026 16:38:24	P5T	4	4	0	1/1/11690079-80
48590	14/08/2026 14:29:14	SALON QUILICURA	10000981	QUILICURA	Receptado	101196341	14/08/2026 17:12:29	BG	25	25	0	0/0/0
48594	14/08/2026 15:44:08	CEDIS IDE QUILICURA	10032939	LO ESPEJO	Receptado	10461749	15/08/2026 03:15:17	BG	861	861	0	1/1/HKOOB37613744
48594	14/08/2026 15:44:08	CEDIS IDE QUILICURA	10032939	LO ESPEJO	Receptado	10461749	15/08/2026 03:15:17	P5T	13	13	0	1/1/HKOOB37613744
48604	14/08/2026 18:12:09	CEDIS IDE QUILICURA	10032939	EL PINAR	Receptado	10149777	15/08/2026 00:10:47	BG	527	527	0	1/1/HKOOB37618197
48604	14/08/2026 18:12:09	CEDIS IDE QUILICURA	10032939	EL PINAR	Receptado	10149777	15/08/2026 00:10:47	P5T	8	8	0	1/1/HKOOB37618197
48673	15/08/2026 08:00:56	CEDIS IDE QUILICURA	10033023	LO ESPEJO	Receptado	10461749	17/08/2026 06:18:41	BG	1064	1064	0	STJR25/JG5632/HKOOB37619435
48673	15/08/2026 08:00:56	CEDIS IDE QUILICURA	10033023	LO ESPEJO	Receptado	10461749	17/08/2026 06:18:41	P5T	17	17	0	STJR25/JG5632/HKOOB37619435
48675	15/08/2026 07:50:50	COPIAPO	10405300	ECCOFEED SPA	Receptado	10487508	19/08/2026 10:55:57	BG	128	128	0	PFBS17/KYLH53/8616013
48675	15/08/2026 07:50:50	COPIAPO	10405300	ECCOFEED SPA	Receptado	10487508	19/08/2026 10:55:57	P5T	2	2	0	PFBS17/KYLH53/8616013
49067	20/08/2026 04:13:14	CEDIS IDE QUILICURA	10033023	MELIPILLA	Receptado	10291937	20/08/2026 09:44:10	P5T	11	11	0	TVTD89/PXJD33/HKOOB37644505
49092	20/08/2026 08:09:03	CONCEPCION	10001026	CEDIS IDE QUILICURA	Receptado	10161182	20/08/2026 16:34:59	BG	1168	1168	0	VJWL-64/PXKH-32/10535406
49092	20/08/2026 08:09:03	CONCEPCION	10001026	CEDIS IDE QUILICURA	Receptado	10161182	20/08/2026 16:34:59	P5T	17	17	0	VJWL-64/PXKH-32/10535406
49101	20/08/2026 09:33:59	LOS ANDES	10486010	ECCOFEED SPA	Receptado	10487508	25/08/2026 17:07:03	BG	300	300	0	LWBV-80/LWBV-80/11735885
49101	20/08/2026 09:33:59	LOS ANDES	10486010	ECCOFEED SPA	Receptado	10487508	25/08/2026 17:07:03	P5T	8	8	0	LWBV-80/LWBV-80/11735885
49107	20/08/2026 11:27:45	CEDIS IDE QUILICURA	10032939	PUERTO MONTT	Receptado	10001696	21/08/2026 12:31:50	BG	910	853	57	1/1/HKOOB37647363
49107	20/08/2026 11:27:45	CEDIS IDE QUILICURA	10032939	PUERTO MONTT	Receptado	10001696	21/08/2026 12:31:50	P5T	10	10	0	1/1/HKOOB37647363
49108	20/08/2026 11:38:32	CEDIS IDE QUILICURA	10032939	PUERTO MONTT	Receptado	10001696	21/08/2026 12:32:34	BG	56	56	0	1/1/HKOOB37647363
49108	20/08/2026 11:38:32	CEDIS IDE QUILICURA	10032939	PUERTO MONTT	Receptado	10001696	21/08/2026 12:32:34	P5T	2	2	0	1/1/HKOOB37647363
49109	20/08/2026 12:26:31	LO ESPEJO	10458156	LA LIGUA	Receptado	10006353	21/08/2026 12:51:50	BG	672	672	0	IDEAL/IDEAL/10535422
49109	20/08/2026 12:26:31	LO ESPEJO	10458156	LA LIGUA	Receptado	10006353	21/08/2026 12:51:50	P5T	9	9	0	IDEAL/IDEAL/10535422
49111	20/08/2026 12:47:00	PLANTA IDEAL	10033115	CEDIS IDE QUILICURA	Receptado	10032939	20/08/2026 13:39:04	BG	1199	1199	0	49/49/CHKL477318
49111	20/08/2026 12:47:00	PLANTA IDEAL	10033115	CEDIS IDE QUILICURA	Receptado	10032939	20/08/2026 13:39:04	P5T	18	18	0	49/49/CHKL477318
49114	20/08/2026 13:04:41	PLANTA IDEAL	10033115	CEDIS IDE QUILICURA	Receptado	10032939	20/08/2026 13:39:30	BG	1164	1164	0	49/49/CHKL477331
49114	20/08/2026 13:04:41	PLANTA IDEAL	10033115	CEDIS IDE QUILICURA	Receptado	10032939	20/08/2026 13:39:30	P5T	15	15	0	49/49/CHKL477331
49117	20/08/2026 13:09:28	PLANTA IDEAL	10033115	CEDIS IDE QUILICURA	Receptado	10032939	20/08/2026 13:40:59	P5T	4	4	0	50/50/CHKL477319
49121	20/08/2026 13:19:45	GRANDES CLIENTES	10000772	PLANTA IDEAL	Receptado	10001082	20/08/2026 14:56:32	BCH	600	600	0	JF4261/JF4261/10535428
49121	20/08/2026 13:19:45	GRANDES CLIENTES	10000772	PLANTA IDEAL	Receptado	10001082	20/08/2026 14:56:32	BG	480	480	0	JF4261/JF4261/10535428
49121	20/08/2026 13:19:45	GRANDES CLIENTES	10000772	PLANTA IDEAL	Receptado	10001082	20/08/2026 14:56:32	P5T	57	56	1	JF4261/JF4261/10535428
49122	20/08/2026 13:15:33	PLANTA IDEAL	10033115	CEDIS IDE QUILICURA	Receptado	10032939	20/08/2026 13:41:57	BG	1320	1320	0	50/50/CHKL477390
49122	20/08/2026 13:15:33	PLANTA IDEAL	10033115	CEDIS IDE QUILICURA	Receptado	10032939	20/08/2026 13:41:57	P5T	15	15	0	50/50/CHKL477390
49126	20/08/2026 14:08:32	TALCA	10000096	PLANTA IDEAL	Receptado	10001082	20/08/2026 15:27:23	BCH	100	100	0	PFBS 17/KYLH 17/0
49126	20/08/2026 14:08:32	TALCA	10000096	PLANTA IDEAL	Receptado	10001082	20/08/2026 15:27:23	BG	420	420	0	PFBS 17/KYLH 17/0
49126	20/08/2026 14:08:32	TALCA	10000096	PLANTA IDEAL	Receptado	10001082	20/08/2026 15:27:23	P5T	6	6	0	PFBS 17/KYLH 17/0
49128	20/08/2026 14:57:09	CEDIS IDE QUILICURA	10161182	DISTRIBUIDOR CORCORAN	Receptado	10005088	04/09/2026 19:08:01	BG	1253	1253	0	JHFV81/PWZW83/CHKO383388
49129	20/08/2026 15:06:59	PLANTA IDEAL	10001082	CEDIS IDE QUILICURA	Receptado	10161182	20/08/2026 15:49:18	BG	1260	1260	0	1/1/CHKL477322
49129	20/08/2026 15:06:59	PLANTA IDEAL	10001082	CEDIS IDE QUILICURA	Receptado	10161182	20/08/2026 15:49:18	P5T	19	19	0	1/1/CHKL477322
49132	20/08/2026 15:28:11	PLANTA IDEAL	10001082	CEDIS IDE QUILICURA	Receptado	10161182	20/08/2026 16:18:11	BG	1120	1120	0	1/1/CHKL477391
49132	20/08/2026 15:28:11	PLANTA IDEAL	10001082	CEDIS IDE QUILICURA	Receptado	10161182	20/08/2026 16:18:11	P5T	16	16	0	1/1/CHKL477391
49134	20/08/2026 16:00:09	EL PINAR	10149777	ECCOFEED SPA	Receptado	10487508	25/08/2026 17:07:18	BG	166	166	0	idea/ideal/12577768
49134	20/08/2026 16:00:09	EL PINAR	10149777	ECCOFEED SPA	Receptado	10487508	25/08/2026 17:07:18	P5T	3	3	0	idea/ideal/12577768
48003	10/08/2026 08:54:25	PLANTA IDEAL	10000427	CEDIS IDE QUILICURA	Receptado	10000980	10/08/2026 13:29:46	BG	754	754	0	JKKJ 26/KYLZ 24/CHKL476764
48003	10/08/2026 08:54:25	PLANTA IDEAL	10000427	CEDIS IDE QUILICURA	Receptado	10000980	10/08/2026 13:29:46	P5T	19	19	0	JKKJ 26/KYLZ 24/CHKL476764
48004	10/08/2026 08:57:00	RANCAGUA	10000032	PLANTA IDEAL	Receptado	10000427	10/08/2026 12:07:55	BG	285	288	-3	DRPH-69/JJ-4819/10534836
48004	10/08/2026 08:57:00	RANCAGUA	10000032	PLANTA IDEAL	Receptado	10000427	10/08/2026 12:07:55	P5T	25	20	5	DRPH-69/JJ-4819/10534836
48195	11/08/2026 19:11:29	MELIPILLA	10469278	QUILICURA	Receptado	10325722	12/08/2026 21:21:49	BG	27	27	0	Quilicura/Quilicura/N°12661410
48195	11/08/2026 19:11:29	MELIPILLA	10469278	QUILICURA	Receptado	10325722	12/08/2026 21:21:49	P5T	1	1	0	Quilicura/Quilicura/N°12661410
48211	11/08/2026 20:48:23	PLANTA IDEAL	10033115	CEDIS IDE QUILICURA	Receptado	10000798	11/08/2026 21:42:27	BG	1113	1113	0	49/49/CHKL476822
48211	11/08/2026 20:48:23	PLANTA IDEAL	10033115	CEDIS IDE QUILICURA	Receptado	10000798	11/08/2026 21:42:27	P5T	17	17	0	49/49/CHKL476822
48214	11/08/2026 21:31:06	QUILICURA	10325722	ECCOFEED SPA	Receptado	10487508	13/08/2026 16:35:36	BG	217	217	0	00/00/000
48214	11/08/2026 21:31:06	QUILICURA	10325722	ECCOFEED SPA	Receptado	10487508	13/08/2026 16:35:36	P5T	4	4	0	00/00/000
48215	11/08/2026 21:40:57	CEDIS IDE QUILICURA	10000798	GRANDES CLIENTES	Receptado	10001251	12/08/2026 00:05:39	BCH	168	168	0	IDEAL/IDEAL/CHKO382947
48215	11/08/2026 21:40:57	CEDIS IDE QUILICURA	10000798	GRANDES CLIENTES	Receptado	10001251	12/08/2026 00:05:39	BG	1001	1001	0	IDEAL/IDEAL/CHKO382947
48215	11/08/2026 21:40:57	CEDIS IDE QUILICURA	10000798	GRANDES CLIENTES	Receptado	10001251	12/08/2026 00:05:39	P5T	19	19	0	IDEAL/IDEAL/CHKO382947
48219	11/08/2026 21:48:43	EL PINAR	10149777	PLANTA IDEAL	Receptado	10001082	12/08/2026 04:18:18	BG	1020	1020	0	ideal/ideal/10534961
48219	11/08/2026 21:48:43	EL PINAR	10149777	PLANTA IDEAL	Receptado	10001082	12/08/2026 04:18:18	P5T	11	11	0	ideal/ideal/10534961
48225	11/08/2026 22:40:22	LO ESPEJO	10461749	ECCOFEED SPA	Receptado	10487508	13/08/2026 16:36:25	BG	451	451	0	001/001/10173718
48225	11/08/2026 22:40:22	LO ESPEJO	10461749	ECCOFEED SPA	Receptado	10487508	13/08/2026 16:36:25	P5T	8	8	0	001/001/10173718
48226	11/08/2026 23:14:27	VIÑA DEL MAR	10450104	PLANTA IDEAL	Receptado	10000427	12/08/2026 10:33:25	BG	1440	1440	0	TVTD89/PXJD33/10534962
48226	11/08/2026 23:14:27	VIÑA DEL MAR	10450104	PLANTA IDEAL	Receptado	10000427	12/08/2026 10:33:25	P5T	11	11	0	TVTD89/PXJD33/10534962
48230	12/08/2026 00:11:18	PLANTA IDEAL	10001082	CEDIS IDE QUILICURA	Receptado	10001100	12/08/2026 03:03:12	BG	1260	1260	0	1/1/CHKL476854
48230	12/08/2026 00:11:18	PLANTA IDEAL	10001082	CEDIS IDE QUILICURA	Receptado	10001100	12/08/2026 03:03:12	P5T	21	21	0	1/1/CHKL476854
48522	14/08/2026 01:07:41	CEDIS IDE QUILICURA	10001100	LO ESPEJO	Receptado	10461749	15/08/2026 03:13:30	BG	861	861	0	1/1/HKOOB37613738
48522	14/08/2026 01:07:41	CEDIS IDE QUILICURA	10001100	LO ESPEJO	Receptado	10461749	15/08/2026 03:13:30	P5T	14	14	0	1/1/HKOOB37613738
48830	18/08/2026 07:36:53	MELIPILLA	10291937	PLANTA IDEAL	Receptado	10033115	18/08/2026 10:51:58	P5T	37	37	0	 JK-3213/-/10535268
48836	18/08/2026 08:22:41	LA SERENA	10444394	PLANTA IDEAL	Receptado	10001082	18/08/2026 20:31:42	BCH	200	200	0	PCLZ36/PWZH34/10535286
48836	18/08/2026 08:22:41	LA SERENA	10444394	PLANTA IDEAL	Receptado	10001082	18/08/2026 20:31:42	BG	1056	1087	-31	PCLZ36/PWZH34/10535286
48836	18/08/2026 08:22:41	LA SERENA	10444394	PLANTA IDEAL	Receptado	10001082	18/08/2026 20:31:42	P5T	14	14	0	PCLZ36/PWZH34/10535286
48838	18/08/2026 08:24:42	LA SERENA	10444394	ECCOFEED SPA	Receptado	10487508	25/08/2026 17:02:02	BG	137	137	0	PCLZ36/PWZH34/11477447
48838	18/08/2026 08:24:42	LA SERENA	10444394	ECCOFEED SPA	Receptado	10487508	25/08/2026 17:02:02	P5T	2	2	0	PCLZ36/PWZH34/11477447
48840	18/08/2026 08:33:15	CONCEPCION	10001026	CEDIS IDE QUILICURA	Receptado	10001100	18/08/2026 17:24:08	BCH	151	151	0	VJWL-64/PXKH-32/10535289
48840	18/08/2026 08:33:15	CONCEPCION	10001026	CEDIS IDE QUILICURA	Receptado	10001100	18/08/2026 17:24:08	BG	1580	1580	0	VJWL-64/PXKH-32/10535289
48840	18/08/2026 08:33:15	CONCEPCION	10001026	CEDIS IDE QUILICURA	Receptado	10001100	18/08/2026 17:24:08	P5T	26	26	0	VJWL-64/PXKH-32/10535289
48841	18/08/2026 08:34:52	COPIAPO	10405300	ECCOFEED SPA	Receptado	10487508	27/08/2026 10:09:09	BG	27	27	0	PSLY27/PTYJ84/8616125
48841	18/08/2026 08:34:52	COPIAPO	10405300	ECCOFEED SPA	Receptado	10487508	27/08/2026 10:09:09	P5T	1	1	0	PSLY27/PTYJ84/8616125
48846	18/08/2026 09:43:58	CONCEPCION	10001026	PLANTA IDEAL	Receptado	10001082	18/08/2026 21:35:56	BCH	192	192	0	PJKT-50/PWXK-75/10535295
48846	18/08/2026 09:43:58	CONCEPCION	10001026	PLANTA IDEAL	Receptado	10001082	18/08/2026 21:35:56	BG	1656	1656	0	PJKT-50/PWXK-75/10535295
48846	18/08/2026 09:43:58	CONCEPCION	10001026	PLANTA IDEAL	Receptado	10001082	18/08/2026 21:35:56	P5T	19	19	0	PJKT-50/PWXK-75/10535295
48847	18/08/2026 10:28:20	PLANTA CHILLAN	10000416	CEDIS IDE QUILICURA	Receptado	10033023	18/08/2026 23:22:50	BG	1440	1440	0	LGTY83/PWWC54/CGAX00043382
48847	18/08/2026 10:28:20	PLANTA CHILLAN	10000416	CEDIS IDE QUILICURA	Receptado	10033023	18/08/2026 23:22:50	P5T	24	24	0	LGTY83/PWWC54/CGAX00043382
48849	18/08/2026 11:35:14	CEDIS IDE QUILICURA	10032939	CHILLAN	Receptado	10301699	19/08/2026 08:25:12	BG	1241	1241	0	1/1/HKOOB37633056
48849	18/08/2026 11:35:14	CEDIS IDE QUILICURA	10032939	CHILLAN	Receptado	10301699	19/08/2026 08:25:12	P5T	25	25	0	1/1/HKOOB37633056
47860	08/08/2026 02:51:23	CEDIS IDE QUILICURA	10161182	LO ESPEJO	Receptado	10458156	08/08/2026 16:05:33	BG	810	810	0	VRZL40/PWVX27/HKOOB37580154
47860	08/08/2026 02:51:23	CEDIS IDE QUILICURA	10161182	LO ESPEJO	Receptado	10458156	08/08/2026 16:05:33	P5T	13	13	0	VRZL40/PWVX27/HKOOB37580154
47861	08/08/2026 03:02:49	PLANTA IDEAL	10033115	CEDIS IDE QUILICURA	Receptado	10161182	08/08/2026 04:37:23	BG	1296	1296	0	49/49/CHKL476606
47861	08/08/2026 03:02:49	PLANTA IDEAL	10033115	CEDIS IDE QUILICURA	Receptado	10161182	08/08/2026 04:37:23	P5T	22	22	0	49/49/CHKL476606
47873	08/08/2026 05:31:10	CEDIS IDE QUILICURA	10161182	IQUIQUE	Receptado	10012419	10/08/2026 13:28:29	BCH	35	35	0	PSLY27/PWZP17/HKOOB37584735
47873	08/08/2026 05:31:10	CEDIS IDE QUILICURA	10161182	IQUIQUE	Receptado	10012419	10/08/2026 13:28:29	BG	451	451	0	PSLY27/PWZP17/HKOOB37584735
47873	08/08/2026 05:31:10	CEDIS IDE QUILICURA	10161182	IQUIQUE	Receptado	10012419	10/08/2026 13:28:29	P5T	7	7	0	PSLY27/PWZP17/HKOOB37584735
47874	08/08/2026 05:37:44	PLANTA IDEAL	10033115	CEDIS IDE QUILICURA	Receptado	10161182	08/08/2026 09:25:47	P5T	10	10	0	49/49/CHKL476550
47875	08/08/2026 05:39:32	PLANTA IDEAL	10033115	CEDIS IDE QUILICURA	Receptado	10161182	08/08/2026 09:26:17	BG	708	708	0	49/49/CHKL476608
47875	08/08/2026 05:39:32	PLANTA IDEAL	10033115	CEDIS IDE QUILICURA	Receptado	10161182	08/08/2026 09:26:17	P5T	14	14	0	49/49/CHKL476608
47877	08/08/2026 05:40:48	PLANTA IDEAL	10033115	CEDIS IDE QUILICURA	Receptado	10161182	08/08/2026 09:26:35	BG	1008	1008	0	49/49/CHKL476551
47877	08/08/2026 05:40:48	PLANTA IDEAL	10033115	CEDIS IDE QUILICURA	Receptado	10161182	08/08/2026 09:26:35	P5T	19	19	0	49/49/CHKL476551
48350	12/08/2026 20:55:46	EL PINAR	10149777	PLANTA IDEAL	Receptado	10001082	13/08/2026 02:03:43	P5T	3	3	0	ideal/ideal/10535069
48382	13/08/2026 03:13:36	CEDIS IDE QUILICURA	10001100	ANTOFAGASTA	Receptado	10005088	17/08/2026 09:37:10	BG	2040	2040	0	1/1/HKOOB37609440
48382	13/08/2026 03:13:36	CEDIS IDE QUILICURA	10001100	ANTOFAGASTA	Receptado	10005088	17/08/2026 09:37:10	P5T	24	24	0	1/1/HKOOB37609440
48549	14/08/2026 07:44:21	TEMUCO	10344423	PLANTA CHILLAN	Receptado	10000416	14/08/2026 11:55:00	BG	1280	1276	4	PJJV11 /PTYJ59 /10535146
48549	14/08/2026 07:44:21	TEMUCO	10344423	PLANTA CHILLAN	Receptado	10000416	14/08/2026 11:55:00	P5T	32	18	14	PJJV11 /PTYJ59 /10535146
48553	14/08/2026 08:00:08	MELIPILLA	10291937	ECCOFEED SPA	Receptado	10487508	19/08/2026 10:30:39	BG	109	109	0	STJR-25/-/12662091-92
48553	14/08/2026 08:00:08	MELIPILLA	10291937	ECCOFEED SPA	Receptado	10487508	19/08/2026 10:30:39	P5T	2	2	0	STJR-25/-/12662091-92
48561	14/08/2026 08:15:01	VALDIVIA	10421004	PLANTA CHILLAN	Receptado	10000416	17/08/2026 09:42:13	BG	480	480	0	0/0/0
48561	14/08/2026 08:15:01	VALDIVIA	10421004	PLANTA CHILLAN	Receptado	10000416	17/08/2026 09:42:13	P5T	6	6	0	0/0/0
48567	14/08/2026 08:54:07	PLANTA IDEAL	10000427	CEDIS IDE QUILICURA	Receptado	10033023	14/08/2026 13:51:41	BG	960	960	0	FYLB 83/KYLZ 24/CHKL476995
48567	14/08/2026 08:54:07	PLANTA IDEAL	10000427	CEDIS IDE QUILICURA	Receptado	10033023	14/08/2026 13:51:41	P5T	17	17	0	FYLB 83/KYLZ 24/CHKL476995
48580	14/08/2026 11:29:20	PLANTA IDEAL	10000427	CEDIS IDE QUILICURA	Receptado	10033023	14/08/2026 13:52:56	BG	1176	1176	0	JKKJ 26/KYLZ 25/CHKL476942
48580	14/08/2026 11:29:20	PLANTA IDEAL	10000427	CEDIS IDE QUILICURA	Receptado	10033023	14/08/2026 13:52:56	P5T	20	20	0	JKKJ 26/KYLZ 25/CHKL476942
48583	14/08/2026 12:09:43	CEDIS IDE QUILICURA	10033023	LO ESPEJO	Receptado	10461749	15/08/2026 03:15:01	BG	690	690	0	TVTD89/JG5632/HKOOB37613743
48583	14/08/2026 12:09:43	CEDIS IDE QUILICURA	10033023	LO ESPEJO	Receptado	10461749	15/08/2026 03:15:01	P5T	8	8	0	TVTD89/JG5632/HKOOB37613743
48585	14/08/2026 13:02:08	CEDIS IDE QUILICURA	10033023	MELIPILLA	Receptado	10469278	14/08/2026 16:08:56	BCH	23	23	0	VRZL40/JG-5630/HKOOB37616386
48585	14/08/2026 13:02:08	CEDIS IDE QUILICURA	10033023	MELIPILLA	Receptado	10469278	14/08/2026 16:08:56	BG	926	926	0	VRZL40/JG-5630/HKOOB37616386
48585	14/08/2026 13:02:08	CEDIS IDE QUILICURA	10033023	MELIPILLA	Receptado	10469278	14/08/2026 16:08:56	P5T	15	15	0	VRZL40/JG-5630/HKOOB37616386
48586	14/08/2026 13:13:51	GRANDES CLIENTES	10000772	PLANTA IDEAL	Receptado	10033115	14/08/2026 15:51:39	BCH	1000	1000	0	PWVW35/PWVW35/10535171
48586	14/08/2026 13:13:51	GRANDES CLIENTES	10000772	PLANTA IDEAL	Receptado	10033115	14/08/2026 15:51:39	BG	600	600	0	PWVW35/PWVW35/10535171
48586	14/08/2026 13:13:51	GRANDES CLIENTES	10000772	PLANTA IDEAL	Receptado	10033115	14/08/2026 15:51:39	P5T	10	10	0	PWVW35/PWVW35/10535171
48439	13/08/2026 11:21:05	CEDIS IDE QUILICURA	10033023	PLANTA IDEAL	Receptado	10000427	13/08/2026 12:56:02	BG	1500	1500	0	,/,/,
48439	13/08/2026 11:21:05	CEDIS IDE QUILICURA	10033023	PLANTA IDEAL	Receptado	10000427	13/08/2026 12:56:02	P5T	20	20	0	,/,/,
48444	13/08/2026 11:34:14	PLANTA IDEAL	10000427	CEDIS IDE QUILICURA	Receptado	10033023	13/08/2026 12:50:16	BCH	100	100	0	JUAN VALENZUELA/49/CHKL477011
48444	13/08/2026 11:34:14	PLANTA IDEAL	10000427	CEDIS IDE QUILICURA	Receptado	10033023	13/08/2026 12:50:16	BG	1168	1168	0	JUAN VALENZUELA/49/CHKL477011
48444	13/08/2026 11:34:14	PLANTA IDEAL	10000427	CEDIS IDE QUILICURA	Receptado	10033023	13/08/2026 12:50:16	P5T	14	14	0	JUAN VALENZUELA/49/CHKL477011
48446	13/08/2026 11:59:26	CEDIS IDE QUILICURA	10033023	LO ESPEJO	Receptado	10461749	15/08/2026 03:13:14	BG	658	658	0	VSRP19/HXDF11/HKOOB37609428
48446	13/08/2026 11:59:26	CEDIS IDE QUILICURA	10033023	LO ESPEJO	Receptado	10461749	15/08/2026 03:13:14	P5T	10	10	0	VSRP19/HXDF11/HKOOB37609428
48455	13/08/2026 13:25:44	LO ESPEJO	10458156	PLANTA IDEAL	Receptado	10033115	13/08/2026 16:20:42	BG	1008	1008	0	IDEAL/IDEAL/IDEAL
48455	13/08/2026 13:25:44	LO ESPEJO	10458156	PLANTA IDEAL	Receptado	10033115	13/08/2026 16:20:42	P5T	12	12	0	IDEAL/IDEAL/IDEAL
49138	20/08/2026 17:09:00	PLANTA IDEAL	10001082	CEDIS IDE QUILICURA	Receptado	10161182	20/08/2026 18:46:26	BG	1044	1044	0	1/1/CHKL477392
49138	20/08/2026 17:09:00	PLANTA IDEAL	10001082	CEDIS IDE QUILICURA	Receptado	10161182	20/08/2026 18:46:26	P5T	15	15	0	1/1/CHKL477392
49139	20/08/2026 17:42:21	PLANTA IDEAL	10001082	CEDIS IDE QUILICURA	Receptado	10161182	20/08/2026 18:46:41	BG	708	708	0	1/1/CHKL477393
49139	20/08/2026 17:42:21	PLANTA IDEAL	10001082	CEDIS IDE QUILICURA	Receptado	10161182	20/08/2026 18:46:41	P5T	14	14	0	1/1/CHKL477393
49141	20/08/2026 18:00:00	CEDIS IDE QUILICURA	10161182	CONCEPCION	Receptado	10001026	21/08/2026 14:12:16	BCH	85	85	0	" VJWL64 	/PXKH32/HKOOB37650373"
49141	20/08/2026 18:00:00	CEDIS IDE QUILICURA	10161182	CONCEPCION	Receptado	10001026	21/08/2026 14:12:16	BG	800	800	0	" VJWL64 	/PXKH32/HKOOB37650373"
49141	20/08/2026 18:00:00	CEDIS IDE QUILICURA	10161182	CONCEPCION	Receptado	10001026	21/08/2026 14:12:16	P5T	18	18	0	" VJWL64 	/PXKH32/HKOOB37650373"
49142	20/08/2026 18:00:40	TALCA	10395252	PLANTA IDEAL	Receptado	10001082	20/08/2026 22:44:27	BCH	100	100	0	FHDT82/JJ4817/0
49142	20/08/2026 18:00:40	TALCA	10395252	PLANTA IDEAL	Receptado	10001082	20/08/2026 22:44:27	BG	1320	1200	120	FHDT82/JJ4817/0
49142	20/08/2026 18:00:40	TALCA	10395252	PLANTA IDEAL	Receptado	10001082	20/08/2026 22:44:27	P5T	41	39	2	FHDT82/JJ4817/0
49143	20/08/2026 18:20:00	CEDIS IDE QUILICURA	10161182	LOS ANGELES	Receptado	172705782	26/08/2026 09:10:40	BCH	23	23	0	PFBS17/KYLH53/HKOOB37647358
49143	20/08/2026 18:20:00	CEDIS IDE QUILICURA	10161182	LOS ANGELES	Receptado	172705782	26/08/2026 09:10:40	BG	981	981	0	PFBS17/KYLH53/HKOOB37647358
49143	20/08/2026 18:20:00	CEDIS IDE QUILICURA	10161182	LOS ANGELES	Receptado	172705782	26/08/2026 09:10:40	P5T	17	17	0	PFBS17/KYLH53/HKOOB37647358
49144	20/08/2026 18:24:59	CEDIS IDE QUILICURA	10161182	TEMUCO	Receptado	10344423	21/08/2026 11:17:44	BG	288	288	0	PFBS17/KYLH53/HKOOB37647358
49144	20/08/2026 18:24:59	CEDIS IDE QUILICURA	10161182	TEMUCO	Receptado	10344423	21/08/2026 11:17:44	P5T	5	5	0	PFBS17/KYLH53/HKOOB37647358
49147	20/08/2026 19:11:55	PLANTA IDEAL	10001082	CEDIS IDE QUILICURA	Receptado	10161182	20/08/2026 20:09:56	BG	864	864	0	1/1/CHKL477446
49147	20/08/2026 19:11:55	PLANTA IDEAL	10001082	CEDIS IDE QUILICURA	Receptado	10161182	20/08/2026 20:09:56	P5T	16	16	0	1/1/CHKL477446
49149	20/08/2026 19:28:52	PLANTA IDEAL	10001082	CEDIS IDE QUILICURA	Receptado	10161182	20/08/2026 20:10:11	BG	1008	1008	0	1/1/CHKL477332
49149	20/08/2026 19:28:52	PLANTA IDEAL	10001082	CEDIS IDE QUILICURA	Receptado	10161182	20/08/2026 20:10:11	P5T	17	17	0	1/1/CHKL477332
49151	20/08/2026 19:49:28	GRANDES CLIENTES	10000772	PLANTA IDEAL	Receptado	10001082	20/08/2026 21:08:15	BCH	200	201	-1	JG4930/JG4930/10535467
49151	20/08/2026 19:49:28	GRANDES CLIENTES	10000772	PLANTA IDEAL	Receptado	10001082	20/08/2026 21:08:15	BG	1080	1080	0	JG4930/JG4930/10535467
49151	20/08/2026 19:49:28	GRANDES CLIENTES	10000772	PLANTA IDEAL	Receptado	10001082	20/08/2026 21:08:15	P5T	10	10	0	JG4930/JG4930/10535467
49158	20/08/2026 20:43:24	LO ESPEJO	10458156	ECCOFEED SPA	Receptado	10487508	25/08/2026 17:09:25	BG	503	503	0	IDEAL/IDEAL/IDEAL
49158	20/08/2026 20:43:24	LO ESPEJO	10458156	ECCOFEED SPA	Receptado	10487508	25/08/2026 17:09:25	P5T	9	9	0	IDEAL/IDEAL/IDEAL
49165	20/08/2026 21:23:34	CEDIS IDE QUILICURA	10161182	QUILICURA	Receptado	10397048	21/08/2026 09:58:41	BG	100	100	0	1/1/CHKO383394
49165	20/08/2026 21:23:34	CEDIS IDE QUILICURA	10161182	QUILICURA	Receptado	10397048	21/08/2026 09:58:41	P5T	2	2	0	1/1/CHKO383394
49167	20/08/2026 21:30:50	PLANTA IDEAL	10001082	CEDIS IDE QUILICURA	Receptado	10033023	21/08/2026 00:07:45	BG	300	300	0	1/1/CHKL477447
49167	20/08/2026 21:30:50	PLANTA IDEAL	10001082	CEDIS IDE QUILICURA	Receptado	10033023	21/08/2026 00:07:45	P5T	5	5	0	1/1/CHKL477447
49169	20/08/2026 21:42:55	EL PINAR	10149777	PLANTA IDEAL	Receptado	10033115	21/08/2026 10:31:16	BG	1584	1620	-36	ideal/ideal/10535476
49169	20/08/2026 21:42:55	EL PINAR	10149777	PLANTA IDEAL	Receptado	10033115	21/08/2026 10:31:16	P5T	18	18	0	ideal/ideal/10535476
49171	20/08/2026 21:39:18	PLANTA IDEAL	10001082	CEDIS IDE QUILICURA	Receptado	10033023	21/08/2026 00:07:59	BG	1304	1304	0	1/1/CHKL477334
49171	20/08/2026 21:39:18	PLANTA IDEAL	10001082	CEDIS IDE QUILICURA	Receptado	10033023	21/08/2026 00:07:59	P5T	21	21	0	1/1/CHKL477334
49173	21/08/2026 00:14:42	IQUIQUE	10012419	ECCOFEED SPA	Receptado	10487508	27/08/2026 10:06:12	BG	182	182	0	PSLV-22/HGKY-40/8419392
49173	21/08/2026 00:14:42	IQUIQUE	10012419	ECCOFEED SPA	Receptado	10487508	27/08/2026 10:06:12	P5T	3	3	0	PSLV-22/HGKY-40/8419392
47846	08/08/2026 00:16:46	PLANTA IDEAL	10033115	CEDIS IDE QUILICURA	Receptado	10161182	08/08/2026 01:48:21	BG	1320	1320	0	49/49/CHKL476548
47846	08/08/2026 00:16:46	PLANTA IDEAL	10033115	CEDIS IDE QUILICURA	Receptado	10161182	08/08/2026 01:48:21	P5T	22	22	0	49/49/CHKL476548
47859	08/08/2026 02:39:41	PLANTA IDEAL	10033115	CEDIS IDE QUILICURA	Receptado	10161182	08/08/2026 03:44:38	BG	1267	1267	0	49/49/CHKL476481
47859	08/08/2026 02:39:41	PLANTA IDEAL	10033115	CEDIS IDE QUILICURA	Receptado	10161182	08/08/2026 03:44:38	P5T	21	21	0	49/49/CHKL476481
47863	08/08/2026 04:11:58	CEDIS IDE QUILICURA	10161182	PLANTA IDEAL	Receptado	10001082	08/08/2026 09:27:55	BG	1016	1016	0	1/1/1
47863	08/08/2026 04:11:58	CEDIS IDE QUILICURA	10161182	PLANTA IDEAL	Receptado	10001082	08/08/2026 09:27:55	P5T	19	19	0	1/1/1
47864	08/08/2026 04:21:27	CEDIS IDE QUILICURA	10161182	SALON QUILICURA	Receptado	10000981	10/08/2026 13:49:36	BG	47	47	0	1/1/CHKO382686
47864	08/08/2026 04:21:27	CEDIS IDE QUILICURA	10161182	SALON QUILICURA	Receptado	10000981	10/08/2026 13:49:36	P5T	2	0	2	1/1/CHKO382686
47865	08/08/2026 04:28:15	PLANTA IDEAL	10033115	CEDIS IDE QUILICURA	Receptado	10161182	08/08/2026 06:30:29	BG	1099	1099	0	49/49/CHKL476517
47865	08/08/2026 04:28:15	PLANTA IDEAL	10033115	CEDIS IDE QUILICURA	Receptado	10161182	08/08/2026 06:30:29	P5T	19	19	0	49/49/CHKL476517
47866	08/08/2026 04:30:34	PLANTA IDEAL	10033115	CEDIS IDE QUILICURA	Receptado	10161182	08/08/2026 06:30:42	BG	1260	1260	0	49/49/CHKL476518
47866	08/08/2026 04:30:34	PLANTA IDEAL	10033115	CEDIS IDE QUILICURA	Receptado	10161182	08/08/2026 06:30:42	P5T	22	22	0	49/49/CHKL476518
47868	08/08/2026 04:32:01	PLANTA IDEAL	10033115	CEDIS IDE QUILICURA	Receptado	10161182	08/08/2026 06:31:06	P5T	16	16	0	49/49/CHKL476480
47890	08/08/2026 08:11:43	CEDIS IDE QUILICURA	10161182	VIÑA DEL MAR	Receptado	10001291	08/08/2026 13:30:56	BG	1108	1108	0	HVJX52/JP3260/HKOOB37584723
47890	08/08/2026 08:11:43	CEDIS IDE QUILICURA	10161182	VIÑA DEL MAR	Receptado	10001291	08/08/2026 13:30:56	P5T	17	16	1	HVJX52/JP3260/HKOOB37584723
47895	08/08/2026 08:38:29	CEDIS IDE QUILICURA	10161182	LO ESPEJO	Receptado	10458156	08/08/2026 16:05:55	BG	956	956	0	VSRP19/HXDF11/HKOOB37584713
47895	08/08/2026 08:38:29	CEDIS IDE QUILICURA	10161182	LO ESPEJO	Receptado	10458156	08/08/2026 16:05:55	P5T	16	16	0	VSRP19/HXDF11/HKOOB37584713
48229	12/08/2026 00:03:17	CEDIS IDE QUILICURA	10001100	LO ESPEJO	Receptado	10461749	12/08/2026 03:29:10	BG	773	773	0	1/1/HKOOB37592396
48229	12/08/2026 00:03:17	CEDIS IDE QUILICURA	10001100	LO ESPEJO	Receptado	10461749	12/08/2026 03:29:10	P5T	12	12	0	1/1/HKOOB37592396
48534	14/08/2026 04:01:33	CEDIS IDE QUILICURA	10001100	LA SERENA	Receptado	10444394	17/08/2026 05:33:22	BCH	30	30	0	1/1/HKOOB37611597
48534	14/08/2026 04:01:33	CEDIS IDE QUILICURA	10001100	LA SERENA	Receptado	10444394	17/08/2026 05:33:22	BG	832	832	0	1/1/HKOOB37611597
48534	14/08/2026 04:01:33	CEDIS IDE QUILICURA	10001100	LA SERENA	Receptado	10444394	17/08/2026 05:33:22	P5T	13	13	0	1/1/HKOOB37611597
48536	14/08/2026 04:18:30	CEDIS IDE QUILICURA	10001100	SALON EL CORTIJO	Receptado	10000989	17/08/2026 15:12:06	BG	7	7	0	1/1/1
48540	14/08/2026 05:11:22	CEDIS IDE QUILICURA	10001100	CONCEPCION	Receptado	10001026	14/08/2026 12:24:30	BG	1197	1197	0	1/1/HKOOB37608540
48540	14/08/2026 05:11:22	CEDIS IDE QUILICURA	10001100	CONCEPCION	Receptado	10001026	14/08/2026 12:24:30	P5T	13	13	0	1/1/HKOOB37608540
48874	18/08/2026 17:10:37	CEDIS IDE QUILICURA	10001100	LO ESPEJO	Receptado	10461749	19/08/2026 04:47:28	BG	776	776	0	1/1/HKOOB37635369
48874	18/08/2026 17:10:37	CEDIS IDE QUILICURA	10001100	LO ESPEJO	Receptado	10461749	19/08/2026 04:47:28	P5T	11	11	0	1/1/HKOOB37635369
48876	18/08/2026 17:12:56	PLANTA IDEAL	10001082	CEDIS IDE QUILICURA	Receptado	10001100	18/08/2026 20:23:16	BG	1236	1236	0	1/1/CHKL477211
48876	18/08/2026 17:12:56	PLANTA IDEAL	10001082	CEDIS IDE QUILICURA	Receptado	10001100	18/08/2026 20:23:16	P5T	21	21	0	1/1/CHKL477211
48883	18/08/2026 18:57:40	PLANTA IDEAL	10001082	CEDIS IDE QUILICURA	Receptado	10001100	18/08/2026 20:22:21	BG	1000	1000	0	1/1/CHKL477151
48883	18/08/2026 18:57:40	PLANTA IDEAL	10001082	CEDIS IDE QUILICURA	Receptado	10001100	18/08/2026 20:22:21	P5T	18	18	0	1/1/CHKL477151
48884	18/08/2026 19:16:42	PLANTA IDEAL	10001082	CEDIS IDE QUILICURA	Receptado	10001100	18/08/2026 20:21:27	BG	874	874	0	1/1/CHKL477152
48884	18/08/2026 19:16:42	PLANTA IDEAL	10001082	CEDIS IDE QUILICURA	Receptado	10001100	18/08/2026 20:21:27	P5T	10	10	0	1/1/CHKL477152
48887	18/08/2026 19:42:45	CEDIS IDE QUILICURA	10001100	SAN FERNANDO	Receptado	10004891	20/08/2026 13:32:58	BG	924	924	0	1/1/HKOOB37633039
48887	18/08/2026 19:42:45	CEDIS IDE QUILICURA	10001100	SAN FERNANDO	Receptado	10004891	20/08/2026 13:32:58	P5T	17	17	0	1/1/HKOOB37633039
48888	18/08/2026 19:43:37	MELIPILLA	10469278	QUILICURA	Receptado	101196341	19/08/2026 20:13:58	BG	14	14	0	Quilicura/Quilicura/N°12663161
48888	18/08/2026 19:43:37	MELIPILLA	10469278	QUILICURA	Receptado	101196341	19/08/2026 20:13:58	P5T	1	1	0	Quilicura/Quilicura/N°12663161
48889	18/08/2026 19:46:46	PLANTA IDEAL	10001082	CEDIS IDE QUILICURA	Receptado	10001100	18/08/2026 20:21:57	BG	976	976	0	1/1/CHKL477154
48889	18/08/2026 19:46:46	PLANTA IDEAL	10001082	CEDIS IDE QUILICURA	Receptado	10001100	18/08/2026 20:21:57	P5T	16	16	0	1/1/CHKL477154
48892	18/08/2026 20:08:16	PLANTA IDEAL	10001082	CEDIS IDE QUILICURA	Receptado	10001100	18/08/2026 22:07:46	BG	988	988	0	1/1/CHKL477193
48892	18/08/2026 20:08:16	PLANTA IDEAL	10001082	CEDIS IDE QUILICURA	Receptado	10001100	18/08/2026 22:07:46	P5T	15	15	0	1/1/CHKL477193
48893	18/08/2026 20:23:17	LO ESPEJO	10458156	PLANTA IDEAL	Receptado	10033115	19/08/2026 13:42:10	BG	2039	2039	0	IDEAL/IDEAL/IDEAL
48893	18/08/2026 20:23:17	LO ESPEJO	10458156	PLANTA IDEAL	Receptado	10033115	19/08/2026 13:42:10	P5T	22	22	0	IDEAL/IDEAL/IDEAL
48899	18/08/2026 21:29:02	CEDIS IDE QUILICURA	10001100	GRANDES CLIENTES	Receptado	10001251	19/08/2026 00:23:37	BG	770	770	0	1/1/1
48899	18/08/2026 21:29:02	CEDIS IDE QUILICURA	10001100	GRANDES CLIENTES	Receptado	10001251	19/08/2026 00:23:37	P5T	18	18	0	1/1/1
48906	18/08/2026 22:10:48	QUILICURA	101196341	ECCOFEED SPA	Receptado	10487508	25/08/2026 17:03:57	BG	234	234	0	0/0/12492396-12492397
48906	18/08/2026 22:10:48	QUILICURA	101196341	ECCOFEED SPA	Receptado	10487508	25/08/2026 17:03:57	P5T	4	4	0	0/0/12492396-12492397
48909	18/08/2026 23:09:30	VIÑA DEL MAR	10450104	PLANTA IDEAL	Receptado	10000427	19/08/2026 01:55:29	BG	1980	1980	0	STJR25/PXJD32/10535331
48909	18/08/2026 23:09:30	VIÑA DEL MAR	10450104	PLANTA IDEAL	Receptado	10000427	19/08/2026 01:55:29	P5T	44	43	1	STJR25/PXJD32/10535331
47960	08/08/2026 21:32:47	CEDIS IDE QUILICURA	10000980	GRANDES CLIENTES	Receptado	10119634	09/08/2026 07:40:32	BG	689	689	0	0/0/CHKO382726
47960	08/08/2026 21:32:47	CEDIS IDE QUILICURA	10000980	GRANDES CLIENTES	Receptado	10119634	09/08/2026 07:40:32	P5T	15	15	0	0/0/CHKO382726
47961	08/08/2026 21:40:52	CEDIS IDE QUILICURA	10000980	TEMUCO	Receptado	10344423	11/08/2026 08:49:15	BG	832	832	0	LTGY83/PWWC-54/CHKO382612
47961	08/08/2026 21:40:52	CEDIS IDE QUILICURA	10000980	TEMUCO	Receptado	10344423	11/08/2026 08:49:15	P5T	15	15	0	LTGY83/PWWC-54/CHKO382612
48234	12/08/2026 01:08:22	CEDIS IDE QUILICURA	10001100	GRANDES CLIENTES	Receptado	10001251	13/08/2026 03:47:06	BG	180	180	0	1/1/1
48234	12/08/2026 01:08:22	CEDIS IDE QUILICURA	10001100	GRANDES CLIENTES	Receptado	10001251	13/08/2026 03:47:06	P5T	1	1	0	1/1/1
47933	08/08/2026 15:46:59	CEDIS IDE QUILICURA	10033023	GRANDES CLIENTES	Receptado	10143848	09/08/2026 09:32:35	BCH	527	527	0	,/,/CHKO382688
47933	08/08/2026 15:46:59	CEDIS IDE QUILICURA	10033023	GRANDES CLIENTES	Receptado	10143848	09/08/2026 09:32:35	BG	7453	7453	0	,/,/CHKO382688
47933	08/08/2026 15:46:59	CEDIS IDE QUILICURA	10033023	GRANDES CLIENTES	Receptado	10143848	09/08/2026 09:32:35	P5T	131	131	0	,/,/CHKO382688
47950	08/08/2026 18:41:44	PLANTA CHILLAN	10000416	CEDIS IDE QUILICURA	Receptado	10000980	10/08/2026 13:28:36	BG	1440	1440	0	PGWD17 /PWSS29/CGAX00042985
47950	08/08/2026 18:41:44	PLANTA CHILLAN	10000416	CEDIS IDE QUILICURA	Receptado	10000980	10/08/2026 13:28:36	P5T	24	24	0	PGWD17 /PWSS29/CGAX00042985
48000	10/08/2026 08:10:11	PLANTA IDEAL	10000427	CEDIS IDE QUILICURA	Receptado	10000980	10/08/2026 13:29:06	BCH	1400	1400	0	JKKJ 26/KYLZ 24/CHKL476724
48000	10/08/2026 08:10:11	PLANTA IDEAL	10000427	CEDIS IDE QUILICURA	Receptado	10000980	10/08/2026 13:29:06	BG	192	192	0	JKKJ 26/KYLZ 24/CHKL476724
48000	10/08/2026 08:10:11	PLANTA IDEAL	10000427	CEDIS IDE QUILICURA	Receptado	10000980	10/08/2026 13:29:06	P5T	19	19	0	JKKJ 26/KYLZ 24/CHKL476724
49195	21/08/2026 04:23:06	CEDIS IDE QUILICURA	10033023	TALCA	Receptado	10000096	22/08/2026 10:40:32	BCH	32	32	0	PFBS16/KYLG77/HKOOB37650377
49195	21/08/2026 04:23:06	CEDIS IDE QUILICURA	10033023	TALCA	Receptado	10000096	22/08/2026 10:40:32	BG	1215	1215	0	PFBS16/KYLG77/HKOOB37650377
49195	21/08/2026 04:23:06	CEDIS IDE QUILICURA	10033023	TALCA	Receptado	10000096	22/08/2026 10:40:32	P5T	23	23	0	PFBS16/KYLG77/HKOOB37650377
49199	21/08/2026 05:24:35	PLANTA IDEAL	10000427	CEDIS IDE QUILICURA	Receptado	10033023	21/08/2026 06:33:54	BG	1176	1176	0	49/KYLZ24/CHKL477338
49199	21/08/2026 05:24:35	PLANTA IDEAL	10000427	CEDIS IDE QUILICURA	Receptado	10033023	21/08/2026 06:33:54	P5T	20	20	0	49/KYLZ24/CHKL477338
49202	21/08/2026 06:15:41	PLANTA IDEAL	10000427	CEDIS IDE QUILICURA	Receptado	10033023	21/08/2026 06:33:10	BG	1312	1312	0	FRLB 83/KYLZ 25/CHKL477469
49202	21/08/2026 06:15:41	PLANTA IDEAL	10000427	CEDIS IDE QUILICURA	Receptado	10033023	21/08/2026 06:33:10	P5T	21	21	0	FRLB 83/KYLZ 25/CHKL477469
49218	21/08/2026 08:47:23	LOS ANGELES	172705782	PLANTA CHILLAN	Receptado	10000416	21/08/2026 19:43:24	BG	1152	870	282	PFBS17/KYLH53/10535492
49218	21/08/2026 08:47:23	LOS ANGELES	172705782	PLANTA CHILLAN	Receptado	10000416	21/08/2026 19:43:24	P5T	10	10	0	PFBS17/KYLH53/10535492
49218	21/08/2026 08:47:23	LOS ANGELES	172705782	PLANTA CHILLAN	Receptado	10000416	21/08/2026 19:43:24	BCH	57	57	0	PFBS17/KYLH53/10535492
49222	21/08/2026 10:32:37	CEDIS IDE QUILICURA	10000798	LO ESPEJO	Receptado	10461749	24/08/2026 05:41:48	BG	868	868	0	STJR25/PWVW35/HKOOB37653050
49222	21/08/2026 10:32:37	CEDIS IDE QUILICURA	10000798	LO ESPEJO	Receptado	10461749	24/08/2026 05:41:48	P5T	16	16	0	STJR25/PWVW35/HKOOB37653050
49223	21/08/2026 10:50:10	CEDIS IDE QUILICURA	10000798	LO ESPEJO	Receptado	10461749	24/08/2026 05:42:05	BG	509	509	0	STJR25/JG5632/HKOOB37653051
49223	21/08/2026 10:50:10	CEDIS IDE QUILICURA	10000798	LO ESPEJO	Receptado	10461749	24/08/2026 05:42:05	P5T	8	8	0	STJR25/JG5632/HKOOB37653051
49227	21/08/2026 11:20:42	SALON QUILICURA	10000981	QUILICURA	Receptado	101196341	24/08/2026 17:52:11	BG	24	24	0	0/0/0
49229	21/08/2026 11:26:59	PLANTA IDEAL	10033115	CEDIS IDE QUILICURA	Receptado	10000798	21/08/2026 12:03:00	BG	724	724	0	49/49/CHKL477486
49229	21/08/2026 11:26:59	PLANTA IDEAL	10033115	CEDIS IDE QUILICURA	Receptado	10000798	21/08/2026 12:03:00	P5T	16	16	0	49/49/CHKL477486
49231	21/08/2026 11:29:49	CEDIS IDE QUILICURA	10000798	VIÑA DEL MAR	Receptado	10000599	21/08/2026 22:51:39	BCH	220	238	-18	STJR25/KYPH95/HKOOB37653044
49231	21/08/2026 11:29:49	CEDIS IDE QUILICURA	10000798	VIÑA DEL MAR	Receptado	10000599	21/08/2026 22:51:39	BG	907	927	-20	STJR25/KYPH95/HKOOB37653044
49231	21/08/2026 11:29:49	CEDIS IDE QUILICURA	10000798	VIÑA DEL MAR	Receptado	10000599	21/08/2026 22:51:39	P5T	20	22	-2	STJR25/KYPH95/HKOOB37653044
49233	21/08/2026 11:39:33	CEDIS IDE QUILICURA	10000798	GRANDES CLIENTES	Receptado	10454172	22/08/2026 03:10:59	BCH	457	457	0	IDEAL/IDEAL/CHKO383430
49233	21/08/2026 11:39:33	CEDIS IDE QUILICURA	10000798	GRANDES CLIENTES	Receptado	10454172	22/08/2026 03:10:59	BG	904	904	0	IDEAL/IDEAL/CHKO383430
49233	21/08/2026 11:39:33	CEDIS IDE QUILICURA	10000798	GRANDES CLIENTES	Receptado	10454172	22/08/2026 03:10:59	P5T	19	19	0	IDEAL/IDEAL/CHKO383430
49236	21/08/2026 13:11:54	PLANTA CHILLAN	10000416	CEDIS IDE QUILICURA	Receptado	10001100	21/08/2026 20:34:48	BG	1440	1440	0	LCTB56/PTYJ57/CGAX00043483
49236	21/08/2026 13:11:54	PLANTA CHILLAN	10000416	CEDIS IDE QUILICURA	Receptado	10001100	21/08/2026 20:34:48	P5T	24	24	0	LCTB56/PTYJ57/CGAX00043483
49237	21/08/2026 13:16:45	GRANDES CLIENTES	10000772	PLANTA IDEAL	Receptado	10001216	24/08/2026 09:38:58	BG	1200	1200	0	1/1/1
49237	21/08/2026 13:16:45	GRANDES CLIENTES	10000772	PLANTA IDEAL	Receptado	10001216	24/08/2026 09:38:58	P5T	20	20	0	1/1/1
49238	21/08/2026 13:21:31	SALON CEDIS	10000848-1	QUILICURA	Receptado	10000848-1	24/08/2026 14:55:01	BG	69	32	37	0/0/0
49239	21/08/2026 13:22:27	LO ESPEJO	10450102	PLANTA IDEAL	Receptado	10001082	21/08/2026 17:44:09	BG	448	504	-56	PXVX27/PXVX27/10535516
49239	21/08/2026 13:22:27	LO ESPEJO	10450102	PLANTA IDEAL	Receptado	10001082	21/08/2026 17:44:09	P5T	99	88	11	PXVX27/PXVX27/10535516
49241	21/08/2026 13:26:35	PLANTA IDEAL	10033115	CEDIS IDE QUILICURA	Receptado	10000798	21/08/2026 13:32:59	BG	1167	1167	0	50/50/CHKL477471
49241	21/08/2026 13:26:35	PLANTA IDEAL	10033115	CEDIS IDE QUILICURA	Receptado	10000798	21/08/2026 13:32:59	P5T	18	18	0	50/50/CHKL477471
49242	21/08/2026 13:29:36	CEDIS IDE QUILICURA	10000798	LO ESPEJO	Receptado	10461749	24/08/2026 05:42:24	BG	1071	1071	0	TVTD89/PXJD34/HKOOB37653052
49242	21/08/2026 13:29:36	CEDIS IDE QUILICURA	10000798	LO ESPEJO	Receptado	10461749	24/08/2026 05:42:24	P5T	20	20	0	TVTD89/PXJD34/HKOOB37653052
47882	08/08/2026 07:00:07	TALCA	10000096	PLANTA IDEAL	Receptado	10001082	10/08/2026 04:46:57	BG	2160	2160	0	PJJV 29/HGKF 99/0
47882	08/08/2026 07:00:07	TALCA	10000096	PLANTA IDEAL	Receptado	10001082	10/08/2026 04:46:57	P5T	24	24	0	PJJV 29/HGKF 99/0
47965	09/08/2026 01:48:24	CEDIS IDE QUILICURA	10161182	CONCEPCION	Receptado	10001026	11/08/2026 07:29:30	BG	1403	1403	0	PFBS12/PWZH30/HKOOB37588652
47965	09/08/2026 01:48:24	CEDIS IDE QUILICURA	10161182	CONCEPCION	Receptado	10001026	11/08/2026 07:29:30	P5T	21	21	0	PFBS12/PWZH30/HKOOB37588652
47968	09/08/2026 04:08:43	CEDIS IDE QUILICURA	10161182	PUERTO MONTT	Receptado	10001696	11/08/2026 11:02:35	BG	540	540	0	PJJV29/HGKF99/CHKO382610
47968	09/08/2026 04:08:43	CEDIS IDE QUILICURA	10161182	PUERTO MONTT	Receptado	10001696	11/08/2026 11:02:35	P5T	9	9	0	PJJV29/HGKF99/CHKO382610
47969	09/08/2026 04:33:58	PLANTA IDEAL	10033115	CEDIS IDE QUILICURA	Receptado	10161182	09/08/2026 07:09:32	BG	576	576	0	49/49/CHKL476664
47969	09/08/2026 04:33:58	PLANTA IDEAL	10033115	CEDIS IDE QUILICURA	Receptado	10161182	09/08/2026 07:09:32	P5T	8	8	0	49/49/CHKL476664
47970	09/08/2026 04:37:22	CEDIS IDE QUILICURA	10161182	VALDIVIA	Receptado	10421004	11/08/2026 08:28:09	BCH	8	8	0	LXHJ99/KYRC26/CHKO382689
47970	09/08/2026 04:37:22	CEDIS IDE QUILICURA	10161182	VALDIVIA	Receptado	10421004	11/08/2026 08:28:09	BG	965	965	0	LXHJ99/KYRC26/CHKO382689
47970	09/08/2026 04:37:22	CEDIS IDE QUILICURA	10161182	VALDIVIA	Receptado	10421004	11/08/2026 08:28:09	P5T	14	14	0	LXHJ99/KYRC26/CHKO382689
47971	09/08/2026 04:47:37	CEDIS IDE QUILICURA	10161182	VALDIVIA	Receptado	10421004	11/08/2026 08:28:37	BCH	8	8	0	PFBS17/KYLH53/CHKO382728
47971	09/08/2026 04:47:37	CEDIS IDE QUILICURA	10161182	VALDIVIA	Receptado	10421004	11/08/2026 08:28:37	BG	439	439	0	PFBS17/KYLH53/CHKO382728
47971	09/08/2026 04:47:37	CEDIS IDE QUILICURA	10161182	VALDIVIA	Receptado	10421004	11/08/2026 08:28:37	P5T	10	10	0	PFBS17/KYLH53/CHKO382728
47972	09/08/2026 04:58:46	CEDIS IDE QUILICURA	10161182	OSORNO	Receptado	10001704	11/08/2026 06:38:27	BCH	13	13	0	PJJV11/PTYJ59/CHKO382784
47972	09/08/2026 04:58:46	CEDIS IDE QUILICURA	10161182	OSORNO	Receptado	10001704	11/08/2026 06:38:27	BG	791	791	0	PJJV11/PTYJ59/CHKO382784
47972	09/08/2026 04:58:46	CEDIS IDE QUILICURA	10161182	OSORNO	Receptado	10001704	11/08/2026 06:38:27	P5T	17	17	0	PJJV11/PTYJ59/CHKO382784
47973	09/08/2026 05:10:22	CEDIS IDE QUILICURA	10161182	PUERTO MONTT	Receptado	10001696	11/08/2026 11:00:42	BCH	8	8	0	PJKT50/PWXK75/CHKO382727
47973	09/08/2026 05:10:22	CEDIS IDE QUILICURA	10161182	PUERTO MONTT	Receptado	10001696	11/08/2026 11:00:42	BG	765	765	0	PJKT50/PWXK75/CHKO382727
47973	09/08/2026 05:10:22	CEDIS IDE QUILICURA	10161182	PUERTO MONTT	Receptado	10001696	11/08/2026 11:00:42	P5T	14	14	0	PJKT50/PWXK75/CHKO382727
47974	09/08/2026 05:12:20	CEDIS IDE QUILICURA	10161182	PUERTO MONTT	Receptado	10001696	11/08/2026 11:00:59	BG	257	257	0	PJKT50/PWXK75/CHKO382804
47974	09/08/2026 05:12:20	CEDIS IDE QUILICURA	10161182	PUERTO MONTT	Receptado	10001696	11/08/2026 11:00:59	P5T	5	5	0	PJKT50/PWXK75/CHKO382804
47975	09/08/2026 05:25:26	CEDIS IDE QUILICURA	10161182	ANTOFAGASTA	Receptado	10299402	12/08/2026 07:06:54	BG	1368	1368	0	PGKD17/PWVG98/HKOOB37562380
47975	09/08/2026 05:25:26	CEDIS IDE QUILICURA	10161182	ANTOFAGASTA	Receptado	10299402	12/08/2026 07:06:54	P5T	21	21	0	PGKD17/PWVG98/HKOOB37562380
47976	09/08/2026 05:37:19	CEDIS IDE QUILICURA	10161182	COPIAPO	Receptado	10405300	11/08/2026 06:51:09	BG	1208	1208	0	PSLY22/HGKY40/CHKO382614
47976	09/08/2026 05:37:19	CEDIS IDE QUILICURA	10161182	COPIAPO	Receptado	10405300	11/08/2026 06:51:09	P5T	16	16	0	PSLY22/HGKY40/CHKO382614
47977	09/08/2026 05:45:39	CEDIS IDE QUILICURA	10161182	CONCEPCION	Receptado	10001026	11/08/2026 07:30:14	BG	911	911	0	1/1/CHKO382611
47977	09/08/2026 05:45:39	CEDIS IDE QUILICURA	10161182	CONCEPCION	Receptado	10001026	11/08/2026 07:30:14	P5T	19	19	0	1/1/CHKO382611
47978	09/08/2026 06:00:11	CEDIS IDE QUILICURA	10161182	ARICA	Receptado	10154469	12/08/2026 23:04:31	BG	1068	1068	0	PSLY21/PWZH33/CHKO382613
47978	09/08/2026 06:00:11	CEDIS IDE QUILICURA	10161182	ARICA	Receptado	10154469	12/08/2026 23:04:31	P5T	22	22	0	PSLY21/PWZH33/CHKO382613
47979	09/08/2026 06:13:01	CEDIS IDE QUILICURA	10161182	ANTOFAGASTA	Receptado	10299402	11/08/2026 19:18:11	BG	996	996	0	1/1/CHKO382729
47979	09/08/2026 06:13:01	CEDIS IDE QUILICURA	10161182	ANTOFAGASTA	Receptado	10299402	11/08/2026 19:18:11	P5T	15	15	0	1/1/CHKO382729
47980	09/08/2026 06:19:08	CEDIS IDE QUILICURA	10161182	COPIAPO	Receptado	10405300	11/08/2026 06:51:37	BG	228	228	0	1/1/CHKO382695
47980	09/08/2026 06:19:08	CEDIS IDE QUILICURA	10161182	COPIAPO	Receptado	10405300	11/08/2026 06:51:37	P5T	8	8	0	1/1/CHKO382695
47981	09/08/2026 06:21:07	PLANTA IDEAL	10033115	CEDIS IDE QUILICURA	Receptado	10033023	10/08/2026 07:32:08	BG	775	775	0	49/49/CHKL476684
47981	09/08/2026 06:21:07	PLANTA IDEAL	10033115	CEDIS IDE QUILICURA	Receptado	10033023	10/08/2026 07:32:08	P5T	15	15	0	49/49/CHKL476684
47984	09/08/2026 06:43:30	CEDIS IDE QUILICURA	10161182	LOS ANGELES	Receptado	172705782	31/08/2026 09:42:05	BG	60	60	0	"PJJV10	/PXJF27/CHKO382691"
47984	09/08/2026 06:43:30	CEDIS IDE QUILICURA	10161182	LOS ANGELES	Receptado	172705782	31/08/2026 09:42:05	P5T	4	4	0	"PJJV10	/PXJF27/CHKO382691"
48023	10/08/2026 14:37:50	CEDIS IDE QUILICURA	10033023	VIÑA DEL MAR	Receptado	10450104	10/08/2026 23:57:37	BG	1421	1421	0	STJR25/KDGT92/CHKO381684
48023	10/08/2026 14:37:50	CEDIS IDE QUILICURA	10033023	VIÑA DEL MAR	Receptado	10450104	10/08/2026 23:57:37	P5T	23	23	0	STJR25/KDGT92/CHKO381684
48025	10/08/2026 14:52:17	CEDIS IDE QUILICURA	10033023	GRANDES CLIENTES	Receptado	10001251	11/08/2026 02:06:24	BCH	86	82	4	,/,/CHKO382824
48025	10/08/2026 14:52:17	CEDIS IDE QUILICURA	10033023	GRANDES CLIENTES	Receptado	10001251	11/08/2026 02:06:24	BG	6003	6003	0	,/,/CHKO382824
48025	10/08/2026 14:52:17	CEDIS IDE QUILICURA	10033023	GRANDES CLIENTES	Receptado	10001251	11/08/2026 02:06:24	P5T	112	86	26	,/,/CHKO382824
48197	11/08/2026 19:25:11	PLANTA IDEAL	10033115	CEDIS IDE QUILICURA	Receptado	10000798	11/08/2026 20:15:11	BG	1123	1123	0	49/49/CHKL476875
48197	11/08/2026 19:25:11	PLANTA IDEAL	10033115	CEDIS IDE QUILICURA	Receptado	10000798	11/08/2026 20:15:11	P5T	14	14	0	49/49/CHKL476875
48207	11/08/2026 20:18:58	PLANTA IDEAL	10033115	CEDIS IDE QUILICURA	Receptado	10000798	11/08/2026 21:22:46	BG	1208	1208	0	49/49/CHKL476906
48207	11/08/2026 20:18:58	PLANTA IDEAL	10033115	CEDIS IDE QUILICURA	Receptado	10000798	11/08/2026 21:22:46	P5T	22	22	0	49/49/CHKL476906
48208	11/08/2026 20:20:18	CEDIS IDE QUILICURA	10000798	VIÑA DEL MAR	Receptado	10450104	12/08/2026 00:48:14	BCH	39	39	0	TVTD89/KYPH95/HKOOB37601673
48208	11/08/2026 20:20:18	CEDIS IDE QUILICURA	10000798	VIÑA DEL MAR	Receptado	10450104	12/08/2026 00:48:14	BG	1334	1334	0	TVTD89/KYPH95/HKOOB37601673
48208	11/08/2026 20:20:18	CEDIS IDE QUILICURA	10000798	VIÑA DEL MAR	Receptado	10450104	12/08/2026 00:48:14	P5T	21	21	0	TVTD89/KYPH95/HKOOB37601673
48213	11/08/2026 21:30:56	GRANDES CLIENTES	10000772	ECCOFEED SPA	Receptado	10487508	13/08/2026 16:35:05	BG	278	278	0	1/1/1
48213	11/08/2026 21:30:56	GRANDES CLIENTES	10000772	ECCOFEED SPA	Receptado	10487508	13/08/2026 16:35:05	P5T	6	6	0	1/1/1
48221	11/08/2026 22:07:06	CEDIS IDE QUILICURA	10000798	VIÑA DEL MAR	Receptado	10450104	12/08/2026 00:48:28	BCH	132	132	0	VSRP19/KYPH94/HKOOB37601674
48221	11/08/2026 22:07:06	CEDIS IDE QUILICURA	10000798	VIÑA DEL MAR	Receptado	10450104	12/08/2026 00:48:28	BG	890	890	0	VSRP19/KYPH94/HKOOB37601674
48221	11/08/2026 22:07:06	CEDIS IDE QUILICURA	10000798	VIÑA DEL MAR	Receptado	10450104	12/08/2026 00:48:28	P5T	16	16	0	VSRP19/KYPH94/HKOOB37601674
48222	11/08/2026 22:11:38	PLANTA IDEAL	10033115	CEDIS IDE QUILICURA	Receptado	10001100	12/08/2026 02:55:44	BG	1172	1172	0	56/56/CHKL476878
48222	11/08/2026 22:11:38	PLANTA IDEAL	10033115	CEDIS IDE QUILICURA	Receptado	10001100	12/08/2026 02:55:44	P5T	20	20	0	56/56/CHKL476878
48224	11/08/2026 22:23:40	CEDIS IDE QUILICURA	10000798	LA SERENA	Receptado	10444394	13/08/2026 06:06:31	BCH	52	52	0	TGPH68/PXJD17/HKOOB37599115
48224	11/08/2026 22:23:40	CEDIS IDE QUILICURA	10000798	LA SERENA	Receptado	10444394	13/08/2026 06:06:31	BG	1578	1578	0	TGPH68/PXJD17/HKOOB37599115
48224	11/08/2026 22:23:40	CEDIS IDE QUILICURA	10000798	LA SERENA	Receptado	10444394	13/08/2026 06:06:31	P5T	28	28	0	TGPH68/PXJD17/HKOOB37599115
48321	12/08/2026 15:53:12	IQUIQUE	10012419	PLANTA IDEAL	Receptado	10033115	14/08/2026 20:59:00	BG	1176	1176	0	LZRG-89/PXJF-25/10535029
48321	12/08/2026 15:53:12	IQUIQUE	10012419	PLANTA IDEAL	Receptado	10033115	14/08/2026 20:59:00	P5T	28	28	0	LZRG-89/PXJF-25/10535029
48322	12/08/2026 15:59:56	CEDIS IDE QUILICURA	10000798	PLANTA IDEAL	Receptado	10033115	12/08/2026 21:52:43	BCH	71	71	0	IDEAL/IDEAL/IDEAL
48322	12/08/2026 15:59:56	CEDIS IDE QUILICURA	10000798	PLANTA IDEAL	Receptado	10033115	12/08/2026 21:52:43	BG	324	324	0	IDEAL/IDEAL/IDEAL
48322	12/08/2026 15:59:56	CEDIS IDE QUILICURA	10000798	PLANTA IDEAL	Receptado	10033115	12/08/2026 21:52:43	P5T	7	7	0	IDEAL/IDEAL/IDEAL
48918	19/08/2026 02:27:56	SAN FERNANDO	10005031	ECCOFEED SPA	Receptado	10487508	25/08/2026 17:04:12	BG	166	166	0	FHDT-82/JJ-4817 /10535336
48918	19/08/2026 02:27:56	SAN FERNANDO	10005031	ECCOFEED SPA	Receptado	10487508	25/08/2026 17:04:12	P5T	3	3	0	FHDT-82/JJ-4817 /10535336
48919	19/08/2026 02:42:51	CEDIS IDE QUILICURA	10033023	PUERTO MONTT	Receptado	10001696	20/08/2026 12:31:08	BCH	97	97	0	LXHJ99/PWXK-76/HKOOB37640436
48919	19/08/2026 02:42:51	CEDIS IDE QUILICURA	10033023	PUERTO MONTT	Receptado	10001696	20/08/2026 12:31:08	BG	668	668	0	LXHJ99/PWXK-76/HKOOB37640436
48919	19/08/2026 02:42:51	CEDIS IDE QUILICURA	10033023	PUERTO MONTT	Receptado	10001696	20/08/2026 12:31:08	P5T	12	12	0	LXHJ99/PWXK-76/HKOOB37640436
48920	19/08/2026 02:44:32	CEDIS IDE QUILICURA	10033023	PUERTO MONTT	Receptado	10001696	20/08/2026 12:31:44	BG	548	548	0	LXHJ99/PWXK-76/HKOOB37640436
48920	19/08/2026 02:44:32	CEDIS IDE QUILICURA	10033023	PUERTO MONTT	Receptado	10001696	20/08/2026 12:31:44	P5T	10	10	0	LXHJ99/PWXK-76/HKOOB37640436
48923	19/08/2026 03:08:05	CEDIS IDE QUILICURA	10033023	GRANDES CLIENTES	Receptado	10001251	20/08/2026 00:43:11	BG	70	70	0	,/,/CHKO383367
48923	19/08/2026 03:08:05	CEDIS IDE QUILICURA	10033023	GRANDES CLIENTES	Receptado	10001251	20/08/2026 00:43:11	P5T	1	1	0	,/,/CHKO383367
48926	19/08/2026 03:50:38	CEDIS IDE QUILICURA	10033023	SALON EL CORTIJO	Receptado	10000989	19/08/2026 13:18:50	BG	21	21	0	,/,/CHKO383353
48926	19/08/2026 03:50:38	CEDIS IDE QUILICURA	10033023	SALON EL CORTIJO	Receptado	10000989	19/08/2026 13:18:50	P5T	1	0	1	,/,/CHKO383353
48927	19/08/2026 03:47:44	PLANTA IDEAL	10000427	CEDIS IDE QUILICURA	Receptado	10032939	19/08/2026 07:11:01	BG	696	696	0	DBLS 59/KYLZ 25/CHKL477306
48927	19/08/2026 03:47:44	PLANTA IDEAL	10000427	CEDIS IDE QUILICURA	Receptado	10032939	19/08/2026 07:11:01	P5T	17	17	0	DBLS 59/KYLZ 25/CHKL477306
48932	19/08/2026 04:56:43	CEDIS IDE QUILICURA	10033023	OSORNO	Receptado	10001704	20/08/2026 07:32:43	BCH	14	14	0	PFBS12/PWZH30/HKOOB37640452
48932	19/08/2026 04:56:43	CEDIS IDE QUILICURA	10033023	OSORNO	Receptado	10001704	20/08/2026 07:32:43	BG	663	663	0	PFBS12/PWZH30/HKOOB37640452
48932	19/08/2026 04:56:43	CEDIS IDE QUILICURA	10033023	OSORNO	Receptado	10001704	20/08/2026 07:32:43	P5T	12	12	0	PFBS12/PWZH30/HKOOB37640452
48933	19/08/2026 04:58:33	CEDIS IDE QUILICURA	10033023	PUERTO MONTT	Receptado	10001696	20/08/2026 12:32:23	BG	425	425	0	PFBS12/PWZH-30/HKOOB37640452
48933	19/08/2026 04:58:33	CEDIS IDE QUILICURA	10033023	PUERTO MONTT	Receptado	10001696	20/08/2026 12:32:23	P5T	5	5	0	PFBS12/PWZH-30/HKOOB37640452
48938	19/08/2026 05:29:38	CEDIS IDE QUILICURA	10033023	MELIPILLA	Receptado	10291937	19/08/2026 08:32:37	BCH	15	15	0	RZVS88/KYPH95/HKOOB37640434
48938	19/08/2026 05:29:38	CEDIS IDE QUILICURA	10033023	MELIPILLA	Receptado	10291937	19/08/2026 08:32:37	BG	1252	1245	7	RZVS88/KYPH95/HKOOB37640434
48938	19/08/2026 05:29:38	CEDIS IDE QUILICURA	10033023	MELIPILLA	Receptado	10291937	19/08/2026 08:32:37	P5T	19	19	0	RZVS88/KYPH95/HKOOB37640434
48941	19/08/2026 06:41:22	CEDIS IDE QUILICURA	10000980	QUILICURA	Receptado	10397048	19/08/2026 10:11:52	BG	1859	1859	0	0/0/CHKO383354
48941	19/08/2026 06:41:22	CEDIS IDE QUILICURA	10000980	QUILICURA	Receptado	10397048	19/08/2026 10:11:52	P5T	44	44	0	0/0/CHKO383354
48942	19/08/2026 07:11:54	TEMUCO	10344423	ECCOFEED SPA	Receptado	10487508	27/08/2026 10:51:45	BG	267	267	0	LZRG89 /PXJF25 /10535341
48942	19/08/2026 07:11:54	TEMUCO	10344423	ECCOFEED SPA	Receptado	10487508	27/08/2026 10:51:45	P5T	5	5	0	LZRG89 /PXJF25 /10535341
48960	19/08/2026 07:42:47	MELIPILLA	10291937	PLANTA IDEAL	Receptado	10033115	19/08/2026 13:33:12	BCH	35	35	0	KYPH-95/-/10535324
48960	19/08/2026 07:42:47	MELIPILLA	10291937	PLANTA IDEAL	Receptado	10033115	19/08/2026 13:33:12	BG	889	889	0	KYPH-95/-/10535324
48487	13/08/2026 18:56:23	CEDIS IDE QUILICURA	10000798	TEMUCO	Receptado	10344423	14/08/2026 11:53:09	BCH	54	54	0	GKZD53/PXHK38/HKOOB37608537
48487	13/08/2026 18:56:23	CEDIS IDE QUILICURA	10000798	TEMUCO	Receptado	10344423	14/08/2026 11:53:09	BG	636	636	0	GKZD53/PXHK38/HKOOB37608537
48487	13/08/2026 18:56:23	CEDIS IDE QUILICURA	10000798	TEMUCO	Receptado	10344423	14/08/2026 11:53:09	P5T	9	9	0	GKZD53/PXHK38/HKOOB37608537
48490	13/08/2026 19:40:13	CEDIS IDE QUILICURA	10000798	CHILLAN	Receptado	10301699	14/08/2026 10:12:31	BG	1145	1145	0	SPVR15/PTYJ58/HKOOB37604923
48490	13/08/2026 19:40:13	CEDIS IDE QUILICURA	10000798	CHILLAN	Receptado	10301699	14/08/2026 10:12:31	P5T	16	16	0	SPVR15/PTYJ58/HKOOB37604923
48493	13/08/2026 19:56:04	LO ESPEJO	10458156	PLANTA IDEAL	Receptado	10000427	14/08/2026 09:25:59	BG	1237	1237	0	IDEAL/IDEAL/IDEAL
48493	13/08/2026 19:56:04	LO ESPEJO	10458156	PLANTA IDEAL	Receptado	10000427	14/08/2026 09:25:59	P5T	15	15	0	IDEAL/IDEAL/IDEAL
48499	13/08/2026 20:22:12	GRANDES CLIENTES	10000772	PLANTA IDEAL	Receptado	10033115	13/08/2026 21:38:04	BG	1200	1200	0	HXDF11/HXDF11/10535130
48499	13/08/2026 20:22:12	GRANDES CLIENTES	10000772	PLANTA IDEAL	Receptado	10033115	13/08/2026 21:38:04	P5T	10	10	0	HXDF11/HXDF11/10535130
48500	13/08/2026 20:23:37	CONCEPCION	10001288	PLANTA IDEAL	Receptado	10000427	14/08/2026 12:16:36	BG	1848	1848	0	GZKY51/PXJK66/10535129
48500	13/08/2026 20:23:37	CONCEPCION	10001288	PLANTA IDEAL	Receptado	10000427	14/08/2026 12:16:36	BCH	93	93	0	GZKY51/PXJK66/10535129
48500	13/08/2026 20:23:37	CONCEPCION	10001288	PLANTA IDEAL	Receptado	10000427	14/08/2026 12:16:36	P5T	26	26	0	GZKY51/PXJK66/10535129
48505	13/08/2026 21:02:33	LO ESPEJO	10458156	ECCOFEED SPA	Receptado	10487508	19/08/2026 10:28:54	BG	480	480	0	IDEAL/IDEAL/IDEAL
48505	13/08/2026 21:02:33	LO ESPEJO	10458156	ECCOFEED SPA	Receptado	10487508	19/08/2026 10:28:54	P5T	8	8	0	IDEAL/IDEAL/IDEAL
48507	13/08/2026 21:48:25	CEDIS IDE QUILICURA	10000798	CONCEPCION	Receptado	10001026	17/08/2026 12:39:53	BCH	57	57	0	VJWL64/PXFJ76/HKOOB37608539
48507	13/08/2026 21:48:25	CEDIS IDE QUILICURA	10000798	CONCEPCION	Receptado	10001026	17/08/2026 12:39:53	BG	1453	1453	0	VJWL64/PXFJ76/HKOOB37608539
48507	13/08/2026 21:48:25	CEDIS IDE QUILICURA	10000798	CONCEPCION	Receptado	10001026	17/08/2026 12:39:53	P5T	25	25	0	VJWL64/PXFJ76/HKOOB37608539
48509	13/08/2026 21:58:33	CONCEPCION	10001288	ECCOFEED SPA	Receptado	10487508	19/08/2026 10:29:40	BG	192	192	0	VJWL64/PXFJ76/10535134
48509	13/08/2026 21:58:33	CONCEPCION	10001288	ECCOFEED SPA	Receptado	10487508	19/08/2026 10:29:40	P5T	4	4	0	VJWL64/PXFJ76/10535134
48511	13/08/2026 22:07:21	PLANTA IDEAL	10033115	CEDIS IDE QUILICURA	Receptado	10000798	13/08/2026 22:14:55	BG	1276	1276	0	49/49/CHKL476935
48511	13/08/2026 22:07:21	PLANTA IDEAL	10033115	CEDIS IDE QUILICURA	Receptado	10000798	13/08/2026 22:14:55	P5T	20	20	0	49/49/CHKL476935
48641	15/08/2026 00:58:10	CEDIS IDE QUILICURA	10001100	PUERTO MONTT	Receptado	10001696	17/08/2026 11:06:53	BCH	72	72	0	1/1/HKOOB37618333
48641	15/08/2026 00:58:10	CEDIS IDE QUILICURA	10001100	PUERTO MONTT	Receptado	10001696	17/08/2026 11:06:53	BG	1027	1027	0	1/1/HKOOB37618333
48641	15/08/2026 00:58:10	CEDIS IDE QUILICURA	10001100	PUERTO MONTT	Receptado	10001696	17/08/2026 11:06:53	P5T	15	15	0	1/1/HKOOB37618333
48643	15/08/2026 00:59:50	QUILICURA	10397048	PLANTA IDEAL	Receptado	10001082	15/08/2026 02:26:51	BG	1080	1200	-120	000000/000000/10535212
48643	15/08/2026 00:59:50	QUILICURA	10397048	PLANTA IDEAL	Receptado	10001082	15/08/2026 02:26:51	P5T	9	8	1	000000/000000/10535212
48696	15/08/2026 15:48:57	CEDIS IDE QUILICURA	10032939	LOS ANGELES	Receptado	172705782	17/08/2026 09:15:38	BCH	86	86	0	1/1/HKOOB37618269
48696	15/08/2026 15:48:57	CEDIS IDE QUILICURA	10032939	LOS ANGELES	Receptado	172705782	17/08/2026 09:15:38	BG	1538	1538	0	1/1/HKOOB37618269
48696	15/08/2026 15:48:57	CEDIS IDE QUILICURA	10032939	LOS ANGELES	Receptado	172705782	17/08/2026 09:15:38	P5T	23	23	0	1/1/HKOOB37618269
48697	15/08/2026 16:05:05	CEDIS IDE QUILICURA	10032939	GRANDES CLIENTES	Receptado	10001251	17/08/2026 04:17:32	BG	24	24	0	1/1/CHKO383092
48697	15/08/2026 16:05:05	CEDIS IDE QUILICURA	10032939	GRANDES CLIENTES	Receptado	10001251	17/08/2026 04:17:32	P5T	1	1	0	1/1/CHKO383092
48698	15/08/2026 16:21:52	LO ESPEJO	10450102	PLANTA IDEAL	Receptado	10487508	19/08/2026 10:13:18	BG	1829	1829	0	IDEAL/IDEAL/IDEAL
48698	15/08/2026 16:21:52	LO ESPEJO	10450102	PLANTA IDEAL	Receptado	10487508	19/08/2026 10:13:18	P5T	13	13	0	IDEAL/IDEAL/IDEAL
48699	15/08/2026 16:33:12	LO ESPEJO	10450102	ECCOFEED SPA	Receptado	10487508	19/08/2026 10:56:29	BG	31	31	0	IDEAL/IDEAL/10177683
48699	15/08/2026 16:33:12	LO ESPEJO	10450102	ECCOFEED SPA	Receptado	10487508	19/08/2026 10:56:29	P5T	1	1	0	IDEAL/IDEAL/10177683
48700	15/08/2026 16:35:52	GRANDES CLIENTES	10001302	ECCOFEED SPA	Receptado	10487508	19/08/2026 10:56:42	BG	20	20	0	NO APLICA/NO APLICA /11691187
48700	15/08/2026 16:35:52	GRANDES CLIENTES	10001302	ECCOFEED SPA	Receptado	10487508	19/08/2026 10:56:42	P5T	1	1	0	NO APLICA/NO APLICA /11691187
48709	17/08/2026 03:12:30	PLANTA IDEAL	10000427	CEDIS IDE QUILICURA	Receptado	10032939	17/08/2026 14:18:26	BG	648	648	0	JKKJ 26/KYLZ 25/CHKL477145
48709	17/08/2026 03:12:30	PLANTA IDEAL	10000427	CEDIS IDE QUILICURA	Receptado	10032939	17/08/2026 14:18:26	P5T	14	14	0	JKKJ 26/KYLZ 25/CHKL477145
48711	17/08/2026 07:25:57	SAN FERNANDO	10004891	PLANTA IDEAL	Receptado	10001082	17/08/2026 15:28:46	BCH	140	148	-8	FHDT82/JJ4817/5391411
48711	17/08/2026 07:25:57	SAN FERNANDO	10004891	PLANTA IDEAL	Receptado	10001082	17/08/2026 15:28:46	BG	932	1237	-305	FHDT82/JJ4817/5391411
48711	17/08/2026 07:25:57	SAN FERNANDO	10004891	PLANTA IDEAL	Receptado	10001082	17/08/2026 15:28:46	P5T	24	29	-5	FHDT82/JJ4817/5391411
48716	17/08/2026 07:42:50	TEMUCO	10344423	PLANTA CHILLAN	Receptado	10000416	17/08/2026 12:31:38	BG	578	512	66	PSLY21 /PWZH33 /10535228
48716	17/08/2026 07:42:50	TEMUCO	10344423	PLANTA CHILLAN	Receptado	10000416	17/08/2026 12:31:38	P5T	5	5	0	PSLY21 /PWZH33 /10535228
47889	08/08/2026 08:14:14	TEMUCO	10344423	ECCOFEED SPA	Receptado	10487508	14/08/2026 08:49:53	BG	307	307	0	PJJV10 /HGKF80 /10534801
47889	08/08/2026 08:14:14	TEMUCO	10344423	ECCOFEED SPA	Receptado	10487508	14/08/2026 08:49:53	P5T	5	5	0	PJJV10 /HGKF80 /10534801
47891	08/08/2026 08:16:42	TEMUCO	10344423	PLANTA CHILLAN	Receptado	10000416	10/08/2026 11:09:49	BCH	139	139	0	PJJV10 /HGKF80 /10534801
47891	08/08/2026 08:16:42	TEMUCO	10344423	PLANTA CHILLAN	Receptado	10000416	10/08/2026 11:09:49	BG	872	1532	-660	PJJV10 /HGKF80 /10534801
47891	08/08/2026 08:16:42	TEMUCO	10344423	PLANTA CHILLAN	Receptado	10000416	10/08/2026 11:09:49	P5T	23	23	0	PJJV10 /HGKF80 /10534801
48313	12/08/2026 14:37:26	PLANTA CHILLAN	10000416	CEDIS IDE QUILICURA	Receptado	10001100	13/08/2026 01:30:01	BG	1380	1380	0	BVWZ52 /HGLP10/CGAX00043181
48313	12/08/2026 14:37:26	PLANTA CHILLAN	10000416	CEDIS IDE QUILICURA	Receptado	10001100	13/08/2026 01:30:01	P5T	23	23	0	BVWZ52 /HGLP10/CGAX00043181
48319	12/08/2026 15:22:52	GRANDES CLIENTES	10000772	PLANTA IDEAL	Receptado	10033115	12/08/2026 17:20:28	BCH	1200	1200	0	HXDF12/HXDF12/10535024
48319	12/08/2026 15:22:52	GRANDES CLIENTES	10000772	PLANTA IDEAL	Receptado	10033115	12/08/2026 17:20:28	BG	480	480	0	HXDF12/HXDF12/10535024
48319	12/08/2026 15:22:52	GRANDES CLIENTES	10000772	PLANTA IDEAL	Receptado	10033115	12/08/2026 17:20:28	P5T	80	80	0	HXDF12/HXDF12/10535024
48324	12/08/2026 17:15:10	CEDIS IDE QUILICURA	10000798	TEMUCO	Receptado	10344423	13/08/2026 08:29:11	BCH	107	107	0	PJKT50/PWXK75/HKOOB37599101
48324	12/08/2026 17:15:10	CEDIS IDE QUILICURA	10000798	TEMUCO	Receptado	10344423	13/08/2026 08:29:11	BG	1023	1023	0	PJKT50/PWXK75/HKOOB37599101
48324	12/08/2026 17:15:10	CEDIS IDE QUILICURA	10000798	TEMUCO	Receptado	10344423	13/08/2026 08:29:11	P5T	17	17	0	PJKT50/PWXK75/HKOOB37599101
49243	21/08/2026 14:39:08	PLANTA IDEAL	10001082	CEDIS IDE QUILICURA	Receptado	10001100	21/08/2026 16:34:23	BG	1272	1272	0	1/1/CHKL477341
49243	21/08/2026 14:39:08	PLANTA IDEAL	10001082	CEDIS IDE QUILICURA	Receptado	10001100	21/08/2026 16:34:23	P5T	22	22	0	1/1/CHKL477341
49246	21/08/2026 15:18:03	PLANTA IDEAL	10001082	CEDIS IDE QUILICURA	Receptado	10001100	21/08/2026 18:42:49	BG	960	960	0	1/1/CHKL477450
49246	21/08/2026 15:18:03	PLANTA IDEAL	10001082	CEDIS IDE QUILICURA	Receptado	10001100	21/08/2026 18:42:49	P5T	18	18	0	1/1/CHKL477450
49247	21/08/2026 15:20:39	CEDIS IDE QUILICURA	10001100	EL PINAR	Receptado	10300015	24/08/2026 10:14:57	BG	633	633	0	1/1/HKOOB37652986
49247	21/08/2026 15:20:39	CEDIS IDE QUILICURA	10001100	EL PINAR	Receptado	10300015	24/08/2026 10:14:57	P5T	10	10	0	1/1/HKOOB37652986
49254	21/08/2026 16:57:08	LO ESPEJO	10458156	PLANTA IDEAL	Receptado	10001082	21/08/2026 18:34:10	BG	1680	1680	0	IDEAL/IDEAL/IDEAL
49254	21/08/2026 16:57:08	LO ESPEJO	10458156	PLANTA IDEAL	Receptado	10001082	21/08/2026 18:34:10	P5T	17	14	3	IDEAL/IDEAL/IDEAL
49255	21/08/2026 17:04:06	PLANTA IDEAL	10001082	CEDIS IDE QUILICURA	Receptado	10001100	21/08/2026 18:45:12	BG	928	928	0	1/1/CHKL477472
49255	21/08/2026 17:04:06	PLANTA IDEAL	10001082	CEDIS IDE QUILICURA	Receptado	10001100	21/08/2026 18:45:12	P5T	16	16	0	1/1/CHKL477472
49257	21/08/2026 17:35:55	CEDIS IDE QUILICURA	10001100	SAN FERNANDO	Cancelado			BCH	21	0	21	1/1/HKOOB37650381
49257	21/08/2026 17:35:55	CEDIS IDE QUILICURA	10001100	SAN FERNANDO	Cancelado			BG	1302	0	1302	1/1/HKOOB37650381
49257	21/08/2026 17:35:55	CEDIS IDE QUILICURA	10001100	SAN FERNANDO	Cancelado			P5T	17	0	17	1/1/HKOOB37650381
49258	21/08/2026 17:41:51	GRANDES CLIENTES	10000772	PLANTA IDEAL	Receptado	10001082	21/08/2026 18:16:55	BCH	400	400	0	HXDF12/HXDF12/10535531
49258	21/08/2026 17:41:51	GRANDES CLIENTES	10000772	PLANTA IDEAL	Receptado	10001082	21/08/2026 18:16:55	BG	960	960	0	HXDF12/HXDF12/10535531
49258	21/08/2026 17:41:51	GRANDES CLIENTES	10000772	PLANTA IDEAL	Receptado	10001082	21/08/2026 18:16:55	P5T	10	10	0	HXDF12/HXDF12/10535531
49261	21/08/2026 17:47:36	PLANTA CHILLAN	10000416	CEDIS IDE QUILICURA	Receptado	10032939	25/08/2026 04:28:17	BG	1440	1440	0	PFBS17/KYLH53/CGAX00043522
49261	21/08/2026 17:47:36	PLANTA CHILLAN	10000416	CEDIS IDE QUILICURA	Receptado	10032939	25/08/2026 04:28:17	P5T	24	24	0	PFBS17/KYLH53/CGAX00043522
49262	21/08/2026 17:52:58	TALCA	10395252	ECCOFEED SPA	Receptado	10487508	27/08/2026 10:27:49	BG	159	159	0	PFBS16/KYLG77/0
49262	21/08/2026 17:52:58	TALCA	10395252	ECCOFEED SPA	Receptado	10487508	27/08/2026 10:27:49	P5T	3	3	0	PFBS16/KYLG77/0
49266	21/08/2026 18:36:34	PLANTA IDEAL	10001082	CEDIS IDE QUILICURA	Receptado	10001100	21/08/2026 20:36:03	BCH	1600	1600	0	1/1/CHKL477525
49266	21/08/2026 18:36:34	PLANTA IDEAL	10001082	CEDIS IDE QUILICURA	Receptado	10001100	21/08/2026 20:36:03	BG	260	260	0	1/1/CHKL477525
49266	21/08/2026 18:36:34	PLANTA IDEAL	10001082	CEDIS IDE QUILICURA	Receptado	10001100	21/08/2026 20:36:03	P5T	20	20	0	1/1/CHKL477525
49268	21/08/2026 19:28:01	GRANDES CLIENTES	10000772	PLANTA IDEAL	Receptado	10001082	21/08/2026 20:09:32	BG	1200	1200	0	HXDF12/HXDF12/10535537
49268	21/08/2026 19:28:01	GRANDES CLIENTES	10000772	PLANTA IDEAL	Receptado	10001082	21/08/2026 20:09:32	P5T	10	10	0	HXDF12/HXDF12/10535537
49271	21/08/2026 19:39:25	CEDIS IDE QUILICURA	10001100	CONCEPCION	Receptado	10001026	22/08/2026 08:49:24	BCH	21	21	0	1/1/HKOOB37650374
49271	21/08/2026 19:39:25	CEDIS IDE QUILICURA	10001100	CONCEPCION	Receptado	10001026	22/08/2026 08:49:24	BG	1281	1281	0	1/1/HKOOB37650374
49271	21/08/2026 19:39:25	CEDIS IDE QUILICURA	10001100	CONCEPCION	Receptado	10001026	22/08/2026 08:49:24	P5T	26	26	0	1/1/HKOOB37650374
49274	21/08/2026 19:59:14	LO ESPEJO	10450102	PLANTA IDEAL	Receptado	10000427	21/08/2026 23:21:16	BG	1848	1848	0	IDEAL/IDEAL/10535538
49274	21/08/2026 19:59:14	LO ESPEJO	10450102	PLANTA IDEAL	Receptado	10000427	21/08/2026 23:21:16	P5T	20	20	0	IDEAL/IDEAL/10535538
49277	21/08/2026 20:27:27	LO ESPEJO	10458156	PLANTA IDEAL	Receptado	10487508	24/08/2026 09:37:24	BG	749	749	0	IDEAL/IDEAL/IDEAL
49277	21/08/2026 20:27:27	LO ESPEJO	10458156	PLANTA IDEAL	Receptado	10487508	24/08/2026 09:37:24	P5T	5	5	0	IDEAL/IDEAL/IDEAL
49277	21/08/2026 20:27:27	LO ESPEJO	10458156	PLANTA IDEAL	Receptado	10487508	24/08/2026 09:37:24	BCH	20	20	0	IDEAL/IDEAL/IDEAL
49279	21/08/2026 20:48:40	PLANTA IDEAL	10001082	CEDIS IDE QUILICURA	Receptado	10033023	22/08/2026 00:44:51	BG	240	240	0	1/1/CHKL477403
49279	21/08/2026 20:48:40	PLANTA IDEAL	10001082	CEDIS IDE QUILICURA	Receptado	10033023	22/08/2026 00:44:51	P5T	4	4	0	1/1/CHKL477403
49281	21/08/2026 21:00:12	LO ESPEJO	10458156	ECCOFEED SPA	Receptado	10487508	25/08/2026 17:12:37	BG	360	360	0	IDEAL/IDEAL/10183798-99-00
49281	21/08/2026 21:00:12	LO ESPEJO	10458156	ECCOFEED SPA	Receptado	10487508	25/08/2026 17:12:37	P5T	6	6	0	IDEAL/IDEAL/10183798-99-00
49282	21/08/2026 20:58:49	PLANTA IDEAL	10001082	CEDIS IDE QUILICURA	Receptado	10033023	22/08/2026 00:44:34	BG	1212	1212	0	1/1/CHKL477452
49282	21/08/2026 20:58:49	PLANTA IDEAL	10001082	CEDIS IDE QUILICURA	Receptado	10033023	22/08/2026 00:44:34	P5T	19	19	0	1/1/CHKL477452
49283	21/08/2026 21:06:53	CEDIS IDE QUILICURA	10001100	VIÑA DEL MAR	Receptado	10450104	22/08/2026 06:35:38	BCH	226	226	0	VSRP19/KDGT92/HKOOB37653045
49283	21/08/2026 21:06:53	CEDIS IDE QUILICURA	10001100	VIÑA DEL MAR	Receptado	10450104	22/08/2026 06:35:38	BG	885	946	-61	VSRP19/KDGT92/HKOOB37653045
49283	21/08/2026 21:06:53	CEDIS IDE QUILICURA	10001100	VIÑA DEL MAR	Receptado	10450104	22/08/2026 06:35:38	P5T	20	20	0	VSRP19/KDGT92/HKOOB37653045
49284	21/08/2026 21:08:03	LA SERENA	10470904	PLANTA IDEAL	Receptado	10033115	22/08/2026 11:07:36	BG	1868	1868	0	LTGY-83/PTYJ-59/10535543
49284	21/08/2026 21:08:03	LA SERENA	10470904	PLANTA IDEAL	Receptado	10033115	22/08/2026 11:07:36	P5T	20	20	0	LTGY-83/PTYJ-59/10535543
49285	21/08/2026 21:11:32	CEDIS IDE QUILICURA	10161182	GRANDES CLIENTES	Receptado	10143848	31/08/2026 09:40:45	BCH	27	27	0	1/1/1
48343	12/08/2026 20:39:50	PLANTA IDEAL	10033115	CEDIS IDE QUILICURA	Receptado	10000798	12/08/2026 21:10:19	BCH	37	37	0	49/49/CHKL476861
48343	12/08/2026 20:39:50	PLANTA IDEAL	10033115	CEDIS IDE QUILICURA	Receptado	10000798	12/08/2026 21:10:19	BG	999	999	0	49/49/CHKL476861
48343	12/08/2026 20:39:50	PLANTA IDEAL	10033115	CEDIS IDE QUILICURA	Receptado	10000798	12/08/2026 21:10:19	P5T	13	13	0	49/49/CHKL476861
48344	12/08/2026 20:41:40	PLANTA IDEAL	10033115	CEDIS IDE QUILICURA	Receptado	10000798	12/08/2026 21:10:31	P5T	16	16	0	49/49/CHKL476968
48348	12/08/2026 20:49:34	PLANTA CHILLAN	10000416	CEDIS IDE QUILICURA	Receptado	10001100	14/08/2026 06:06:43	P5T	22	22	0	spvr15/pxbk21/cgax00043201
48352	12/08/2026 21:05:32	LO ESPEJO	10450102	ECCOFEED SPA	Receptado	10487508	14/08/2026 08:32:34	BG	442	442	0	IDEAL/IDEAL/10174925-26-27
48352	12/08/2026 21:05:32	LO ESPEJO	10450102	ECCOFEED SPA	Receptado	10487508	14/08/2026 08:32:34	P5T	7	7	0	IDEAL/IDEAL/10174925-26-27
48355	12/08/2026 21:23:13	QUILICURA	10325722	GRANDES CLIENTES	Receptado	10325722	12/08/2026 21:29:16	BG	840	840	0	0/0/0
48355	12/08/2026 21:23:13	QUILICURA	10325722	GRANDES CLIENTES	Receptado	10325722	12/08/2026 21:29:16	P5T	7	7	0	0/0/0
48357	12/08/2026 21:41:05	CONCEPCION	10001288	ECCOFEED SPA	Receptado	10487508	19/08/2026 10:25:56	BG	492	492	0	PSLY22 /HGKY40/10535072
48357	12/08/2026 21:41:05	CONCEPCION	10001288	ECCOFEED SPA	Receptado	10487508	19/08/2026 10:25:56	P5T	9	9	0	PSLY22 /HGKY40/10535072
48383	13/08/2026 03:19:54	PLANTA IDEAL	10001082	CEDIS IDE QUILICURA	Receptado	10001100	13/08/2026 06:59:26	BG	1172	1172	0	1/1/CHKL476987
48383	13/08/2026 03:19:54	PLANTA IDEAL	10001082	CEDIS IDE QUILICURA	Receptado	10001100	13/08/2026 06:59:26	P5T	17	17	0	1/1/CHKL476987
48391	13/08/2026 05:43:43	CEDIS IDE QUILICURA	10001100	RANCAGUA	Receptado	10000032	13/08/2026 12:35:21	BCH	82	82	0	1/1/HKOOB37609437
48391	13/08/2026 05:43:43	CEDIS IDE QUILICURA	10001100	RANCAGUA	Receptado	10000032	13/08/2026 12:35:21	BG	926	924	2	1/1/HKOOB37609437
48391	13/08/2026 05:43:43	CEDIS IDE QUILICURA	10001100	RANCAGUA	Receptado	10000032	13/08/2026 12:35:21	P5T	17	21	-4	1/1/HKOOB37609437
48392	13/08/2026 05:44:42	ANTOFAGASTA	10299402	ECCOFEED SPA	Cancelado			BG	31	0	31	LCTB55/X/10535080
48392	13/08/2026 05:44:42	ANTOFAGASTA	10299402	ECCOFEED SPA	Cancelado			P5T	1	0	1	LCTB55/X/10535080
48395	13/08/2026 06:13:32	CEDIS IDE QUILICURA	10001100	IQUIQUE	Receptado	10012419	14/08/2026 15:21:45	BCH	108	108	0	1/1/HKOOB37608542
48395	13/08/2026 06:13:32	CEDIS IDE QUILICURA	10001100	IQUIQUE	Receptado	10012419	14/08/2026 15:21:45	BG	1232	1232	0	1/1/HKOOB37608542
48395	13/08/2026 06:13:32	CEDIS IDE QUILICURA	10001100	IQUIQUE	Receptado	10012419	14/08/2026 15:21:45	P5T	20	20	0	1/1/HKOOB37608542
48399	13/08/2026 06:18:04	PLANTA IDEAL	10001082	CEDIS IDE QUILICURA	Receptado	10033023	13/08/2026 08:51:04	BG	991	991	0	1/1/CHKL477008
48399	13/08/2026 06:18:04	PLANTA IDEAL	10001082	CEDIS IDE QUILICURA	Receptado	10033023	13/08/2026 08:51:04	P5T	18	18	0	1/1/CHKL477008
48399	13/08/2026 06:18:04	PLANTA IDEAL	10001082	CEDIS IDE QUILICURA	Receptado	10033023	13/08/2026 08:51:04	BCH	66	66	0	1/1/CHKL477008
48402	13/08/2026 06:44:58	CEDIS IDE QUILICURA	10001100	LO ESPEJO	Receptado	10461749	15/08/2026 03:11:31	BG	367	367	0	1/1/HKOOB37592398
48402	13/08/2026 06:44:58	CEDIS IDE QUILICURA	10001100	LO ESPEJO	Receptado	10461749	15/08/2026 03:11:31	P5T	6	6	0	1/1/HKOOB37592398
48404	13/08/2026 07:12:50	CEDIS IDE QUILICURA	10033023	SALON PEDRO DE VALDIVIA	Receptado	10000349	14/08/2026 15:28:58	BCH	1	3	-2	,/,/CHKO383009
48404	13/08/2026 07:12:50	CEDIS IDE QUILICURA	10033023	SALON PEDRO DE VALDIVIA	Receptado	10000349	14/08/2026 15:28:58	BG	2	0	2	,/,/CHKO383009
48404	13/08/2026 07:12:50	CEDIS IDE QUILICURA	10033023	SALON PEDRO DE VALDIVIA	Receptado	10000349	14/08/2026 15:28:58	P5T	1	0	1	,/,/CHKO383009
48408	13/08/2026 07:16:44	LOS ANDES	10486010	ECCOFEED SPA	Receptado	10487508	14/08/2026 08:31:56	BG	75	75	0	JKHC-71/JKHC-71/11734622
48408	13/08/2026 07:16:44	LOS ANDES	10486010	ECCOFEED SPA	Receptado	10487508	14/08/2026 08:31:56	P5T	2	2	0	JKHC-71/JKHC-71/11734622
48413	13/08/2026 07:44:42	CEDIS IDE QUILICURA	10033023	SALON QUILICURA	Receptado	10000981	14/08/2026 14:29:04	BG	14	14	0	1/1/CHKO383011
48413	13/08/2026 07:44:42	CEDIS IDE QUILICURA	10033023	SALON QUILICURA	Receptado	10000981	14/08/2026 14:29:04	P5T	1	0	1	1/1/CHKO383011
48417	13/08/2026 08:01:29	PLANTA IDEAL	10000427	CEDIS IDE QUILICURA	Receptado	10033023	13/08/2026 08:50:38	BG	1292	1292	0	JKKJ 26/JKKJ 26/CHKL476931
48417	13/08/2026 08:01:29	PLANTA IDEAL	10000427	CEDIS IDE QUILICURA	Receptado	10033023	13/08/2026 08:50:38	P5T	18	18	0	JKKJ 26/JKKJ 26/CHKL476931
47954	08/08/2026 20:00:19	PLANTA IDEAL	10000427	CEDIS IDE QUILICURA	Receptado	10033023	08/08/2026 20:22:53	BG	1010	1010	0	JKKJ 26/KYLZ 24/CHKL476556
47954	08/08/2026 20:00:19	PLANTA IDEAL	10000427	CEDIS IDE QUILICURA	Receptado	10033023	08/08/2026 20:22:53	P5T	21	21	0	JKKJ 26/KYLZ 24/CHKL476556
47958	08/08/2026 20:29:52	PLANTA IDEAL	10000427	CEDIS IDE QUILICURA	Receptado	10161182	09/08/2026 00:14:24	BG	192	192	0	JKKJ 26/KYLZ 24/CHKL476646
47958	08/08/2026 20:29:52	PLANTA IDEAL	10000427	CEDIS IDE QUILICURA	Receptado	10161182	09/08/2026 00:14:24	P5T	19	19	0	JKKJ 26/KYLZ 24/CHKL476646
47959	08/08/2026 20:46:10	CEDIS IDE QUILICURA	10033023	LO ESPEJO	Receptado	10461749	10/08/2026 00:22:28	BG	1172	1172	0	TVTD89/HXDF11/HKOOB37584718
47959	08/08/2026 20:46:10	CEDIS IDE QUILICURA	10033023	LO ESPEJO	Receptado	10461749	10/08/2026 00:22:28	P5T	20	20	0	TVTD89/HXDF11/HKOOB37584718
48368	12/08/2026 23:19:08	GRANDES CLIENTES	10001251	PLANTA IDEAL	Receptado	10001082	13/08/2026 02:05:14	BG	1200	1200	0	0/0/10535077
48368	12/08/2026 23:19:08	GRANDES CLIENTES	10001251	PLANTA IDEAL	Receptado	10001082	13/08/2026 02:05:14	P5T	10	14	-4	0/0/10535077
48527	14/08/2026 02:48:16	CEDIS IDE QUILICURA	10001100	GRANDES CLIENTES	Receptado	10143848	14/08/2026 04:57:58	BCH	100	100	0	1/1/1
48527	14/08/2026 02:48:16	CEDIS IDE QUILICURA	10001100	GRANDES CLIENTES	Receptado	10143848	14/08/2026 04:57:58	BG	772	772	0	1/1/1
48527	14/08/2026 02:48:16	CEDIS IDE QUILICURA	10001100	GRANDES CLIENTES	Receptado	10143848	14/08/2026 04:57:58	P5T	10	10	0	1/1/1
48960	19/08/2026 07:42:47	MELIPILLA	10291937	PLANTA IDEAL	Receptado	10033115	19/08/2026 13:33:12	P5T	10	10	0	KYPH-95/-/10535324
48967	19/08/2026 08:12:30	LOS ANGELES	172705782	PLANTA CHILLAN	Receptado	10000416	19/08/2026 11:21:26	BG	2176	1664	512	LTGY82/PWVG98/1
48967	19/08/2026 08:12:30	LOS ANGELES	172705782	PLANTA CHILLAN	Receptado	10000416	19/08/2026 11:21:26	P5T	22	22	0	LTGY82/PWVG98/1
48969	19/08/2026 08:45:22	CONCEPCION	10001026	CEDIS IDE QUILICURA	Receptado	10001100	19/08/2026 18:15:41	BG	2156	2156	0	VJWL-64/PXKH-32/10535349
48969	19/08/2026 08:45:22	CONCEPCION	10001026	CEDIS IDE QUILICURA	Receptado	10001100	19/08/2026 18:15:41	P5T	34	34	0	VJWL-64/PXKH-32/10535349
48974	19/08/2026 09:57:20	CEDIS IDE QUILICURA	10032939	LO ESPEJO	Receptado	10461749	20/08/2026 03:45:57	BG	995	995	0	1/1/HKOOB37640493
48974	19/08/2026 09:57:20	CEDIS IDE QUILICURA	10032939	LO ESPEJO	Receptado	10461749	20/08/2026 03:45:57	P5T	15	15	0	1/1/HKOOB37640493
48982	19/08/2026 11:57:53	CEDIS IDE QUILICURA	10032939	TEMUCO	Receptado	10344423	20/08/2026 07:18:49	BCH	64	64	0	1/1/HKOOB37640438
48982	19/08/2026 11:57:53	CEDIS IDE QUILICURA	10032939	TEMUCO	Receptado	10344423	20/08/2026 07:18:49	BG	1519	1519	0	1/1/HKOOB37640438
48982	19/08/2026 11:57:53	CEDIS IDE QUILICURA	10032939	TEMUCO	Receptado	10344423	20/08/2026 07:18:49	P5T	22	22	0	1/1/HKOOB37640438
48988	19/08/2026 13:19:00	PLANTA IDEAL	10033115	CEDIS IDE QUILICURA	Receptado	10032939	19/08/2026 13:40:15	BG	1220	1220	0	49/49/CHKL477197
48988	19/08/2026 13:19:00	PLANTA IDEAL	10033115	CEDIS IDE QUILICURA	Receptado	10032939	19/08/2026 13:40:15	P5T	15	15	0	49/49/CHKL477197
48989	19/08/2026 13:19:32	SALON EL CORTIJO	10000989	QUILICURA	Receptado	101196341	19/08/2026 20:13:28	BG	36	36	0	0/0/0
48994	19/08/2026 14:08:31	VIÑA DEL MAR	10000599	PLANTA IDEAL	Receptado	10001082	19/08/2026 20:35:50	BCH	760	760	0	vsrp-19/vsrp-19/10535365
48994	19/08/2026 14:08:31	VIÑA DEL MAR	10000599	PLANTA IDEAL	Receptado	10001082	19/08/2026 20:35:50	P5T	4	4	0	vsrp-19/vsrp-19/10535365
48995	19/08/2026 14:11:21	VIÑA DEL MAR	10000599	ECCOFEED SPA	Receptado	10487508	25/08/2026 17:05:17	BG	404	404	0	vsrp-19/vsrp-19/12400370-71-72
48995	19/08/2026 14:11:21	VIÑA DEL MAR	10000599	ECCOFEED SPA	Receptado	10487508	25/08/2026 17:05:17	P5T	7	7	0	vsrp-19/vsrp-19/12400370-71-72
48996	19/08/2026 14:30:39	SALON LO ESPEJO	10000848	LO ESPEJO	Receptado	10461749	20/08/2026 03:46:26	BG	20	20	0	0/0/0
49011	19/08/2026 17:12:20	TALCA	10395252	PLANTA IDEAL	Receptado	10033115	24/08/2026 02:18:53	BG	1560	1560	0	PJJV10/KDGH62/0
49011	19/08/2026 17:12:20	TALCA	10395252	PLANTA IDEAL	Receptado	10033115	24/08/2026 02:18:53	P5T	62	62	0	PJJV10/KDGH62/0
49014	19/08/2026 17:31:09	PLANTA IDEAL	10001082	CEDIS IDE QUILICURA	Receptado	10001100	19/08/2026 21:29:36	BG	1128	1128	0	1/1/CHKL477365
49014	19/08/2026 17:31:09	PLANTA IDEAL	10001082	CEDIS IDE QUILICURA	Receptado	10001100	19/08/2026 21:29:36	P5T	18	18	0	1/1/CHKL477365
49018	19/08/2026 18:20:58	CEDIS IDE QUILICURA	10001100	CHILLAN	Receptado	10301699	20/08/2026 08:40:20	BCH	3	3	0	1/1/HKOOB37640446
49018	19/08/2026 18:20:58	CEDIS IDE QUILICURA	10001100	CHILLAN	Receptado	10301699	20/08/2026 08:40:20	BG	1136	1136	0	1/1/HKOOB37640446
49018	19/08/2026 18:20:58	CEDIS IDE QUILICURA	10001100	CHILLAN	Receptado	10301699	20/08/2026 08:40:20	P5T	20	20	0	1/1/HKOOB37640446
49021	19/08/2026 18:54:10	CEDIS IDE QUILICURA	10001100	LO ESPEJO	Receptado	10461749	20/08/2026 03:47:43	BG	783	783	0	1/1/HKOOB37640496
49021	19/08/2026 18:54:10	CEDIS IDE QUILICURA	10001100	LO ESPEJO	Receptado	10461749	20/08/2026 03:47:43	P5T	14	14	0	1/1/HKOOB37640496
49025	19/08/2026 19:02:20	CEDIS IDE QUILICURA	10001100	TALCA	Receptado	10000096	20/08/2026 13:18:23	BCH	58	58	0	1/1/HKOOB37640448
49025	19/08/2026 19:02:20	CEDIS IDE QUILICURA	10001100	TALCA	Receptado	10000096	20/08/2026 13:18:23	BG	989	988	1	1/1/HKOOB37640448
49025	19/08/2026 19:02:20	CEDIS IDE QUILICURA	10001100	TALCA	Receptado	10000096	20/08/2026 13:18:23	P5T	20	20	0	1/1/HKOOB37640448
49028	19/08/2026 19:58:49	LO ESPEJO	10458156	PLANTA IDEAL	Receptado	10001082	19/08/2026 21:27:45	BG	1848	1848	0	IDEAL/IDEAL/10535386
49028	19/08/2026 19:58:49	LO ESPEJO	10458156	PLANTA IDEAL	Receptado	10001082	19/08/2026 21:27:45	P5T	21	21	0	IDEAL/IDEAL/10535386
49042	19/08/2026 21:08:12	CEDIS IDE QUILICURA	10001100	LO ESPEJO	Receptado	10461749	20/08/2026 03:47:58	BG	858	858	0	1/1/HKOOB37640498
49042	19/08/2026 21:08:12	CEDIS IDE QUILICURA	10001100	LO ESPEJO	Receptado	10461749	20/08/2026 03:47:58	P5T	10	10	0	1/1/HKOOB37640498
48409	13/08/2026 07:17:04	MELIPILLA	10291937	ECCOFEED SPA	Receptado	10487508	14/08/2026 08:34:53	BG	133	133	0	-/-/12661755-56
48409	13/08/2026 07:17:04	MELIPILLA	10291937	ECCOFEED SPA	Receptado	10487508	14/08/2026 08:34:53	P5T	3	3	0	-/-/12661755-56
48411	13/08/2026 07:35:13	CHILLAN	10301699	ECCOFEED SPA	Receptado	10487508	19/08/2026 10:26:49	BG	86	86	0	LXHJ99/KYRC26/10535066
48411	13/08/2026 07:35:13	CHILLAN	10301699	ECCOFEED SPA	Receptado	10487508	19/08/2026 10:26:49	P5T	2	2	0	LXHJ99/KYRC26/10535066
48429	13/08/2026 09:11:22	RANCAGUA	10000032	PLANTA IDEAL	Receptado	10000427	13/08/2026 11:40:13	BCH	131	131	0	FHDT-82/JJ-4817/10535099
48429	13/08/2026 09:11:22	RANCAGUA	10000032	PLANTA IDEAL	Receptado	10000427	13/08/2026 11:40:13	BG	1502	1502	0	FHDT-82/JJ-4817/10535099
48429	13/08/2026 09:11:22	RANCAGUA	10000032	PLANTA IDEAL	Receptado	10000427	13/08/2026 11:40:13	P5T	27	27	0	FHDT-82/JJ-4817/10535099
48432	13/08/2026 09:31:56	PLANTA CHILLAN	10000416	CEDIS IDE QUILICURA	Receptado	10001100	17/08/2026 15:27:06	BG	1440	1440	0	LXHJ99 /KYRC26/CGAX00043221
48432	13/08/2026 09:31:56	PLANTA CHILLAN	10000416	CEDIS IDE QUILICURA	Receptado	10001100	17/08/2026 15:27:06	P5T	24	24	0	LXHJ99 /KYRC26/CGAX00043221
48438	13/08/2026 11:13:46	CEDIS IDE QUILICURA	10033023	VALDIVIA	Receptado	10421004	14/08/2026 09:46:27	BCH	66	66	0	PGKD18/PWZP17/HKOOB37608548
48438	13/08/2026 11:13:46	CEDIS IDE QUILICURA	10033023	VALDIVIA	Receptado	10421004	14/08/2026 09:46:27	BG	1187	1187	0	PGKD18/PWZP17/HKOOB37608548
48438	13/08/2026 11:13:46	CEDIS IDE QUILICURA	10033023	VALDIVIA	Receptado	10421004	14/08/2026 09:46:27	P5T	18	18	0	PGKD18/PWZP17/HKOOB37608548
48452	13/08/2026 13:01:51	PLANTA IDEAL	10000427	CEDIS IDE QUILICURA	Receptado	10000798	13/08/2026 15:56:21	P5T	4	4	0	JUAN VALENZUELA/49/CHKL477012
48478	13/08/2026 15:47:46	PLANTA IDEAL	10033115	CEDIS IDE QUILICURA	Receptado	10000798	13/08/2026 15:57:08	BG	1239	1239	0	49/49/CHKL477014
48478	13/08/2026 15:47:46	PLANTA IDEAL	10033115	CEDIS IDE QUILICURA	Receptado	10000798	13/08/2026 15:57:08	P5T	12	12	0	49/49/CHKL477014
48582	14/08/2026 12:18:12	PLANTA IDEAL	10000427	CEDIS IDE QUILICURA	Receptado	10033023	14/08/2026 13:53:11	BG	1052	1052	0	JKKJ 26/KYLZ 25/CHKL477067
48582	14/08/2026 12:18:12	PLANTA IDEAL	10000427	CEDIS IDE QUILICURA	Receptado	10033023	14/08/2026 13:53:11	P5T	19	19	0	JKKJ 26/KYLZ 25/CHKL477067
48596	14/08/2026 16:04:00	LO ESPEJO	10450102	PLANTA IDEAL	Receptado	10033115	14/08/2026 20:45:46	BG	336	336	0	TVTD89/TVTD89/10535177
48596	14/08/2026 16:04:00	LO ESPEJO	10450102	PLANTA IDEAL	Receptado	10033115	14/08/2026 20:45:46	P5T	86	86	0	TVTD89/TVTD89/10535177
48597	14/08/2026 16:40:33	CEDIS IDE QUILICURA	10032939	LA SERENA	Receptado	10444394	18/08/2026 08:11:39	BG	360	360	0	1/1/CHKO382954
48597	14/08/2026 16:40:33	CEDIS IDE QUILICURA	10032939	LA SERENA	Receptado	10444394	18/08/2026 08:11:39	P5T	5	5	0	1/1/CHKO382954
48601	14/08/2026 17:21:50	CEDIS IDE QUILICURA	10032939	EL PINAR	Receptado	10149777	15/08/2026 00:11:12	BG	513	513	0	1/1/HKOOB37618196
48601	14/08/2026 17:21:50	CEDIS IDE QUILICURA	10032939	EL PINAR	Receptado	10149777	15/08/2026 00:11:12	P5T	10	10	0	1/1/HKOOB37618196
48752	17/08/2026 16:24:18	GRANDES CLIENTES	10000772	PLANTA IDEAL	Receptado	10000427	18/08/2026 02:07:30	BCH	2200	2200	0	KYPH95/KYPH95/10535257
48752	17/08/2026 16:24:18	GRANDES CLIENTES	10000772	PLANTA IDEAL	Receptado	10000427	18/08/2026 02:07:30	P5T	122	127	-5	KYPH95/KYPH95/10535257
48759	17/08/2026 18:01:15	PLANTA IDEAL	10001082	CEDIS IDE QUILICURA	Receptado	10001100	17/08/2026 18:43:09	BG	828	828	0	1/1/CHKL477166
48759	17/08/2026 18:01:15	PLANTA IDEAL	10001082	CEDIS IDE QUILICURA	Receptado	10001100	17/08/2026 18:43:09	P5T	13	13	0	1/1/CHKL477166
48765	17/08/2026 19:12:22	CEDIS IDE QUILICURA	10001100	CHILLAN	Receptado	10301699	19/08/2026 06:39:54	BCH	33	33	0	1/1/HKOOB37619632
48765	17/08/2026 19:12:22	CEDIS IDE QUILICURA	10001100	CHILLAN	Receptado	10301699	19/08/2026 06:39:54	BG	1127	1127	0	1/1/HKOOB37619632
48765	17/08/2026 19:12:22	CEDIS IDE QUILICURA	10001100	CHILLAN	Receptado	10301699	19/08/2026 06:39:54	P5T	20	20	0	1/1/HKOOB37619632
48766	17/08/2026 19:18:10	PLANTA IDEAL	10001082	CEDIS IDE QUILICURA	Receptado	10001100	17/08/2026 19:57:47	BG	588	588	0	1/1/CHKL477186
48766	17/08/2026 19:18:10	PLANTA IDEAL	10001082	CEDIS IDE QUILICURA	Receptado	10001100	17/08/2026 19:57:47	P5T	13	13	0	1/1/CHKL477186
48768	17/08/2026 19:32:51	TALCA	10395252	PLANTA IDEAL	Receptado	10000427	18/08/2026 00:56:42	BCH	200	200	0	PFBS12/PWZH30/0
48768	17/08/2026 19:32:51	TALCA	10395252	PLANTA IDEAL	Receptado	10000427	18/08/2026 00:56:42	BG	1440	1440	0	PFBS12/PWZH30/0
48768	17/08/2026 19:32:51	TALCA	10395252	PLANTA IDEAL	Receptado	10000427	18/08/2026 00:56:42	P5T	30	30	0	PFBS12/PWZH30/0
48775	17/08/2026 20:12:31	EL PINAR	10149777	PLANTA IDEAL	Receptado	10033115	19/08/2026 11:00:07	BG	1232	1232	0	ideal/ideal/10535266
48775	17/08/2026 20:12:31	EL PINAR	10149777	PLANTA IDEAL	Receptado	10033115	19/08/2026 11:00:07	P5T	14	14	0	ideal/ideal/10535266
48784	17/08/2026 21:07:39	CEDIS IDE QUILICURA	10001100	GRANDES CLIENTES	Receptado	10001251	18/08/2026 02:15:05	BCH	40	40	0	1/1/1
48784	17/08/2026 21:07:39	CEDIS IDE QUILICURA	10001100	GRANDES CLIENTES	Receptado	10001251	18/08/2026 02:15:05	BG	1057	1057	0	1/1/1
48784	17/08/2026 21:07:39	CEDIS IDE QUILICURA	10001100	GRANDES CLIENTES	Receptado	10001251	18/08/2026 02:15:05	P5T	21	21	0	1/1/1
48787	17/08/2026 21:14:10	LO ESPEJO	10458156	PLANTA IDEAL	Receptado	10000427	18/08/2026 02:07:00	BG	1680	1680	0	IDEAL/IDEAL/IDEAL
48787	17/08/2026 21:14:10	LO ESPEJO	10458156	PLANTA IDEAL	Receptado	10000427	18/08/2026 02:07:00	P5T	15	15	0	IDEAL/IDEAL/IDEAL
48791	17/08/2026 21:48:28	QUILICURA	101196341	ECCOFEED SPA	Receptado	10487508	19/08/2026 10:59:03	BG	174	174	0	0/0/0
48791	17/08/2026 21:48:28	QUILICURA	101196341	ECCOFEED SPA	Receptado	10487508	19/08/2026 10:59:03	P5T	3	3	0	0/0/0
48015	10/08/2026 12:33:35	PLANTA CHILLAN	10000416	PLANTA IDEAL	Receptado	10001082	11/08/2026 01:58:53	BCH	600	602	-2	LZRG89/PXJF25/10534844
48015	10/08/2026 12:33:35	PLANTA CHILLAN	10000416	PLANTA IDEAL	Receptado	10001082	11/08/2026 01:58:53	BG	338	321	17	LZRG89/PXJF25/10534844
48015	10/08/2026 12:33:35	PLANTA CHILLAN	10000416	PLANTA IDEAL	Receptado	10001082	11/08/2026 01:58:53	P5T	30	25	5	LZRG89/PXJF25/10534844
48068	10/08/2026 21:49:12	QUILICURA	10325722	ECCOFEED SPA	Receptado	10397048	12/08/2026 13:22:32	BG	204	204	0	00/00/12485446
48068	10/08/2026 21:49:12	QUILICURA	10325722	ECCOFEED SPA	Receptado	10397048	12/08/2026 13:22:32	P5T	4	4	0	00/00/12485446
48069	10/08/2026 21:56:59	CEDIS IDE QUILICURA	10000798	GRANDES CLIENTES	Receptado	10001251	11/08/2026 02:07:11	BCH	2696	2696	0	IDEAL/IDEAL/CHKO382884
48069	10/08/2026 21:56:59	CEDIS IDE QUILICURA	10000798	GRANDES CLIENTES	Receptado	10001251	11/08/2026 02:07:11	BG	1945	1945	0	IDEAL/IDEAL/CHKO382884
48069	10/08/2026 21:56:59	CEDIS IDE QUILICURA	10000798	GRANDES CLIENTES	Receptado	10001251	11/08/2026 02:07:11	P5T	72	72	0	IDEAL/IDEAL/CHKO382884
48072	10/08/2026 22:35:06	GRANDES CLIENTES	10454172	PLANTA IDEAL	Receptado	10001082	10/08/2026 23:23:21	BG	1200	1200	0	00000/00000/10534873
48072	10/08/2026 22:35:06	GRANDES CLIENTES	10454172	PLANTA IDEAL	Receptado	10001082	10/08/2026 23:23:21	P5T	10	10	0	00000/00000/10534873
48073	10/08/2026 22:45:08	CEDIS IDE QUILICURA	10001100	LO ESPEJO	Receptado	10461749	11/08/2026 07:41:01	BG	1116	1116	0	1/1/HKOOB37592385
48073	10/08/2026 22:45:08	CEDIS IDE QUILICURA	10001100	LO ESPEJO	Receptado	10461749	11/08/2026 07:41:01	P5T	14	0	14	1/1/HKOOB37592385
48074	10/08/2026 23:05:45	VIÑA DEL MAR	10450104	PLANTA IDEAL	Receptado	10033115	11/08/2026 18:02:22	BCH	600	600	0	VRZL40/KYPH95/10534874
48074	10/08/2026 23:05:45	VIÑA DEL MAR	10450104	PLANTA IDEAL	Receptado	10033115	11/08/2026 18:02:22	BG	960	960	0	VRZL40/KYPH95/10534874
48074	10/08/2026 23:05:45	VIÑA DEL MAR	10450104	PLANTA IDEAL	Receptado	10033115	11/08/2026 18:02:22	P5T	43	43	0	VRZL40/KYPH95/10534874
48519	14/08/2026 00:28:52	CEDIS IDE QUILICURA	10001100	EL PINAR	Receptado	10300015	17/08/2026 13:31:05	BG	956	956	0	1/1/HKOOB37599092
48519	14/08/2026 00:28:52	CEDIS IDE QUILICURA	10001100	EL PINAR	Receptado	10300015	17/08/2026 13:31:05	P5T	16	16	0	1/1/HKOOB37599092
48520	14/08/2026 00:38:33	PLANTA IDEAL	10001082	CEDIS IDE QUILICURA	Receptado	10001100	14/08/2026 05:59:16	BG	252	252	0	1/1/CHKL477046
48520	14/08/2026 00:38:33	PLANTA IDEAL	10001082	CEDIS IDE QUILICURA	Receptado	10001100	14/08/2026 05:59:16	P5T	5	5	0	1/1/CHKL477046
48521	14/08/2026 01:05:07	PLANTA IDEAL	10001082	CEDIS IDE QUILICURA	Receptado	10001100	14/08/2026 06:00:17	BG	1236	1236	0	1/1/CHKL476937
48521	14/08/2026 01:05:07	PLANTA IDEAL	10001082	CEDIS IDE QUILICURA	Receptado	10001100	14/08/2026 06:00:17	P5T	19	19	0	1/1/CHKL476937
48523	14/08/2026 01:26:00	CEDIS IDE QUILICURA	10001100	VIÑA DEL MAR	Receptado	10450104	14/08/2026 05:50:56	BG	1211	1211	0	1/1/HKOOB37613748
48523	14/08/2026 01:26:00	CEDIS IDE QUILICURA	10001100	VIÑA DEL MAR	Receptado	10450104	14/08/2026 05:50:56	P5T	20	20	0	1/1/HKOOB37613748
48589	14/08/2026 14:18:57	SALON CEDIS	10000848-1	QUILICURA	Receptado	101196341	14/08/2026 17:12:15	BG	32	32	0	0/0/0
49285	21/08/2026 21:11:32	CEDIS IDE QUILICURA	10161182	GRANDES CLIENTES	Receptado	10143848	31/08/2026 09:40:45	BG	1003	1003	0	1/1/1
49285	21/08/2026 21:11:32	CEDIS IDE QUILICURA	10161182	GRANDES CLIENTES	Receptado	10143848	31/08/2026 09:40:45	P5T	11	11	0	1/1/1
49291	21/08/2026 22:18:44	EL PINAR	10149777	ECCOFEED SPA	Receptado	10487508	25/08/2026 17:13:08	BG	152	152	0	ideal/ideal/12578537-38
49291	21/08/2026 22:18:44	EL PINAR	10149777	ECCOFEED SPA	Receptado	10487508	25/08/2026 17:13:08	P5T	3	3	0	ideal/ideal/12578537-38
49310	22/08/2026 02:55:25	PLANTA IDEAL	10000427	CEDIS IDE QUILICURA	Receptado	10033023	22/08/2026 04:22:32	BG	876	876	0	JKKG 89/KYLZ 25/CHKL477546
49310	22/08/2026 02:55:25	PLANTA IDEAL	10000427	CEDIS IDE QUILICURA	Receptado	10033023	22/08/2026 04:22:32	P5T	16	16	0	JKKG 89/KYLZ 25/CHKL477546
49311	22/08/2026 03:10:24	CEDIS IDE QUILICURA	10033023	TALCA	Receptado	10000096	24/08/2026 11:06:33	BCH	104	103	1	SVLV52/PWXK75/HKOOB37655591
49311	22/08/2026 03:10:24	CEDIS IDE QUILICURA	10033023	TALCA	Receptado	10000096	24/08/2026 11:06:33	BG	1340	1339	1	SVLV52/PWXK75/HKOOB37655591
49311	22/08/2026 03:10:24	CEDIS IDE QUILICURA	10033023	TALCA	Receptado	10000096	24/08/2026 11:06:33	P5T	23	23	0	SVLV52/PWXK75/HKOOB37655591
49312	22/08/2026 03:20:46	VIÑA DEL MAR	10450104	PLANTA IDEAL	Receptado	10033115	22/08/2026 10:28:20	BG	1440	1440	0	STJR25/PXJD32/10535550
49312	22/08/2026 03:20:46	VIÑA DEL MAR	10450104	PLANTA IDEAL	Receptado	10033115	22/08/2026 10:28:20	P5T	48	48	0	STJR25/PXJD32/10535550
49314	22/08/2026 03:46:33	PLANTA IDEAL	10000427	CEDIS IDE QUILICURA	Receptado	10033023	22/08/2026 04:22:13	BG	576	576	0	JKKG 89/KYLZ 25/CHKL477474
49314	22/08/2026 03:46:33	PLANTA IDEAL	10000427	CEDIS IDE QUILICURA	Receptado	10033023	22/08/2026 04:22:13	P5T	13	13	0	JKKG 89/KYLZ 25/CHKL477474
49315	22/08/2026 03:51:11	CEDIS IDE QUILICURA	10033023	RANCAGUA	Receptado	10000032	22/08/2026 07:44:18	BCH	95	95	0	CZYT30/JH3200/HKOOB37655590
49315	22/08/2026 03:51:11	CEDIS IDE QUILICURA	10033023	RANCAGUA	Receptado	10000032	22/08/2026 07:44:18	BG	1421	1421	0	CZYT30/JH3200/HKOOB37655590
49315	22/08/2026 03:51:11	CEDIS IDE QUILICURA	10033023	RANCAGUA	Receptado	10000032	22/08/2026 07:44:18	P5T	21	21	0	CZYT30/JH3200/HKOOB37655590
49316	22/08/2026 04:13:06	ANTOFAGASTA	10299402	CEDIS IDE QUILICURA	Receptado	10001100	24/08/2026 12:08:44	BCH	9	9	0	VJWL66/VJWL66/10535551
49316	22/08/2026 04:13:06	ANTOFAGASTA	10299402	CEDIS IDE QUILICURA	Receptado	10001100	24/08/2026 12:08:44	BG	1480	1480	0	VJWL66/VJWL66/10535551
49316	22/08/2026 04:13:06	ANTOFAGASTA	10299402	CEDIS IDE QUILICURA	Receptado	10001100	24/08/2026 12:08:44	P5T	46	46	0	VJWL66/VJWL66/10535551
49319	22/08/2026 04:33:46	CEDIS IDE QUILICURA	10033023	TEMUCO	Receptado	10344423	24/08/2026 07:29:36	BCH	91	91	0	PJJV29/HGKF99/HKOOB37655588
49319	22/08/2026 04:33:46	CEDIS IDE QUILICURA	10033023	TEMUCO	Receptado	10344423	24/08/2026 07:29:36	BG	1175	1175	0	PJJV29/HGKF99/HKOOB37655588
49319	22/08/2026 04:33:46	CEDIS IDE QUILICURA	10033023	TEMUCO	Receptado	10344423	24/08/2026 07:29:36	P5T	22	22	0	PJJV29/HGKF99/HKOOB37655588
49320	22/08/2026 04:50:59	PLANTA IDEAL	10000427	CEDIS IDE QUILICURA	Receptado	10033023	22/08/2026 06:14:36	BG	667	667	0	JKKG 89/KYLZ 25/CHKL477457
48484	13/08/2026 18:22:30	PLANTA CHILLAN	10000416	CEDIS IDE QUILICURA	Receptado	10001100	17/08/2026 15:27:29	BG	1440	1440	0	LTGY83/PWWC54/CGAX00043261
48484	13/08/2026 18:22:30	PLANTA CHILLAN	10000416	CEDIS IDE QUILICURA	Receptado	10001100	17/08/2026 15:27:29	P5T	24	24	0	LTGY83/PWWC54/CGAX00043261
48485	13/08/2026 18:42:31	PLANTA IDEAL	10033115	CEDIS IDE QUILICURA	Receptado	10000798	13/08/2026 19:19:42	BG	860	860	0	50/50/CHKL477027
48485	13/08/2026 18:42:31	PLANTA IDEAL	10033115	CEDIS IDE QUILICURA	Receptado	10000798	13/08/2026 19:19:42	P5T	11	11	0	50/50/CHKL477027
48486	13/08/2026 18:54:42	CEDIS IDE QUILICURA	10000798	LOS ANGELES	Receptado	172705782	15/08/2026 17:59:46	BCH	62	62	0	GKZD53/PXHK38/HKOOB37608537
48486	13/08/2026 18:54:42	CEDIS IDE QUILICURA	10000798	LOS ANGELES	Receptado	172705782	15/08/2026 17:59:46	BG	705	705	0	GKZD53/PXHK38/HKOOB37608537
48486	13/08/2026 18:54:42	CEDIS IDE QUILICURA	10000798	LOS ANGELES	Receptado	172705782	15/08/2026 17:59:46	P5T	11	11	0	GKZD53/PXHK38/HKOOB37608537
48494	13/08/2026 20:03:00	PLANTA IDEAL	10033115	CEDIS IDE QUILICURA	Receptado	10000798	13/08/2026 20:48:00	BG	988	988	0	49/49/CHKL476843
48494	13/08/2026 20:03:00	PLANTA IDEAL	10033115	CEDIS IDE QUILICURA	Receptado	10000798	13/08/2026 20:48:00	P5T	20	20	0	49/49/CHKL476843
48495	13/08/2026 20:04:55	PLANTA IDEAL	10033115	CEDIS IDE QUILICURA	Receptado	10000798	13/08/2026 20:48:29	BG	984	984	0	49/49/CHKL477015
48495	13/08/2026 20:04:55	PLANTA IDEAL	10033115	CEDIS IDE QUILICURA	Receptado	10000798	13/08/2026 20:48:29	P5T	17	17	0	49/49/CHKL477015
48498	13/08/2026 20:11:31	PLANTA IDEAL	10033115	CEDIS IDE QUILICURA	Receptado	10000798	13/08/2026 20:50:54	BG	932	932	0	49/49/CHKL476992
48498	13/08/2026 20:11:31	PLANTA IDEAL	10033115	CEDIS IDE QUILICURA	Receptado	10000798	13/08/2026 20:50:54	P5T	15	15	0	49/49/CHKL476992
48501	13/08/2026 20:29:22	PLANTA IDEAL	10033115	CEDIS IDE QUILICURA	Receptado	10000798	13/08/2026 22:01:17	BG	1279	1279	0	49/49/CHKL476934
48501	13/08/2026 20:29:22	PLANTA IDEAL	10033115	CEDIS IDE QUILICURA	Receptado	10000798	13/08/2026 22:01:17	P5T	12	12	0	49/49/CHKL476934
48502	13/08/2026 20:33:25	MELIPILLA	10469278	QUILICURA	Receptado	101196341	14/08/2026 17:12:01	BG	51	51	0	Quilicura/Quilicura/N°12662088
48502	13/08/2026 20:33:25	MELIPILLA	10469278	QUILICURA	Receptado	101196341	14/08/2026 17:12:01	P5T	1	1	0	Quilicura/Quilicura/N°12662088
48503	13/08/2026 20:51:55	CEDIS IDE QUILICURA	10000798	LA SERENA	Receptado	10444394	14/08/2026 09:39:44	BCH	78	78	0	PFBS13/PWXK76/HKOOB37608546
48503	13/08/2026 20:51:55	CEDIS IDE QUILICURA	10000798	LA SERENA	Receptado	10444394	14/08/2026 09:39:44	BG	1243	1243	0	PFBS13/PWXK76/HKOOB37608546
48503	13/08/2026 20:51:55	CEDIS IDE QUILICURA	10000798	LA SERENA	Receptado	10444394	14/08/2026 09:39:44	P5T	20	20	0	PFBS13/PWXK76/HKOOB37608546
48510	13/08/2026 22:05:20	PLANTA IDEAL	10033115	CEDIS IDE QUILICURA	Receptado	10000798	13/08/2026 22:14:37	BG	1086	1086	0	49/49/CHKL477044
48510	13/08/2026 22:05:20	PLANTA IDEAL	10033115	CEDIS IDE QUILICURA	Receptado	10000798	13/08/2026 22:14:37	P5T	17	17	0	49/49/CHKL477044
48512	13/08/2026 22:08:55	PLANTA IDEAL	10033115	CEDIS IDE QUILICURA	Receptado	10001100	14/08/2026 06:03:40	BG	1244	1244	0	50/50/CHKL477018
48512	13/08/2026 22:08:55	PLANTA IDEAL	10033115	CEDIS IDE QUILICURA	Receptado	10001100	14/08/2026 06:03:40	P5T	19	19	0	50/50/CHKL477018
48556	14/08/2026 08:07:44	MELIPILLA	10291937	PLANTA IDEAL	Receptado	10000427	14/08/2026 10:33:56	BCH	13	13	0	STJR-25/-/10535133
48556	14/08/2026 08:07:44	MELIPILLA	10291937	PLANTA IDEAL	Receptado	10000427	14/08/2026 10:33:56	BG	840	840	0	STJR-25/-/10535133
48556	14/08/2026 08:07:44	MELIPILLA	10291937	PLANTA IDEAL	Receptado	10000427	14/08/2026 10:33:56	P5T	23	23	0	STJR-25/-/10535133
48572	14/08/2026 09:08:35	RANCAGUA	10000032	ECCOFEED SPA	Receptado	10487508	19/08/2026 10:32:09	BG	138	138	0	DRPH-69/JJ-4819/10535159
48572	14/08/2026 09:08:35	RANCAGUA	10000032	ECCOFEED SPA	Receptado	10487508	19/08/2026 10:32:09	P5T	3	3	0	DRPH-69/JJ-4819/10535159
48575	14/08/2026 10:17:19	CEDIS IDE QUILICURA	10033023	QUILICURA	Receptado	10397048	14/08/2026 11:31:10	BG	180	180	0	,/,/CHKO383164
48575	14/08/2026 10:17:19	CEDIS IDE QUILICURA	10033023	QUILICURA	Receptado	10397048	14/08/2026 11:31:10	P5T	3	3	0	,/,/CHKO383164
48579	14/08/2026 11:17:16	CEDIS IDE QUILICURA	10033023	TALCA	Receptado	10000096	15/08/2026 11:48:29	BCH	107	107	0	PJKT50/PWXK75/HKOOB37611601
48579	14/08/2026 11:17:16	CEDIS IDE QUILICURA	10033023	TALCA	Receptado	10000096	15/08/2026 11:48:29	BG	1326	1316	10	PJKT50/PWXK75/HKOOB37611601
48579	14/08/2026 11:17:16	CEDIS IDE QUILICURA	10033023	TALCA	Receptado	10000096	15/08/2026 11:48:29	P5T	19	19	0	PJKT50/PWXK75/HKOOB37611601
48611	14/08/2026 19:37:19	GRANDES CLIENTES	10000772	PLANTA IDEAL	Receptado	10033115	14/08/2026 20:13:13	BCH	455	455	0	1/1/1
48611	14/08/2026 19:37:19	GRANDES CLIENTES	10000772	PLANTA IDEAL	Receptado	10033115	14/08/2026 20:13:13	BG	1516	1516	0	1/1/1
48611	14/08/2026 19:37:19	GRANDES CLIENTES	10000772	PLANTA IDEAL	Receptado	10033115	14/08/2026 20:13:13	P5T	9	9	0	1/1/1
48615	14/08/2026 19:44:47	PLANTA IDEAL	10033115	CEDIS IDE QUILICURA	Receptado	10032939	14/08/2026 20:59:00	BG	264	264	0	49/49/CHKL477048
48615	14/08/2026 19:44:47	PLANTA IDEAL	10033115	CEDIS IDE QUILICURA	Receptado	10032939	14/08/2026 20:59:00	P5T	6	6	0	49/49/CHKL477048
48617	14/08/2026 19:46:09	GRANDES CLIENTES	10000772	PLANTA IDEAL	Receptado	10033115	14/08/2026 20:40:30	BCH	200	200	0	KYPH95/KYPH95/10535193
49053	20/08/2026 00:00:30	PLANTA IDEAL	10000427	CEDIS IDE QUILICURA	Receptado	10033023	20/08/2026 00:40:12	BCH	700	700	0	JKKJ 26/KYLZ 25/CHKL477200
49053	20/08/2026 00:00:30	PLANTA IDEAL	10000427	CEDIS IDE QUILICURA	Receptado	10033023	20/08/2026 00:40:12	BG	548	548	0	JKKJ 26/KYLZ 25/CHKL477200
49053	20/08/2026 00:00:30	PLANTA IDEAL	10000427	CEDIS IDE QUILICURA	Receptado	10033023	20/08/2026 00:40:12	P5T	18	18	0	JKKJ 26/KYLZ 25/CHKL477200
49055	20/08/2026 00:47:45	CEDIS IDE QUILICURA	10033023	LO ESPEJO	Receptado	10461749	20/08/2026 03:48:14	BG	412	412	0	STJR25/JG5630/HKOOB37640499
49055	20/08/2026 00:47:45	CEDIS IDE QUILICURA	10033023	LO ESPEJO	Receptado	10461749	20/08/2026 03:48:14	P5T	6	6	0	STJR25/JG5630/HKOOB37640499
49056	20/08/2026 00:51:49	CEDIS IDE QUILICURA	10033023	SALON LO ESPEJO	Receptado	10000848	24/08/2026 14:44:49	BG	27	27	0	,/,/CHKO383390
49056	20/08/2026 00:51:49	CEDIS IDE QUILICURA	10033023	SALON LO ESPEJO	Receptado	10000848	24/08/2026 14:44:49	P5T	1	0	1	,/,/CHKO383390
49057	20/08/2026 00:52:16	PLANTA IDEAL	10000427	CEDIS IDE QUILICURA	Receptado	10033023	20/08/2026 01:17:56	BCH	600	600	0	JKKJ 26/KYLZ 25/CHKL477315
49057	20/08/2026 00:52:16	PLANTA IDEAL	10000427	CEDIS IDE QUILICURA	Receptado	10033023	20/08/2026 01:17:56	BG	596	596	0	JKKJ 26/KYLZ 25/CHKL477315
49057	20/08/2026 00:52:16	PLANTA IDEAL	10000427	CEDIS IDE QUILICURA	Receptado	10033023	20/08/2026 01:17:56	P5T	16	16	0	JKKJ 26/KYLZ 25/CHKL477315
49059	20/08/2026 01:21:05	PLANTA IDEAL	10000427	CEDIS IDE QUILICURA	Receptado	10033023	20/08/2026 01:30:54	BCH	300	300	0	TVTD 89/KYLZ 24/CHKL477316
49059	20/08/2026 01:21:05	PLANTA IDEAL	10000427	CEDIS IDE QUILICURA	Receptado	10033023	20/08/2026 01:30:54	BG	660	660	0	TVTD 89/KYLZ 24/CHKL477316
49059	20/08/2026 01:21:05	PLANTA IDEAL	10000427	CEDIS IDE QUILICURA	Receptado	10033023	20/08/2026 01:30:54	P5T	17	17	0	TVTD 89/KYLZ 24/CHKL477316
49060	20/08/2026 01:23:23	PLANTA IDEAL	10000427	CEDIS IDE QUILICURA	Receptado	10033023	20/08/2026 01:30:37	BG	788	788	0	TVTD 89/KYLZ 24/CHKL477201
49060	20/08/2026 01:23:23	PLANTA IDEAL	10000427	CEDIS IDE QUILICURA	Receptado	10033023	20/08/2026 01:30:37	P5T	15	15	0	TVTD 89/KYLZ 24/CHKL477201
49061	20/08/2026 01:27:28	CEDIS IDE QUILICURA	10033023	SALON PEDRO DE VALDIVIA	Receptado	10000349	21/08/2026 14:40:30	BG	13	15	-2	,/,/CHKO383405
49061	20/08/2026 01:27:28	CEDIS IDE QUILICURA	10033023	SALON PEDRO DE VALDIVIA	Receptado	10000349	21/08/2026 14:40:30	P5T	1	0	1	,/,/CHKO383405
49063	20/08/2026 01:40:06	CEDIS IDE QUILICURA	10033023	SALON CEDIS	Receptado	10000848-1	21/08/2026 13:21:08	BG	27	26	1	,/,/CHKO383361
49063	20/08/2026 01:40:06	CEDIS IDE QUILICURA	10033023	SALON CEDIS	Receptado	10000848-1	21/08/2026 13:21:08	P5T	1	0	1	,/,/CHKO383361
49068	20/08/2026 04:51:39	CEDIS IDE QUILICURA	10033023	RANCAGUA	Receptado	10000032	20/08/2026 09:19:00	BCH	193	193	0	CZYT30/JH3200/HKOOB37644493
49068	20/08/2026 04:51:39	CEDIS IDE QUILICURA	10033023	RANCAGUA	Receptado	10000032	20/08/2026 09:19:00	BG	1126	1126	0	CZYT30/JH3200/HKOOB37644493
49068	20/08/2026 04:51:39	CEDIS IDE QUILICURA	10033023	RANCAGUA	Receptado	10000032	20/08/2026 09:19:00	P5T	22	22	0	CZYT30/JH3200/HKOOB37644493
49072	20/08/2026 05:20:25	CEDIS IDE QUILICURA	10033023	PUERTO MONTT	Receptado	10001696	21/08/2026 12:27:42	BG	223	223	0	PGKD18/PWZP-17/HKOOB37647362
49072	20/08/2026 05:20:25	CEDIS IDE QUILICURA	10033023	PUERTO MONTT	Receptado	10001696	21/08/2026 12:27:42	P5T	4	4	0	PGKD18/PWZP-17/HKOOB37647362
49075	20/08/2026 06:05:18	PLANTA IDEAL	10000427	CEDIS IDE QUILICURA	Receptado	10033023	20/08/2026 06:27:25	BG	1040	1040	0	TVTD 89/KYLZ 24/CHKL477386
49075	20/08/2026 06:05:18	PLANTA IDEAL	10000427	CEDIS IDE QUILICURA	Receptado	10033023	20/08/2026 06:27:25	P5T	19	19	0	TVTD 89/KYLZ 24/CHKL477386
49084	20/08/2026 07:20:40	TEMUCO	10344423	PLANTA IDEAL	Receptado	10000427	24/08/2026 18:00:17	BCH	78	129	-51	PFBS18 /GRCF44 /10535400
49084	20/08/2026 07:20:40	TEMUCO	10344423	PLANTA IDEAL	Receptado	10000427	24/08/2026 18:00:17	BG	1807	1741	66	PFBS18 /GRCF44 /10535400
49084	20/08/2026 07:20:40	TEMUCO	10344423	PLANTA IDEAL	Receptado	10000427	24/08/2026 18:00:17	P5T	22	18	4	PFBS18 /GRCF44 /10535400
49094	20/08/2026 08:18:54	VALDIVIA	10421004	ECCOFEED SPA	Receptado	10487508	27/08/2026 10:54:59	BG	209	209	0	LTGY83/PTYJ59/10535408
49094	20/08/2026 08:18:54	VALDIVIA	10421004	ECCOFEED SPA	Receptado	10487508	27/08/2026 10:54:59	P5T	4	4	0	LTGY83/PTYJ59/10535408
49095	20/08/2026 08:30:15	RANCAGUA	10000032	PLANTA IDEAL	Receptado	10033115	20/08/2026 12:46:06	BCH	126	126	0	CZYT-30/JH-3200/10535410
49095	20/08/2026 08:30:15	RANCAGUA	10000032	PLANTA IDEAL	Receptado	10033115	20/08/2026 12:46:06	BG	1616	1616	0	CZYT-30/JH-3200/10535410
49095	20/08/2026 08:30:15	RANCAGUA	10000032	PLANTA IDEAL	Receptado	10033115	20/08/2026 12:46:06	P5T	20	20	0	CZYT-30/JH-3200/10535410
49096	20/08/2026 08:34:21	COPIAPO	10405300	PLANTA IDEAL	Receptado	10001082	20/08/2026 22:31:31	BCH	14	14	0	PSLY21/PTYJ58/10535411
49096	20/08/2026 08:34:21	COPIAPO	10405300	PLANTA IDEAL	Receptado	10001082	20/08/2026 22:31:31	BG	1244	1244	0	PSLY21/PTYJ58/10535411
49096	20/08/2026 08:34:21	COPIAPO	10405300	PLANTA IDEAL	Receptado	10001082	20/08/2026 22:31:31	P5T	14	14	0	PSLY21/PTYJ58/10535411
49097	20/08/2026 08:38:07	COPIAPO	10405300	ECCOFEED SPA	Receptado	10487508	27/08/2026 10:09:25	BG	166	166	0	PSLY21/PTYJ58/8616337
49097	20/08/2026 08:38:07	COPIAPO	10405300	ECCOFEED SPA	Receptado	10487508	27/08/2026 10:09:25	P5T	3	3	0	PSLY21/PTYJ58/8616337
49098	20/08/2026 08:43:21	PUERTO MONTT	10001696	ECCOFEED SPA	Receptado	10487508	27/08/2026 10:59:36	BG	56	56	0	PJKT-50/PWXK-75/13054659-65
49098	20/08/2026 08:43:21	PUERTO MONTT	10001696	ECCOFEED SPA	Receptado	10487508	27/08/2026 10:59:36	P5T	1	1	0	PJKT-50/PWXK-75/13054659-65
49099	20/08/2026 08:45:59	PUERTO MONTT	10001696	PLANTA IDEAL	Receptado	10000427	22/08/2026 01:18:07	BCH	154	154	0	PJKT-50/PWXK-75/10535412
49099	20/08/2026 08:45:59	PUERTO MONTT	10001696	PLANTA IDEAL	Receptado	10000427	22/08/2026 01:18:07	BG	1500	1552	-52	PJKT-50/PWXK-75/10535412
48805	18/08/2026 02:49:32	VIÑA DEL MAR	10450104	PLANTA IDEAL	Receptado	10033115	18/08/2026 10:50:56	BG	2160	2160	0	STJR25/PXJD32/10535275
48805	18/08/2026 02:49:32	VIÑA DEL MAR	10450104	PLANTA IDEAL	Receptado	10033115	18/08/2026 10:50:56	P5T	23	23	0	STJR25/PXJD32/10535275
48815	18/08/2026 04:36:42	CEDIS IDE QUILICURA	10033023	LO ESPEJO	Receptado	10461749	19/08/2026 04:36:32	BG	1140	1140	0	TVTD89/PWVX27/HKOOB37635366
48815	18/08/2026 04:36:42	CEDIS IDE QUILICURA	10033023	LO ESPEJO	Receptado	10461749	19/08/2026 04:36:32	P5T	16	16	0	TVTD89/PWVX27/HKOOB37635366
48848	18/08/2026 10:59:02	PLANTA IDEAL	10033115	CEDIS IDE QUILICURA	Receptado	10032939	18/08/2026 11:53:28	BG	1232	1232	0	49/49/CHKL477208
48848	18/08/2026 10:59:02	PLANTA IDEAL	10033115	CEDIS IDE QUILICURA	Receptado	10032939	18/08/2026 11:53:28	P5T	20	20	0	49/49/CHKL477208
48851	18/08/2026 11:48:16	CEDIS IDE QUILICURA	10032939	LOS ANGELES	Receptado	172705782	19/08/2026 08:12:11	BG	1238	1238	0	1/1/HKOOB37633050
48851	18/08/2026 11:48:16	CEDIS IDE QUILICURA	10032939	LOS ANGELES	Receptado	172705782	19/08/2026 08:12:11	P5T	21	21	0	1/1/HKOOB37633050
48854	18/08/2026 12:23:52	PLANTA IDEAL	10033115	CEDIS IDE QUILICURA	Receptado	10032939	18/08/2026 13:19:52	BG	826	826	0	49/49/CHKL477229
48854	18/08/2026 12:23:52	PLANTA IDEAL	10033115	CEDIS IDE QUILICURA	Receptado	10032939	18/08/2026 13:19:52	P5T	11	11	0	49/49/CHKL477229
48865	18/08/2026 15:02:46	PLANTA CHILLAN	10000416	CEDIS IDE QUILICURA	Receptado	10032939	19/08/2026 12:40:52	BG	1440	1440	0	PJJV10/HGKF80/CGAX00043403
48865	18/08/2026 15:02:46	PLANTA CHILLAN	10000416	CEDIS IDE QUILICURA	Receptado	10032939	19/08/2026 12:40:52	P5T	24	24	0	PJJV10/HGKF80/CGAX00043403
48867	18/08/2026 15:13:50	VIÑA DEL MAR	10001291	ECCOFEED SPA	Receptado	10487508	25/08/2026 17:03:02	BG	275	275	0	STJR25/PXJD33/12399415/16/17
48867	18/08/2026 15:13:50	VIÑA DEL MAR	10001291	ECCOFEED SPA	Receptado	10487508	25/08/2026 17:03:02	P5T	5	5	0	STJR25/PXJD33/12399415/16/17
48879	18/08/2026 17:56:14	TALCA	10395252	PLANTA IDEAL	Receptado	10033115	19/08/2026 13:39:40	BG	1680	1680	0	PFBS15/KYRC26/0
48879	18/08/2026 17:56:14	TALCA	10395252	PLANTA IDEAL	Receptado	10033115	19/08/2026 13:39:40	P5T	19	19	0	PFBS15/KYRC26/0
48880	18/08/2026 18:23:21	PLANTA CHILLAN	10000416	CEDIS IDE QUILICURA	Receptado	10161182	20/08/2026 20:55:33	BG	1407	1407	0	PGBY32/PWZP18/CGAX00043422
48880	18/08/2026 18:23:21	PLANTA CHILLAN	10000416	CEDIS IDE QUILICURA	Receptado	10161182	20/08/2026 20:55:33	P5T	24	24	0	PGBY32/PWZP18/CGAX00043422
48881	18/08/2026 18:29:58	CEDIS IDE QUILICURA	10001100	VIÑA DEL MAR	Receptado	10450104	19/08/2026 01:25:23	BG	1474	1474	0	1/1/HKOOB37635363
48881	18/08/2026 18:29:58	CEDIS IDE QUILICURA	10001100	VIÑA DEL MAR	Receptado	10450104	19/08/2026 01:25:23	P5T	20	20	0	1/1/HKOOB37635363
48882	18/08/2026 18:46:42	CEDIS IDE QUILICURA	10001100	EL PINAR	Receptado	10149777	18/08/2026 22:21:42	BG	762	762	0	1/1/HKOOB37635373
48882	18/08/2026 18:46:42	CEDIS IDE QUILICURA	10001100	EL PINAR	Receptado	10149777	18/08/2026 22:21:42	P5T	15	15	0	1/1/HKOOB37635373
48891	18/08/2026 20:08:38	CEDIS IDE QUILICURA	10001100	LO ESPEJO	Receptado	10461749	19/08/2026 04:48:21	BG	1056	1056	0	1/1/HKOOB37635370
48891	18/08/2026 20:08:38	CEDIS IDE QUILICURA	10001100	LO ESPEJO	Receptado	10461749	19/08/2026 04:48:21	P5T	15	15	0	1/1/HKOOB37635370
48900	18/08/2026 21:22:03	PLANTA IDEAL	10001082	CEDIS IDE QUILICURA	Receptado	10033023	18/08/2026 23:13:55	BG	598	598	0	1/1/CHKL477194
48900	18/08/2026 21:22:03	PLANTA IDEAL	10001082	CEDIS IDE QUILICURA	Receptado	10033023	18/08/2026 23:13:55	P5T	10	10	0	1/1/CHKL477194
48908	18/08/2026 22:02:37	PLANTA IDEAL	10001082	CEDIS IDE QUILICURA	Receptado	10033023	18/08/2026 23:13:26	BG	1208	1208	0	1/1/CHKL477285
48908	18/08/2026 22:02:37	PLANTA IDEAL	10001082	CEDIS IDE QUILICURA	Receptado	10033023	18/08/2026 23:13:26	P5T	19	19	0	1/1/CHKL477285
48971	19/08/2026 09:03:24	PUERTO MONTT	10001696	ECCOFEED SPA	Receptado	10487508	27/08/2026 10:57:57	BG	224	224	0	LCTB-56/PTYJ-57/13054349-50-51
48971	19/08/2026 09:03:24	PUERTO MONTT	10001696	ECCOFEED SPA	Receptado	10487508	27/08/2026 10:57:57	P5T	4	4	0	LCTB-56/PTYJ-57/13054349-50-51
48972	19/08/2026 09:36:15	PUERTO MONTT	10001696	PLANTA CHILLAN	Receptado	10000416	19/08/2026 19:55:40	BG	1560	1560	0	LCTB-56/PTYJ-57/10535350
48972	19/08/2026 09:36:15	PUERTO MONTT	10001696	PLANTA CHILLAN	Receptado	10000416	19/08/2026 19:55:40	P5T	42	42	0	LCTB-56/PTYJ-57/10535350
48973	19/08/2026 09:43:32	CEDIS IDE QUILICURA	10032939	COPIAPO	Receptado	10405300	20/08/2026 08:17:35	BCH	14	14	0	1/1/HKOOB37640453
48973	19/08/2026 09:43:32	CEDIS IDE QUILICURA	10032939	COPIAPO	Receptado	10405300	20/08/2026 08:17:35	BG	1111	1111	0	1/1/HKOOB37640453
48973	19/08/2026 09:43:32	CEDIS IDE QUILICURA	10032939	COPIAPO	Receptado	10405300	20/08/2026 08:17:35	P5T	20	20	0	1/1/HKOOB37640453
48977	19/08/2026 10:53:19	ANTOFAGASTA	10299402	CEDIS IDE QUILICURA	Receptado	10161182	20/08/2026 14:50:50	BCH	199	199	0	VJWL66/VJWL66/1
48160	11/08/2026 12:31:13	LOS ANGELES	172705782	PLANTA IDEAL	Receptado	10033115	06/09/2026 10:53:37	BCH	79	79	0	PJJV10/PXJF27/1
48160	11/08/2026 12:31:13	LOS ANGELES	172705782	PLANTA IDEAL	Receptado	10033115	06/09/2026 10:53:37	BG	1088	1088	0	PJJV10/PXJF27/1
48160	11/08/2026 12:31:13	LOS ANGELES	172705782	PLANTA IDEAL	Receptado	10033115	06/09/2026 10:53:37	P5T	10	10	0	PJJV10/PXJF27/1
48161	11/08/2026 12:33:02	LOS ANGELES	172705782	ECCOFEED SPA	Receptado	10487508	14/08/2026 08:48:27	BG	310	310	0	PJJV10/PXJF27/1
48161	11/08/2026 12:33:02	LOS ANGELES	172705782	ECCOFEED SPA	Receptado	10487508	14/08/2026 08:48:27	P5T	6	6	0	PJJV10/PXJF27/1
48182	11/08/2026 17:21:11	PLANTA CHILLAN	10000416	PLANTA IDEAL	Receptado	10001082	12/08/2026 00:19:16	BG	1532	1276	256	TZSS95/PXLS31/10534947
48182	11/08/2026 17:21:11	PLANTA CHILLAN	10000416	PLANTA IDEAL	Receptado	10001082	12/08/2026 00:19:16	P5T	24	24	0	TZSS95/PXLS31/10534947
48182	11/08/2026 17:21:11	PLANTA CHILLAN	10000416	PLANTA IDEAL	Receptado	10001082	12/08/2026 00:19:16	BCH	400	373	27	TZSS95/PXLS31/10534947
48189	11/08/2026 17:47:33	PLANTA CHILLAN	10000416	CEDIS IDE QUILICURA	Receptado	10001100	12/08/2026 03:07:43	BG	1440	1440	0	PFBS17/KYLH53/CGAX00043162
48189	11/08/2026 17:47:33	PLANTA CHILLAN	10000416	CEDIS IDE QUILICURA	Receptado	10001100	12/08/2026 03:07:43	P5T	24	24	0	PFBS17/KYLH53/CGAX00043162
48191	11/08/2026 18:11:07	LO ESPEJO	10458156	PLANTA IDEAL	Receptado	10033115	11/08/2026 18:58:22	BG	1617	1617	0	IDEAL/IDEAL/IDEAK
48191	11/08/2026 18:11:07	LO ESPEJO	10458156	PLANTA IDEAL	Receptado	10033115	11/08/2026 18:58:22	P5T	14	14	0	IDEAL/IDEAL/IDEAK
48193	11/08/2026 18:56:56	PLANTA IDEAL	10033115	CEDIS IDE QUILICURA	Receptado	10000798	11/08/2026 20:13:33	BG	15	15	0	49/49/CHKL476874
48193	11/08/2026 18:56:56	PLANTA IDEAL	10033115	CEDIS IDE QUILICURA	Receptado	10000798	11/08/2026 20:13:33	P5T	1	1	0	49/49/CHKL476874
48194	11/08/2026 19:06:44	TALCA	10395252	PLANTA IDEAL	Receptado	10001082	11/08/2026 23:45:35	BG	1800	1800	0	FHDT82/HXFD93/0
48194	11/08/2026 19:06:44	TALCA	10395252	PLANTA IDEAL	Receptado	10001082	11/08/2026 23:45:35	P5T	20	20	0	FHDT82/HXFD93/0
48200	11/08/2026 19:29:13	PLANTA IDEAL	10033115	CEDIS IDE QUILICURA	Receptado	10000798	11/08/2026 20:14:20	BG	1074	1074	0	49/49/CHKL476821
48200	11/08/2026 19:29:13	PLANTA IDEAL	10033115	CEDIS IDE QUILICURA	Receptado	10000798	11/08/2026 20:14:20	P5T	20	20	0	49/49/CHKL476821
48217	11/08/2026 21:49:20	PLANTA IDEAL	10033115	CEDIS IDE QUILICURA	Receptado	10000798	11/08/2026 22:09:23	BG	1077	1077	0	49/49/CHKL476877
48217	11/08/2026 21:49:20	PLANTA IDEAL	10033115	CEDIS IDE QUILICURA	Receptado	10000798	11/08/2026 22:09:23	P5T	20	20	0	49/49/CHKL476877
48220	11/08/2026 21:53:43	EL PINAR	10149777	ECCOFEED SPA	Receptado	10487508	13/08/2026 16:35:58	BG	110	110	0	ideal/ideal/12572544
48220	11/08/2026 21:53:43	EL PINAR	10149777	ECCOFEED SPA	Receptado	10487508	13/08/2026 16:35:58	P5T	2	2	0	ideal/ideal/12572544
48595	14/08/2026 15:44:53	PLANTA CHILLAN	10000416	CEDIS IDE QUILICURA	Receptado	10032939	17/08/2026 10:42:36	BG	1409	1409	0	PSLY27 /PWZP19/CGAX00043322
48595	14/08/2026 15:44:53	PLANTA CHILLAN	10000416	CEDIS IDE QUILICURA	Receptado	10032939	17/08/2026 10:42:36	P5T	24	24	0	PSLY27 /PWZP19/CGAX00043322
48684	15/08/2026 10:44:12	VIÑA DEL MAR	10001291	PLANTA IDEAL	Receptado	10033115	17/08/2026 14:29:57	BG	720	720	0	VSP-19/IDEAL/10535222
48684	15/08/2026 10:44:12	VIÑA DEL MAR	10001291	PLANTA IDEAL	Receptado	10033115	17/08/2026 14:29:57	P5T	7	7	0	VSP-19/IDEAL/10535222
48687	15/08/2026 11:31:11	CEDIS IDE QUILICURA	10033023	PLANTA IDEAL	Receptado	10033115	17/08/2026 14:25:05	BG	4	4	0	,/,/,
48695	15/08/2026 13:57:03	CEDIS IDE QUILICURA	10032939	RANCAGUA	Receptado	10000032	17/08/2026 08:43:19	BCH	9	9	0	1/1/HKOOB37619438
48695	15/08/2026 13:57:03	CEDIS IDE QUILICURA	10032939	RANCAGUA	Receptado	10000032	17/08/2026 08:43:19	BG	1167	1167	0	1/1/HKOOB37619438
48695	15/08/2026 13:57:03	CEDIS IDE QUILICURA	10032939	RANCAGUA	Receptado	10000032	17/08/2026 08:43:19	P5T	22	22	0	1/1/HKOOB37619438
49320	22/08/2026 04:50:59	PLANTA IDEAL	10000427	CEDIS IDE QUILICURA	Receptado	10033023	22/08/2026 06:14:36	P5T	17	17	0	JKKG 89/KYLZ 25/CHKL477457
49322	22/08/2026 05:24:28	CEDIS IDE QUILICURA	10033023	IQUIQUE	Receptado	10012419	25/08/2026 09:08:27	BG	60	60	0	PJJV10/HGKF80/HKOOB37657023
49323	22/08/2026 05:32:19	CEDIS IDE QUILICURA	10033023	ARICA	Receptado	10154469	01/09/2026 01:17:13	BCH	14	14	0	PJJV10/HGKF80/HKOOB37657023
49323	22/08/2026 05:32:19	CEDIS IDE QUILICURA	10033023	ARICA	Receptado	10154469	01/09/2026 01:17:13	BG	1324	1324	0	PJJV10/HGKF80/HKOOB37657023
49323	22/08/2026 05:32:19	CEDIS IDE QUILICURA	10033023	ARICA	Receptado	10154469	01/09/2026 01:17:13	P5T	22	22	0	PJJV10/HGKF80/HKOOB37657023
49324	22/08/2026 05:38:36	PLANTA IDEAL	10000427	CEDIS IDE QUILICURA	Receptado	10033023	22/08/2026 06:14:19	P5T	11	11	0	JKKG 89/KYLZ 25/CHKL477475
49326	22/08/2026 06:01:19	CEDIS IDE QUILICURA	10033023	SALON PEDRO DE VALDIVIA	Receptado	10000349	24/08/2026 15:28:33	BG	33	34	-1	,/,/CHKO383585
49326	22/08/2026 06:01:19	CEDIS IDE QUILICURA	10033023	SALON PEDRO DE VALDIVIA	Receptado	10000349	24/08/2026 15:28:33	P5T	1	0	1	,/,/CHKO383585
49330	22/08/2026 07:00:52	CEDIS IDE QUILICURA	10032939	GRANDES CLIENTES	Receptado	10001251	24/08/2026 03:33:20	BG	3851	3851	0	1/1/CHKO383547
49330	22/08/2026 07:00:52	CEDIS IDE QUILICURA	10032939	GRANDES CLIENTES	Receptado	10001251	24/08/2026 03:33:20	P5T	60	60	0	1/1/CHKO383547
49331	22/08/2026 07:02:26	LOS ANDES	10486010	ECCOFEED SPA	Receptado	10487508	27/08/2026 10:13:02	BG	212	212	0	HVJX-52/HVJX-52/11736115
49331	22/08/2026 07:02:26	LOS ANDES	10486010	ECCOFEED SPA	Receptado	10487508	27/08/2026 10:13:02	P5T	4	4	0	HVJX-52/HVJX-52/11736115
49332	22/08/2026 07:32:19	TEMUCO	10344423	ECCOFEED SPA	Receptado	10487508	27/08/2026 10:50:51	BG	165	165	0	LCTB55 /KDHP45 /10535553
49332	22/08/2026 07:32:19	TEMUCO	10344423	ECCOFEED SPA	Receptado	10487508	27/08/2026 10:50:51	P5T	3	3	0	LCTB55 /KDHP45 /10535553
49336	22/08/2026 07:39:36	CHILLAN	10301699	ECCOFEED SPA	Receptado	10487508	27/08/2026 10:45:00	BG	111	111	0	PSLY21/PTYJ59/10535470
49336	22/08/2026 07:39:36	CHILLAN	10301699	ECCOFEED SPA	Receptado	10487508	27/08/2026 10:45:00	P5T	2	2	0	PSLY21/PTYJ59/10535470
49339	22/08/2026 07:56:00	COPIAPO	10405300	ECCOFEED SPA	Receptado	10487508	27/08/2026 10:09:49	BG	98	98	0	RFZY99/PTYJ58/8616557
49339	22/08/2026 07:56:00	COPIAPO	10405300	ECCOFEED SPA	Receptado	10487508	27/08/2026 10:09:49	P5T	2	2	0	RFZY99/PTYJ58/8616557
47848	08/08/2026 00:25:57	CEDIS IDE QUILICURA	10161182	VIÑA DEL MAR	Receptado	10450104	08/08/2026 06:27:56	BCH	476	476	0	STJR25/KYPH95/HKOOB37584726
48256	12/08/2026 06:02:56	PLANTA IDEAL	10001082	CEDIS IDE QUILICURA	Receptado	10033023	12/08/2026 08:17:37	BG	1108	1108	0	1/1/CHKL476880
48256	12/08/2026 06:02:56	PLANTA IDEAL	10001082	CEDIS IDE QUILICURA	Receptado	10033023	12/08/2026 08:17:37	P5T	13	13	0	1/1/CHKL476880
48315	12/08/2026 14:48:30	VIÑA DEL MAR	10001291	ECCOFEED SPA	Receptado	10487508	13/08/2026 16:38:04	BG	749	749	0	VSRP-19/IDEAL/12395632-12394628
48315	12/08/2026 14:48:30	VIÑA DEL MAR	10001291	ECCOFEED SPA	Receptado	10487508	13/08/2026 16:38:04	P5T	12	12	0	VSRP-19/IDEAL/12395632-12394628
48316	12/08/2026 14:54:07	SALON QUILICURA	10000981	QUILICURA	Receptado	101196341	12/08/2026 15:41:22	BG	41	41	0	0/0/0
48320	12/08/2026 15:46:05	GRANDES CLIENTES	10000772	PLANTA IDEAL	Receptado	10033115	12/08/2026 17:15:17	BG	1200	1200	0	PWVX27/PWVX27/10535028
48320	12/08/2026 15:46:05	GRANDES CLIENTES	10000772	PLANTA IDEAL	Receptado	10033115	12/08/2026 17:15:17	P5T	32	32	0	PWVX27/PWVX27/10535028
48631	14/08/2026 23:07:34	VIÑA DEL MAR	10450104	PLANTA IDEAL	Receptado	10001082	15/08/2026 01:34:48	BG	1320	1080	240	HVJX52/JP3260/10535207
48631	14/08/2026 23:07:34	VIÑA DEL MAR	10450104	PLANTA IDEAL	Receptado	10001082	15/08/2026 01:34:48	P5T	50	61	-11	HVJX52/JP3260/10535207
49099	20/08/2026 08:45:59	PUERTO MONTT	10001696	PLANTA IDEAL	Receptado	10000427	22/08/2026 01:18:07	P5T	19	20	-1	PJKT-50/PWXK-75/10535412
49102	20/08/2026 10:13:18	LOS ANDES	10486010	PLANTA IDEAL	Receptado	10033115	20/08/2026 13:15:25	BCH	100	100	0	HXGP-47/HXGP-47/10535417
49102	20/08/2026 10:13:18	LOS ANDES	10486010	PLANTA IDEAL	Receptado	10033115	20/08/2026 13:15:25	BG	928	928	0	HXGP-47/HXGP-47/10535417
49102	20/08/2026 10:13:18	LOS ANDES	10486010	PLANTA IDEAL	Receptado	10033115	20/08/2026 13:15:25	P5T	10	10	0	HXGP-47/HXGP-47/10535417
49103	20/08/2026 10:26:18	CEDIS IDE QUILICURA	10032939	ARICA	Receptado	10154469	23/08/2026 23:06:24	BG	155	155	0	1/1/HKOOB37647360
49103	20/08/2026 10:26:18	CEDIS IDE QUILICURA	10032939	ARICA	Receptado	10154469	23/08/2026 23:06:24	P5T	4	4	0	1/1/HKOOB37647360
49105	20/08/2026 10:53:06	LOS ANGELES	172705782	PLANTA IDEAL	Receptado	10001082	24/08/2026 12:14:29	BCH	156	215	-59	PFBS15/KYRC26/1
49105	20/08/2026 10:53:06	LOS ANGELES	172705782	PLANTA IDEAL	Receptado	10001082	24/08/2026 12:14:29	BG	1286	1122	164	PFBS15/KYRC26/1
49105	20/08/2026 10:53:06	LOS ANGELES	172705782	PLANTA IDEAL	Receptado	10001082	24/08/2026 12:14:29	P5T	32	29	3	PFBS15/KYRC26/1
49110	20/08/2026 12:38:16	CEDIS IDE QUILICURA	10032939	TALCA	Receptado	10000096	21/08/2026 11:10:23	BCH	32	32	0	1/1/HKOOB37644503
49110	20/08/2026 12:38:16	CEDIS IDE QUILICURA	10032939	TALCA	Receptado	10000096	21/08/2026 11:10:23	BG	1250	1250	0	1/1/HKOOB37644503
49110	20/08/2026 12:38:16	CEDIS IDE QUILICURA	10032939	TALCA	Receptado	10000096	21/08/2026 11:10:23	P5T	23	23	0	1/1/HKOOB37644503
49112	20/08/2026 12:56:36	GRANDES CLIENTES	10000772	PLANTA IDEAL	Cancelado			BCH	800	0	800	JF4261/JF4261/10535423
49112	20/08/2026 12:56:36	GRANDES CLIENTES	10000772	PLANTA IDEAL	Cancelado			BG	600	0	600	JF4261/JF4261/10535423
49112	20/08/2026 12:56:36	GRANDES CLIENTES	10000772	PLANTA IDEAL	Cancelado			P5T	9	0	9	JF4261/JF4261/10535423
49116	20/08/2026 13:08:12	PLANTA IDEAL	10033115	CEDIS IDE QUILICURA	Receptado	10032939	20/08/2026 13:40:48	BG	948	948	0	50/50/CHKL477388
49116	20/08/2026 13:08:12	PLANTA IDEAL	10033115	CEDIS IDE QUILICURA	Receptado	10032939	20/08/2026 13:40:48	P5T	11	11	0	50/50/CHKL477388
49118	20/08/2026 13:10:46	PLANTA IDEAL	10033115	CEDIS IDE QUILICURA	Receptado	10032939	20/08/2026 13:41:14	BG	982	982	0	50/50/CHKL477389
49118	20/08/2026 13:10:46	PLANTA IDEAL	10033115	CEDIS IDE QUILICURA	Receptado	10032939	20/08/2026 13:41:14	P5T	17	17	0	50/50/CHKL477389
49130	20/08/2026 15:15:00	CEDIS IDE QUILICURA	10161182	GRANDES CLIENTES	Receptado	10001251	21/08/2026 02:58:37	BG	235	235	0	1/1/CHKO383427
49130	20/08/2026 15:15:00	CEDIS IDE QUILICURA	10161182	GRANDES CLIENTES	Receptado	10001251	21/08/2026 02:58:37	P5T	3	3	0	1/1/CHKO383427
48064	10/08/2026 21:33:39	CEDIS IDE QUILICURA	10000798	CHILLAN	Receptado	10301699	11/08/2026 09:17:25	BCH	18	18	0	HVJX52/JP3260/HKOOB37592354
48064	10/08/2026 21:33:39	CEDIS IDE QUILICURA	10000798	CHILLAN	Receptado	10301699	11/08/2026 09:17:25	BG	721	721	0	HVJX52/JP3260/HKOOB37592354
48064	10/08/2026 21:33:39	CEDIS IDE QUILICURA	10000798	CHILLAN	Receptado	10301699	11/08/2026 09:17:25	P5T	20	20	0	HVJX52/JP3260/HKOOB37592354
48303	12/08/2026 12:30:53	PLANTA IDEAL	10000427	CEDIS IDE QUILICURA	Receptado	10000798	12/08/2026 15:09:18	BCH	300	300	0	JKKJ 26/KYLZ 24/CHKL476964
48303	12/08/2026 12:30:53	PLANTA IDEAL	10000427	CEDIS IDE QUILICURA	Receptado	10000798	12/08/2026 15:09:18	BG	868	868	0	JKKJ 26/KYLZ 24/CHKL476964
48303	12/08/2026 12:30:53	PLANTA IDEAL	10000427	CEDIS IDE QUILICURA	Receptado	10000798	12/08/2026 15:09:18	P5T	12	12	0	JKKJ 26/KYLZ 24/CHKL476964
49367	22/08/2026 15:07:43	TALCA	10395252	ECCOFEED SPA	Receptado	10487508	27/08/2026 10:28:02	BG	290	290	0	SVLV52/PWXK75/0
49367	22/08/2026 15:07:43	TALCA	10395252	ECCOFEED SPA	Receptado	10487508	27/08/2026 10:28:02	P5T	5	5	0	SVLV52/PWXK75/0
49371	22/08/2026 15:31:53	CEDIS IDE QUILICURA	10001100	GRANDES CLIENTES	Receptado	10001251	24/08/2026 03:33:49	BG	20	20	0	1/1/1
49371	22/08/2026 15:31:53	CEDIS IDE QUILICURA	10001100	GRANDES CLIENTES	Receptado	10001251	24/08/2026 03:33:49	P5T	1	1	0	1/1/1
49373	22/08/2026 16:00:16	GRANDES CLIENTES	10000772	PLANTA IDEAL	Receptado	10001082	22/08/2026 20:03:14	BCH	200	200	0	JG4930/JG4930/10535572
49373	22/08/2026 16:00:16	GRANDES CLIENTES	10000772	PLANTA IDEAL	Receptado	10001082	22/08/2026 20:03:14	BG	720	720	0	JG4930/JG4930/10535572
49373	22/08/2026 16:00:16	GRANDES CLIENTES	10000772	PLANTA IDEAL	Receptado	10001082	22/08/2026 20:03:14	P5T	36	36	0	JG4930/JG4930/10535572
49374	22/08/2026 16:05:13	VIÑA DEL MAR	10000599	ECCOFEED SPA	Receptado	10487508	27/08/2026 10:11:24	BG	316	316	0	tvtd-89/tvtd-89/12403112-13-4
49374	22/08/2026 16:05:13	VIÑA DEL MAR	10000599	ECCOFEED SPA	Receptado	10487508	27/08/2026 10:11:24	P5T	5	5	0	tvtd-89/tvtd-89/12403112-13-4
49375	22/08/2026 16:05:42	GRANDES CLIENTES	10000772	ECCOFEED SPA	Receptado	10487508	27/08/2026 10:14:47	BG	12	12	0	1/1/13154594
49375	22/08/2026 16:05:42	GRANDES CLIENTES	10000772	ECCOFEED SPA	Receptado	10487508	27/08/2026 10:14:47	P5T	1	1	0	1/1/13154594
49377	22/08/2026 16:09:30	CEDIS IDE QUILICURA	10001100	LO ESPEJO	Receptado	10461749	24/08/2026 05:44:34	BG	357	357	0	1/1/HKOOB37657010
49377	22/08/2026 16:09:30	CEDIS IDE QUILICURA	10001100	LO ESPEJO	Receptado	10461749	24/08/2026 05:44:34	P5T	12	12	0	1/1/HKOOB37657010
49378	22/08/2026 16:36:30	CEDIS IDE QUILICURA	10001100	MELIPILLA	Receptado	10291937	24/08/2026 08:12:12	P5T	14	15	-1	1/1/HKOOB37659380
49394	22/08/2026 22:55:19	PLANTA IDEAL	10000427	CEDIS IDE QUILICURA	Receptado	10001100	24/08/2026 08:08:17	BG	1218	1218	0	DBLS 59/KYLZ 25/CHKL477462
49394	22/08/2026 22:55:19	PLANTA IDEAL	10000427	CEDIS IDE QUILICURA	Receptado	10001100	24/08/2026 08:08:17	P5T	20	20	0	DBLS 59/KYLZ 25/CHKL477462
49396	23/08/2026 02:59:07	PLANTA IDEAL	10000427	CEDIS IDE QUILICURA	Receptado	10001100	24/08/2026 08:09:02	BCH	800	800	0	DBLS 59/KYLZ 25/CHKL477570
49396	23/08/2026 02:59:07	PLANTA IDEAL	10000427	CEDIS IDE QUILICURA	Receptado	10001100	24/08/2026 08:09:02	BG	180	180	0	DBLS 59/KYLZ 25/CHKL477570
49396	23/08/2026 02:59:07	PLANTA IDEAL	10000427	CEDIS IDE QUILICURA	Receptado	10001100	24/08/2026 08:09:02	P5T	16	16	0	DBLS 59/KYLZ 25/CHKL477570
49397	23/08/2026 03:11:45	PLANTA IDEAL	10000427	CEDIS IDE QUILICURA	Receptado	10001100	24/08/2026 08:09:35	BCH	881	881	0	DBLS 59/KYLZ 25/CHKL477571
49397	23/08/2026 03:11:45	PLANTA IDEAL	10000427	CEDIS IDE QUILICURA	Receptado	10001100	24/08/2026 08:09:35	BG	240	240	0	DBLS 59/KYLZ 25/CHKL477571
49397	23/08/2026 03:11:45	PLANTA IDEAL	10000427	CEDIS IDE QUILICURA	Receptado	10001100	24/08/2026 08:09:35	P5T	22	22	0	DBLS 59/KYLZ 25/CHKL477571
49400	23/08/2026 23:08:28	ARICA	10154469	PLANTA IDEAL	Receptado	10000427	01/09/2026 09:18:49	BCH	64	64	0	LTGY82/PWZH31/10535584
49400	23/08/2026 23:08:28	ARICA	10154469	PLANTA IDEAL	Receptado	10000427	01/09/2026 09:18:49	BG	990	990	0	LTGY82/PWZH31/10535584
49400	23/08/2026 23:08:28	ARICA	10154469	PLANTA IDEAL	Receptado	10000427	01/09/2026 09:18:49	P5T	15	15	0	LTGY82/PWZH31/10535584
49401	23/08/2026 23:11:10	ARICA	10154469	ECCOFEED SPA	Receptado	10487508	27/08/2026 10:03:43	BG	287	287	0	LTGY82/PWZH31/10535585
49401	23/08/2026 23:11:10	ARICA	10154469	ECCOFEED SPA	Receptado	10487508	27/08/2026 10:03:43	P5T	5	5	0	LTGY82/PWZH31/10535585
49403	24/08/2026 07:30:20	CHILLAN	10301699	PLANTA CHILLAN	Receptado	10000416	26/08/2026 13:42:54	BG	1462	1462	0	LCTB56/PTYJ57/10535469
49403	24/08/2026 07:30:20	CHILLAN	10301699	PLANTA CHILLAN	Receptado	10000416	26/08/2026 13:42:54	P5T	15	15	0	LCTB56/PTYJ57/10535469
49409	24/08/2026 07:56:53	MELIPILLA	10291937	ECCOFEED SPA	Receptado	10487508	27/08/2026 10:21:03	BG	216	216	0	-/-/12664276-78-80
49409	24/08/2026 07:56:53	MELIPILLA	10291937	ECCOFEED SPA	Receptado	10487508	27/08/2026 10:21:03	P5T	4	4	0	-/-/12664276-78-80
49411	24/08/2026 08:09:12	RANCAGUA	10000032	PLANTA IDEAL	Receptado	10001082	24/08/2026 10:40:13	BG	325	325	0	CZYT-30/JH-3200/10535591
49411	24/08/2026 08:09:12	RANCAGUA	10000032	PLANTA IDEAL	Receptado	10001082	24/08/2026 10:40:13	P5T	3	9	-6	CZYT-30/JH-3200/10535591
49412	24/08/2026 08:10:34	CONCEPCION	10001026	CEDIS IDE QUILICURA	Receptado	10033023	24/08/2026 19:24:55	BG	980	980	0	VJWL-64/PXKH-32/10535590
49412	24/08/2026 08:10:34	CONCEPCION	10001026	CEDIS IDE QUILICURA	Receptado	10033023	24/08/2026 19:24:55	P5T	10	10	0	VJWL-64/PXKH-32/10535590
49413	24/08/2026 08:15:51	RANCAGUA	10000032	ECCOFEED SPA	Receptado	10487508	27/08/2026 10:22:11	BG	24	24	0	CZYT-30/JH-3200/10535592
49413	24/08/2026 08:15:51	RANCAGUA	10000032	ECCOFEED SPA	Receptado	10487508	27/08/2026 10:22:11	P5T	1	1	0	CZYT-30/JH-3200/10535592
49415	24/08/2026 08:39:24	CEDIS IDE QUILICURA	10001100	VALDIVIA	Receptado	10421004	25/08/2026 10:04:57	BCH	50	50	0	1/1/HKOOB37659135
49415	24/08/2026 08:39:24	CEDIS IDE QUILICURA	10001100	VALDIVIA	Receptado	10421004	25/08/2026 10:04:57	BG	918	918	0	1/1/HKOOB37659135
49415	24/08/2026 08:39:24	CEDIS IDE QUILICURA	10001100	VALDIVIA	Receptado	10421004	25/08/2026 10:04:57	P5T	17	17	0	1/1/HKOOB37659135
49425	24/08/2026 10:19:09	CEDIS IDE QUILICURA	10001100	PLANTA IDEAL	Receptado	10001082	24/08/2026 11:22:54	BG	1145	1152	-7	1/1/1
49425	24/08/2026 10:19:09	CEDIS IDE QUILICURA	10001100	PLANTA IDEAL	Receptado	10001082	24/08/2026 11:22:54	P5T	12	12	0	1/1/1
49429	24/08/2026 10:46:53	PLANTA CHILLAN	10000416	CEDIS IDE QUILICURA	Receptado	10032939	25/08/2026 04:28:32	BG	1440	1440	0	LTGY83/PWZP18/CGAX00043602
47848	08/08/2026 00:25:57	CEDIS IDE QUILICURA	10161182	VIÑA DEL MAR	Receptado	10450104	08/08/2026 06:27:56	BG	943	943	0	STJR25/KYPH95/HKOOB37584726
47848	08/08/2026 00:25:57	CEDIS IDE QUILICURA	10161182	VIÑA DEL MAR	Receptado	10450104	08/08/2026 06:27:56	P5T	21	21	0	STJR25/KYPH95/HKOOB37584726
47899	08/08/2026 09:11:45	PLANTA CHILLAN	10000416	CEDIS IDE QUILICURA	Receptado	10000980	08/08/2026 21:31:56	BG	1440	1440	0	PJKT50/PWXK75/CGAX00043061
47899	08/08/2026 09:11:45	PLANTA CHILLAN	10000416	CEDIS IDE QUILICURA	Receptado	10000980	08/08/2026 21:31:56	P5T	24	24	0	PJKT50/PWXK75/CGAX00043061
47902	08/08/2026 09:11:17	PUERTO MONTT	10001696	PLANTA CHILLAN	Receptado	10000416	10/08/2026 11:10:11	BCH	200	200	0	PGKD-17/PWVG-98/10534806
47902	08/08/2026 09:11:17	PUERTO MONTT	10001696	PLANTA CHILLAN	Receptado	10000416	10/08/2026 11:10:11	BG	1560	1560	0	PGKD-17/PWVG-98/10534806
47902	08/08/2026 09:11:17	PUERTO MONTT	10001696	PLANTA CHILLAN	Receptado	10000416	10/08/2026 11:10:11	P5T	42	42	0	PGKD-17/PWVG-98/10534806
47908	08/08/2026 10:25:18	CEDIS IDE QUILICURA	10161182	TALCA	Receptado	10000096	10/08/2026 12:18:36	BCH	15	15	0	PFBS16/PXJF26/HKOOB37584529
47908	08/08/2026 10:25:18	CEDIS IDE QUILICURA	10161182	TALCA	Receptado	10000096	10/08/2026 12:18:36	BG	1031	1010	21	PFBS16/PXJF26/HKOOB37584529
47908	08/08/2026 10:25:18	CEDIS IDE QUILICURA	10161182	TALCA	Receptado	10000096	10/08/2026 12:18:36	P5T	12	12	0	PFBS16/PXJF26/HKOOB37584529
47911	08/08/2026 10:51:31	IQUIQUE	10012419	PLANTA IDEAL	Receptado	10033115	10/08/2026 16:57:16	BG	1270	1270	0	PXJK-67/TZSJ-82/10534809
47911	08/08/2026 10:51:31	IQUIQUE	10012419	PLANTA IDEAL	Receptado	10033115	10/08/2026 16:57:16	P5T	43	43	0	PXJK-67/TZSJ-82/10534809
47912	08/08/2026 11:11:57	PLANTA IDEAL	10001082	CEDIS IDE QUILICURA	Receptado	10033023	08/08/2026 18:48:57	BG	1032	1032	0	1/1/CHKL476553
47912	08/08/2026 11:11:57	PLANTA IDEAL	10001082	CEDIS IDE QUILICURA	Receptado	10033023	08/08/2026 18:48:57	P5T	18	18	0	1/1/CHKL476553
47935	08/08/2026 16:10:24	GRANDES CLIENTES	10000772	ECCOFEED SPA	Receptado	10487508	13/08/2026 16:30:00	BG	23	23	0	1/1/11688555
47935	08/08/2026 16:10:24	GRANDES CLIENTES	10000772	ECCOFEED SPA	Receptado	10487508	13/08/2026 16:30:00	P5T	1	1	0	1/1/11688555
47945	08/08/2026 17:47:03	LO ESPEJO	10458156	ECCOFEED SPA	Receptado	10487508	13/08/2026 16:30:33	BG	78	78	0	IDEAL/IDEAL/IDEAL
47945	08/08/2026 17:47:03	LO ESPEJO	10458156	ECCOFEED SPA	Receptado	10487508	13/08/2026 16:30:33	P5T	2	2	0	IDEAL/IDEAL/IDEAL
47947	08/08/2026 17:59:11	PLANTA IDEAL	10000427	CEDIS IDE QUILICURA	Receptado	10033023	08/08/2026 18:46:37	BG	1008	1008	0	JKKJ 26/KYLZ 24/CHKL476555
47947	08/08/2026 17:59:11	PLANTA IDEAL	10000427	CEDIS IDE QUILICURA	Receptado	10033023	08/08/2026 18:46:37	P5T	17	17	0	JKKJ 26/KYLZ 24/CHKL476555
47948	08/08/2026 18:18:22	CEDIS IDE QUILICURA	10033023	TALCA	Receptado	10000096	10/08/2026 12:17:54	BG	922	922	0	HVJX52/JP3260/HKOOB37584530
47948	08/08/2026 18:18:22	CEDIS IDE QUILICURA	10033023	TALCA	Receptado	10000096	10/08/2026 12:17:54	P5T	17	17	0	HVJX52/JP3260/HKOOB37584530
47982	09/08/2026 06:28:19	CEDIS IDE QUILICURA	10161182	DISTRIBUIDOR CORCORAN	Receptado	10487508	19/08/2026 11:29:28	BG	705	705	0	1/1/CHKO382692
47986	09/08/2026 06:52:46	CEDIS IDE QUILICURA	10161182	TALCA	Receptado	10000096	11/08/2026 13:09:27	BG	672	672	0	"SVLV52	/PWZP18/CHKO381770"
47986	09/08/2026 06:52:46	CEDIS IDE QUILICURA	10161182	TALCA	Receptado	10000096	11/08/2026 13:09:27	P5T	14	14	0	"SVLV52	/PWZP18/CHKO381770"
47987	09/08/2026 06:59:30	CEDIS IDE QUILICURA	10161182	ANTOFAGASTA	Receptado	10299402	11/08/2026 18:00:48	BG	745	745	0	1/1/CHKO382730
47987	09/08/2026 06:59:30	CEDIS IDE QUILICURA	10161182	ANTOFAGASTA	Receptado	10299402	11/08/2026 18:00:48	P5T	14	14	0	1/1/CHKO382730
48143	11/08/2026 09:18:54	COPIAPO	10405300	PLANTA IDEAL	Receptado	10033115	11/08/2026 22:22:13	BG	1116	1116	0	PSLY22/HGKY40/10534896
48143	11/08/2026 09:18:54	COPIAPO	10405300	PLANTA IDEAL	Receptado	10033115	11/08/2026 22:22:13	P5T	25	25	0	PSLY22/HGKY40/10534896
48147	11/08/2026 09:22:14	LA SERENA	10444394	ECCOFEED SPA	Receptado	10487508	14/08/2026 08:25:50	BG	310	310	0	TGPH68/PXJD17/11475277
48147	11/08/2026 09:22:14	LA SERENA	10444394	ECCOFEED SPA	Receptado	10487508	14/08/2026 08:25:50	P5T	5	5	0	TGPH68/PXJD17/11475277
48264	12/08/2026 07:31:22	CHILLAN	10301699	ECCOFEED SPA	Receptado	10487508	19/08/2026 10:24:40	BG	128	128	0	PFBS11/KDGH62/10534959
48264	12/08/2026 07:31:22	CHILLAN	10301699	ECCOFEED SPA	Receptado	10487508	19/08/2026 10:24:40	BCH	8	8	0	PFBS11/KDGH62/10534959
48264	12/08/2026 07:31:22	CHILLAN	10301699	ECCOFEED SPA	Receptado	10487508	19/08/2026 10:24:40	P5T	3	3	0	PFBS11/KDGH62/10534959
48269	12/08/2026 07:53:33	TEMUCO	10344423	PLANTA CHILLAN	Receptado	10000416	14/08/2026 10:43:30	BCH	30	30	0	PFBS12 /PWZH30 /10534973
48269	12/08/2026 07:53:33	TEMUCO	10344423	PLANTA CHILLAN	Receptado	10000416	14/08/2026 10:43:30	BG	1965	1901	64	PFBS12 /PWZH30 /10534973
48269	12/08/2026 07:53:33	TEMUCO	10344423	PLANTA CHILLAN	Receptado	10000416	14/08/2026 10:43:30	P5T	33	33	0	PFBS12 /PWZH30 /10534973
47949	08/08/2026 18:39:11	CEDIS IDE QUILICURA	10033023	LO ESPEJO	Receptado	10461749	10/08/2026 00:22:07	BG	1040	1040	0	TVTD89/HXDF12/HKOOB37580155
47949	08/08/2026 18:39:11	CEDIS IDE QUILICURA	10033023	LO ESPEJO	Receptado	10461749	10/08/2026 00:22:07	P5T	15	15	0	TVTD89/HXDF12/HKOOB37580155
48293	12/08/2026 10:38:06	RANCAGUA	10000032	PLANTA IDEAL	Receptado	10033115	12/08/2026 17:14:48	BG	576	576	0	RZVS-88/PWVX-27/10534988
48293	12/08/2026 10:38:06	RANCAGUA	10000032	PLANTA IDEAL	Receptado	10033115	12/08/2026 17:14:48	P5T	30	30	0	RZVS-88/PWVX-27/10534988
48306	12/08/2026 13:02:45	PLANTA IDEAL	10000427	CEDIS IDE QUILICURA	Receptado	10000798	12/08/2026 15:09:37	P5T	13	13	0	DBLS 59/DBLS 59/CHKL476836
48384	13/08/2026 03:58:11	PLANTA IDEAL	10001082	CEDIS IDE QUILICURA	Receptado	10001100	13/08/2026 06:58:34	BG	1128	1128	0	1/1/CHKL476988
48384	13/08/2026 03:58:11	PLANTA IDEAL	10001082	CEDIS IDE QUILICURA	Receptado	10001100	13/08/2026 06:58:34	P5T	16	16	0	1/1/CHKL476988
48479	13/08/2026 15:54:03	PLANTA IDEAL	10033115	CEDIS IDE QUILICURA	Receptado	10000798	13/08/2026 19:18:37	BG	1056	1056	0	50/50/CHKL477026
48479	13/08/2026 15:54:03	PLANTA IDEAL	10033115	CEDIS IDE QUILICURA	Receptado	10000798	13/08/2026 19:18:37	P5T	14	14	0	50/50/CHKL477026
48558	14/08/2026 08:06:50	LOS ANDES	10486010	PLANTA IDEAL	Receptado	10000427	14/08/2026 10:49:23	BG	616	616	0	DRJD-68/DRJD-68/10535149
48558	14/08/2026 08:06:50	LOS ANDES	10486010	PLANTA IDEAL	Receptado	10000427	14/08/2026 10:49:23	P5T	16	16	0	DRJD-68/DRJD-68/10535149
48563	14/08/2026 08:26:19	PLANTA IDEAL	10000427	CEDIS IDE QUILICURA	Receptado	10033023	14/08/2026 08:52:06	BG	1016	1016	0	JKKJ 26/KYLZ 25/CHKL477065
48563	14/08/2026 08:26:19	PLANTA IDEAL	10000427	CEDIS IDE QUILICURA	Receptado	10033023	14/08/2026 08:52:06	P5T	19	19	0	JKKJ 26/KYLZ 25/CHKL477065
48568	14/08/2026 08:55:47	RANCAGUA	10000032	PLANTA IDEAL	Receptado	10033115	17/08/2026 14:28:12	BCH	2	2	0	DRPH-69/JJ-4819/10535157
48568	14/08/2026 08:55:47	RANCAGUA	10000032	PLANTA IDEAL	Receptado	10033115	17/08/2026 14:28:12	BG	1476	1476	0	DRPH-69/JJ-4819/10535157
48568	14/08/2026 08:55:47	RANCAGUA	10000032	PLANTA IDEAL	Receptado	10033115	17/08/2026 14:28:12	P5T	29	29	0	DRPH-69/JJ-4819/10535157
48570	14/08/2026 09:17:09	PUERTO MONTT	10001696	ECCOFEED SPA	Receptado	10487508	19/08/2026 10:31:56	BG	84	84	0	PCLZ-36/PWZH-34/8267241-42-43
48570	14/08/2026 09:17:09	PUERTO MONTT	10001696	ECCOFEED SPA	Receptado	10487508	19/08/2026 10:31:56	P5T	2	2	0	PCLZ-36/PWZH-34/8267241-42-43
48571	14/08/2026 09:21:16	PUERTO MONTT	10001696	PLANTA CHILLAN	Receptado	10000416	17/08/2026 09:43:13	BCH	100	100	0	PCLZ-36/PWZH-34/10535160
48571	14/08/2026 09:21:16	PUERTO MONTT	10001696	PLANTA CHILLAN	Receptado	10000416	17/08/2026 09:43:13	BG	1080	1080	0	PCLZ-36/PWZH-34/10535160
48571	14/08/2026 09:21:16	PUERTO MONTT	10001696	PLANTA CHILLAN	Receptado	10000416	17/08/2026 09:43:13	P5T	13	13	0	PCLZ-36/PWZH-34/10535160
48573	14/08/2026 09:32:00	PLANTA IDEAL	10000427	CEDIS IDE QUILICURA	Receptado	10033023	14/08/2026 13:51:56	BG	1208	1208	0	JKKJ 26/KYLZ 25/CHKL476940
48573	14/08/2026 09:32:00	PLANTA IDEAL	10000427	CEDIS IDE QUILICURA	Receptado	10033023	14/08/2026 13:51:56	P5T	21	21	0	JKKJ 26/KYLZ 25/CHKL476940
48636	15/08/2026 00:12:45	VIÑA DEL MAR	10450104	PLANTA IDEAL	Receptado	10000427	15/08/2026 07:47:23	BG	480	480	0	VRZL40/PXJD33/10535209
48636	15/08/2026 00:12:45	VIÑA DEL MAR	10450104	PLANTA IDEAL	Receptado	10000427	15/08/2026 07:47:23	P5T	4	4	0	VRZL40/PXJD33/10535209
48651	15/08/2026 03:06:41	CEDIS IDE QUILICURA	10001100	LO ESPEJO	Receptado	10461749	15/08/2026 03:16:13	BG	973	973	0	1/1/HKOOB37619434
48651	15/08/2026 03:06:41	CEDIS IDE QUILICURA	10001100	LO ESPEJO	Receptado	10461749	15/08/2026 03:16:13	P5T	16	16	0	1/1/HKOOB37619434
48688	15/08/2026 11:51:24	CEDIS IDE QUILICURA	10033023	LOS ANDES	Receptado	10486010	20/08/2026 08:37:45	BCH	15	15	0	HVJX52/JP3260/CHKO382962
48688	15/08/2026 11:51:24	CEDIS IDE QUILICURA	10033023	LOS ANDES	Receptado	10486010	20/08/2026 08:37:45	BG	608	600	8	HVJX52/JP3260/CHKO382962
48688	15/08/2026 11:51:24	CEDIS IDE QUILICURA	10033023	LOS ANDES	Receptado	10486010	20/08/2026 08:37:45	P5T	12	12	0	HVJX52/JP3260/CHKO382962
48691	15/08/2026 12:15:33	CEDIS IDE QUILICURA	10033023	LO ESPEJO	Receptado	10461749	17/08/2026 06:19:00	BG	217	217	0	STJR25/PWVW35/HKOOB37619437
48691	15/08/2026 12:15:33	CEDIS IDE QUILICURA	10033023	LO ESPEJO	Receptado	10461749	17/08/2026 06:19:00	P5T	5	5	0	STJR25/PWVW35/HKOOB37619437
49136	20/08/2026 16:24:59	PLANTA IDEAL	10001082	CEDIS IDE QUILICURA	Receptado	10161182	20/08/2026 18:47:13	BG	952	952	0	1/1/CHKL477427
49136	20/08/2026 16:24:59	PLANTA IDEAL	10001082	CEDIS IDE QUILICURA	Receptado	10161182	20/08/2026 18:47:13	P5T	13	13	0	1/1/CHKL477427
49140	20/08/2026 17:53:07	CEDIS IDE QUILICURA	10161182	VIÑA DEL MAR	Receptado	10001841	21/08/2026 08:24:06	BCH	114	114	0	1/1/CL48986
49145	20/08/2026 18:37:09	PLANTA IDEAL	10001082	CEDIS IDE QUILICURA	Receptado	10161182	20/08/2026 20:09:19	BG	1320	1320	0	1/1/CHKL477445
49145	20/08/2026 18:37:09	PLANTA IDEAL	10001082	CEDIS IDE QUILICURA	Receptado	10161182	20/08/2026 20:09:19	P5T	18	18	0	1/1/CHKL477445
49157	20/08/2026 20:39:08	LO ESPEJO	10458156	PLANTA IDEAL	Receptado	10487508	21/08/2026 09:44:56	BG	869	869	0	IDEAL/IDEAL/IDEAL
49157	20/08/2026 20:39:08	LO ESPEJO	10458156	PLANTA IDEAL	Receptado	10487508	21/08/2026 09:44:56	P5T	3	3	0	IDEAL/IDEAL/IDEAL
49157	20/08/2026 20:39:08	LO ESPEJO	10458156	PLANTA IDEAL	Receptado	10487508	21/08/2026 09:44:56	BCH	13	13	0	IDEAL/IDEAL/IDEAL
49172	21/08/2026 00:08:10	CEDIS IDE QUILICURA	10033023	EL PINAR	Receptado	10300015	21/08/2026 09:00:59	BG	816	816	0	VRZL40/HXDF11/CHKO383465
49172	21/08/2026 00:08:10	CEDIS IDE QUILICURA	10033023	EL PINAR	Receptado	10300015	21/08/2026 09:00:59	P5T	16	16	0	VRZL40/HXDF11/CHKO383465
49183	21/08/2026 02:25:26	CEDIS IDE QUILICURA	10033023	LA SERENA	Receptado	10444394	24/08/2026 08:48:37	BG	755	755	0	LTGY83/PWZP18/HKOOB37650375
49183	21/08/2026 02:25:26	CEDIS IDE QUILICURA	10033023	LA SERENA	Receptado	10444394	24/08/2026 08:48:37	P5T	12	12	0	LTGY83/PWZP18/HKOOB37650375
49191	21/08/2026 03:39:11	CEDIS IDE QUILICURA	10033023	LO ESPEJO	Receptado	10461749	24/08/2026 05:41:31	BG	1080	1080	0	VRZL40/PWVX27/HKOOB37653049
49191	21/08/2026 03:39:11	CEDIS IDE QUILICURA	10033023	LO ESPEJO	Receptado	10461749	24/08/2026 05:41:31	P5T	16	16	0	VRZL40/PWVX27/HKOOB37653049
49192	21/08/2026 03:57:24	PLANTA IDEAL	10000427	CEDIS IDE QUILICURA	Receptado	10033023	21/08/2026 04:35:10	BG	1172	1172	0	FYLB 83/KYLZ 25/CHKL477397
49192	21/08/2026 03:57:24	PLANTA IDEAL	10000427	CEDIS IDE QUILICURA	Receptado	10033023	21/08/2026 04:35:10	P5T	14	14	0	FYLB 83/KYLZ 25/CHKL477397
49193	21/08/2026 04:09:41	CEDIS IDE QUILICURA	10033023	RANCAGUA	Receptado	10000032	21/08/2026 09:07:02	BCH	28	28	0	CZYT30/JH3200/HKOOB37650944
49193	21/08/2026 04:09:41	CEDIS IDE QUILICURA	10033023	RANCAGUA	Receptado	10000032	21/08/2026 09:07:02	BG	1393	1393	0	CZYT30/JH3200/HKOOB37650944
49193	21/08/2026 04:09:41	CEDIS IDE QUILICURA	10033023	RANCAGUA	Receptado	10000032	21/08/2026 09:07:02	P5T	22	22	0	CZYT30/JH3200/HKOOB37650944
49196	21/08/2026 04:57:51	PLANTA IDEAL	10000427	CEDIS IDE QUILICURA	Receptado	10033023	21/08/2026 05:20:14	BG	455	455	0	FYLB 83/KYLZ 25/CHKL477398
49196	21/08/2026 04:57:51	PLANTA IDEAL	10000427	CEDIS IDE QUILICURA	Receptado	10033023	21/08/2026 05:20:14	P5T	9	9	0	FYLB 83/KYLZ 25/CHKL477398
49197	21/08/2026 04:54:37	CEDIS IDE QUILICURA	10033023	MELIPILLA	Receptado	10291937	21/08/2026 11:50:46	BCH	24	24	0	VSRP19/PXJD34/HKOOB37650943
49197	21/08/2026 04:54:37	CEDIS IDE QUILICURA	10033023	MELIPILLA	Receptado	10291937	21/08/2026 11:50:46	BG	1204	1204	0	VSRP19/PXJD34/HKOOB37650943
49197	21/08/2026 04:54:37	CEDIS IDE QUILICURA	10033023	MELIPILLA	Receptado	10291937	21/08/2026 11:50:46	P5T	17	17	0	VSRP19/PXJD34/HKOOB37650943
49198	21/08/2026 05:10:25	LO ESPEJO	10461749	PLANTA IDEAL	Receptado	10033115	21/08/2026 10:29:23	BG	952	952	0	001/001/12122494
49198	21/08/2026 05:10:25	LO ESPEJO	10461749	PLANTA IDEAL	Receptado	10033115	21/08/2026 10:29:23	P5T	12	12	0	001/001/12122494
47966	09/08/2026 02:04:05	CEDIS IDE QUILICURA	10161182	RANCAGUA	Receptado	10000032	10/08/2026 10:25:59	BG	914	914	0	1/PXJD34/HKOOB37586970
47966	09/08/2026 02:04:05	CEDIS IDE QUILICURA	10161182	RANCAGUA	Receptado	10000032	10/08/2026 10:25:59	P5T	14	24	-10	1/PXJD34/HKOOB37586970
48011	10/08/2026 11:09:28	PLANTA CHILLAN	10000416	CEDIS IDE QUILICURA	Receptado	10001100	12/08/2026 03:06:54	BG	1440	1440	0	PFBS11 /KDGH62/CGAX00043081
48011	10/08/2026 11:09:28	PLANTA CHILLAN	10000416	CEDIS IDE QUILICURA	Receptado	10001100	12/08/2026 03:06:54	P5T	24	24	0	PFBS11 /KDGH62/CGAX00043081
48012	10/08/2026 11:44:21	CEDIS IDE QUILICURA	10033023	DISTRIBUIDOR CORCORAN	Receptado	10487508	27/08/2026 13:04:13	BG	1	1	0	1/1/CHKO38246
48327	12/08/2026 19:01:39	CEDIS IDE QUILICURA	10000798	TALCA	Receptado	10000096	13/08/2026 13:23:58	BCH	118	118	0	CTBC15/HDDC95/HKOOB37599111
48327	12/08/2026 19:01:39	CEDIS IDE QUILICURA	10000798	TALCA	Receptado	10000096	13/08/2026 13:23:58	BG	905	905	0	CTBC15/HDDC95/HKOOB37599111
48327	12/08/2026 19:01:39	CEDIS IDE QUILICURA	10000798	TALCA	Receptado	10000096	13/08/2026 13:23:58	P5T	17	17	0	CTBC15/HDDC95/HKOOB37599111
48328	12/08/2026 19:12:34	TALCA	10395252	PLANTA IDEAL	Receptado	10001082	13/08/2026 00:17:23	BCH	190	140	50	ZL7937/JL8458/0
48328	12/08/2026 19:12:34	TALCA	10395252	PLANTA IDEAL	Receptado	10001082	13/08/2026 00:17:23	BG	2040	1740	300	ZL7937/JL8458/0
48328	12/08/2026 19:12:34	TALCA	10395252	PLANTA IDEAL	Receptado	10001082	13/08/2026 00:17:23	P5T	23	23	0	ZL7937/JL8458/0
48333	12/08/2026 20:18:11	CEDIS IDE QUILICURA	10000798	CHILLAN	Receptado	10301699	13/08/2026 08:15:13	BCH	84	84	0	LXHJ99/KYRC26/HKOOB37599102
48333	12/08/2026 20:18:11	CEDIS IDE QUILICURA	10000798	CHILLAN	Receptado	10301699	13/08/2026 08:15:13	BG	1275	1275	0	LXHJ99/KYRC26/HKOOB37599102
48333	12/08/2026 20:18:11	CEDIS IDE QUILICURA	10000798	CHILLAN	Receptado	10301699	13/08/2026 08:15:13	P5T	3	3	0	LXHJ99/KYRC26/HKOOB37599102
48481	13/08/2026 16:15:33	ECCOFEED SPA	10487508	PLANTA IDEAL	Receptado	10487508	14/08/2026 07:55:11	BG	15360	15360	0	0/0/0
48481	13/08/2026 16:15:33	ECCOFEED SPA	10487508	PLANTA IDEAL	Receptado	10487508	14/08/2026 07:55:11	P5T	188	188	0	0/0/0
48482	13/08/2026 16:33:46	CEDIS IDE QUILICURA	10000798	LA SERENA	Receptado	10444394	14/08/2026 09:39:24	BG	572	572	0	HVJX52/JP3260/HKOOB37608547
48482	13/08/2026 16:33:46	CEDIS IDE QUILICURA	10000798	LA SERENA	Receptado	10444394	14/08/2026 09:39:24	P5T	8	8	0	HVJX52/JP3260/HKOOB37608547
48599	14/08/2026 17:16:39	CEDIS IDE QUILICURA	10032939	VIÑA DEL MAR	Receptado	10450104	14/08/2026 23:07:24	BG	1252	1252	0	1/1/HKOOB37613749
48599	14/08/2026 17:16:39	CEDIS IDE QUILICURA	10032939	VIÑA DEL MAR	Receptado	10450104	14/08/2026 23:07:24	P5T	19	19	0	1/1/HKOOB37613749
48635	15/08/2026 00:01:37	PLANTA IDEAL	10001082	CEDIS IDE QUILICURA	Receptado	10001100	15/08/2026 01:01:06	BCH	400	400	0	1/1/CHKL477033
48635	15/08/2026 00:01:37	PLANTA IDEAL	10001082	CEDIS IDE QUILICURA	Receptado	10001100	15/08/2026 01:01:06	BG	768	768	0	1/1/CHKL477033
48635	15/08/2026 00:01:37	PLANTA IDEAL	10001082	CEDIS IDE QUILICURA	Receptado	10001100	15/08/2026 01:01:06	P5T	18	18	0	1/1/CHKL477033
48706	15/08/2026 19:13:14	CEDIS IDE QUILICURA	10032939	LO ESPEJO	Receptado	10461749	18/08/2026 01:55:43	BG	1200	1200	0	1/1/HKOOB37619663
48706	15/08/2026 19:13:14	CEDIS IDE QUILICURA	10032939	LO ESPEJO	Receptado	10461749	18/08/2026 01:55:43	P5T	18	18	0	1/1/HKOOB37619663
48707	15/08/2026 19:32:00	CEDIS IDE QUILICURA	10032939	LO ESPEJO	Receptado	10461749	18/08/2026 01:56:23	BG	1432	1432	0	1/1/HKOOB37619664
48707	15/08/2026 19:32:00	CEDIS IDE QUILICURA	10032939	LO ESPEJO	Receptado	10461749	18/08/2026 01:56:23	P5T	21	21	0	1/1/HKOOB37619664
48804	18/08/2026 02:42:55	PLANTA IDEAL	10000427	CEDIS IDE QUILICURA	Receptado	10033023	18/08/2026 02:57:41	BG	251	251	0	JKKJ 26/KYLZ 25/CHKL477206
48804	18/08/2026 02:42:55	PLANTA IDEAL	10000427	CEDIS IDE QUILICURA	Receptado	10033023	18/08/2026 02:57:41	P5T	10	10	0	JKKJ 26/KYLZ 25/CHKL477206
48806	18/08/2026 02:48:33	CEDIS IDE QUILICURA	10033023	SALON QUILICURA	Receptado	10000981	19/08/2026 12:16:29	BG	20	20	0	1/1/CHKO383328
48806	18/08/2026 02:48:33	CEDIS IDE QUILICURA	10033023	SALON QUILICURA	Receptado	10000981	19/08/2026 12:16:29	P5T	1	0	1	1/1/CHKO383328
48823	18/08/2026 06:42:06	OSORNO	10001704	PLANTA CHILLAN	Receptado	10000416	18/08/2026 18:32:03	BCH	85	85	0	PFBS17 /KYLH53/0
48823	18/08/2026 06:42:06	OSORNO	10001704	PLANTA CHILLAN	Receptado	10000416	18/08/2026 18:32:03	BG	960	960	0	PFBS17 /KYLH53/0
48823	18/08/2026 06:42:06	OSORNO	10001704	PLANTA CHILLAN	Receptado	10000416	18/08/2026 18:32:03	P5T	11	11	0	PFBS17 /KYLH53/0
48857	18/08/2026 12:45:10	CEDIS IDE QUILICURA	10032939	VIÑA DEL MAR	Receptado	10001291	18/08/2026 15:11:28	BG	1495	1495	0	1/1/HKOOB37635362
48857	18/08/2026 12:45:10	CEDIS IDE QUILICURA	10032939	VIÑA DEL MAR	Receptado	10001291	18/08/2026 15:11:28	P5T	20	20	0	1/1/HKOOB37635362
48861	18/08/2026 13:42:36	IQUIQUE	10012419	PLANTA IDEAL	Receptado	10000427	20/08/2026 03:14:04	BCH	96	98	-2	PFBS-11/PJJV-10/10535299
48861	18/08/2026 13:42:36	IQUIQUE	10012419	PLANTA IDEAL	Receptado	10000427	20/08/2026 03:14:04	BG	744	632	112	PFBS-11/PJJV-10/10535299
48861	18/08/2026 13:42:36	IQUIQUE	10012419	PLANTA IDEAL	Receptado	10000427	20/08/2026 03:14:04	P5T	10	8	2	PFBS-11/PJJV-10/10535299
48870	18/08/2026 16:13:06	GRANDES CLIENTES	10000772	PLANTA IDEAL	Receptado	10001082	19/08/2026 15:42:45	BCH	2000	2000	0	JG4930/JG4930/10535319
48870	18/08/2026 16:13:06	GRANDES CLIENTES	10000772	PLANTA IDEAL	Receptado	10001082	19/08/2026 15:42:45	P5T	10	10	0	JG4930/JG4930/10535319
48875	18/08/2026 17:21:51	SALON EL CORTIJO	10000989	QUILICURA	Receptado	101196341	18/08/2026 22:10:38	BG	2	2	0	0/0/0
47956	08/08/2026 20:18:37	CEDIS IDE QUILICURA	10033023	VIÑA DEL MAR	Receptado	10450104	10/08/2026 02:43:57	BG	631	631	0	LWBV80/HXGP47/HKOOB37586075
47956	08/08/2026 20:18:37	CEDIS IDE QUILICURA	10033023	VIÑA DEL MAR	Receptado	10450104	10/08/2026 02:43:57	P5T	17	17	0	LWBV80/HXGP47/HKOOB37586075
47957	08/08/2026 20:34:50	CEDIS IDE QUILICURA	10033023	RANCAGUA	Receptado	10000032	10/08/2026 10:25:27	BCH	53	53	0	DRPH69/JJ4819/HKOOB37586971
47957	08/08/2026 20:34:50	CEDIS IDE QUILICURA	10033023	RANCAGUA	Receptado	10000032	10/08/2026 10:25:27	BG	1076	1076	0	DRPH69/JJ4819/HKOOB37586971
47957	08/08/2026 20:34:50	CEDIS IDE QUILICURA	10033023	RANCAGUA	Receptado	10000032	10/08/2026 10:25:27	P5T	18	22	-4	DRPH69/JJ4819/HKOOB37586971
48153	11/08/2026 10:38:54	PLANTA CHILLAN	10000416	CEDIS IDE QUILICURA	Receptado	10001100	12/08/2026 02:39:36	BG	1417	1417	0	PFBS16/PXJF26/CGAX00043101
48153	11/08/2026 10:38:54	PLANTA CHILLAN	10000416	CEDIS IDE QUILICURA	Receptado	10001100	12/08/2026 02:39:36	P5T	24	24	0	PFBS16/PXJF26/CGAX00043101
48686	15/08/2026 11:16:08	CEDIS IDE QUILICURA	10033023	PLANTA IDEAL	Receptado	10033115	17/08/2026 13:12:39	BG	40	40	0	,/,/,
48686	15/08/2026 11:16:08	CEDIS IDE QUILICURA	10033023	PLANTA IDEAL	Receptado	10033115	17/08/2026 13:12:39	P5T	1	1	0	,/,/,
49395	23/08/2026 00:25:51	PLANTA IDEAL	10000427	CEDIS IDE QUILICURA	Receptado	10001100	24/08/2026 08:08:38	BG	978	978	0	DBLS 59/KYLZ 25/CHKL477463
49395	23/08/2026 00:25:51	PLANTA IDEAL	10000427	CEDIS IDE QUILICURA	Receptado	10001100	24/08/2026 08:08:38	P5T	14	14	0	DBLS 59/KYLZ 25/CHKL477463
49398	23/08/2026 05:04:49	PLANTA IDEAL	10000427	CEDIS IDE QUILICURA	Receptado	10001100	24/08/2026 08:09:55	BCH	54	54	0	DBLS 59/KYLZ 25/CHKL477585
49398	23/08/2026 05:04:49	PLANTA IDEAL	10000427	CEDIS IDE QUILICURA	Receptado	10001100	24/08/2026 08:09:55	BG	967	967	0	DBLS 59/KYLZ 25/CHKL477585
49398	23/08/2026 05:04:49	PLANTA IDEAL	10000427	CEDIS IDE QUILICURA	Receptado	10001100	24/08/2026 08:09:55	P5T	15	15	0	DBLS 59/KYLZ 25/CHKL477585
49410	24/08/2026 07:58:04	MELIPILLA	10291937	PLANTA IDEAL	Receptado	10001082	24/08/2026 10:28:43	BCH	20	20	0	-/-/10535576
49410	24/08/2026 07:58:04	MELIPILLA	10291937	PLANTA IDEAL	Receptado	10001082	24/08/2026 10:28:43	BG	1095	1092	3	-/-/10535576
49410	24/08/2026 07:58:04	MELIPILLA	10291937	PLANTA IDEAL	Receptado	10001082	24/08/2026 10:28:43	P5T	13	13	0	-/-/10535576
49416	24/08/2026 08:43:50	PLANTA CHILLAN	10000416	CEDIS IDE QUILICURA	Receptado	10033023	24/08/2026 19:02:54	BG	1440	1440	0	LCTB56/PTJY57/CGAX00043582
49416	24/08/2026 08:43:50	PLANTA CHILLAN	10000416	CEDIS IDE QUILICURA	Receptado	10033023	24/08/2026 19:02:54	P5T	24	24	0	LCTB56/PTJY57/CGAX00043582
49427	24/08/2026 10:44:27	CEDIS IDE QUILICURA	10001100	PUERTO MONTT	Receptado	10001696	25/08/2026 10:38:26	BCH	91	91	0	1/1/HKOOB37659152
49427	24/08/2026 10:44:27	CEDIS IDE QUILICURA	10001100	PUERTO MONTT	Receptado	10001696	25/08/2026 10:38:26	BG	1004	1004	0	1/1/HKOOB37659152
49427	24/08/2026 10:44:27	CEDIS IDE QUILICURA	10001100	PUERTO MONTT	Receptado	10001696	25/08/2026 10:38:26	P5T	17	16	1	1/1/HKOOB37659152
49429	24/08/2026 10:46:53	PLANTA CHILLAN	10000416	CEDIS IDE QUILICURA	Receptado	10032939	25/08/2026 04:28:32	P5T	24	24	0	LTGY83/PWZP18/CGAX00043602
49431	24/08/2026 11:05:13	CEDIS IDE QUILICURA	10001100	COPIAPO	Receptado	10405300	25/08/2026 07:22:23	BCH	36	36	0	1/1/HKOOB37659153
49431	24/08/2026 11:05:13	CEDIS IDE QUILICURA	10001100	COPIAPO	Receptado	10405300	25/08/2026 07:22:23	BG	958	958	0	1/1/HKOOB37659153
49431	24/08/2026 11:05:13	CEDIS IDE QUILICURA	10001100	COPIAPO	Receptado	10405300	25/08/2026 07:22:23	P5T	17	17	0	1/1/HKOOB37659153
49442	24/08/2026 13:54:19	PLANTA IDEAL	10001082	CEDIS IDE QUILICURA	Receptado	10033023	24/08/2026 16:31:26	BG	1320	1320	0	1/1/1
49442	24/08/2026 13:54:19	PLANTA IDEAL	10001082	CEDIS IDE QUILICURA	Receptado	10033023	24/08/2026 16:31:26	P5T	21	21	0	1/1/1
49448	24/08/2026 14:44:55	SALON LO ESPEJO	10000848	QUILICURA	Cancelado			BG	2	0	2	0/0/0
49455	24/08/2026 16:15:32	CONCEPCION	10001288	PLANTA IDEAL	Receptado	10000427	25/08/2026 18:58:19	P5T	61	60	1	PSLY27/PXZP19/10535611
49456	24/08/2026 16:12:32	CEDIS IDE QUILICURA	10033023	TEMUCO	Receptado	10344423	25/08/2026 07:31:39	BG	1042	1042	0	SVLV52/PWXK75/HKOOB37659138
49456	24/08/2026 16:12:32	CEDIS IDE QUILICURA	10033023	TEMUCO	Receptado	10344423	25/08/2026 07:31:39	P5T	17	17	0	SVLV52/PWXK75/HKOOB37659138
49457	24/08/2026 16:21:43	GRANDES CLIENTES	10119634	PLANTA IDEAL	Receptado	10000427	24/08/2026 17:57:51	BG	1200	1200	0	PWVW35/PWVW35/10535613
49457	24/08/2026 16:21:43	GRANDES CLIENTES	10119634	PLANTA IDEAL	Receptado	10000427	24/08/2026 17:57:51	P5T	10	10	0	PWVW35/PWVW35/10535613
49458	24/08/2026 16:56:03	GRANDES CLIENTES	10119634	PLANTA IDEAL	Receptado	10000427	24/08/2026 18:00:55	BG	240	240	0	PWVX27/PWVX27/10535615
49458	24/08/2026 16:56:03	GRANDES CLIENTES	10119634	PLANTA IDEAL	Receptado	10000427	24/08/2026 18:00:55	P5T	69	80	-11	PWVX27/PWVX27/10535615
49458	24/08/2026 16:56:03	GRANDES CLIENTES	10119634	PLANTA IDEAL	Receptado	10000427	24/08/2026 18:00:55	BCH	1600	1594	6	PWVX27/PWVX27/10535615
48029	10/08/2026 16:24:01	CONCEPCION	10001288	ECCOFEED SPA	Receptado	10487508	14/08/2026 08:46:29	BG	261	261	0	PFBS12/PWZP17/10534856
48029	10/08/2026 16:24:01	CONCEPCION	10001288	ECCOFEED SPA	Receptado	10487508	14/08/2026 08:46:29	P5T	5	5	0	PFBS12/PWZP17/10534856
48031	10/08/2026 16:55:09	GRANDES CLIENTES	10000772	PLANTA IDEAL	Receptado	10033115	10/08/2026 17:42:13	BCH	800	800	0	PXJD33/PXJD33/10534858
48031	10/08/2026 16:55:09	GRANDES CLIENTES	10000772	PLANTA IDEAL	Receptado	10033115	10/08/2026 17:42:13	BG	840	840	0	PXJD33/PXJD33/10534858
48031	10/08/2026 16:55:09	GRANDES CLIENTES	10000772	PLANTA IDEAL	Receptado	10033115	10/08/2026 17:42:13	P5T	35	35	0	PXJD33/PXJD33/10534858
48033	10/08/2026 17:16:57	CEDIS IDE QUILICURA	10000798	QUILICURA	Receptado	10397048	12/08/2026 13:21:56	BG	50	50	0	IDEAL/IDEAL/CHKO382848
48033	10/08/2026 17:16:57	CEDIS IDE QUILICURA	10000798	QUILICURA	Receptado	10397048	12/08/2026 13:21:56	P5T	1	1	0	IDEAL/IDEAL/CHKO382848
48040	10/08/2026 19:08:07	LO ESPEJO	10458156	PLANTA IDEAL	Receptado	10001082	11/08/2026 00:19:23	BG	1680	1680	0	IDEAL/IDEAL/10534863
48040	10/08/2026 19:08:07	LO ESPEJO	10458156	PLANTA IDEAL	Receptado	10001082	11/08/2026 00:19:23	P5T	18	20	-2	IDEAL/IDEAL/10534863
48041	10/08/2026 19:19:28	CEDIS IDE QUILICURA	10000798	LA SERENA	Receptado	10444394	12/08/2026 08:33:39	BG	115	115	0	TGPH68/PXJD17/HKOOB37593199
48041	10/08/2026 19:19:28	CEDIS IDE QUILICURA	10000798	LA SERENA	Receptado	10444394	12/08/2026 08:33:39	P5T	3	3	0	TGPH68/PXJD17/HKOOB37593199
48045	10/08/2026 19:45:28	PLANTA IDEAL	10033115	CEDIS IDE QUILICURA	Receptado	10000798	10/08/2026 20:17:37	BCH	2200	2200	0	49/49/CHKL476805
48045	10/08/2026 19:45:28	PLANTA IDEAL	10033115	CEDIS IDE QUILICURA	Receptado	10000798	10/08/2026 20:17:37	P5T	22	22	0	49/49/CHKL476805
48048	10/08/2026 19:52:01	PLANTA IDEAL	10033115	CEDIS IDE QUILICURA	Receptado	10000798	10/08/2026 20:18:39	BCH	200	200	0	49/49/CHKL476807
48048	10/08/2026 19:52:01	PLANTA IDEAL	10033115	CEDIS IDE QUILICURA	Receptado	10000798	10/08/2026 20:18:39	BG	1128	1128	0	49/49/CHKL476807
48048	10/08/2026 19:52:01	PLANTA IDEAL	10033115	CEDIS IDE QUILICURA	Receptado	10000798	10/08/2026 20:18:39	P5T	20	20	0	49/49/CHKL476807
48050	10/08/2026 20:12:05	MELIPILLA	10469278	QUILICURA	Receptado	10325722	11/08/2026 21:36:13	BG	25	25	0	Quilicura/Quilicura/N°12661110
48050	10/08/2026 20:12:05	MELIPILLA	10469278	QUILICURA	Receptado	10325722	11/08/2026 21:36:13	P5T	1	1	0	Quilicura/Quilicura/N°12661110
48051	10/08/2026 20:17:08	EL PINAR	10149777	PLANTA IDEAL	Receptado	10001082	10/08/2026 22:53:55	BG	1760	1760	0	IDEAL/IDEAL/10534868
48051	10/08/2026 20:17:08	EL PINAR	10149777	PLANTA IDEAL	Receptado	10001082	10/08/2026 22:53:55	P5T	20	20	0	IDEAL/IDEAL/10534868
48053	10/08/2026 20:36:15	PLANTA IDEAL	10033115	CEDIS IDE QUILICURA	Receptado	10000798	10/08/2026 20:59:26	BG	964	964	0	49/49/CHKL476845
48053	10/08/2026 20:36:15	PLANTA IDEAL	10033115	CEDIS IDE QUILICURA	Receptado	10000798	10/08/2026 20:59:26	P5T	20	20	0	49/49/CHKL476845
48053	10/08/2026 20:36:15	PLANTA IDEAL	10033115	CEDIS IDE QUILICURA	Receptado	10000798	10/08/2026 20:59:26	BCH	449	449	0	49/49/CHKL476845
48059	10/08/2026 20:51:08	CEDIS IDE QUILICURA	10000798	TEMUCO	Receptado	10344423	11/08/2026 08:45:49	BCH	25	25	0	TZSS95/PXLS31/HKOOB37592356
48059	10/08/2026 20:51:08	CEDIS IDE QUILICURA	10000798	TEMUCO	Receptado	10344423	11/08/2026 08:45:49	BG	778	778	0	TZSS95/PXLS31/HKOOB37592356
48059	10/08/2026 20:51:08	CEDIS IDE QUILICURA	10000798	TEMUCO	Receptado	10344423	11/08/2026 08:45:49	P5T	15	15	0	TZSS95/PXLS31/HKOOB37592356
48065	10/08/2026 21:42:36	EL PINAR	10149777	PLANTA IDEAL	Receptado	10033115	11/08/2026 18:03:53	BG	660	660	0	ideal/ideal/10534871
48065	10/08/2026 21:42:36	EL PINAR	10149777	PLANTA IDEAL	Receptado	10033115	11/08/2026 18:03:53	P5T	8	8	0	ideal/ideal/10534871
48066	10/08/2026 21:44:08	CEDIS IDE QUILICURA	10000798	CONCEPCION	Receptado	10001026	11/08/2026 07:30:37	BG	565	565	0	VJWL64/PXFJ76/HKOOB37592478
48066	10/08/2026 21:44:08	CEDIS IDE QUILICURA	10000798	CONCEPCION	Receptado	10001026	11/08/2026 07:30:37	P5T	10	10	0	VJWL64/PXFJ76/HKOOB37592478
48163	11/08/2026 12:28:57	PLANTA IDEAL	10000427	CEDIS IDE QUILICURA	Receptado	10033023	11/08/2026 13:15:32	BG	1116	1116	0	DBLS 59/KYLZ 24/CHKL476816
48163	11/08/2026 12:28:57	PLANTA IDEAL	10000427	CEDIS IDE QUILICURA	Receptado	10033023	11/08/2026 13:15:32	P5T	15	15	0	DBLS 59/KYLZ 24/CHKL476816
48164	11/08/2026 12:52:23	PLANTA IDEAL	10000427	CEDIS IDE QUILICURA	Receptado	10033023	11/08/2026 13:14:57	BG	708	708	0	JKKJ 26/PXJD 32/CHKL476872
48164	11/08/2026 12:52:23	PLANTA IDEAL	10000427	CEDIS IDE QUILICURA	Receptado	10033023	11/08/2026 13:14:57	P5T	20	20	0	JKKJ 26/PXJD 32/CHKL476872
48603	14/08/2026 18:04:58	GRANDES CLIENTES	10000772	PLANTA IDEAL	Receptado	10033115	14/08/2026 20:59:58	BCH	1000	1000	0	PWVX27/PWVX27/10535187
48603	14/08/2026 18:04:58	GRANDES CLIENTES	10000772	PLANTA IDEAL	Receptado	10033115	14/08/2026 20:59:58	BG	600	600	0	PWVX27/PWVX27/10535187
48603	14/08/2026 18:04:58	GRANDES CLIENTES	10000772	PLANTA IDEAL	Receptado	10033115	14/08/2026 20:59:58	P5T	10	10	0	PWVX27/PWVX27/10535187
48606	14/08/2026 18:27:25	TALCA	10395252	PLANTA IDEAL	Receptado	10033115	17/08/2026 11:09:40	BG	1800	1800	0	PJKT50/PWXK75/0
48606	14/08/2026 18:27:25	TALCA	10395252	PLANTA IDEAL	Receptado	10033115	17/08/2026 11:09:40	P5T	20	20	0	PJKT50/PWXK75/0
48637	15/08/2026 00:13:37	VIÑA DEL MAR	10450104	ECCOFEED SPA	Receptado	10487508	19/08/2026 10:34:59	BG	320	320	0	VRZL40/PXJD33/12396536-37-38
48637	15/08/2026 00:13:37	VIÑA DEL MAR	10450104	ECCOFEED SPA	Receptado	10487508	19/08/2026 10:34:59	P5T	5	5	0	VRZL40/PXJD33/12396536-37-38
48638	15/08/2026 00:15:37	VIÑA DEL MAR	10450104	ECCOFEED SPA	Receptado	10487508	19/08/2026 10:35:19	BG	436	436	0	VRZL40/PXJD33/12397481-82-83
48638	15/08/2026 00:15:37	VIÑA DEL MAR	10450104	ECCOFEED SPA	Receptado	10487508	19/08/2026 10:35:19	P5T	7	7	0	VRZL40/PXJD33/12397481-82-83
48640	15/08/2026 00:42:32	CEDIS IDE QUILICURA	10001100	LO ESPEJO	Receptado	10461749	15/08/2026 03:15:57	BG	1320	1320	0	1/1/HKOOB37531041
48640	15/08/2026 00:42:32	CEDIS IDE QUILICURA	10001100	LO ESPEJO	Receptado	10461749	15/08/2026 03:15:57	P5T	24	24	0	1/1/HKOOB37531041
48642	15/08/2026 00:58:09	PLANTA IDEAL	10001082	CEDIS IDE QUILICURA	Receptado	10001100	15/08/2026 02:37:58	BCH	267	267	0	1/1/CHKL477049
48642	15/08/2026 00:58:09	PLANTA IDEAL	10001082	CEDIS IDE QUILICURA	Receptado	10001100	15/08/2026 02:37:58	BG	721	721	0	1/1/CHKL477049
48642	15/08/2026 00:58:09	PLANTA IDEAL	10001082	CEDIS IDE QUILICURA	Receptado	10001100	15/08/2026 02:37:58	P5T	18	18	0	1/1/CHKL477049
48644	15/08/2026 01:13:08	CEDIS IDE QUILICURA	10001100	TALCA	Receptado	10000096	17/08/2026 11:51:14	BCH	52	52	0	1/1/HKOOB37618262
48644	15/08/2026 01:13:08	CEDIS IDE QUILICURA	10001100	TALCA	Receptado	10000096	17/08/2026 11:51:14	BG	946	946	0	1/1/HKOOB37618262
48644	15/08/2026 01:13:08	CEDIS IDE QUILICURA	10001100	TALCA	Receptado	10000096	17/08/2026 11:51:14	P5T	17	17	0	1/1/HKOOB37618262
49201	21/08/2026 06:08:11	CEDIS IDE QUILICURA	10033023	EL PINAR	Receptado	10300015	24/08/2026 10:16:46	BG	1108	1108	0	STJR-25/HXDF-11/HKOOB37652985
49201	21/08/2026 06:08:11	CEDIS IDE QUILICURA	10033023	EL PINAR	Receptado	10300015	24/08/2026 10:16:46	P5T	16	16	0	STJR-25/HXDF-11/HKOOB37652985
49203	21/08/2026 07:07:55	ANTOFAGASTA	10299402	ECCOFEED SPA	Receptado	10487508	27/08/2026 10:08:20	BG	277	277	0	VJWL65/X/10535483
49203	21/08/2026 07:07:55	ANTOFAGASTA	10299402	ECCOFEED SPA	Receptado	10487508	27/08/2026 10:08:20	P5T	5	5	0	VJWL65/X/10535483
49204	21/08/2026 07:13:50	ANTOFAGASTA	10299402	CEDIS IDE QUILICURA	Receptado	10032939	22/08/2026 10:17:33	BCH	76	76	0	VJWL66/X/10535484
49204	21/08/2026 07:13:50	ANTOFAGASTA	10299402	CEDIS IDE QUILICURA	Receptado	10032939	22/08/2026 10:17:33	BG	1588	1588	0	VJWL66/X/10535484
49204	21/08/2026 07:13:50	ANTOFAGASTA	10299402	CEDIS IDE QUILICURA	Receptado	10032939	22/08/2026 10:17:33	P5T	27	27	0	VJWL66/X/10535484
49207	21/08/2026 07:59:21	TEMUCO	10344423	PLANTA CHILLAN	Receptado	10000416	22/08/2026 11:15:36	BCH	78	78	0	LCTB56 /PTYJ57 /10535488
49207	21/08/2026 07:59:21	TEMUCO	10344423	PLANTA CHILLAN	Receptado	10000416	22/08/2026 11:15:36	BG	1615	1556	59	LCTB56 /PTYJ57 /10535488
49207	21/08/2026 07:59:21	TEMUCO	10344423	PLANTA CHILLAN	Receptado	10000416	22/08/2026 11:15:36	P5T	26	26	0	LCTB56 /PTYJ57 /10535488
49209	21/08/2026 08:03:16	LA SERENA	10444394	PLANTA IDEAL	Receptado	10001082	21/08/2026 15:49:39	BG	1488	1376	112	JP3260/HVJX52/10535485
49209	21/08/2026 08:03:16	LA SERENA	10444394	PLANTA IDEAL	Receptado	10001082	21/08/2026 15:49:39	P5T	16	15	1	JP3260/HVJX52/10535485
49210	21/08/2026 08:04:18	LA SERENA	10444394	ECCOFEED SPA	Receptado	10487508	25/08/2026 17:10:18	BG	541	541	0	JP3260/HVJX52/11478483
49210	21/08/2026 08:04:18	LA SERENA	10444394	ECCOFEED SPA	Receptado	10487508	25/08/2026 17:10:18	P5T	8	8	0	JP3260/HVJX52/11478483
49213	21/08/2026 08:22:42	CEDIS IDE QUILICURA	10000798	LA SERENA	Receptado	10444394	24/08/2026 08:49:41	BG	331	331	0	RFZY99/PTYJ58/HKOOB37650410
49213	21/08/2026 08:22:42	CEDIS IDE QUILICURA	10000798	LA SERENA	Receptado	10444394	24/08/2026 08:49:41	P5T	5	5	0	RFZY99/PTYJ58/HKOOB37650410
49214	21/08/2026 08:24:53	CEDIS IDE QUILICURA	10000798	COPIAPO	Receptado	10405300	22/08/2026 07:45:27	BCH	76	76	0	RFZY99/PTYJ58/HKOOB37650410
49214	21/08/2026 08:24:53	CEDIS IDE QUILICURA	10000798	COPIAPO	Receptado	10405300	22/08/2026 07:45:27	BG	864	864	0	RFZY99/PTYJ58/HKOOB37650410
49214	21/08/2026 08:24:53	CEDIS IDE QUILICURA	10000798	COPIAPO	Receptado	10405300	22/08/2026 07:45:27	P5T	16	16	0	RFZY99/PTYJ58/HKOOB37650410
49215	21/08/2026 08:32:24	MELIPILLA	10291937	PLANTA IDEAL	Receptado	10033115	21/08/2026 11:33:07	BG	843	843	0	VSRP-19/-/10535471
49215	21/08/2026 08:32:24	MELIPILLA	10291937	PLANTA IDEAL	Receptado	10033115	21/08/2026 11:33:07	P5T	9	9	0	VSRP-19/-/10535471
49216	21/08/2026 08:39:45	MELIPILLA	10291937	ECCOFEED SPA	Receptado	10487508	25/08/2026 17:11:26	BG	105	105	0	-/-/12663895-96-97
49216	21/08/2026 08:39:45	MELIPILLA	10291937	ECCOFEED SPA	Receptado	10487508	25/08/2026 17:11:26	P5T	2	2	0	-/-/12663895-96-97
49217	21/08/2026 08:39:51	RANCAGUA	10000032	ECCOFEED SPA	Receptado	10487508	25/08/2026 17:11:49	BG	98	98	0	CZYT-30/JH-3200/10535494
49217	21/08/2026 08:39:51	RANCAGUA	10000032	ECCOFEED SPA	Receptado	10487508	25/08/2026 17:11:49	P5T	3	3	0	CZYT-30/JH-3200/10535494
49219	21/08/2026 08:50:55	LOS ANGELES	172705782	ECCOFEED SPA	Receptado	10487508	27/08/2026 10:49:57	BG	278	278	0	PFBS17/KYLH53/1
49219	21/08/2026 08:50:55	LOS ANGELES	172705782	ECCOFEED SPA	Receptado	10487508	27/08/2026 10:49:57	P5T	5	5	0	PFBS17/KYLH53/1
48042	10/08/2026 19:23:34	PLANTA IDEAL	10033115	CEDIS IDE QUILICURA	Receptado	10000798	10/08/2026 20:17:24	BCH	2200	2200	0	49/49/CHKL476804
48042	10/08/2026 19:23:34	PLANTA IDEAL	10033115	CEDIS IDE QUILICURA	Receptado	10000798	10/08/2026 20:17:24	P5T	21	21	0	49/49/CHKL476804
48043	10/08/2026 19:34:25	TALCA	10395252	PLANTA IDEAL	Receptado	10000427	11/08/2026 12:15:15	BCH	200	200	0	SVLV52/PZWP18/0
48043	10/08/2026 19:34:25	TALCA	10395252	PLANTA IDEAL	Receptado	10000427	11/08/2026 12:15:15	BG	1680	1680	0	SVLV52/PZWP18/0
48043	10/08/2026 19:34:25	TALCA	10395252	PLANTA IDEAL	Receptado	10000427	11/08/2026 12:15:15	P5T	21	20	1	SVLV52/PZWP18/0
48044	10/08/2026 19:34:03	GRANDES CLIENTES	10000772	PLANTA IDEAL	Receptado	10033115	10/08/2026 19:43:40	BCH	850	850	0	1/1/1
48044	10/08/2026 19:34:03	GRANDES CLIENTES	10000772	PLANTA IDEAL	Receptado	10033115	10/08/2026 19:43:40	BG	1429	1429	0	1/1/1
48044	10/08/2026 19:34:03	GRANDES CLIENTES	10000772	PLANTA IDEAL	Receptado	10033115	10/08/2026 19:43:40	P5T	18	18	0	1/1/1
48046	10/08/2026 19:48:48	PLANTA IDEAL	10033115	CEDIS IDE QUILICURA	Receptado	10000798	10/08/2026 20:18:00	BG	1300	1300	0	49/49/CHKL476824
48046	10/08/2026 19:48:48	PLANTA IDEAL	10033115	CEDIS IDE QUILICURA	Receptado	10000798	10/08/2026 20:18:00	P5T	21	21	0	49/49/CHKL476824
48047	10/08/2026 19:50:27	PLANTA IDEAL	10033115	CEDIS IDE QUILICURA	Receptado	10000798	10/08/2026 20:18:16	BCH	500	500	0	49/49/CHKL476806
48047	10/08/2026 19:50:27	PLANTA IDEAL	10033115	CEDIS IDE QUILICURA	Receptado	10000798	10/08/2026 20:18:16	BG	972	972	0	49/49/CHKL476806
48047	10/08/2026 19:50:27	PLANTA IDEAL	10033115	CEDIS IDE QUILICURA	Receptado	10000798	10/08/2026 20:18:16	P5T	21	21	0	49/49/CHKL476806
48049	10/08/2026 19:53:22	PLANTA IDEAL	10033115	CEDIS IDE QUILICURA	Receptado	10000798	10/08/2026 20:18:53	BCH	300	300	0	49/49/CHKL476844
48049	10/08/2026 19:53:22	PLANTA IDEAL	10033115	CEDIS IDE QUILICURA	Receptado	10000798	10/08/2026 20:18:53	BG	1076	1076	0	49/49/CHKL476844
48049	10/08/2026 19:53:22	PLANTA IDEAL	10033115	CEDIS IDE QUILICURA	Receptado	10000798	10/08/2026 20:18:53	P5T	22	22	0	49/49/CHKL476844
48056	10/08/2026 20:44:41	SALON CEDIS	10000848-1	QUILICURA	Receptado	101196341	12/08/2026 15:38:50	BG	85	85	0	0/0/0
48057	10/08/2026 20:47:06	PLANTA IDEAL	10033115	CEDIS IDE QUILICURA	Receptado	10001100	11/08/2026 00:12:37	BCH	500	500	0	49/49/CHKL476846
48057	10/08/2026 20:47:06	PLANTA IDEAL	10033115	CEDIS IDE QUILICURA	Receptado	10001100	11/08/2026 00:12:37	BG	980	980	0	49/49/CHKL476846
48057	10/08/2026 20:47:06	PLANTA IDEAL	10033115	CEDIS IDE QUILICURA	Receptado	10001100	11/08/2026 00:12:37	P5T	20	20	0	49/49/CHKL476846
48155	11/08/2026 11:03:54	CEDIS IDE QUILICURA	10033023	LO ESPEJO	Receptado	10461749	12/08/2026 03:25:46	BG	1028	1028	0	VRZL40/PWVX27/HKOOB37592392
48155	11/08/2026 11:03:54	CEDIS IDE QUILICURA	10033023	LO ESPEJO	Receptado	10461749	12/08/2026 03:25:46	P5T	19	19	0	VRZL40/PWVX27/HKOOB37592392
48156	11/08/2026 11:08:43	PLANTA IDEAL	10000427	CEDIS IDE QUILICURA	Receptado	10033023	11/08/2026 13:15:16	BG	793	793	0	DBLS 59/KYLZ 24/CHKL476851
48156	11/08/2026 11:08:43	PLANTA IDEAL	10000427	CEDIS IDE QUILICURA	Receptado	10033023	11/08/2026 13:15:16	P5T	12	12	0	DBLS 59/KYLZ 24/CHKL476851
48602	14/08/2026 17:44:16	CEDIS IDE QUILICURA	10032939	LO ESPEJO	Receptado	10461749	15/08/2026 03:15:34	BG	147	147	0	1/1/CHKO382407
48602	14/08/2026 17:44:16	CEDIS IDE QUILICURA	10032939	LO ESPEJO	Receptado	10461749	15/08/2026 03:15:34	P5T	2	2	0	1/1/CHKO382407
48620	14/08/2026 20:34:55	EL PINAR	10149777	PLANTA IDEAL	Receptado	10033115	17/08/2026 14:24:40	BG	464	464	0	ideal/ideal/10535194
48620	14/08/2026 20:34:55	EL PINAR	10149777	PLANTA IDEAL	Receptado	10033115	17/08/2026 14:24:40	P5T	111	111	0	ideal/ideal/10535194
48621	14/08/2026 20:46:42	GRANDES CLIENTES	10000772	ECCOFEED SPA	Receptado	10487508	19/08/2026 10:34:00	BG	183	183	0	1/1/11691077-78
48621	14/08/2026 20:46:42	GRANDES CLIENTES	10000772	ECCOFEED SPA	Receptado	10487508	19/08/2026 10:34:00	P5T	4	4	0	1/1/11691077-78
48625	14/08/2026 21:18:16	PLANTA IDEAL	10033115	CEDIS IDE QUILICURA	Receptado	10032939	14/08/2026 21:21:45	BCH	400	400	0	50/50/CHKL477032
48625	14/08/2026 21:18:16	PLANTA IDEAL	10033115	CEDIS IDE QUILICURA	Receptado	10032939	14/08/2026 21:21:45	BG	416	416	0	50/50/CHKL477032
48625	14/08/2026 21:18:16	PLANTA IDEAL	10033115	CEDIS IDE QUILICURA	Receptado	10032939	14/08/2026 21:21:45	P5T	12	12	0	50/50/CHKL477032
48627	14/08/2026 21:47:58	LO ESPEJO	10458156	ECCOFEED SPA	Receptado	10487508	19/08/2026 10:34:13	BG	357	357	0	IDEAL/IDEAL/10177541-42-43
48627	14/08/2026 21:47:58	LO ESPEJO	10458156	ECCOFEED SPA	Receptado	10487508	19/08/2026 10:34:13	P5T	6	6	0	IDEAL/IDEAL/10177541-42-43
48633	14/08/2026 23:51:46	QUILICURA	10397048	PLANTA IDEAL	Receptado	10001082	15/08/2026 00:39:32	BG	1200	1200	0	00000/00000/10535208
48633	14/08/2026 23:51:46	QUILICURA	10397048	PLANTA IDEAL	Receptado	10001082	15/08/2026 00:39:32	P5T	10	6	4	00000/00000/10535208
49383	22/08/2026 18:19:49	CEDIS IDE QUILICURA	10001100	PLANTA CHILLAN	Receptado	10000416	28/08/2026 11:32:50	P5T	10	10	0	1/1/1
49384	22/08/2026 18:41:57	PLANTA IDEAL	10001082	CEDIS IDE QUILICURA	Receptado	10001100	24/08/2026 08:05:17	BG	564	564	0	1/1/CHKL477461
49384	22/08/2026 18:41:57	PLANTA IDEAL	10001082	CEDIS IDE QUILICURA	Receptado	10001100	24/08/2026 08:05:17	P5T	13	13	0	1/1/CHKL477461
49385	22/08/2026 19:01:23	CEDIS IDE QUILICURA	10001100	LA SERENA	Receptado	10444394	24/08/2026 08:49:56	BCH	117	117	0	1/1/HKOOB37655596
49385	22/08/2026 19:01:23	CEDIS IDE QUILICURA	10001100	LA SERENA	Receptado	10444394	24/08/2026 08:49:56	BG	1065	1065	0	1/1/HKOOB37655596
49385	22/08/2026 19:01:23	CEDIS IDE QUILICURA	10001100	LA SERENA	Receptado	10444394	24/08/2026 08:49:56	P5T	18	18	0	1/1/HKOOB37655596
49422	24/08/2026 09:35:34	PUERTO MONTT	10001696	PLANTA CHILLAN	Receptado	10000416	26/08/2026 13:46:01	BCH	200	200	0	LXHJ-99/PWXK-76/10535595
49422	24/08/2026 09:35:34	PUERTO MONTT	10001696	PLANTA CHILLAN	Receptado	10000416	26/08/2026 13:46:01	BG	1560	1410	150	LXHJ-99/PWXK-76/10535595
49422	24/08/2026 09:35:34	PUERTO MONTT	10001696	PLANTA CHILLAN	Receptado	10000416	26/08/2026 13:46:01	P5T	19	19	0	LXHJ-99/PWXK-76/10535595
49430	24/08/2026 11:01:01	PLANTA CHILLAN	10000416	CEDIS IDE QUILICURA	Receptado	10001100	25/08/2026 13:01:47	BG	1440	1440	0	PJJV29/HGKF99/CGAX00043603
49430	24/08/2026 11:01:01	PLANTA CHILLAN	10000416	CEDIS IDE QUILICURA	Receptado	10001100	25/08/2026 13:01:47	P5T	24	24	0	PJJV29/HGKF99/CGAX00043603
49432	24/08/2026 11:54:03	CEDIS IDE QUILICURA	10001100	OSORNO	Receptado	10001704	25/08/2026 06:50:03	BCH	16	16	0	1/1/HKOOB37659147
49432	24/08/2026 11:54:03	CEDIS IDE QUILICURA	10001100	OSORNO	Receptado	10001704	25/08/2026 06:50:03	BG	1045	1045	0	1/1/HKOOB37659147
49432	24/08/2026 11:54:03	CEDIS IDE QUILICURA	10001100	OSORNO	Receptado	10001704	25/08/2026 06:50:03	P5T	18	18	0	1/1/HKOOB37659147
49433	24/08/2026 11:57:36	CEDIS IDE QUILICURA	10001100	LO ESPEJO	Receptado	10429055	24/08/2026 14:07:09	BG	936	936	0	1/1/HKOOB37659889
49433	24/08/2026 11:57:36	CEDIS IDE QUILICURA	10001100	LO ESPEJO	Receptado	10429055	24/08/2026 14:07:09	P5T	14	14	0	1/1/HKOOB37659889
49435	24/08/2026 12:28:02	CEDIS IDE QUILICURA	10001100	PLANTA IDEAL	Receptado	10001082	24/08/2026 14:17:25	BG	926	935	-9	1/1/1
49435	24/08/2026 12:28:02	CEDIS IDE QUILICURA	10001100	PLANTA IDEAL	Receptado	10001082	24/08/2026 14:17:25	P5T	20	20	0	1/1/1
47903	08/08/2026 09:52:18	CEDIS IDE QUILICURA	10161182	TALCA	Receptado	10395252	08/08/2026 16:11:36	BG	1260	1260	0	"PFBS17	/KYLH53/HKOOB37584528"
47903	08/08/2026 09:52:18	CEDIS IDE QUILICURA	10161182	TALCA	Receptado	10395252	08/08/2026 16:11:36	P5T	14	14	0	"PFBS17	/KYLH53/HKOOB37584528"
47920	08/08/2026 13:24:46	CEDIS IDE QUILICURA	10033023	LOS ANGELES	Receptado	172705782	10/08/2026 08:52:15	BCH	33	33	0	PFBS11/KDGH62/HKOOB37584534
47920	08/08/2026 13:24:46	CEDIS IDE QUILICURA	10033023	LOS ANGELES	Receptado	172705782	10/08/2026 08:52:15	BG	1015	1015	0	PFBS11/KDGH62/HKOOB37584534
47920	08/08/2026 13:24:46	CEDIS IDE QUILICURA	10033023	LOS ANGELES	Receptado	172705782	10/08/2026 08:52:15	P5T	16	16	0	PFBS11/KDGH62/HKOOB37584534
47924	08/08/2026 14:05:53	CEDIS IDE QUILICURA	10033023	VIÑA DEL MAR	Receptado	10000599	08/08/2026 18:25:20	BCH	7	7	0	TVTD89/KYPH95/HKOOB37586074
47924	08/08/2026 14:05:53	CEDIS IDE QUILICURA	10033023	VIÑA DEL MAR	Receptado	10000599	08/08/2026 18:25:20	BG	1000	1000	0	TVTD89/KYPH95/HKOOB37586074
47924	08/08/2026 14:05:53	CEDIS IDE QUILICURA	10033023	VIÑA DEL MAR	Receptado	10000599	08/08/2026 18:25:20	P5T	13	13	0	TVTD89/KYPH95/HKOOB37586074
47930	08/08/2026 15:15:58	LOS ANDES	10486010	ECCOFEED SPA	Receptado	10487508	09/08/2026 11:15:00	BG	65	65	0	JKHC-71/JKHC-71/11733885
47930	08/08/2026 15:15:58	LOS ANDES	10486010	ECCOFEED SPA	Receptado	10487508	09/08/2026 11:15:00	P5T	2	2	0	JKHC-71/JKHC-71/11733885
47944	08/08/2026 17:29:30	PLANTA IDEAL	10000427	CEDIS IDE QUILICURA	Receptado	10033023	08/08/2026 18:47:03	BG	1080	1080	0	JKKJ 26/KYLZ 24/CHKL476644
47944	08/08/2026 17:29:30	PLANTA IDEAL	10000427	CEDIS IDE QUILICURA	Receptado	10033023	08/08/2026 18:47:03	P5T	21	21	0	JKKJ 26/KYLZ 24/CHKL476644
47955	08/08/2026 19:57:12	CEDIS IDE QUILICURA	10033023	SAN FERNANDO	Receptado	10004891	12/08/2026 08:16:13	BCH	42	42	0	FHDT82/JJ4817/HKOOB37584522
47955	08/08/2026 19:57:12	CEDIS IDE QUILICURA	10033023	SAN FERNANDO	Receptado	10004891	12/08/2026 08:16:13	BG	1229	1229	0	FHDT82/JJ4817/HKOOB37584522
47955	08/08/2026 19:57:12	CEDIS IDE QUILICURA	10033023	SAN FERNANDO	Receptado	10004891	12/08/2026 08:16:13	P5T	22	22	0	FHDT82/JJ4817/HKOOB37584522
47990	09/08/2026 10:32:36	GRANDES CLIENTES	10119634	CEDIS IDE QUILICURA	Receptado	10000115	09/08/2026 11:03:48	BCH	600	600	0	N/A/N/A/N/A
47990	09/08/2026 10:32:36	GRANDES CLIENTES	10119634	CEDIS IDE QUILICURA	Receptado	10000115	09/08/2026 11:03:48	BG	840	840	0	N/A/N/A/N/A
47990	09/08/2026 10:32:36	GRANDES CLIENTES	10119634	CEDIS IDE QUILICURA	Receptado	10000115	09/08/2026 11:03:48	P5T	10	10	0	N/A/N/A/N/A
47992	09/08/2026 11:52:06	GRANDES CLIENTES	10119634	PLANTA IDEAL	Cancelado			BG	900	0	900	0/0/10534762
47992	09/08/2026 11:52:06	GRANDES CLIENTES	10119634	PLANTA IDEAL	Cancelado			P5T	20	0	20	0/0/10534762
47996	10/08/2026 07:22:36	TEMUCO	10344423	ECCOFEED SPA	Receptado	10487508	14/08/2026 08:50:10	BG	144	144	0	LZRG89 /PXJF25 /10534831
47996	10/08/2026 07:22:36	TEMUCO	10344423	ECCOFEED SPA	Receptado	10487508	14/08/2026 08:50:10	P5T	3	3	0	LZRG89 /PXJF25 /10534831
47998	10/08/2026 08:02:02	SAN FERNANDO	10004891	PLANTA IDEAL	Receptado	10000427	10/08/2026 12:45:03	BG	1104	1104	0	FHDT82/JJ4817/10534832
47998	10/08/2026 08:02:02	SAN FERNANDO	10004891	PLANTA IDEAL	Receptado	10000427	10/08/2026 12:45:03	P5T	14	14	0	FHDT82/JJ4817/10534832
48001	10/08/2026 08:22:17	CONCEPCION	10001026	CEDIS IDE QUILICURA	Receptado	10001100	10/08/2026 22:47:52	BCH	8	8	0	VJWL-64/PXKH-32/10534833
48154	11/08/2026 10:40:01	CONCEPCION	10001026	TALCA	Receptado	10000096	12/08/2026 12:14:46	BG	300	300	0	SVLV-51/PWZH-32/11890933
48154	11/08/2026 10:40:01	CONCEPCION	10001026	TALCA	Receptado	10000096	12/08/2026 12:14:46	P5T	5	5	0	SVLV-51/PWZH-32/11890933
48292	12/08/2026 10:23:39	CEDIS IDE QUILICURA	10033023	LO ESPEJO	Receptado	10429055	12/08/2026 19:01:48	BG	1121	1121	0	STJR25/KDGT92/HKOOB37602132
48292	12/08/2026 10:23:39	CEDIS IDE QUILICURA	10033023	LO ESPEJO	Receptado	10429055	12/08/2026 19:01:48	P5T	19	19	0	STJR25/KDGT92/HKOOB37602132
48634	15/08/2026 00:06:55	EL PINAR	10149777	ECCOFEED SPA	Receptado	10487508	19/08/2026 10:34:39	BG	136	136	0	ideal/ideal/12574803
48634	15/08/2026 00:06:55	EL PINAR	10149777	ECCOFEED SPA	Receptado	10487508	19/08/2026 10:34:39	P5T	3	3	0	ideal/ideal/12574803
49221	21/08/2026 09:52:19	PUERTO MONTT	10001696	PLANTA CHILLAN	Receptado	10000416	21/08/2026 22:48:10	BG	1484	1484	0	PGKD-18/PWZP-17/1053498
49221	21/08/2026 09:52:19	PUERTO MONTT	10001696	PLANTA CHILLAN	Receptado	10000416	21/08/2026 22:48:10	P5T	57	57	0	PGKD-18/PWZP-17/1053498
49228	21/08/2026 11:25:47	PLANTA IDEAL	10033115	CEDIS IDE QUILICURA	Receptado	10000798	21/08/2026 12:02:37	BG	1180	1180	0	50/50/CHKL477400
49228	21/08/2026 11:25:47	PLANTA IDEAL	10033115	CEDIS IDE QUILICURA	Receptado	10000798	21/08/2026 12:02:37	P5T	17	17	0	50/50/CHKL477400
49245	21/08/2026 15:09:04	PLANTA CHILLAN	10000416	CEDIS IDE QUILICURA	Receptado	10001100	22/08/2026 17:56:42	BG	1440	1440	0	PSLY27/PWZP19/CGAX00043502
49245	21/08/2026 15:09:04	PLANTA CHILLAN	10000416	CEDIS IDE QUILICURA	Receptado	10001100	22/08/2026 17:56:42	P5T	24	24	0	PSLY27/PWZP19/CGAX00043502
49251	21/08/2026 15:52:00	VIÑA DEL MAR	10000599	ECCOFEED SPA	Receptado	10487508	25/08/2026 17:12:07	BG	699	699	0	vrzl40/ideal/12402215-14-13
49251	21/08/2026 15:52:00	VIÑA DEL MAR	10000599	ECCOFEED SPA	Receptado	10487508	25/08/2026 17:12:07	P5T	12	12	0	vrzl40/ideal/12402215-14-13
49269	21/08/2026 19:29:31	CEDIS IDE QUILICURA	10001100	CHILLAN	Receptado	10301699	22/08/2026 08:44:41	BCH	61	61	0	1/1/HKOOB37650379
49269	21/08/2026 19:29:31	CEDIS IDE QUILICURA	10001100	CHILLAN	Receptado	10301699	22/08/2026 08:44:41	BG	1123	1123	0	1/1/HKOOB37650379
49269	21/08/2026 19:29:31	CEDIS IDE QUILICURA	10001100	CHILLAN	Receptado	10301699	22/08/2026 08:44:41	P5T	18	18	0	1/1/HKOOB37650379
49293	21/08/2026 23:04:53	QUILICURA	10397048	PLANTA IDEAL	Receptado	10033115	22/08/2026 10:28:45	BG	1080	1080	0	0000/0000/10535547
49293	21/08/2026 23:04:53	QUILICURA	10397048	PLANTA IDEAL	Receptado	10033115	22/08/2026 10:28:45	P5T	9	9	0	0000/0000/10535547
49294	21/08/2026 23:15:23	PLANTA IDEAL	10000427	CEDIS IDE QUILICURA	Receptado	10033023	22/08/2026 00:44:01	BCH	68	68	0	JKKG 89/KYLZ 25/CHKL477453
49294	21/08/2026 23:15:23	PLANTA IDEAL	10000427	CEDIS IDE QUILICURA	Receptado	10033023	22/08/2026 00:44:01	BG	732	732	0	JKKG 89/KYLZ 25/CHKL477453
49294	21/08/2026 23:15:23	PLANTA IDEAL	10000427	CEDIS IDE QUILICURA	Receptado	10033023	22/08/2026 00:44:01	P5T	18	18	0	JKKG 89/KYLZ 25/CHKL477453
48701	15/08/2026 17:18:46	CEDIS IDE QUILICURA	10032939	LA SERENA	Receptado	10444394	18/08/2026 08:11:52	BG	940	940	0	1/1/HKOOB37618264
48701	15/08/2026 17:18:46	CEDIS IDE QUILICURA	10032939	LA SERENA	Receptado	10444394	18/08/2026 08:11:52	P5T	15	15	0	1/1/HKOOB37618264
49382	22/08/2026 17:30:31	LO ESPEJO	10458156	ECCOFEED SPA	Receptado	10487508	27/08/2026 10:15:02	BG	76	76	0	IDEAL/IDEAL/10184399-00
49382	22/08/2026 17:30:31	LO ESPEJO	10458156	ECCOFEED SPA	Receptado	10487508	27/08/2026 10:15:02	P5T	2	2	0	IDEAL/IDEAL/10184399-00
49406	24/08/2026 07:38:27	PLANTA IDEAL	10001082	CEDIS IDE QUILICURA	Receptado	10001100	24/08/2026 08:35:08	BCH	644	644	0	1/1/CHKL477605
49406	24/08/2026 07:38:27	PLANTA IDEAL	10001082	CEDIS IDE QUILICURA	Receptado	10001100	24/08/2026 08:35:08	BG	743	743	0	1/1/CHKL477605
49406	24/08/2026 07:38:27	PLANTA IDEAL	10001082	CEDIS IDE QUILICURA	Receptado	10001100	24/08/2026 08:35:08	P5T	20	20	0	1/1/CHKL477605
49408	24/08/2026 07:53:44	PLANTA IDEAL	10001082	CEDIS IDE QUILICURA	Receptado	10001100	24/08/2026 14:31:44	BCH	3800	3800	0	1/1/CHKL477550
49408	24/08/2026 07:53:44	PLANTA IDEAL	10001082	CEDIS IDE QUILICURA	Receptado	10001100	24/08/2026 14:31:44	BG	144	144	0	1/1/CHKL477550
49408	24/08/2026 07:53:44	PLANTA IDEAL	10001082	CEDIS IDE QUILICURA	Receptado	10001100	24/08/2026 14:31:44	P5T	22	22	0	1/1/CHKL477550
49419	24/08/2026 09:06:38	CEDIS IDE QUILICURA	10001100	DISTRIBUIDOR CORCORAN	Receptado	10005088	04/09/2026 19:08:31	BG	656	656	0	1/1/CHKO383550
49421	24/08/2026 09:29:33	PUERTO MONTT	10001696	ECCOFEED SPA	Receptado	10487508	27/08/2026 10:55:37	BG	201	201	0	LXHJ-99/PWXK-76/13055489-90
49421	24/08/2026 09:29:33	PUERTO MONTT	10001696	ECCOFEED SPA	Receptado	10487508	27/08/2026 10:55:37	P5T	4	4	0	LXHJ-99/PWXK-76/13055489-90
49423	24/08/2026 09:52:16	CEDIS IDE QUILICURA	10001100	PLANTA IDEAL	Receptado	10001082	24/08/2026 11:15:02	BG	986	962	24	1/1/1
49423	24/08/2026 09:52:16	CEDIS IDE QUILICURA	10001100	PLANTA IDEAL	Receptado	10001082	24/08/2026 11:15:02	P5T	19	18	1	1/1/1
49424	24/08/2026 10:08:08	CEDIS IDE QUILICURA	10001100	PLANTA IDEAL	Receptado	10001082	24/08/2026 12:02:27	BG	2	2	0	1/1/1
49434	24/08/2026 12:18:04	CEDIS IDE QUILICURA	10001100	PLANTA IDEAL	Receptado	10001082	24/08/2026 14:17:02	BG	1204	1133	71	1/1/1
49434	24/08/2026 12:18:04	CEDIS IDE QUILICURA	10001100	PLANTA IDEAL	Receptado	10001082	24/08/2026 14:17:02	P5T	12	11	1	1/1/1
49436	24/08/2026 13:24:44	CEDIS IDE QUILICURA	10001100	TALCA	Receptado	10000096	25/08/2026 11:49:39	BCH	49	49	0	1/1/HKOOB37659133
49436	24/08/2026 13:24:44	CEDIS IDE QUILICURA	10001100	TALCA	Receptado	10000096	25/08/2026 11:49:39	BG	1250	1250	0	1/1/HKOOB37659133
49436	24/08/2026 13:24:44	CEDIS IDE QUILICURA	10001100	TALCA	Receptado	10000096	25/08/2026 11:49:39	P5T	22	22	0	1/1/HKOOB37659133
49437	24/08/2026 13:31:16	PLANTA IDEAL	10001082	CEDIS IDE QUILICURA	Receptado	10033023	24/08/2026 16:31:12	BG	1320	1320	0	1/1/1
49437	24/08/2026 13:31:16	PLANTA IDEAL	10001082	CEDIS IDE QUILICURA	Receptado	10033023	24/08/2026 16:31:12	P5T	19	19	0	1/1/1
49440	24/08/2026 14:12:45	GRANDES CLIENTES	10001302	PLANTA IDEAL	Receptado	10487508	25/08/2026 11:30:10	BCH	933	933	0	NO APLICA/NO APLICA/NO APLICA
49440	24/08/2026 14:12:45	GRANDES CLIENTES	10001302	PLANTA IDEAL	Receptado	10487508	25/08/2026 11:30:10	BG	3171	3171	0	NO APLICA/NO APLICA/NO APLICA
49440	24/08/2026 14:12:45	GRANDES CLIENTES	10001302	PLANTA IDEAL	Receptado	10487508	25/08/2026 11:30:10	P5T	14	0	14	NO APLICA/NO APLICA/NO APLICA
49441	24/08/2026 14:15:00	CEDIS IDE QUILICURA	10001100	VIÑA DEL MAR	Cancelado			BCH	77	0	77	1/1/HKOOB37659137
49441	24/08/2026 14:15:00	CEDIS IDE QUILICURA	10001100	VIÑA DEL MAR	Cancelado			BG	1327	0	1327	1/1/HKOOB37659137
49441	24/08/2026 14:15:00	CEDIS IDE QUILICURA	10001100	VIÑA DEL MAR	Cancelado			P5T	21	0	21	1/1/HKOOB37659137
49443	24/08/2026 14:23:53	CEDIS IDE QUILICURA	10001100	LO ESPEJO	Receptado	10461749	25/08/2026 06:03:12	BG	1020	1020	0	1/1/HKOOB37659890
49443	24/08/2026 14:23:53	CEDIS IDE QUILICURA	10001100	LO ESPEJO	Receptado	10461749	25/08/2026 06:03:12	P5T	16	16	0	1/1/HKOOB37659890
49444	24/08/2026 14:26:00	CEDIS IDE QUILICURA	10001100	LO ESPEJO	Receptado	10461749	25/08/2026 06:03:29	BG	1299	1299	0	1/1/HKOOB37659891
49444	24/08/2026 14:26:00	CEDIS IDE QUILICURA	10001100	LO ESPEJO	Receptado	10461749	25/08/2026 06:03:29	P5T	21	21	0	1/1/HKOOB37659891
49446	24/08/2026 14:38:17	CEDIS IDE QUILICURA	10001100	GRANDES CLIENTES	Receptado	10001251	25/08/2026 03:16:38	BCH	1951	1951	0	1/1/1
49446	24/08/2026 14:38:17	CEDIS IDE QUILICURA	10001100	GRANDES CLIENTES	Receptado	10001251	25/08/2026 03:16:38	BG	3776	3728	48	1/1/1
49446	24/08/2026 14:38:17	CEDIS IDE QUILICURA	10001100	GRANDES CLIENTES	Receptado	10001251	25/08/2026 03:16:38	P5T	95	95	0	1/1/1
49447	24/08/2026 14:43:05	LO ESPEJO	10450102	PLANTA IDEAL	Receptado	10001082	29/08/2026 11:35:09	BG	1680	1680	0	IDEAL/IDEAL/10535607
49447	24/08/2026 14:43:05	LO ESPEJO	10450102	PLANTA IDEAL	Receptado	10001082	29/08/2026 11:35:09	P5T	17	17	0	IDEAL/IDEAL/10535607
49450	24/08/2026 14:55:12	SALON CEDIS	10000848-1	QUILICURA	Receptado	101196341	24/08/2026 17:51:43	BG	2	2	0	0/0/0
49451	24/08/2026 15:29:03	SALON PEDRO DE VALDIVIA	10000349	QUILICURA	Receptado	101196341	24/08/2026 17:51:28	BG	34	34	0	0/0/0
49452	24/08/2026 15:45:54	CONCEPCION	10001288	ECCOFEED SPA	Receptado	10487508	27/08/2026 10:46:20	BG	192	192	0	PSLY27/PWZP19/10535609
49452	24/08/2026 15:45:54	CONCEPCION	10001288	ECCOFEED SPA	Receptado	10487508	27/08/2026 10:46:20	P5T	4	4	0	PSLY27/PWZP19/10535609
49453	24/08/2026 16:11:45	VIÑA DEL MAR	10000599	ECCOFEED SPA	Receptado	10487508	27/08/2026 10:11:37	BG	36	36	0	499-66/499-66/12403264-65
49453	24/08/2026 16:11:45	VIÑA DEL MAR	10000599	ECCOFEED SPA	Receptado	10487508	27/08/2026 10:11:37	P5T	1	1	0	499-66/499-66/12403264-65
49455	24/08/2026 16:15:32	CONCEPCION	10001288	PLANTA IDEAL	Receptado	10000427	25/08/2026 18:58:19	BG	1536	1430	106	PSLY27/PXZP19/10535611
47857	08/08/2026 02:05:15	CEDIS IDE QUILICURA	10161182	SALON EL CORTIJO	Receptado	10000989	10/08/2026 15:44:04	BG	17	17	0	1/1/CHKO382609
47857	08/08/2026 02:05:15	CEDIS IDE QUILICURA	10161182	SALON EL CORTIJO	Receptado	10000989	10/08/2026 15:44:04	P5T	1	0	1	1/1/CHKO382609
48001	10/08/2026 08:22:17	CONCEPCION	10001026	CEDIS IDE QUILICURA	Receptado	10001100	10/08/2026 22:47:52	BG	472	472	0	VJWL-64/PXKH-32/10534833
48001	10/08/2026 08:22:17	CONCEPCION	10001026	CEDIS IDE QUILICURA	Receptado	10001100	10/08/2026 22:47:52	P5T	8	8	0	VJWL-64/PXKH-32/10534833
48088	11/08/2026 02:07:17	GRANDES CLIENTES	10001251	PLANTA IDEAL	Receptado	10001082	11/08/2026 02:54:29	BCH	400	400	0	0/0/PLANTA IDEAL
48088	11/08/2026 02:07:17	GRANDES CLIENTES	10001251	PLANTA IDEAL	Receptado	10001082	11/08/2026 02:54:29	BG	360	360	0	0/0/PLANTA IDEAL
48088	11/08/2026 02:07:17	GRANDES CLIENTES	10001251	PLANTA IDEAL	Receptado	10001082	11/08/2026 02:54:29	P5T	5	5	0	0/0/PLANTA IDEAL
48089	11/08/2026 02:18:53	PLANTA IDEAL	10001082	CEDIS IDE QUILICURA	Receptado	10001100	11/08/2026 05:06:59	BG	1128	1128	0	1/1/CHKL476827
48089	11/08/2026 02:18:53	PLANTA IDEAL	10001082	CEDIS IDE QUILICURA	Receptado	10001100	11/08/2026 05:06:59	P5T	18	18	0	1/1/CHKL476827
48329	12/08/2026 18:40:07	LO ESPEJO	10458156	PLANTA IDEAL	Receptado	10033115	12/08/2026 21:15:36	BG	1884	1884	0	IDEAL/IDEAL/IDEAL
48329	12/08/2026 18:40:07	LO ESPEJO	10458156	PLANTA IDEAL	Receptado	10033115	12/08/2026 21:15:36	P5T	25	25	0	IDEAL/IDEAL/IDEAL
48332	12/08/2026 20:14:03	GRANDES CLIENTES	10000772	PLANTA IDEAL	Receptado	10033115	12/08/2026 20:31:25	BCH	312	312	0	1/1/1
48332	12/08/2026 20:14:03	GRANDES CLIENTES	10000772	PLANTA IDEAL	Receptado	10033115	12/08/2026 20:31:25	BG	1111	1111	0	1/1/1
48703	15/08/2026 17:54:46	LOS ANGELES	172705782	PLANTA IDEAL	Receptado	10033115	17/08/2026 14:23:46	BG	896	620	276	GKZD53/PXHK38/1
48703	15/08/2026 17:54:46	LOS ANGELES	172705782	PLANTA IDEAL	Receptado	10033115	17/08/2026 14:23:46	P5T	7	7	0	GKZD53/PXHK38/1
49296	21/08/2026 23:44:07	PLANTA IDEAL	10000427	CEDIS IDE QUILICURA	Receptado	10033023	22/08/2026 00:43:35	BG	876	876	0	JKKG 89/KYLZ 25/CHKL477454
49296	21/08/2026 23:44:07	PLANTA IDEAL	10000427	CEDIS IDE QUILICURA	Receptado	10033023	22/08/2026 00:43:35	P5T	19	19	0	JKKG 89/KYLZ 25/CHKL477454
49297	22/08/2026 00:27:51	CEDIS IDE QUILICURA	10033023	PUERTO MONTT	Receptado	10001696	24/08/2026 10:59:12	BCH	160	160	0	LXHJ99/PWXK76/HKOOB37655593
49297	22/08/2026 00:27:51	CEDIS IDE QUILICURA	10033023	PUERTO MONTT	Receptado	10001696	24/08/2026 10:59:12	BG	953	953	0	LXHJ99/PWXK76/HKOOB37655593
49297	22/08/2026 00:27:51	CEDIS IDE QUILICURA	10033023	PUERTO MONTT	Receptado	10001696	24/08/2026 10:59:12	P5T	15	15	0	LXHJ99/PWXK76/HKOOB37655593
49299	22/08/2026 00:37:29	CEDIS IDE QUILICURA	10033023	VALDIVIA	Receptado	10421004	25/08/2026 10:04:37	BCH	10	0	10	LXHJ99/PWXK76/CHKO383545
49299	22/08/2026 00:37:29	CEDIS IDE QUILICURA	10033023	VALDIVIA	Receptado	10421004	25/08/2026 10:04:37	BG	16	16	0	LXHJ99/PWXK76/CHKO383545
49300	22/08/2026 00:39:37	SAN FERNANDO	10005031	PLANTA IDEAL	Receptado	10000427	22/08/2026 05:26:19	BG	1092	1092	0	FHDT-82/JJ-4817/10535549
49300	22/08/2026 00:39:37	SAN FERNANDO	10005031	PLANTA IDEAL	Receptado	10000427	22/08/2026 05:26:19	BCH	29	29	0	FHDT-82/JJ-4817/10535549
49300	22/08/2026 00:39:37	SAN FERNANDO	10005031	PLANTA IDEAL	Receptado	10000427	22/08/2026 05:26:19	P5T	16	16	0	FHDT-82/JJ-4817/10535549
49302	22/08/2026 00:41:24	SAN FERNANDO	10005031	ECCOFEED SPA	Receptado	10487508	27/08/2026 10:24:33	BG	194	194	0	FHDT-82/JJ-4817/10535549
49302	22/08/2026 00:41:24	SAN FERNANDO	10005031	ECCOFEED SPA	Receptado	10487508	27/08/2026 10:24:33	P5T	4	4	0	FHDT-82/JJ-4817/10535549
49308	22/08/2026 02:27:12	CEDIS IDE QUILICURA	10033023	VIÑA DEL MAR	Receptado	10391451	22/08/2026 13:33:13	BCH	100	100	0	STJR25/PXJD34/HKOOB37657024
49308	22/08/2026 02:27:12	CEDIS IDE QUILICURA	10033023	VIÑA DEL MAR	Receptado	10391451	22/08/2026 13:33:13	BG	1512	1505	7	STJR25/PXJD34/HKOOB37657024
49308	22/08/2026 02:27:12	CEDIS IDE QUILICURA	10033023	VIÑA DEL MAR	Receptado	10391451	22/08/2026 13:33:13	P5T	23	23	0	STJR25/PXJD34/HKOOB37657024
49317	22/08/2026 04:17:24	PLANTA IDEAL	10000427	CEDIS IDE QUILICURA	Receptado	10033023	22/08/2026 04:21:58	BG	864	864	0	JKKG 89/KYLZ 25/CHKL477456
49317	22/08/2026 04:17:24	PLANTA IDEAL	10000427	CEDIS IDE QUILICURA	Receptado	10033023	22/08/2026 04:21:58	P5T	17	17	0	JKKG 89/KYLZ 25/CHKL477456
49321	22/08/2026 05:06:24	CEDIS IDE QUILICURA	10033023	SALON EL CORTIJO	Receptado	10000989	24/08/2026 15:01:22	BG	8	8	0	,/,/CHKO383509
49321	22/08/2026 05:06:24	CEDIS IDE QUILICURA	10033023	SALON EL CORTIJO	Receptado	10000989	24/08/2026 15:01:22	P5T	1	0	1	,/,/CHKO383509
49325	22/08/2026 05:52:05	CEDIS IDE QUILICURA	10000980	QUILICURA	Receptado	10397048	24/08/2026 10:55:43	BG	1528	1528	0	0/0/CHKO383546
49325	22/08/2026 05:52:05	CEDIS IDE QUILICURA	10000980	QUILICURA	Receptado	10397048	24/08/2026 10:55:43	P5T	37	37	0	0/0/CHKO383546
49327	22/08/2026 06:12:13	CEDIS IDE QUILICURA	10033023	SALON QUILICURA	Receptado	10000981	24/08/2026 14:28:45	BG	59	59	0	,/,/CHKO383548
49327	22/08/2026 06:12:13	CEDIS IDE QUILICURA	10033023	SALON QUILICURA	Receptado	10000981	24/08/2026 14:28:45	P5T	1	0	1	,/,/CHKO383548
49328	22/08/2026 06:21:24	CEDIS IDE QUILICURA	10033023	SALON CEDIS	Cancelado			BG	32	0	32	,/,/CHKO383324
49328	22/08/2026 06:21:24	CEDIS IDE QUILICURA	10033023	SALON CEDIS	Cancelado			P5T	1	0	1	,/,/CHKO383324
49329	22/08/2026 06:29:31	CEDIS IDE QUILICURA	10033023	SALON TOBALABA	Receptado	10000349-1	24/08/2026 17:42:30	BG	9	9	0	,/,/CHKO383510
49329	22/08/2026 06:29:31	CEDIS IDE QUILICURA	10033023	SALON TOBALABA	Receptado	10000349-1	24/08/2026 17:42:30	P5T	1	0	1	,/,/CHKO383510
49333	22/08/2026 07:35:14	TEMUCO	10344423	PLANTA CHILLAN	Receptado	10000416	22/08/2026 14:19:26	BCH	61	61	0	LCTB55 /KDHP45 /10535553
49333	22/08/2026 07:35:14	TEMUCO	10344423	PLANTA CHILLAN	Receptado	10000416	22/08/2026 14:19:26	BG	1726	1726	0	LCTB55 /KDHP45 /10535553
49333	22/08/2026 07:35:14	TEMUCO	10344423	PLANTA CHILLAN	Receptado	10000416	22/08/2026 14:19:26	P5T	16	16	0	LCTB55 /KDHP45 /10535553
49334	22/08/2026 07:36:14	CHILLAN	10301699	PLANTA CHILLAN	Receptado	10000416	22/08/2026 11:19:16	BG	1140	1140	0	PSLY21/PTYJ59/10535541
49334	22/08/2026 07:36:14	CHILLAN	10301699	PLANTA CHILLAN	Receptado	10000416	22/08/2026 11:19:16	BCH	52	52	0	PSLY21/PTYJ59/10535541
49334	22/08/2026 07:36:14	CHILLAN	10301699	PLANTA CHILLAN	Receptado	10000416	22/08/2026 11:19:16	P5T	10	10	0	PSLY21/PTYJ59/10535541
49335	22/08/2026 07:38:21	CHILLAN	10301699	ECCOFEED SPA	Receptado	10487508	27/08/2026 10:44:47	BG	157	157	0	PSLY21/PTYJ59/10535542
49335	22/08/2026 07:38:21	CHILLAN	10301699	ECCOFEED SPA	Receptado	10487508	27/08/2026 10:44:47	P5T	3	3	0	PSLY21/PTYJ59/10535542
49337	22/08/2026 07:53:25	COPIAPO	10405300	PLANTA IDEAL	Receptado	10033115	24/08/2026 02:19:38	BG	1300	1300	0	RFZY99/PTYJ58/10535556
49337	22/08/2026 07:53:25	COPIAPO	10405300	PLANTA IDEAL	Receptado	10033115	24/08/2026 02:19:38	P5T	30	30	0	RFZY99/PTYJ58/10535556
49338	22/08/2026 08:00:19	CEDIS IDE QUILICURA	10032939	LO ESPEJO	Receptado	10461749	24/08/2026 05:43:48	BG	1087	1087	0	1/1/HKOOB37657006
49338	22/08/2026 08:00:19	CEDIS IDE QUILICURA	10032939	LO ESPEJO	Receptado	10461749	24/08/2026 05:43:48	P5T	14	14	0	1/1/HKOOB37657006
49341	22/08/2026 08:27:24	RANCAGUA	10000032	ECCOFEED SPA	Receptado	10487508	27/08/2026 10:21:55	BG	192	192	0	CZYT-30/JH-3200/10535558
49341	22/08/2026 08:27:24	RANCAGUA	10000032	ECCOFEED SPA	Receptado	10487508	27/08/2026 10:21:55	P5T	3	3	0	CZYT-30/JH-3200/10535558
49345	22/08/2026 10:42:25	CEDIS IDE QUILICURA	10032939	PLANTA IDEAL	Receptado	10033115	22/08/2026 12:09:31	BG	1296	1296	0	1/1/CEDIS A PLANTA
49345	22/08/2026 10:42:25	CEDIS IDE QUILICURA	10032939	PLANTA IDEAL	Receptado	10033115	22/08/2026 12:09:31	P5T	18	18	0	1/1/CEDIS A PLANTA
49346	22/08/2026 11:01:51	CEDIS IDE QUILICURA	10032939	PLANTA IDEAL	Receptado	10033115	22/08/2026 12:44:55	BG	1476	1476	0	1/1/CEDIS A PLANTA
49346	22/08/2026 11:01:51	CEDIS IDE QUILICURA	10032939	PLANTA IDEAL	Receptado	10033115	22/08/2026 12:44:55	P5T	21	21	0	1/1/CEDIS A PLANTA
49347	22/08/2026 11:52:35	PLANTA IDEAL	10033115	CEDIS IDE QUILICURA	Receptado	10032939	22/08/2026 12:52:34	BG	784	784	0	50/50/CHKL477565
49347	22/08/2026 11:52:35	PLANTA IDEAL	10033115	CEDIS IDE QUILICURA	Receptado	10032939	22/08/2026 12:52:34	P5T	15	15	0	50/50/CHKL477565
49349	22/08/2026 11:56:16	PLANTA IDEAL	10033115	CEDIS IDE QUILICURA	Receptado	10032939	22/08/2026 12:52:10	BCH	13	13	0	50/50/CHKL477548
49349	22/08/2026 11:56:16	PLANTA IDEAL	10033115	CEDIS IDE QUILICURA	Receptado	10032939	22/08/2026 12:52:10	BG	520	520	0	50/50/CHKL477548
49349	22/08/2026 11:56:16	PLANTA IDEAL	10033115	CEDIS IDE QUILICURA	Receptado	10032939	22/08/2026 12:52:10	P5T	62	62	0	50/50/CHKL477548
49350	22/08/2026 11:59:26	PLANTA IDEAL	10033115	CEDIS IDE QUILICURA	Receptado	10032939	22/08/2026 12:51:52	BG	1080	1080	0	50/50/CHKL477476
49350	22/08/2026 11:59:26	PLANTA IDEAL	10033115	CEDIS IDE QUILICURA	Receptado	10032939	22/08/2026 12:51:52	P5T	20	20	0	50/50/CHKL477476
49355	22/08/2026 12:05:53	PLANTA IDEAL	10033115	CEDIS IDE QUILICURA	Receptado	10001100	22/08/2026 17:58:14	BG	249	249	0	50/50/CHKL477458
49355	22/08/2026 12:05:53	PLANTA IDEAL	10033115	CEDIS IDE QUILICURA	Receptado	10001100	22/08/2026 17:58:14	P5T	15	15	0	50/50/CHKL477458
49362	22/08/2026 13:38:40	PLANTA IDEAL	10001082	CEDIS IDE QUILICURA	Receptado	10001100	22/08/2026 17:59:32	BG	432	432	0	1/1/CHKL477459
48397	13/08/2026 06:17:39	OSORNO	10012272	ECCOFEED SPA	Receptado	10487508	19/08/2026 10:26:23	P5T	4	4	0	PJJV10/HGKF80/0
48398	13/08/2026 06:22:09	OSORNO	10012272	PLANTA CHILLAN	Receptado	10000416	14/08/2026 10:37:33	BG	930	930	0	PJJV10/HGKF80/0
48398	13/08/2026 06:22:09	OSORNO	10012272	PLANTA CHILLAN	Receptado	10000416	14/08/2026 10:37:33	P5T	23	22	1	PJJV10/HGKF80/0
48400	13/08/2026 06:35:19	CEDIS IDE QUILICURA	10001100	ARICA	Receptado	10154469	17/08/2026 05:52:26	BCH	35	35	0	1/1/HKOOB37608550
48400	13/08/2026 06:35:19	CEDIS IDE QUILICURA	10001100	ARICA	Receptado	10154469	17/08/2026 05:52:26	BG	774	774	0	1/1/HKOOB37608550
48400	13/08/2026 06:35:19	CEDIS IDE QUILICURA	10001100	ARICA	Receptado	10154469	17/08/2026 05:52:26	P5T	16	16	0	1/1/HKOOB37608550
48405	13/08/2026 07:12:08	MELIPILLA	10291937	PLANTA IDEAL	Receptado	10000427	13/08/2026 11:08:38	BCH	1	1	0	-/-/10535067
48405	13/08/2026 07:12:08	MELIPILLA	10291937	PLANTA IDEAL	Receptado	10000427	13/08/2026 11:08:38	BG	1020	1020	0	-/-/10535067
48405	13/08/2026 07:12:08	MELIPILLA	10291937	PLANTA IDEAL	Receptado	10000427	13/08/2026 11:08:38	P5T	11	11	0	-/-/10535067
48426	13/08/2026 09:00:09	COPIAPO	10405300	PLANTA IDEAL	Receptado	10001082	14/08/2026 02:54:38	BG	684	674	10	FDKC88/PXDV39/10535097
48426	13/08/2026 09:00:09	COPIAPO	10405300	PLANTA IDEAL	Receptado	10001082	14/08/2026 02:54:38	P5T	19	19	0	FDKC88/PXDV39/10535097
48428	13/08/2026 09:07:34	CONCEPCION	10001026	CEDIS IDE QUILICURA	Receptado	10001100	14/08/2026 23:46:35	BG	1344	1344	0	VJWL-64/PXKH-32/10535098
48428	13/08/2026 09:07:34	CONCEPCION	10001026	CEDIS IDE QUILICURA	Receptado	10001100	14/08/2026 23:46:35	P5T	20	20	0	VJWL-64/PXKH-32/10535098
48433	13/08/2026 09:53:21	PLANTA IDEAL	10000427	CEDIS IDE QUILICURA	Receptado	10000980	13/08/2026 12:17:59	BCH	100	100	0	JKKJ 26/KYLZ 24/CHKL477009
48433	13/08/2026 09:53:21	PLANTA IDEAL	10000427	CEDIS IDE QUILICURA	Receptado	10000980	13/08/2026 12:17:59	BG	1212	1212	0	JKKJ 26/KYLZ 24/CHKL477009
48433	13/08/2026 09:53:21	PLANTA IDEAL	10000427	CEDIS IDE QUILICURA	Receptado	10000980	13/08/2026 12:17:59	P5T	19	19	0	JKKJ 26/KYLZ 24/CHKL477009
48437	13/08/2026 10:39:40	CEDIS IDE QUILICURA	10033023	CONCEPCION	Receptado	10001288	13/08/2026 20:22:36	BG	1521	1521	0	GZKY51/PXJK66/HKOOB37608538
48437	13/08/2026 10:39:40	CEDIS IDE QUILICURA	10033023	CONCEPCION	Receptado	10001288	13/08/2026 20:22:36	P5T	24	24	0	GZKY51/PXJK66/HKOOB37608538
48449	13/08/2026 12:34:22	CEDIS IDE QUILICURA	10033023	ANTOFAGASTA	Receptado	10005088	17/08/2026 09:37:38	BG	716	716	0	VJWL66/PXKH30/HKOOB37609438
48449	13/08/2026 12:34:22	CEDIS IDE QUILICURA	10033023	ANTOFAGASTA	Receptado	10005088	17/08/2026 09:37:38	P5T	12	12	0	VJWL66/PXKH30/HKOOB37609438
48454	13/08/2026 13:24:36	PLANTA IDEAL	10000427	CEDIS IDE QUILICURA	Receptado	10000798	13/08/2026 15:56:38	BG	872	872	0	JUAN VALENZUELA/49/CHKL476989
48454	13/08/2026 13:24:36	PLANTA IDEAL	10000427	CEDIS IDE QUILICURA	Receptado	10000798	13/08/2026 15:56:38	P5T	15	15	0	JUAN VALENZUELA/49/CHKL476989
48477	13/08/2026 15:16:52	GRANDES CLIENTES	10000772	PLANTA IDEAL	Receptado	10033115	13/08/2026 16:54:43	BCH	1000	1000	0	KYPH95/KYPH95/10535118
48477	13/08/2026 15:16:52	GRANDES CLIENTES	10000772	PLANTA IDEAL	Receptado	10033115	13/08/2026 16:54:43	BG	720	720	0	KYPH95/KYPH95/10535118
48477	13/08/2026 15:16:52	GRANDES CLIENTES	10000772	PLANTA IDEAL	Receptado	10033115	13/08/2026 16:54:43	P5T	61	61	0	KYPH95/KYPH95/10535118
48480	13/08/2026 16:21:27	PLANTA IDEAL	10033115	CEDIS IDE QUILICURA	Receptado	10000798	13/08/2026 19:19:03	BG	1316	1316	0	50/50/CHKL476990
48480	13/08/2026 16:21:27	PLANTA IDEAL	10033115	CEDIS IDE QUILICURA	Receptado	10000798	13/08/2026 19:19:03	P5T	18	18	0	50/50/CHKL476990
48483	13/08/2026 17:19:52	TALCA	10395252	PLANTA IDEAL	Receptado	10001082	14/08/2026 01:04:32	BCH	100	100	0	GXVX73/PXHB97/0
48483	13/08/2026 17:19:52	TALCA	10395252	PLANTA IDEAL	Receptado	10001082	14/08/2026 01:04:32	BG	1020	1020	0	GXVX73/PXHB97/0
48483	13/08/2026 17:19:52	TALCA	10395252	PLANTA IDEAL	Receptado	10001082	14/08/2026 01:04:32	P5T	31	33	-2	GXVX73/PXHB97/0
48488	13/08/2026 19:10:46	GRANDES CLIENTES	10000772	PLANTA IDEAL	Receptado	10033115	17/08/2026 14:24:22	BG	1200	1200	0	HXDF11/HXDF11/10535126
48488	13/08/2026 19:10:46	GRANDES CLIENTES	10000772	PLANTA IDEAL	Receptado	10033115	17/08/2026 14:24:22	P5T	32	32	0	HXDF11/HXDF11/10535126
48489	13/08/2026 19:27:07	GRANDES CLIENTES	10000772	PLANTA IDEAL	Receptado	10000427	14/08/2026 09:26:51	BCH	284	284	0	1/1/1
48489	13/08/2026 19:27:07	GRANDES CLIENTES	10000772	PLANTA IDEAL	Receptado	10000427	14/08/2026 09:26:51	BG	931	931	0	1/1/1
48489	13/08/2026 19:27:07	GRANDES CLIENTES	10000772	PLANTA IDEAL	Receptado	10000427	14/08/2026 09:26:51	P5T	14	14	0	1/1/1
48491	13/08/2026 19:41:14	GRANDES CLIENTES	10000772	PLANTA IDEAL	Receptado	10033115	13/08/2026 21:39:45	BCH	400	400	0	JF4261/JF4261/10535127
48491	13/08/2026 19:41:14	GRANDES CLIENTES	10000772	PLANTA IDEAL	Receptado	10033115	13/08/2026 21:39:45	BG	840	840	0	JF4261/JF4261/10535127
48491	13/08/2026 19:41:14	GRANDES CLIENTES	10000772	PLANTA IDEAL	Receptado	10033115	13/08/2026 21:39:45	P5T	9	9	0	JF4261/JF4261/10535127
48492	13/08/2026 19:53:05	LO ESPEJO	10458156	PLANTA IDEAL	Receptado	10001082	14/08/2026 03:46:00	BG	1680	1680	0	IDEAL/IDEAL/IDEAL
48492	13/08/2026 19:53:05	LO ESPEJO	10458156	PLANTA IDEAL	Receptado	10001082	14/08/2026 03:46:00	P5T	18	17	1	IDEAL/IDEAL/IDEAL
48496	13/08/2026 20:06:10	PLANTA IDEAL	10033115	CEDIS IDE QUILICURA	Receptado	10000798	13/08/2026 20:49:20	BG	1176	1176	0	49/49/CHKL477016
48496	13/08/2026 20:06:10	PLANTA IDEAL	10033115	CEDIS IDE QUILICURA	Receptado	10000798	13/08/2026 20:49:20	P5T	13	13	0	49/49/CHKL477016
48497	13/08/2026 20:08:57	PLANTA IDEAL	10033115	CEDIS IDE QUILICURA	Receptado	10000798	13/08/2026 20:49:53	BG	1280	1280	0	49/49/CHKL476991
48497	13/08/2026 20:08:57	PLANTA IDEAL	10033115	CEDIS IDE QUILICURA	Receptado	10000798	13/08/2026 20:49:53	P5T	13	13	0	49/49/CHKL476991
48504	13/08/2026 20:58:13	CEDIS IDE QUILICURA	10000798	GRANDES CLIENTES	Receptado	10143848	14/08/2026 04:51:45	BCH	56	45	11	IDEAL/IDEAL/CHKO383105
48504	13/08/2026 20:58:13	CEDIS IDE QUILICURA	10000798	GRANDES CLIENTES	Receptado	10143848	14/08/2026 04:51:45	BG	1985	1019	966	IDEAL/IDEAL/CHKO383105
48504	13/08/2026 20:58:13	CEDIS IDE QUILICURA	10000798	GRANDES CLIENTES	Receptado	10143848	14/08/2026 04:51:45	P5T	36	24	12	IDEAL/IDEAL/CHKO383105
48506	13/08/2026 21:05:53	GRANDES CLIENTES	10000772	ECCOFEED SPA	Receptado	10487508	19/08/2026 10:29:08	BG	76	76	0	1/1/11690597-98
48506	13/08/2026 21:05:53	GRANDES CLIENTES	10000772	ECCOFEED SPA	Receptado	10487508	19/08/2026 10:29:08	P5T	2	2	0	1/1/11690597-98
48513	13/08/2026 22:11:11	EL PINAR	10149777	PLANTA IDEAL	Receptado	10001082	14/08/2026 03:45:20	BG	1440	1440	0	ideal/ideal/10535136
48513	13/08/2026 22:11:11	EL PINAR	10149777	PLANTA IDEAL	Receptado	10001082	14/08/2026 03:45:20	P5T	16	16	0	ideal/ideal/10535136
48514	13/08/2026 23:07:22	EL PINAR	10149777	ECCOFEED SPA	Receptado	10487508	19/08/2026 10:29:53	BG	180	180	0	ideal/ideal/12574040
48514	13/08/2026 23:07:22	EL PINAR	10149777	ECCOFEED SPA	Receptado	10487508	19/08/2026 10:29:53	P5T	3	3	0	ideal/ideal/12574040
48524	14/08/2026 01:42:16	PLANTA IDEAL	10001082	CEDIS IDE QUILICURA	Receptado	10001100	14/08/2026 05:57:20	BG	1148	1148	0	1/1/CHKL476993
48524	14/08/2026 01:42:16	PLANTA IDEAL	10001082	CEDIS IDE QUILICURA	Receptado	10001100	14/08/2026 05:57:20	P5T	15	15	0	1/1/CHKL476993
48525	14/08/2026 01:45:23	CEDIS IDE QUILICURA	10001100	MELIPILLA	Receptado	10291937	14/08/2026 08:55:56	BG	514	514	0	1/1/HKOOB37611589
48525	14/08/2026 01:45:23	CEDIS IDE QUILICURA	10001100	MELIPILLA	Receptado	10291937	14/08/2026 08:55:56	P5T	9	9	0	1/1/HKOOB37611589
47913	08/08/2026 11:57:52	PLANTA IDEAL	10001082	CEDIS IDE QUILICURA	Receptado	10033023	08/08/2026 18:48:38	BG	780	780	0	1/1/CHKL476624
47913	08/08/2026 11:57:52	PLANTA IDEAL	10001082	CEDIS IDE QUILICURA	Receptado	10033023	08/08/2026 18:48:38	P5T	19	19	0	1/1/CHKL476624
47914	08/08/2026 12:06:50	CEDIS IDE QUILICURA	10001100	ANTOFAGASTA	Receptado	10299402	10/08/2026 20:22:00	BCH	66	66	0	1/1/HKOOB37584521
47914	08/08/2026 12:06:50	CEDIS IDE QUILICURA	10001100	ANTOFAGASTA	Receptado	10299402	10/08/2026 20:22:00	BG	1306	1306	0	1/1/HKOOB37584521
47914	08/08/2026 12:06:50	CEDIS IDE QUILICURA	10001100	ANTOFAGASTA	Receptado	10299402	10/08/2026 20:22:00	P5T	23	23	0	1/1/HKOOB37584521
47915	08/08/2026 12:09:31	VIÑA DEL MAR	10001291	PLANTA IDEAL	Receptado	10033115	09/08/2026 02:40:35	BG	780	780	0	VSRP-19/KYPH-95/10534811
47915	08/08/2026 12:09:31	VIÑA DEL MAR	10001291	PLANTA IDEAL	Receptado	10033115	09/08/2026 02:40:35	P5T	7	7	0	VSRP-19/KYPH-95/10534811
47916	08/08/2026 12:11:52	VIÑA DEL MAR	10001291	ECCOFEED SPA	Receptado	10000599	08/08/2026 18:24:25	BG	747	747	0	VSRP-19/KYPH-95/12393738-12392771
47916	08/08/2026 12:11:52	VIÑA DEL MAR	10001291	ECCOFEED SPA	Receptado	10000599	08/08/2026 18:24:25	P5T	14	14	0	VSRP-19/KYPH-95/12393738-12392771
47922	08/08/2026 13:51:47	CEDIS IDE QUILICURA	10033023	LO ESPEJO	Receptado	10458156	08/08/2026 17:33:51	BG	728	728	0	VRZL40/JG5632/HKJOOB37584715
47922	08/08/2026 13:51:47	CEDIS IDE QUILICURA	10033023	LO ESPEJO	Receptado	10458156	08/08/2026 17:33:51	P5T	12	12	0	VRZL40/JG5632/HKJOOB37584715
47923	08/08/2026 14:02:41	GRANDES CLIENTES	10000772	PLANTA IDEAL	Receptado	10000427	08/08/2026 15:08:58	BCH	1000	1000	0	PXJD34/PXJD34/10534816
47923	08/08/2026 14:02:41	GRANDES CLIENTES	10000772	PLANTA IDEAL	Receptado	10000427	08/08/2026 15:08:58	BG	720	720	0	PXJD34/PXJD34/10534816
47923	08/08/2026 14:02:41	GRANDES CLIENTES	10000772	PLANTA IDEAL	Receptado	10000427	08/08/2026 15:08:58	P5T	31	31	0	PXJD34/PXJD34/10534816
47936	08/08/2026 16:20:07	PLANTA IDEAL	10000427	CEDIS IDE QUILICURA	Receptado	10033023	08/08/2026 18:47:14	P5T	16	16	0	JKKJ 26/KYLZ 24/CHKL476628
47985	09/08/2026 06:48:24	CEDIS IDE QUILICURA	10161182	TEMUCO	Receptado	10344423	11/08/2026 08:48:17	BG	146	146	0	1/1/CHKO382785
47985	09/08/2026 06:48:24	CEDIS IDE QUILICURA	10161182	TEMUCO	Receptado	10344423	11/08/2026 08:48:17	P5T	4	4	0	1/1/CHKO382785
47988	09/08/2026 07:37:50	QUILICURA	101196341	PLANTA IDEAL	Receptado	10000427	09/08/2026 11:32:14	BG	1980	1980	0	HVJX52/JP3260/10534815
47988	09/08/2026 07:37:50	QUILICURA	101196341	PLANTA IDEAL	Receptado	10000427	09/08/2026 11:32:14	P5T	19	19	0	HVJX52/JP3260/10534815
47989	09/08/2026 10:31:02	GRANDES CLIENTES	10119634	PLANTA IDEAL	Receptado	10000427	09/08/2026 11:32:33	BG	120	120	0	N/A/N/A/N/A
47989	09/08/2026 10:31:02	GRANDES CLIENTES	10119634	PLANTA IDEAL	Receptado	10000427	09/08/2026 11:32:33	P5T	1	1	0	N/A/N/A/N/A
48010	10/08/2026 11:05:11	CEDIS IDE QUILICURA	10033023	LO ESPEJO	Receptado	10461749	11/08/2026 07:40:08	BG	626	626	0	STJR25/HXDF12/HKOOB37592382
48010	10/08/2026 11:05:11	CEDIS IDE QUILICURA	10033023	LO ESPEJO	Receptado	10461749	11/08/2026 07:40:08	P5T	11	11	0	STJR25/HXDF12/HKOOB37592382
48018	10/08/2026 13:27:24	CEDIS IDE QUILICURA	10000980	EL PINAR	Receptado	10149777	10/08/2026 21:01:48	BG	228	228	0	0/0/CHKO4692413
48018	10/08/2026 13:27:24	CEDIS IDE QUILICURA	10000980	EL PINAR	Receptado	10149777	10/08/2026 21:01:48	P5T	6	6	0	0/0/CHKO4692413
48026	10/08/2026 14:52:48	GRANDES CLIENTES	10000772	PLANTA IDEAL	Receptado	10033115	10/08/2026 19:44:59	BG	886	886	0	1/1/1
48026	10/08/2026 14:52:48	GRANDES CLIENTES	10000772	PLANTA IDEAL	Receptado	10033115	10/08/2026 19:44:59	P5T	4	4	0	1/1/1
48030	10/08/2026 16:38:34	CEDIS IDE QUILICURA	10000798	LO ESPEJO	Receptado	10461749	11/08/2026 07:40:27	BG	956	956	0	STJR25/JG5632/HKOOB37592383
48030	10/08/2026 16:38:34	CEDIS IDE QUILICURA	10000798	LO ESPEJO	Receptado	10461749	11/08/2026 07:40:27	P5T	18	18	0	STJR25/JG5632/HKOOB37592383
48036	10/08/2026 17:54:32	SALON TOBALABA	10000349-1	QUILICURA	Receptado	101196341	12/08/2026 15:35:38	BG	2	2	0	0/0/0
48038	10/08/2026 18:04:57	CEDIS IDE QUILICURA	10000798	CHILLAN	Receptado	10301699	11/08/2026 08:51:47	BCH	3	3	0	PFBS16/KYLG77/HKOOB37592353
48038	10/08/2026 18:04:57	CEDIS IDE QUILICURA	10000798	CHILLAN	Receptado	10301699	11/08/2026 08:51:47	BG	983	983	0	PFBS16/KYLG77/HKOOB37592353
48038	10/08/2026 18:04:57	CEDIS IDE QUILICURA	10000798	CHILLAN	Receptado	10301699	11/08/2026 08:51:47	P5T	18	18	0	PFBS16/KYLG77/HKOOB37592353
48104	11/08/2026 05:39:57	PLANTA IDEAL	10001082	CEDIS IDE QUILICURA	Receptado	10033023	11/08/2026 08:18:42	BG	1244	1244	0	1/1/CHKL476829
48104	11/08/2026 05:39:57	PLANTA IDEAL	10001082	CEDIS IDE QUILICURA	Receptado	10033023	11/08/2026 08:18:42	P5T	19	19	0	1/1/CHKL476829
48110	11/08/2026 06:38:48	OSORNO	10001704	ECCOFEED SPA	Receptado	10487508	14/08/2026 08:52:38	BG	210	210	0	RFZY99 /PTYJ59/0
48110	11/08/2026 06:38:48	OSORNO	10001704	ECCOFEED SPA	Receptado	10487508	14/08/2026 08:52:38	P5T	4	4	0	RFZY99 /PTYJ59/0
48114	11/08/2026 07:04:12	LOS ANDES	10486010	ECCOFEED SPA	Receptado	10487508	13/08/2026 16:34:05	BG	93	93	0	JKHC-71/JKHC-71/11734223
48114	11/08/2026 07:04:12	LOS ANDES	10486010	ECCOFEED SPA	Receptado	10487508	13/08/2026 16:34:05	P5T	2	2	0	JKHC-71/JKHC-71/11734223
48117	11/08/2026 07:14:11	LOS ANDES	10486010	PLANTA IDEAL	Receptado	10000427	11/08/2026 10:57:42	BG	864	864	0	JKHC-71/JKHC-71/10534884
48117	11/08/2026 07:14:11	LOS ANDES	10486010	PLANTA IDEAL	Receptado	10000427	11/08/2026 10:57:42	P5T	33	33	0	JKHC-71/JKHC-71/10534884
48170	11/08/2026 15:38:23	EL PINAR	10300015	LO ESPEJO	Receptado	10461749	12/08/2026 03:27:54	BG	6	6	0	495/55/12572543
48171	11/08/2026 15:41:32	CEDIS IDE QUILICURA	10000798	LO ESPEJO	Receptado	10461749	12/08/2026 03:28:12	BG	972	972	0	TVTD89/KDGT92/HKOOB37592393
48171	11/08/2026 15:41:32	CEDIS IDE QUILICURA	10000798	LO ESPEJO	Receptado	10461749	12/08/2026 03:28:12	P5T	12	12	0	TVTD89/KDGT92/HKOOB37592393
48209	11/08/2026 20:31:32	LO ESPEJO	10458156	PLANTA IDEAL	Receptado	10001082	12/08/2026 02:04:41	BG	1680	1680	0	IDEAL/IDEAL/IDEAL
48209	11/08/2026 20:31:32	LO ESPEJO	10458156	PLANTA IDEAL	Receptado	10001082	12/08/2026 02:04:41	P5T	16	16	0	IDEAL/IDEAL/IDEAL
48212	11/08/2026 20:58:19	GRANDES CLIENTES	10000772	PLANTA IDEAL	Receptado	10033115	11/08/2026 21:31:20	BG	1200	1200	0	HXDF11/HXDF11/10534960
48212	11/08/2026 20:58:19	GRANDES CLIENTES	10000772	PLANTA IDEAL	Receptado	10033115	11/08/2026 21:31:20	P5T	10	10	0	HXDF11/HXDF11/10534960
47850	08/08/2026 01:02:48	CEDIS IDE QUILICURA	10161182	LO ESPEJO	Receptado	10461749	08/08/2026 01:13:41	BG	674	674	0	VRZL40/HXDF11/HKOOB37580153
47850	08/08/2026 01:02:48	CEDIS IDE QUILICURA	10161182	LO ESPEJO	Receptado	10461749	08/08/2026 01:13:41	P5T	8	8	0	VRZL40/HXDF11/HKOOB37580153
48039	10/08/2026 18:59:35	CEDIS IDE QUILICURA	10000798	LO ESPEJO	Receptado	10461749	11/08/2026 07:40:42	BG	1196	1196	0	STJR25/HXDF11/HKOOB37592384
48039	10/08/2026 18:59:35	CEDIS IDE QUILICURA	10000798	LO ESPEJO	Receptado	10461749	11/08/2026 07:40:42	P5T	18	18	0	STJR25/HXDF11/HKOOB37592384
48054	10/08/2026 20:36:40	GRANDES CLIENTES	10000772	ECCOFEED SPA	Receptado	10487508	13/08/2026 16:32:16	BG	130	130	0	1/1/11689088-89
48054	10/08/2026 20:36:40	GRANDES CLIENTES	10000772	ECCOFEED SPA	Receptado	10487508	13/08/2026 16:32:16	P5T	3	3	0	1/1/11689088-89
48055	10/08/2026 20:45:17	PLANTA IDEAL	10033115	CEDIS IDE QUILICURA	Receptado	10000798	10/08/2026 20:59:51	BCH	100	100	0	49/49/CHKL476865
48055	10/08/2026 20:45:17	PLANTA IDEAL	10033115	CEDIS IDE QUILICURA	Receptado	10000798	10/08/2026 20:59:51	BG	696	696	0	49/49/CHKL476865
48055	10/08/2026 20:45:17	PLANTA IDEAL	10033115	CEDIS IDE QUILICURA	Receptado	10000798	10/08/2026 20:59:51	P5T	18	18	0	49/49/CHKL476865
48063	10/08/2026 21:21:06	CEDIS IDE QUILICURA	10000798	TALCA	Receptado	10000096	11/08/2026 13:08:33	BCH	16	16	0	PFBS11/KDGGH62/HKOOB37592364
48063	10/08/2026 21:21:06	CEDIS IDE QUILICURA	10000798	TALCA	Receptado	10000096	11/08/2026 13:08:33	BG	769	702	67	PFBS11/KDGGH62/HKOOB37592364
48063	10/08/2026 21:21:06	CEDIS IDE QUILICURA	10000798	TALCA	Receptado	10000096	11/08/2026 13:08:33	P5T	15	15	0	PFBS11/KDGGH62/HKOOB37592364
48067	10/08/2026 21:44:12	EL PINAR	10149777	ECCOFEED SPA	Receptado	10487508	13/08/2026 16:32:36	BG	142	142	0	ideal/ideal/12571818
48067	10/08/2026 21:44:12	EL PINAR	10149777	ECCOFEED SPA	Receptado	10487508	13/08/2026 16:32:36	P5T	3	3	0	ideal/ideal/12571818
48075	10/08/2026 23:11:15	PLANTA IDEAL	10001082	CEDIS IDE QUILICURA	Receptado	10033023	11/08/2026 07:24:48	BG	1218	1218	0	1/1/CHKL476809
48075	10/08/2026 23:11:15	PLANTA IDEAL	10001082	CEDIS IDE QUILICURA	Receptado	10033023	11/08/2026 07:24:48	P5T	18	18	0	1/1/CHKL476809
48077	10/08/2026 23:26:50	CEDIS IDE QUILICURA	10001100	LO ESPEJO	Receptado	10461749	11/08/2026 07:41:19	BG	838	838	0	1/1/HKOOB37592387
48077	10/08/2026 23:26:50	CEDIS IDE QUILICURA	10001100	LO ESPEJO	Receptado	10461749	11/08/2026 07:41:19	P5T	18	18	0	1/1/HKOOB37592387
48094	11/08/2026 03:21:23	CEDIS IDE QUILICURA	10001100	VIÑA DEL MAR	Receptado	10450104	11/08/2026 23:14:10	BG	21	21	0	1/1/CHKO382735
48099	11/08/2026 04:26:33	CEDIS IDE QUILICURA	10001100	SALON QUILICURA	Receptado	10000981	12/08/2026 14:53:57	BG	31	31	0	1/1/1
48099	11/08/2026 04:26:33	CEDIS IDE QUILICURA	10001100	SALON QUILICURA	Receptado	10000981	12/08/2026 14:53:57	P5T	1	0	1	1/1/1
48113	11/08/2026 06:49:09	OSORNO	10001704	PLANTA CHILLAN	Receptado	10000416	11/08/2026 17:26:44	BCH	61	61	0	RFZY99 /PTYJ59/0
48113	11/08/2026 06:49:09	OSORNO	10001704	PLANTA CHILLAN	Receptado	10000416	11/08/2026 17:26:44	BG	1080	1080	0	RFZY99 /PTYJ59/0
48113	11/08/2026 06:49:09	OSORNO	10001704	PLANTA CHILLAN	Receptado	10000416	11/08/2026 17:26:44	P5T	13	13	0	RFZY99 /PTYJ59/0
48176	11/08/2026 16:13:20	CEDIS IDE QUILICURA	10000798	LA SERENA	Receptado	10444394	12/08/2026 08:34:26	BG	225	225	0	HVJX52/JP3260/HKOOB37593198
48526	14/08/2026 02:31:01	CEDIS IDE QUILICURA	10001100	QUILICURA	Receptado	10397048	14/08/2026 11:31:26	BG	1475	1475	0	1/1/1
48526	14/08/2026 02:31:01	CEDIS IDE QUILICURA	10001100	QUILICURA	Receptado	10397048	14/08/2026 11:31:26	P5T	20	20	0	1/1/1
48528	14/08/2026 02:45:44	PLANTA IDEAL	10001082	CEDIS IDE QUILICURA	Receptado	10001100	14/08/2026 05:55:22	BG	1240	1240	0	1/1/CHKL476938
48528	14/08/2026 02:45:44	PLANTA IDEAL	10001082	CEDIS IDE QUILICURA	Receptado	10001100	14/08/2026 05:55:22	P5T	14	14	0	1/1/CHKL476938
48529	14/08/2026 02:52:14	CEDIS IDE QUILICURA	10001100	LO ESPEJO	Receptado	10461749	15/08/2026 03:13:45	BG	1064	1064	0	1/1/HKOOB37613739
48529	14/08/2026 02:52:14	CEDIS IDE QUILICURA	10001100	LO ESPEJO	Receptado	10461749	15/08/2026 03:13:45	P5T	16	16	0	1/1/HKOOB37613739
48530	14/08/2026 03:12:38	CEDIS IDE QUILICURA	10001100	EL PINAR	Receptado	10300015	17/08/2026 13:30:36	BG	239	239	0	1/1/HKOOB37608544
48530	14/08/2026 03:12:38	CEDIS IDE QUILICURA	10001100	EL PINAR	Receptado	10300015	17/08/2026 13:30:36	P5T	8	8	0	1/1/HKOOB37608544
48531	14/08/2026 03:26:13	CEDIS IDE QUILICURA	10001100	LOS ANDES	Receptado	10486010	20/08/2026 08:37:12	BG	640	640	0	1/1/HKOOB37611595
48531	14/08/2026 03:26:13	CEDIS IDE QUILICURA	10001100	LOS ANDES	Receptado	10486010	20/08/2026 08:37:12	P5T	12	12	0	1/1/HKOOB37611595
48532	14/08/2026 03:31:27	PLANTA IDEAL	10001082	CEDIS IDE QUILICURA	Receptado	10001100	14/08/2026 05:53:47	BG	952	952	0	1/1/CHKL477028
48532	14/08/2026 03:31:27	PLANTA IDEAL	10001082	CEDIS IDE QUILICURA	Receptado	10001100	14/08/2026 05:53:47	P5T	18	18	0	1/1/CHKL477028
48537	14/08/2026 04:22:54	VIÑA DEL MAR	10450104	PLANTA IDEAL	Receptado	10000427	14/08/2026 13:06:47	BG	1440	1120	320	RZVS88/PXJD32/10535139
48537	14/08/2026 04:22:54	VIÑA DEL MAR	10450104	PLANTA IDEAL	Receptado	10000427	14/08/2026 13:06:47	P5T	11	11	0	RZVS88/PXJD32/10535139
48541	14/08/2026 05:25:47	CEDIS IDE QUILICURA	10001100	COPIAPO	Receptado	10405300	15/08/2026 07:50:40	BCH	48	48	0	1/1/HKOOB37612680
48541	14/08/2026 05:25:47	CEDIS IDE QUILICURA	10001100	COPIAPO	Receptado	10405300	15/08/2026 07:50:40	BG	1400	1400	0	1/1/HKOOB37612680
48541	14/08/2026 05:25:47	CEDIS IDE QUILICURA	10001100	COPIAPO	Receptado	10405300	15/08/2026 07:50:40	P5T	20	20	0	1/1/HKOOB37612680
48542	14/08/2026 05:43:40	CEDIS IDE QUILICURA	10001100	RANCAGUA	Receptado	10000032	14/08/2026 10:18:40	BCH	74	74	0	1/1/HKOOB37613753
48542	14/08/2026 05:43:40	CEDIS IDE QUILICURA	10001100	RANCAGUA	Receptado	10000032	14/08/2026 10:18:40	BG	896	896	0	1/1/HKOOB37613753
48542	14/08/2026 05:43:40	CEDIS IDE QUILICURA	10001100	RANCAGUA	Receptado	10000032	14/08/2026 10:18:40	P5T	15	15	0	1/1/HKOOB37613753
48544	14/08/2026 06:18:33	PLANTA IDEAL	10001082	CEDIS IDE QUILICURA	Receptado	10033023	14/08/2026 07:55:25	BG	1076	1076	0	1/1/CHKL477047
48544	14/08/2026 06:18:33	PLANTA IDEAL	10001082	CEDIS IDE QUILICURA	Receptado	10033023	14/08/2026 07:55:25	P5T	19	19	0	1/1/CHKL477047
48545	14/08/2026 07:00:24	OSORNO	10001704	ECCOFEED SPA	Receptado	10487508	19/08/2026 10:30:09	BG	45	45	0	PSLY27 /PWZP19/0
48545	14/08/2026 07:00:24	OSORNO	10001704	ECCOFEED SPA	Receptado	10487508	19/08/2026 10:30:09	P5T	1	1	0	PSLY27 /PWZP19/0
48546	14/08/2026 07:08:48	OSORNO	10001704	PLANTA CHILLAN	Receptado	10000416	17/08/2026 09:41:15	BCH	20	20	0	PSLY27/PWZP19/0
48546	14/08/2026 07:08:48	OSORNO	10001704	PLANTA CHILLAN	Receptado	10000416	17/08/2026 09:41:15	BG	490	480	10	PSLY27/PWZP19/0
48546	14/08/2026 07:08:48	OSORNO	10001704	PLANTA CHILLAN	Receptado	10000416	17/08/2026 09:41:15	P5T	15	15	0	PSLY27/PWZP19/0
48547	14/08/2026 07:22:02	ANTOFAGASTA	10005088	PLANTA IDEAL	Receptado	10001082	15/08/2026 01:34:00	BCH	112	112	0	HGKF99/0/10535143
48547	14/08/2026 07:22:02	ANTOFAGASTA	10005088	PLANTA IDEAL	Receptado	10001082	15/08/2026 01:34:00	BG	1432	1496	-64	HGKF99/0/10535143
48547	14/08/2026 07:22:02	ANTOFAGASTA	10005088	PLANTA IDEAL	Receptado	10001082	15/08/2026 01:34:00	P5T	25	25	0	HGKF99/0/10535143
48581	14/08/2026 11:44:46	PLANTA CHILLAN	10000416	CEDIS IDE QUILICURA	Receptado	10001100	14/08/2026 23:19:53	BG	1490	1490	0	RFZY99 /PTYJ59/CGAX00043301
48581	14/08/2026 11:44:46	PLANTA CHILLAN	10000416	CEDIS IDE QUILICURA	Receptado	10001100	14/08/2026 23:19:53	P5T	24	24	0	RFZY99 /PTYJ59/CGAX00043301
48592	14/08/2026 15:06:45	CEDIS IDE QUILICURA	10032939	TEMUCO	Receptado	10344423	15/08/2026 06:50:19	BCH	100	100	0	1/1/HKOOB37608536
48592	14/08/2026 15:06:45	CEDIS IDE QUILICURA	10032939	TEMUCO	Receptado	10344423	15/08/2026 06:50:19	BG	823	823	0	1/1/HKOOB37608536
48592	14/08/2026 15:06:45	CEDIS IDE QUILICURA	10032939	TEMUCO	Receptado	10344423	15/08/2026 06:50:19	P5T	17	17	0	1/1/HKOOB37608536
48593	14/08/2026 15:21:51	IQUIQUE	10012419	ECCOFEED SPA	Receptado	10487508	19/08/2026 10:32:23	BG	142	142	0	PFBS-11/KDGH-62/8418828
48593	14/08/2026 15:21:51	IQUIQUE	10012419	ECCOFEED SPA	Receptado	10487508	19/08/2026 10:32:23	P5T	3	3	0	PFBS-11/KDGH-62/8418828
48598	14/08/2026 17:11:37	LO ESPEJO	10458156	PLANTA IDEAL	Receptado	10033115	14/08/2026 21:00:42	BG	1680	1680	0	IDEAL/IDEAL/IDEAL
48598	14/08/2026 17:11:37	LO ESPEJO	10458156	PLANTA IDEAL	Receptado	10033115	14/08/2026 21:00:42	P5T	16	16	0	IDEAL/IDEAL/IDEAL
48600	14/08/2026 17:20:53	GRANDES CLIENTES	10000772	PLANTA IDEAL	Receptado	10033115	14/08/2026 21:01:11	BG	1200	1200	0	PWVX27/PWVX27/10535181
48600	14/08/2026 17:20:53	GRANDES CLIENTES	10000772	PLANTA IDEAL	Receptado	10033115	14/08/2026 21:01:11	P5T	10	10	0	PWVX27/PWVX27/10535181
48608	14/08/2026 19:29:50	PLANTA IDEAL	10033115	CEDIS IDE QUILICURA	Receptado	10032939	14/08/2026 20:56:42	BCH	47	47	0	49/49/CHKL476996
48608	14/08/2026 19:29:50	PLANTA IDEAL	10033115	CEDIS IDE QUILICURA	Receptado	10032939	14/08/2026 20:56:42	BG	1228	1228	0	49/49/CHKL476996
48608	14/08/2026 19:29:50	PLANTA IDEAL	10033115	CEDIS IDE QUILICURA	Receptado	10032939	14/08/2026 20:56:42	P5T	20	20	0	49/49/CHKL476996
48609	14/08/2026 19:31:36	PLANTA IDEAL	10033115	CEDIS IDE QUILICURA	Receptado	10032939	14/08/2026 20:57:22	BG	991	991	0	49/49/CHKL477030
48609	14/08/2026 19:31:36	PLANTA IDEAL	10033115	CEDIS IDE QUILICURA	Receptado	10032939	14/08/2026 20:57:22	P5T	15	15	0	49/49/CHKL477030
48610	14/08/2026 19:35:45	PLANTA IDEAL	10033115	CEDIS IDE QUILICURA	Receptado	10032939	14/08/2026 20:57:35	BG	1189	1189	0	49/49/CHKL477068
48610	14/08/2026 19:35:45	PLANTA IDEAL	10033115	CEDIS IDE QUILICURA	Receptado	10032939	14/08/2026 20:57:35	P5T	19	19	0	49/49/CHKL477068
48612	14/08/2026 19:39:52	PLANTA IDEAL	10033115	CEDIS IDE QUILICURA	Receptado	10032939	14/08/2026 20:57:56	BG	1088	1088	0	49/49/CHKL477031
48612	14/08/2026 19:39:52	PLANTA IDEAL	10033115	CEDIS IDE QUILICURA	Receptado	10032939	14/08/2026 20:57:56	P5T	17	17	0	49/49/CHKL477031
48614	14/08/2026 19:43:05	PLANTA IDEAL	10033115	CEDIS IDE QUILICURA	Receptado	10032939	14/08/2026 20:58:41	BG	530	530	0	49/49/CHKL477069
48614	14/08/2026 19:43:05	PLANTA IDEAL	10033115	CEDIS IDE QUILICURA	Receptado	10032939	14/08/2026 20:58:41	P5T	8	8	0	49/49/CHKL477069
48616	14/08/2026 19:59:20	CEDIS IDE QUILICURA	10032939	CONCEPCION	Receptado	10001026	17/08/2026 12:41:50	BCH	81	81	0	1/1/HKOOB37618092
48616	14/08/2026 19:59:20	CEDIS IDE QUILICURA	10032939	CONCEPCION	Receptado	10001026	17/08/2026 12:41:50	BG	1279	1279	0	1/1/HKOOB37618092
48616	14/08/2026 19:59:20	CEDIS IDE QUILICURA	10032939	CONCEPCION	Receptado	10001026	17/08/2026 12:41:50	P5T	26	26	0	1/1/HKOOB37618092
48619	14/08/2026 20:13:40	CEDIS IDE QUILICURA	10032939	VIÑA DEL MAR	Receptado	10450104	15/08/2026 00:51:56	BCH	100	100	0	1/1/HKOOB37609431
48619	14/08/2026 20:13:40	CEDIS IDE QUILICURA	10032939	VIÑA DEL MAR	Receptado	10450104	15/08/2026 00:51:56	BG	807	807	0	1/1/HKOOB37609431
48619	14/08/2026 20:13:40	CEDIS IDE QUILICURA	10032939	VIÑA DEL MAR	Receptado	10450104	15/08/2026 00:51:56	P5T	16	16	0	1/1/HKOOB37609431
48223	11/08/2026 22:18:05	QUILICURA	101196341	GRANDES CLIENTES	Receptado	101196341	11/08/2026 22:18:56	BG	480	480	0	0/0/0
48223	11/08/2026 22:18:05	QUILICURA	101196341	GRANDES CLIENTES	Receptado	101196341	11/08/2026 22:18:56	P5T	4	4	0	0/0/0
48244	12/08/2026 03:39:42	PLANTA IDEAL	10001082	CEDIS IDE QUILICURA	Receptado	10001100	12/08/2026 06:57:39	BG	1132	1132	0	1/1/CHKL476907
48244	12/08/2026 03:39:42	PLANTA IDEAL	10001082	CEDIS IDE QUILICURA	Receptado	10001100	12/08/2026 06:57:39	P5T	19	19	0	1/1/CHKL476907
48272	12/08/2026 08:15:30	CEDIS IDE QUILICURA	10033023	TEMUCO	Receptado	10344423	14/08/2026 07:39:20	BCH	100	100	0	PFBS17/KYLH53/HKOOB37599114
48272	12/08/2026 08:15:30	CEDIS IDE QUILICURA	10033023	TEMUCO	Receptado	10344423	14/08/2026 07:39:20	BG	611	611	0	PFBS17/KYLH53/HKOOB37599114
48272	12/08/2026 08:15:30	CEDIS IDE QUILICURA	10033023	TEMUCO	Receptado	10344423	14/08/2026 07:39:20	P5T	10	10	0	PFBS17/KYLH53/HKOOB37599114
48274	12/08/2026 08:15:45	LOS ANDES	10486010	ECCOFEED SPA	Receptado	10487508	13/08/2026 16:37:11	BG	96	96	0	BWPL-16/BWPL-16/11734419
48274	12/08/2026 08:15:45	LOS ANDES	10486010	ECCOFEED SPA	Receptado	10487508	13/08/2026 16:37:11	P5T	2	2	0	BWPL-16/BWPL-16/11734419
48276	12/08/2026 08:22:11	LOS ANDES	10486010	PLANTA IDEAL	Receptado	10000427	12/08/2026 11:19:07	BCH	100	100	0	BWPL-16/BWPL-16/10534976
48276	12/08/2026 08:22:11	LOS ANDES	10486010	PLANTA IDEAL	Receptado	10000427	12/08/2026 11:19:07	BG	684	684	0	BWPL-16/BWPL-16/10534976
48276	12/08/2026 08:22:11	LOS ANDES	10486010	PLANTA IDEAL	Receptado	10000427	12/08/2026 11:19:07	P5T	19	19	0	BWPL-16/BWPL-16/10534976
48289	12/08/2026 09:37:10	PLANTA IDEAL	10000427	CEDIS IDE QUILICURA	Receptado	10033023	13/08/2026 08:54:23	BG	1296	1296	0	JKKJ 265/KYLZ 24/CHKL476925
48289	12/08/2026 09:37:10	PLANTA IDEAL	10000427	CEDIS IDE QUILICURA	Receptado	10033023	13/08/2026 08:54:23	P5T	14	14	0	JKKJ 265/KYLZ 24/CHKL476925
48302	12/08/2026 12:09:38	CEDIS IDE QUILICURA	10033023	PUERTO MONTT	Receptado	10001696	13/08/2026 11:18:43	BCH	221	221	0	LTGY83/PWWC54/HKOOB37599109
48302	12/08/2026 12:09:38	CEDIS IDE QUILICURA	10033023	PUERTO MONTT	Receptado	10001696	13/08/2026 11:18:43	BG	1192	1192	0	LTGY83/PWWC54/HKOOB37599109
48302	12/08/2026 12:09:38	CEDIS IDE QUILICURA	10033023	PUERTO MONTT	Receptado	10001696	13/08/2026 11:18:43	P5T	21	21	0	LTGY83/PWWC54/HKOOB37599109
48310	12/08/2026 13:50:52	CEDIS IDE QUILICURA	10033023	ANTOFAGASTA	Receptado	10299402	17/08/2026 09:53:33	BCH	253	253	0	VJWL65/PXKH33/HKOOB37602146
48310	12/08/2026 13:50:52	CEDIS IDE QUILICURA	10033023	ANTOFAGASTA	Receptado	10299402	17/08/2026 09:53:33	BG	1327	1327	0	VJWL65/PXKH33/HKOOB37602146
48310	12/08/2026 13:50:52	CEDIS IDE QUILICURA	10033023	ANTOFAGASTA	Receptado	10299402	17/08/2026 09:53:33	P5T	29	29	0	VJWL65/PXKH33/HKOOB37602146
48326	12/08/2026 18:12:16	CEDIS IDE QUILICURA	10000798	LO ESPEJO	Receptado	10461749	13/08/2026 03:14:12	BG	1259	1259	0	TVTD89/PXJD33/HKOOB37602133
48326	12/08/2026 18:12:16	CEDIS IDE QUILICURA	10000798	LO ESPEJO	Receptado	10461749	13/08/2026 03:14:12	P5T	18	18	0	TVTD89/PXJD33/HKOOB37602133
48349	12/08/2026 20:51:13	CEDIS IDE QUILICURA	10000798	LA SERENA	Receptado	10444394	13/08/2026 06:56:28	BCH	319	319	0	TZSS95/PXZS31/HKOOB37601796
48349	12/08/2026 20:51:13	CEDIS IDE QUILICURA	10000798	LA SERENA	Receptado	10444394	13/08/2026 06:56:28	BG	781	781	0	TZSS95/PXZS31/HKOOB37601796
48349	12/08/2026 20:51:13	CEDIS IDE QUILICURA	10000798	LA SERENA	Receptado	10444394	13/08/2026 06:56:28	P5T	15	15	0	TZSS95/PXZS31/HKOOB37601796
48351	12/08/2026 21:01:16	SALON PEDRO DE VALDIVIA	10000349	QUILICURA	Receptado	10001353	12/08/2026 22:24:19	BG	25	25	0	0/0/0
48356	12/08/2026 21:39:28	CEDIS IDE QUILICURA	10000798	CONCEPCION	Receptado	10001026	13/08/2026 09:07:26	BCH	189	189	0	VJWL64/PXKH32/HKOOB37599106
48356	12/08/2026 21:39:28	CEDIS IDE QUILICURA	10000798	CONCEPCION	Receptado	10001026	13/08/2026 09:07:26	BG	1153	1153	0	VJWL64/PXKH32/HKOOB37599106
48356	12/08/2026 21:39:28	CEDIS IDE QUILICURA	10000798	CONCEPCION	Receptado	10001026	13/08/2026 09:07:26	P5T	22	22	0	VJWL64/PXKH32/HKOOB37599106
48361	12/08/2026 22:08:53	PLANTA IDEAL	10033115	CEDIS IDE QUILICURA	Receptado	10000798	12/08/2026 22:36:31	BG	1224	1224	0	49/49/CHKL476970
48361	12/08/2026 22:08:53	PLANTA IDEAL	10033115	CEDIS IDE QUILICURA	Receptado	10000798	12/08/2026 22:36:31	P5T	8	8	0	49/49/CHKL476970
48369	12/08/2026 23:20:13	VIÑA DEL MAR	10450104	PLANTA IDEAL	Receptado	10001082	13/08/2026 05:10:48	BCH	200	208	-8	STJR25/KYPH95/10535076
48369	12/08/2026 23:20:13	VIÑA DEL MAR	10450104	PLANTA IDEAL	Receptado	10001082	13/08/2026 05:10:48	BG	1320	1200	120	STJR25/KYPH95/10535076
48369	12/08/2026 23:20:13	VIÑA DEL MAR	10450104	PLANTA IDEAL	Receptado	10001082	13/08/2026 05:10:48	P5T	11	9	2	STJR25/KYPH95/10535076
48371	13/08/2026 00:00:14	CEDIS IDE QUILICURA	10001100	LO ESPEJO	Receptado	10461749	13/08/2026 03:14:40	BG	496	496	0	1/1/HKOOB37602136
48371	13/08/2026 00:00:14	CEDIS IDE QUILICURA	10001100	LO ESPEJO	Receptado	10461749	13/08/2026 03:14:40	P5T	11	11	0	1/1/HKOOB37602136
48372	13/08/2026 00:33:25	CEDIS IDE QUILICURA	10001100	GRANDES CLIENTES	Receptado	10001251	13/08/2026 03:47:35	BG	48	48	0	1/1/1
48373	13/08/2026 00:42:05	PLANTA IDEAL	10001082	CEDIS IDE QUILICURA	Receptado	10001100	13/08/2026 01:26:13	BG	1054	1054	0	1/1/CHKL476839
48373	13/08/2026 00:42:05	PLANTA IDEAL	10001082	CEDIS IDE QUILICURA	Receptado	10001100	13/08/2026 01:26:13	P5T	13	13	0	1/1/CHKL476839
48374	13/08/2026 00:58:26	SAN FERNANDO	10005031	PLANTA IDEAL	Receptado	10001082	13/08/2026 04:39:54	BG	372	364	8	CZYT-30/JH-3200 /10535079
48374	13/08/2026 00:58:26	SAN FERNANDO	10005031	PLANTA IDEAL	Receptado	10001082	13/08/2026 04:39:54	P5T	12	12	0	CZYT-30/JH-3200 /10535079
48375	13/08/2026 00:59:55	SAN FERNANDO	10005031	ECCOFEED SPA	Receptado	10487508	14/08/2026 08:38:11	BG	64	64	0	CZYT-30/JH-3200/10535079
48375	13/08/2026 00:59:55	SAN FERNANDO	10005031	ECCOFEED SPA	Receptado	10487508	14/08/2026 08:38:11	P5T	1	1	0	CZYT-30/JH-3200/10535079
48386	13/08/2026 04:20:39	PLANTA IDEAL	10001082	CEDIS IDE QUILICURA	Receptado	10001100	13/08/2026 06:58:00	BG	1112	1112	0	1/1/CHKL476929
48386	13/08/2026 04:20:39	PLANTA IDEAL	10001082	CEDIS IDE QUILICURA	Receptado	10001100	13/08/2026 06:58:00	P5T	17	17	0	1/1/CHKL476929
48387	13/08/2026 04:53:46	CEDIS IDE QUILICURA	10001100	PUERTO MONTT	Receptado	10001696	14/08/2026 11:11:21	BCH	100	100	0	1/1/HKOOB37608533
48387	13/08/2026 04:53:46	CEDIS IDE QUILICURA	10001100	PUERTO MONTT	Receptado	10001696	14/08/2026 11:11:21	BG	776	776	0	1/1/HKOOB37608533
48387	13/08/2026 04:53:46	CEDIS IDE QUILICURA	10001100	PUERTO MONTT	Receptado	10001696	14/08/2026 11:11:21	P5T	13	11	2	1/1/HKOOB37608533
48431	13/08/2026 09:14:08	RANCAGUA	10000032	ECCOFEED SPA	Receptado	10487508	14/08/2026 08:37:34	BG	175	175	0	FHDT-82/JJ-4817/10535100
48431	13/08/2026 09:14:08	RANCAGUA	10000032	ECCOFEED SPA	Receptado	10487508	14/08/2026 08:37:34	P5T	3	3	0	FHDT-82/JJ-4817/10535100
48434	13/08/2026 10:06:20	LOS ANGELES	172705782	PLANTA CHILLAN	Receptado	10000416	14/08/2026 10:59:11	BG	896	896	0	LCTB56/PTYJ57/1
48434	13/08/2026 10:06:20	LOS ANGELES	172705782	PLANTA CHILLAN	Receptado	10000416	14/08/2026 10:59:11	P5T	32	32	0	LCTB56/PTYJ57/1
48436	13/08/2026 10:27:25	LOS ANGELES	172705782	ECCOFEED SPA	Receptado	10487508	19/08/2026 10:28:26	BG	133	133	0	LCTB56/PTYJ57/1
48436	13/08/2026 10:27:25	LOS ANGELES	172705782	ECCOFEED SPA	Receptado	10487508	19/08/2026 10:28:26	P5T	3	3	0	LCTB56/PTYJ57/1
48440	13/08/2026 11:19:42	PLANTA CHILLAN	10000416	CEDIS IDE QUILICURA	Receptado	10001100	14/08/2026 06:02:14	BG	1440	1440	0	LCTB56 /PTYJ57/CGAX00043241
48440	13/08/2026 11:19:42	PLANTA CHILLAN	10000416	CEDIS IDE QUILICURA	Receptado	10001100	14/08/2026 06:02:14	P5T	24	24	0	LCTB56 /PTYJ57/CGAX00043241
48441	13/08/2026 11:30:47	PLANTA IDEAL	10000427	CEDIS IDE QUILICURA	Receptado	10000980	13/08/2026 12:18:31	BG	1116	1116	0	JUAN VALENMZELA/49/CHKL476932
48441	13/08/2026 11:30:47	PLANTA IDEAL	10000427	CEDIS IDE QUILICURA	Receptado	10000980	13/08/2026 12:18:31	P5T	17	17	0	JUAN VALENMZELA/49/CHKL476932
48442	13/08/2026 11:32:05	PLANTA IDEAL	10000427	CEDIS IDE QUILICURA	Receptado	10000980	13/08/2026 12:18:52	BG	1252	1252	0	JUAN VALENZUELA/49/CHKL477010
48442	13/08/2026 11:32:05	PLANTA IDEAL	10000427	CEDIS IDE QUILICURA	Receptado	10000980	13/08/2026 12:18:52	P5T	18	18	0	JUAN VALENZUELA/49/CHKL477010
48443	13/08/2026 11:33:07	PLANTA IDEAL	10000427	CEDIS IDE QUILICURA	Receptado	10000980	13/08/2026 12:19:21	BCH	300	300	0	JUAN VALENZUELA/49/CHKL476933
48443	13/08/2026 11:33:07	PLANTA IDEAL	10000427	CEDIS IDE QUILICURA	Receptado	10000980	13/08/2026 12:19:21	BG	1140	1140	0	JUAN VALENZUELA/49/CHKL476933
48443	13/08/2026 11:33:07	PLANTA IDEAL	10000427	CEDIS IDE QUILICURA	Receptado	10000980	13/08/2026 12:19:21	P5T	19	19	0	JUAN VALENZUELA/49/CHKL476933
48445	13/08/2026 11:35:50	CEDIS IDE QUILICURA	10033023	OSORNO	Receptado	10012272	18/08/2026 06:33:06	BCH	15	15	0	PSLY27/PWZP19/HKOOB37608535
48445	13/08/2026 11:35:50	CEDIS IDE QUILICURA	10033023	OSORNO	Receptado	10012272	18/08/2026 06:33:06	BG	860	860	0	PSLY27/PWZP19/HKOOB37608535
48445	13/08/2026 11:35:50	CEDIS IDE QUILICURA	10033023	OSORNO	Receptado	10012272	18/08/2026 06:33:06	P5T	13	13	0	PSLY27/PWZP19/HKOOB37608535
48453	13/08/2026 13:07:46	PLANTA CHILLAN	10000416	CEDIS IDE QUILICURA	Receptado	10033023	14/08/2026 08:51:24	BG	1440	1440	0	PJKT50 /PWXK75/CGAX00043182
48453	13/08/2026 13:07:46	PLANTA CHILLAN	10000416	CEDIS IDE QUILICURA	Receptado	10033023	14/08/2026 08:51:24	P5T	24	24	0	PJKT50 /PWXK75/CGAX00043182
47939	08/08/2026 16:42:23	CEDIS IDE QUILICURA	10033023	ANTOFAGASTA	Receptado	10299402	10/08/2026 20:21:40	BG	869	869	0	PGKD18/PWZP17/HKOOB37586973
47939	08/08/2026 16:42:23	CEDIS IDE QUILICURA	10033023	ANTOFAGASTA	Receptado	10299402	10/08/2026 20:21:40	P5T	15	15	0	PGKD18/PWZP17/HKOOB37586973
47941	08/08/2026 16:47:38	CEDIS IDE QUILICURA	10033023	IQUIQUE	Receptado	10012419	11/08/2026 13:17:42	BG	230	230	0	PGKD18/PWZP17/HKOOB37586973
47941	08/08/2026 16:47:38	CEDIS IDE QUILICURA	10033023	IQUIQUE	Receptado	10012419	11/08/2026 13:17:42	P5T	4	4	0	PGKD18/PWZP17/HKOOB37586973
47943	08/08/2026 17:11:09	CEDIS IDE QUILICURA	10033023	LO ESPEJO	Receptado	10461749	10/08/2026 00:21:34	BG	635	635	0	VRZL40/PWVW35/HKOOB37584717
47943	08/08/2026 17:11:09	CEDIS IDE QUILICURA	10033023	LO ESPEJO	Receptado	10461749	10/08/2026 00:21:34	P5T	12	12	0	VRZL40/PWVW35/HKOOB37584717
48097	11/08/2026 04:22:20	PLANTA IDEAL	10001082	CEDIS IDE QUILICURA	Receptado	10001100	11/08/2026 06:54:41	BG	504	504	0	1/1/CHKL476828
48097	11/08/2026 04:22:20	PLANTA IDEAL	10001082	CEDIS IDE QUILICURA	Receptado	10001100	11/08/2026 06:54:41	P5T	19	19	0	1/1/CHKL476828
48098	11/08/2026 04:23:54	CEDIS IDE QUILICURA	10001100	QUILICURA	Receptado	10397048	11/08/2026 13:11:16	BCH	4	4	0	1/1/1
48098	11/08/2026 04:23:54	CEDIS IDE QUILICURA	10001100	QUILICURA	Receptado	10397048	11/08/2026 13:11:16	BG	1289	1289	0	1/1/1
48098	11/08/2026 04:23:54	CEDIS IDE QUILICURA	10001100	QUILICURA	Receptado	10397048	11/08/2026 13:11:16	P5T	26	26	0	1/1/1
48109	11/08/2026 06:23:41	CEDIS IDE QUILICURA	10001100	PUERTO MONTT	Receptado	10001696	12/08/2026 11:53:35	BCH	235	212	23	1/1/HKOOB37593193
48109	11/08/2026 06:23:41	CEDIS IDE QUILICURA	10001100	PUERTO MONTT	Receptado	10001696	12/08/2026 11:53:35	BG	863	863	0	1/1/HKOOB37593193
48109	11/08/2026 06:23:41	CEDIS IDE QUILICURA	10001100	PUERTO MONTT	Receptado	10001696	12/08/2026 11:53:35	P5T	17	17	0	1/1/HKOOB37593193
48176	11/08/2026 16:13:20	CEDIS IDE QUILICURA	10000798	LA SERENA	Receptado	10444394	12/08/2026 08:34:26	P5T	4	4	0	HVJX52/JP3260/HKOOB37593198
48177	11/08/2026 16:38:59	CEDIS IDE QUILICURA	10000798	LO ESPEJO	Receptado	10461749	12/08/2026 03:28:29	BG	1085	1085	0	TVTD89/JG5630/HKOOB37592394
48177	11/08/2026 16:38:59	CEDIS IDE QUILICURA	10000798	LO ESPEJO	Receptado	10461749	12/08/2026 03:28:29	P5T	18	18	0	TVTD89/JG5630/HKOOB37592394
48228	12/08/2026 00:03:44	GRANDES CLIENTES	10001251	CEDIS IDE QUILICURA	Receptado	10001100	12/08/2026 02:59:27	P5T	11	11	0	0/0/0
48233	12/08/2026 00:40:15	PLANTA IDEAL	10001082	CEDIS IDE QUILICURA	Receptado	10001100	12/08/2026 03:02:48	BG	1320	1320	0	1/1/CHKL476855
48233	12/08/2026 00:40:15	PLANTA IDEAL	10001082	CEDIS IDE QUILICURA	Receptado	10001100	12/08/2026 03:02:48	P5T	20	20	0	1/1/CHKL476855
48253	12/08/2026 05:36:27	CEDIS IDE QUILICURA	10001100	RANCAGUA	Receptado	10000032	12/08/2026 11:44:12	BG	908	908	0	1/1/HKOOB37599083
48253	12/08/2026 05:36:27	CEDIS IDE QUILICURA	10001100	RANCAGUA	Receptado	10000032	12/08/2026 11:44:12	P5T	14	20	-6	1/1/HKOOB37599083
48254	12/08/2026 05:50:29	CEDIS IDE QUILICURA	10001100	SALON EL CORTIJO	Receptado	10000989	12/08/2026 15:09:06	BG	38	38	0	1/1/1
48254	12/08/2026 05:50:29	CEDIS IDE QUILICURA	10001100	SALON EL CORTIJO	Receptado	10000989	12/08/2026 15:09:06	P5T	1	0	1	1/1/1
48265	12/08/2026 07:37:51	MELIPILLA	10291937	PLANTA IDEAL	Receptado	10000427	12/08/2026 10:32:15	BCH	32	32	0	JKZB-48/-/10534953
48622	14/08/2026 21:05:01	PLANTA IDEAL	10033115	CEDIS IDE QUILICURA	Receptado	10032939	14/08/2026 21:07:19	BG	624	624	0	50/50/CHKL477070
48622	14/08/2026 21:05:01	PLANTA IDEAL	10033115	CEDIS IDE QUILICURA	Receptado	10032939	14/08/2026 21:07:19	P5T	12	12	0	50/50/CHKL477070
48623	14/08/2026 21:08:13	CEDIS IDE QUILICURA	10032939	LOS ANGELES	Receptado	172705782	17/08/2026 09:15:17	BCH	12	12	0	1/1/HKOOB37618268
48623	14/08/2026 21:08:13	CEDIS IDE QUILICURA	10032939	LOS ANGELES	Receptado	172705782	17/08/2026 09:15:17	BG	788	788	0	1/1/HKOOB37618268
48623	14/08/2026 21:08:13	CEDIS IDE QUILICURA	10032939	LOS ANGELES	Receptado	172705782	17/08/2026 09:15:17	P5T	13	13	0	1/1/HKOOB37618268
48624	14/08/2026 21:16:16	PLANTA IDEAL	10033115	CEDIS IDE QUILICURA	Receptado	10032939	14/08/2026 21:21:29	BCH	1000	1000	0	50/50/CHKL476943
48624	14/08/2026 21:16:16	PLANTA IDEAL	10033115	CEDIS IDE QUILICURA	Receptado	10032939	14/08/2026 21:21:29	BG	464	464	0	50/50/CHKL476943
48624	14/08/2026 21:16:16	PLANTA IDEAL	10033115	CEDIS IDE QUILICURA	Receptado	10032939	14/08/2026 21:21:29	P5T	21	21	0	50/50/CHKL476943
48626	14/08/2026 21:41:59	EL PINAR	10149777	PLANTA IDEAL	Receptado	10001082	15/08/2026 00:37:49	BG	656	660	-4	ideal/ideal/10535201
48626	14/08/2026 21:41:59	EL PINAR	10149777	PLANTA IDEAL	Receptado	10001082	15/08/2026 00:37:49	P5T	10	9	1	ideal/ideal/10535201
48628	14/08/2026 22:14:44	QUILICURA	101196341	GRANDES CLIENTES	Receptado	10001251	17/08/2026 04:16:53	BG	600	600	0	0/0/0
48628	14/08/2026 22:14:44	QUILICURA	101196341	GRANDES CLIENTES	Receptado	10001251	17/08/2026 04:16:53	P5T	5	5	0	0/0/0
48629	14/08/2026 22:17:01	QUILICURA	101196341	ECCOFEED SPA	Receptado	10487508	19/08/2026 10:34:26	BG	261	261	0	0/0/0
48629	14/08/2026 22:17:01	QUILICURA	101196341	ECCOFEED SPA	Receptado	10487508	19/08/2026 10:34:26	P5T	6	6	0	0/0/0
48630	14/08/2026 22:53:09	GRANDES CLIENTES	10454172	PLANTA IDEAL	Receptado	10001082	14/08/2026 23:39:35	BG	1200	1200	0	000000/000000/10535206
48630	14/08/2026 22:53:09	GRANDES CLIENTES	10454172	PLANTA IDEAL	Receptado	10001082	14/08/2026 23:39:35	P5T	10	10	0	000000/000000/10535206
48632	14/08/2026 23:13:48	PLANTA IDEAL	10001082	CEDIS IDE QUILICURA	Receptado	10001100	15/08/2026 01:00:11	BCH	1000	1000	0	1/1/CHKL476998
48632	14/08/2026 23:13:48	PLANTA IDEAL	10001082	CEDIS IDE QUILICURA	Receptado	10001100	15/08/2026 01:00:11	BG	652	652	0	1/1/CHKL476998
48632	14/08/2026 23:13:48	PLANTA IDEAL	10001082	CEDIS IDE QUILICURA	Receptado	10001100	15/08/2026 01:00:11	P5T	21	21	0	1/1/CHKL476998
48653	15/08/2026 03:42:58	CEDIS IDE QUILICURA	10001100	SALON LO ESPEJO	Receptado	10000848	19/08/2026 14:35:05	BG	38	38	0	1/1/CHKO383186
48653	15/08/2026 03:42:58	CEDIS IDE QUILICURA	10001100	SALON LO ESPEJO	Receptado	10000848	19/08/2026 14:35:05	P5T	1	0	1	1/1/CHKO383186
48654	15/08/2026 03:48:13	VIÑA DEL MAR	10450104	PLANTA IDEAL	Receptado	10000427	15/08/2026 08:14:14	BCH	200	200	0	TVTD89/KYPH94/10535213
48654	15/08/2026 03:48:13	VIÑA DEL MAR	10450104	PLANTA IDEAL	Receptado	10000427	15/08/2026 08:14:14	BG	1320	1320	0	TVTD89/KYPH94/10535213
48654	15/08/2026 03:48:13	VIÑA DEL MAR	10450104	PLANTA IDEAL	Receptado	10000427	15/08/2026 08:14:14	P5T	6	6	0	TVTD89/KYPH94/10535213
48655	15/08/2026 03:53:17	PLANTA IDEAL	10001082	CEDIS IDE QUILICURA	Receptado	10001100	15/08/2026 06:26:04	BG	1260	1260	0	1/1/CHKL477034
48655	15/08/2026 03:53:17	PLANTA IDEAL	10001082	CEDIS IDE QUILICURA	Receptado	10001100	15/08/2026 06:26:04	P5T	19	19	0	1/1/CHKL477034
48656	15/08/2026 03:55:11	CEDIS IDE QUILICURA	10001100	CHILLAN	Receptado	10301699	17/08/2026 08:12:17	BCH	12	12	0	1/1/HKOOB37618267
48656	15/08/2026 03:55:11	CEDIS IDE QUILICURA	10001100	CHILLAN	Receptado	10301699	17/08/2026 08:12:17	BG	1320	1320	0	1/1/HKOOB37618267
48656	15/08/2026 03:55:11	CEDIS IDE QUILICURA	10001100	CHILLAN	Receptado	10301699	17/08/2026 08:12:17	P5T	23	23	0	1/1/HKOOB37618267
48657	15/08/2026 04:29:55	PLANTA IDEAL	10001082	CEDIS IDE QUILICURA	Receptado	10001100	15/08/2026 06:26:38	BG	992	992	0	1/1/CHKL477084
48657	15/08/2026 04:29:55	PLANTA IDEAL	10001082	CEDIS IDE QUILICURA	Receptado	10001100	15/08/2026 06:26:38	P5T	18	18	0	1/1/CHKL477084
48663	15/08/2026 06:03:50	CEDIS IDE QUILICURA	10001100	SAN FERNANDO	Receptado	10004891	17/08/2026 07:25:36	BCH	4	4	0	1/1/HKOOB37618334
48663	15/08/2026 06:03:50	CEDIS IDE QUILICURA	10001100	SAN FERNANDO	Receptado	10004891	17/08/2026 07:25:36	BG	716	716	0	1/1/HKOOB37618334
48663	15/08/2026 06:03:50	CEDIS IDE QUILICURA	10001100	SAN FERNANDO	Receptado	10004891	17/08/2026 07:25:36	P5T	14	14	0	1/1/HKOOB37618334
48665	15/08/2026 06:24:42	CEDIS IDE QUILICURA	10001100	GRANDES CLIENTES	Receptado	10001251	17/08/2026 04:17:06	BCH	1258	1258	0	1/1/1
48665	15/08/2026 06:24:42	CEDIS IDE QUILICURA	10001100	GRANDES CLIENTES	Receptado	10001251	17/08/2026 04:17:06	BG	3598	3598	0	1/1/1
48665	15/08/2026 06:24:42	CEDIS IDE QUILICURA	10001100	GRANDES CLIENTES	Receptado	10001251	17/08/2026 04:17:06	P5T	60	60	0	1/1/1
48666	15/08/2026 06:32:16	CEDIS IDE QUILICURA	10001100	SALON CEDIS	Receptado	10000848-1	19/08/2026 14:08:43	BG	35	33	2	1/1/1
48666	15/08/2026 06:32:16	CEDIS IDE QUILICURA	10001100	SALON CEDIS	Receptado	10000848-1	19/08/2026 14:08:43	P5T	2	0	2	1/1/1
48685	15/08/2026 10:54:01	VIÑA DEL MAR	10001291	ECCOFEED SPA	Receptado	10487508	19/08/2026 10:56:11	BG	290	290	0	LWVB 80/HXGP-47/12398486-85-84
48685	15/08/2026 10:54:01	VIÑA DEL MAR	10001291	ECCOFEED SPA	Receptado	10487508	19/08/2026 10:56:11	P5T	5	5	0	LWVB 80/HXGP-47/12398486-85-84
48690	15/08/2026 12:05:39	PLANTA IDEAL	10000427	CEDIS IDE QUILICURA	Receptado	10033023	15/08/2026 12:19:09	BG	1320	1320	0	JKKJ 26/KYLZ 24/CHKL477073
48690	15/08/2026 12:05:39	PLANTA IDEAL	10000427	CEDIS IDE QUILICURA	Receptado	10033023	15/08/2026 12:19:09	P5T	19	19	0	JKKJ 26/KYLZ 24/CHKL477073
48692	15/08/2026 12:25:04	CEDIS IDE QUILICURA	10033023	ANTOFAGASTA	Receptado	10299402	17/08/2026 21:11:48	BCH	79	79	0	VJWL65/PXKH30/HKOOB37618271
48692	15/08/2026 12:25:04	CEDIS IDE QUILICURA	10033023	ANTOFAGASTA	Receptado	10299402	17/08/2026 21:11:48	BG	1506	1506	0	VJWL65/PXKH30/HKOOB37618271
48692	15/08/2026 12:25:04	CEDIS IDE QUILICURA	10033023	ANTOFAGASTA	Receptado	10299402	17/08/2026 21:11:48	P5T	29	29	0	VJWL65/PXKH30/HKOOB37618271
48694	15/08/2026 12:41:12	PLANTA IDEAL	10000427	CEDIS IDE QUILICURA	Receptado	10033023	15/08/2026 12:47:15	BG	1296	1296	0	JKKJ 26/KYLZ 24/12121706
48694	15/08/2026 12:41:12	PLANTA IDEAL	10000427	CEDIS IDE QUILICURA	Receptado	10033023	15/08/2026 12:47:15	P5T	21	21	0	JKKJ 26/KYLZ 24/12121706
48702	15/08/2026 17:38:58	CEDIS IDE QUILICURA	10032939	MELIPILLA	Receptado	10291937	17/08/2026 08:38:33	BCH	8	8	0	1/1/HKOOB37618265
48702	15/08/2026 17:38:58	CEDIS IDE QUILICURA	10032939	MELIPILLA	Receptado	10291937	17/08/2026 08:38:33	BG	475	475	0	1/1/HKOOB37618265
48702	15/08/2026 17:38:58	CEDIS IDE QUILICURA	10032939	MELIPILLA	Receptado	10291937	17/08/2026 08:38:33	P5T	8	8	0	1/1/HKOOB37618265
47845	08/08/2026 00:15:29	PLANTA IDEAL	10033115	CEDIS IDE QUILICURA	Receptado	10161182	08/08/2026 01:48:49	BG	1140	1140	0	49/49/CHKL476515
48456	13/08/2026 13:47:23	CEDIS IDE QUILICURA	10033023	GRANDES CLIENTES	Receptado	10119634	13/08/2026 16:20:22	BCH	2610	2604	6	IDEAL/IDEAL/CHKO383047
48456	13/08/2026 13:47:23	CEDIS IDE QUILICURA	10033023	GRANDES CLIENTES	Receptado	10119634	13/08/2026 16:20:22	BG	7275	7023	252	IDEAL/IDEAL/CHKO383047
48456	13/08/2026 13:47:23	CEDIS IDE QUILICURA	10033023	GRANDES CLIENTES	Receptado	10119634	13/08/2026 16:20:22	P5T	144	144	0	IDEAL/IDEAL/CHKO383047
48457	13/08/2026 14:56:52	PLANTA CHILLAN	10000416	TEMUCO	Receptado	10344423	14/08/2026 11:16:58	BG	600	598	2	PGBY32/PWZP18/10535117
48457	13/08/2026 14:56:52	PLANTA CHILLAN	10000416	TEMUCO	Receptado	10344423	14/08/2026 11:16:58	P5T	10	10	0	PGBY32/PWZP18/10535117
48508	13/08/2026 21:53:02	QUILICURA	101196341	ECCOFEED SPA	Receptado	10487508	19/08/2026 10:29:25	BG	268	268	0	0/0/12488777-12488778
48508	13/08/2026 21:53:02	QUILICURA	101196341	ECCOFEED SPA	Receptado	10487508	19/08/2026 10:29:25	P5T	5	5	0	0/0/12488777-12488778
48515	13/08/2026 23:30:44	QUILICURA	10397048	PLANTA IDEAL	Receptado	10001082	14/08/2026 01:46:55	BG	1200	1196	4	00000/00000/10535137
48515	13/08/2026 23:30:44	QUILICURA	10397048	PLANTA IDEAL	Receptado	10001082	14/08/2026 01:46:55	P5T	10	9	1	00000/00000/10535137
48548	14/08/2026 07:40:52	TEMUCO	10344423	ECCOFEED SPA	Receptado	10487508	19/08/2026 10:30:23	BG	139	139	0	PJJV11 /PTYJ59 /10535146
48548	14/08/2026 07:40:52	TEMUCO	10344423	ECCOFEED SPA	Receptado	10487508	19/08/2026 10:30:23	P5T	3	3	0	PJJV11 /PTYJ59 /10535146
48550	14/08/2026 07:41:43	CEDIS IDE QUILICURA	10033023	EL PINAR	Receptado	10300015	17/08/2026 13:28:29	BG	429	429	0	VRZL40/JG5630/CHKO382955
48550	14/08/2026 07:41:43	CEDIS IDE QUILICURA	10033023	EL PINAR	Receptado	10300015	17/08/2026 13:28:29	P5T	6	6	0	VRZL40/JG5630/CHKO382955
48551	14/08/2026 07:58:40	PLANTA IDEAL	10000427	CEDIS IDE QUILICURA	Receptado	10033023	14/08/2026 08:51:43	BG	1312	1312	0	FYLB 83/KYLZ 24/CHKL477064
48551	14/08/2026 07:58:40	PLANTA IDEAL	10000427	CEDIS IDE QUILICURA	Receptado	10033023	14/08/2026 08:51:43	P5T	20	20	0	FYLB 83/KYLZ 24/CHKL477064
48552	14/08/2026 07:51:28	LO ESPEJO	10429055	PLANTA IDEAL	Receptado	10033115	14/08/2026 20:59:34	BG	1008	1008	0	--/--/--
48552	14/08/2026 07:51:28	LO ESPEJO	10429055	PLANTA IDEAL	Receptado	10033115	14/08/2026 20:59:34	P5T	11	11	0	--/--/--
48554	14/08/2026 08:03:43	LOS ANDES	10486010	ECCOFEED SPA	Receptado	10487508	19/08/2026 10:30:53	BG	107	107	0	DRJD-68/DRJD-68/11734873
48554	14/08/2026 08:03:43	LOS ANDES	10486010	ECCOFEED SPA	Receptado	10487508	19/08/2026 10:30:53	P5T	2	2	0	DRJD-68/DRJD-68/11734873
48555	14/08/2026 08:06:58	LA SERENA	10444394	PLANTA IDEAL	Receptado	10033115	14/08/2026 15:52:04	BG	1908	1908	0	PFBS13/PWXK76/10535148
48555	14/08/2026 08:06:58	LA SERENA	10444394	PLANTA IDEAL	Receptado	10033115	14/08/2026 15:52:04	P5T	19	19	0	PFBS13/PWXK76/10535148
48557	14/08/2026 08:05:56	CEDIS IDE QUILICURA	10033023	LO ESPEJO	Receptado	10461749	15/08/2026 03:14:12	BG	1008	1008	0	VRZL40/PWVX27/HKOOB37613741
48557	14/08/2026 08:05:56	CEDIS IDE QUILICURA	10033023	LO ESPEJO	Receptado	10461749	15/08/2026 03:14:12	P5T	15	15	0	VRZL40/PWVX27/HKOOB37613741
48559	14/08/2026 08:09:03	LA SERENA	10444394	ECCOFEED SPA	Receptado	10487508	19/08/2026 10:31:16	BG	201	201	0	PFBS13/PWXK76/11476729
48559	14/08/2026 08:09:03	LA SERENA	10444394	ECCOFEED SPA	Receptado	10487508	19/08/2026 10:31:16	P5T	4	4	0	PFBS13/PWXK76/11476729
48560	14/08/2026 08:09:28	VALDIVIA	10421004	ECCOFEED SPA	Receptado	10487508	19/08/2026 10:31:29	BG	82	82	0	0/0/10535150
48560	14/08/2026 08:09:28	VALDIVIA	10421004	ECCOFEED SPA	Receptado	10487508	19/08/2026 10:31:29	P5T	2	2	0	0/0/10535150
48562	14/08/2026 08:21:09	CEDIS IDE QUILICURA	10033023	LO ESPEJO	Receptado	10461749	15/08/2026 03:14:27	BG	1500	1500	0	STJR25/KYPH95/HKOOB37613740
48562	14/08/2026 08:21:09	CEDIS IDE QUILICURA	10033023	LO ESPEJO	Receptado	10461749	15/08/2026 03:14:27	P5T	22	22	0	STJR25/KYPH95/HKOOB37613740
48710	17/08/2026 07:05:55	TALCA	10000096	PLANTA IDEAL	Receptado	10000427	17/08/2026 23:36:54	BG	420	410	10	LCTB 56/PT YJ 57/0
48710	17/08/2026 07:05:55	TALCA	10000096	PLANTA IDEAL	Receptado	10000427	17/08/2026 23:36:54	P5T	5	5	0	LCTB 56/PT YJ 57/0
48719	17/08/2026 07:54:56	MELIPILLA	10291937	PLANTA IDEAL	Receptado	10033115	17/08/2026 13:39:53	BCH	53	53	0	-/-/10535226
48719	17/08/2026 07:54:56	MELIPILLA	10291937	PLANTA IDEAL	Receptado	10033115	17/08/2026 13:39:53	BG	1086	1086	0	-/-/10535226
48719	17/08/2026 07:54:56	MELIPILLA	10291937	PLANTA IDEAL	Receptado	10033115	17/08/2026 13:39:53	P5T	12	12	0	-/-/10535226
48723	17/08/2026 08:06:40	RANCAGUA	10000032	ECCOFEED SPA	Receptado	10487508	19/08/2026 10:58:09	BG	242	242	0	DRPH-69/JJ-4819/10535234
48723	17/08/2026 08:06:40	RANCAGUA	10000032	ECCOFEED SPA	Receptado	10487508	19/08/2026 10:58:09	P5T	5	5	0	DRPH-69/JJ-4819/10535234
48724	17/08/2026 08:39:19	CONCEPCION	10001026	CEDIS IDE QUILICURA	Receptado	10001100	17/08/2026 19:58:47	BG	1904	1904	0	VJWL-64/PXKH932/10535235
48724	17/08/2026 08:39:19	CONCEPCION	10001026	CEDIS IDE QUILICURA	Receptado	10001100	17/08/2026 19:58:47	P5T	31	31	0	VJWL-64/PXKH932/10535235
48730	17/08/2026 09:27:12	PUERTO MONTT	10001696	PLANTA CHILLAN	Receptado	10000416	18/08/2026 18:33:29	BCH	100	100	0	RFZY-99/PTYJ-59/10535236
48730	17/08/2026 09:27:12	PUERTO MONTT	10001696	PLANTA CHILLAN	Receptado	10000416	18/08/2026 18:33:29	BG	1620	1620	0	RFZY-99/PTYJ-59/10535236
48730	17/08/2026 09:27:12	PUERTO MONTT	10001696	PLANTA CHILLAN	Receptado	10000416	18/08/2026 18:33:29	P5T	19	19	0	RFZY-99/PTYJ-59/10535236
48731	17/08/2026 09:31:13	CEDIS IDE QUILICURA	10032939	VALDIVIA	Receptado	10421004	19/08/2026 10:15:11	BCH	237	237	0	1/1/HKOOB37619644
48731	17/08/2026 09:31:13	CEDIS IDE QUILICURA	10032939	VALDIVIA	Receptado	10421004	19/08/2026 10:15:11	BG	1045	1045	0	1/1/HKOOB37619644
48731	17/08/2026 09:31:13	CEDIS IDE QUILICURA	10032939	VALDIVIA	Receptado	10421004	19/08/2026 10:15:11	P5T	18	18	0	1/1/HKOOB37619644
48732	17/08/2026 09:37:51	ANTOFAGASTA	10005088	PLANTA IDEAL	Receptado	10001082	17/08/2026 16:49:53	BCH	236	236	0	TGPH68/TXID17/0
48732	17/08/2026 09:37:51	ANTOFAGASTA	10005088	PLANTA IDEAL	Receptado	10001082	17/08/2026 16:49:53	BG	1279	1279	0	TGPH68/TXID17/0
48732	17/08/2026 09:37:51	ANTOFAGASTA	10005088	PLANTA IDEAL	Receptado	10001082	17/08/2026 16:49:53	P5T	17	17	0	TGPH68/TXID17/0
48733	17/08/2026 10:17:30	CEDIS IDE QUILICURA	10032939	PUERTO MONTT	Receptado	10001696	18/08/2026 10:18:13	BCH	244	244	0	1/1/HKOOB37619659
48733	17/08/2026 10:17:30	CEDIS IDE QUILICURA	10032939	PUERTO MONTT	Receptado	10001696	18/08/2026 10:18:13	BG	824	824	0	1/1/HKOOB37619659
48733	17/08/2026 10:17:30	CEDIS IDE QUILICURA	10032939	PUERTO MONTT	Receptado	10001696	18/08/2026 10:18:13	P5T	21	12	9	1/1/HKOOB37619659
48734	17/08/2026 10:19:27	CEDIS IDE QUILICURA	10032939	PUERTO MONTT	Receptado	10001696	18/08/2026 10:19:11	BG	424	424	0	1/1/HKOOB37619659
48734	17/08/2026 10:19:27	CEDIS IDE QUILICURA	10032939	PUERTO MONTT	Receptado	10001696	18/08/2026 10:19:11	P5T	7	7	0	1/1/HKOOB37619659
48736	17/08/2026 11:34:12	CEDIS IDE QUILICURA	10032939	TALCA	Receptado	10000096	18/08/2026 11:09:27	BCH	29	29	0	1/1/HKOOB37619637
48736	17/08/2026 11:34:12	CEDIS IDE QUILICURA	10032939	TALCA	Receptado	10000096	18/08/2026 11:09:27	BG	1377	1377	0	1/1/HKOOB37619637
48736	17/08/2026 11:34:12	CEDIS IDE QUILICURA	10032939	TALCA	Receptado	10000096	18/08/2026 11:09:27	P5T	25	25	0	1/1/HKOOB37619637
48745	17/08/2026 14:16:25	CEDIS IDE QUILICURA	10032939	CONCEPCION	Receptado	10001026	18/08/2026 09:43:52	BG	1635	1635	0	1/1/HKOOB37619635
48745	17/08/2026 14:16:25	CEDIS IDE QUILICURA	10032939	CONCEPCION	Receptado	10001026	18/08/2026 09:43:52	P5T	23	23	0	1/1/HKOOB37619635
48749	17/08/2026 15:26:30	PLANTA IDEAL	10001082	CEDIS IDE QUILICURA	Receptado	10001100	17/08/2026 18:41:14	BG	1320	1320	0	1/1/CHKL477147
48749	17/08/2026 15:26:30	PLANTA IDEAL	10001082	CEDIS IDE QUILICURA	Receptado	10001100	17/08/2026 18:41:14	P5T	22	22	0	1/1/CHKL477147
48762	17/08/2026 18:45:23	PLANTA IDEAL	10001082	CEDIS IDE QUILICURA	Receptado	10001100	17/08/2026 18:49:21	BCH	200	200	0	1/1/1
48762	17/08/2026 18:45:23	PLANTA IDEAL	10001082	CEDIS IDE QUILICURA	Receptado	10001100	17/08/2026 18:49:21	BG	1740	1740	0	1/1/1
48762	17/08/2026 18:45:23	PLANTA IDEAL	10001082	CEDIS IDE QUILICURA	Receptado	10001100	17/08/2026 18:49:21	P5T	20	20	0	1/1/1
48764	17/08/2026 18:52:33	CEDIS IDE QUILICURA	10001100	LA SERENA	Receptado	10444394	18/08/2026 08:12:21	BG	48	48	0	1/1/HKOOB37633034
48764	17/08/2026 18:52:33	CEDIS IDE QUILICURA	10001100	LA SERENA	Receptado	10444394	18/08/2026 08:12:21	P5T	1	1	0	1/1/HKOOB37633034
48786	17/08/2026 21:13:28	ANTOFAGASTA	10299402	ECCOFEED SPA	Receptado	10487508	27/08/2026 10:08:06	BG	526	526	0	vjwl65/pxkh33/10535270
48786	17/08/2026 21:13:28	ANTOFAGASTA	10299402	ECCOFEED SPA	Receptado	10487508	27/08/2026 10:08:06	P5T	12	12	0	vjwl65/pxkh33/10535270
48816	18/08/2026 04:43:25	PLANTA IDEAL	10000427	CEDIS IDE QUILICURA	Receptado	10033023	18/08/2026 05:34:43	BG	1056	1056	0	JKKJ 26/KYLZ 25/CHKL477150
48816	18/08/2026 04:43:25	PLANTA IDEAL	10000427	CEDIS IDE QUILICURA	Receptado	10033023	18/08/2026 05:34:43	P5T	17	17	0	JKKJ 26/KYLZ 25/CHKL477150
48821	18/08/2026 06:30:59	OSORNO	10012272	ECCOFEED SPA	Receptado	10487508	27/08/2026 11:03:11	BG	243	243	0	PFBS17 /KYLH53/0
48821	18/08/2026 06:30:59	OSORNO	10012272	ECCOFEED SPA	Receptado	10487508	27/08/2026 11:03:11	P5T	4	4	0	PFBS17 /KYLH53/0
48564	14/08/2026 08:40:43	CHILLAN	10301699	PLANTA CHILLAN	Receptado	10000416	14/08/2026 10:34:57	BG	890	790	100	spvr15/PXBK21/10535131
48564	14/08/2026 08:40:43	CHILLAN	10301699	PLANTA CHILLAN	Receptado	10000416	14/08/2026 10:34:57	P5T	9	9	0	spvr15/PXBK21/10535131
48565	14/08/2026 08:42:03	CHILLAN	10301699	ECCOFEED SPA	Receptado	10487508	19/08/2026 10:31:42	BG	150	150	0	SPVR15/PXBK21/10535132
48565	14/08/2026 08:42:03	CHILLAN	10301699	ECCOFEED SPA	Receptado	10487508	19/08/2026 10:31:42	P5T	3	3	0	SPVR15/PXBK21/10535132
48566	14/08/2026 08:42:16	CEDIS IDE QUILICURA	10033023	LO ESPEJO	Receptado	10461749	15/08/2026 03:14:44	BCH	4	4	0	VSRP19/HXDF11/HKOOB37613742
48566	14/08/2026 08:42:16	CEDIS IDE QUILICURA	10033023	LO ESPEJO	Receptado	10461749	15/08/2026 03:14:44	P5T	18	18	0	VSRP19/HXDF11/HKOOB37613742
48566	14/08/2026 08:42:16	CEDIS IDE QUILICURA	10033023	LO ESPEJO	Receptado	10461749	15/08/2026 03:14:44	BG	1230	1230	0	VSRP19/HXDF11/HKOOB37613742
48569	14/08/2026 09:04:25	LA SERENA	10444394	PLANTA IDEAL	Receptado	10033115	14/08/2026 21:00:16	BG	560	560	0	HVJX52/JP3260/10535158
48569	14/08/2026 09:04:25	LA SERENA	10444394	PLANTA IDEAL	Receptado	10033115	14/08/2026 21:00:16	P5T	6	6	0	HVJX52/JP3260/10535158
48574	14/08/2026 10:02:04	PLANTA IDEAL	10000427	CEDIS IDE QUILICURA	Receptado	10033023	14/08/2026 13:52:27	BG	56	56	0	JKKJ 26/KYLZ 25/CHKL477066
48574	14/08/2026 10:02:04	PLANTA IDEAL	10000427	CEDIS IDE QUILICURA	Receptado	10033023	14/08/2026 13:52:27	P5T	21	21	0	JKKJ 26/KYLZ 25/CHKL477066
48576	14/08/2026 10:31:25	CEDIS IDE QUILICURA	10033023	CHILLAN	Receptado	10301699	15/08/2026 09:05:49	BCH	13	21	-8	LXHJ99/PWSS29/HKOOB37611598
48576	14/08/2026 10:31:25	CEDIS IDE QUILICURA	10033023	CHILLAN	Receptado	10301699	15/08/2026 09:05:49	BG	707	698	9	LXHJ99/PWSS29/HKOOB37611598
48576	14/08/2026 10:31:25	CEDIS IDE QUILICURA	10033023	CHILLAN	Receptado	10301699	15/08/2026 09:05:49	P5T	9	9	0	LXHJ99/PWSS29/HKOOB37611598
48577	14/08/2026 10:42:05	PLANTA IDEAL	10000427	CEDIS IDE QUILICURA	Receptado	10033023	14/08/2026 13:52:42	BG	422	422	0	JKKJ 26/KYLZ 25/CHKL476941
48577	14/08/2026 10:42:05	PLANTA IDEAL	10000427	CEDIS IDE QUILICURA	Receptado	10033023	14/08/2026 13:52:42	P5T	15	15	0	JKKJ 26/KYLZ 25/CHKL476941
48578	14/08/2026 11:03:13	PLANTA CHILLAN	10000416	PLANTA IDEAL	Receptado	10033115	17/08/2026 10:58:58	BCH	805	805	0	SPVR15 /PXBK21/ 10535165
48578	14/08/2026 11:03:13	PLANTA CHILLAN	10000416	PLANTA IDEAL	Receptado	10033115	17/08/2026 10:58:58	BG	92	92	0	SPVR15 /PXBK21/ 10535165
48578	14/08/2026 11:03:13	PLANTA CHILLAN	10000416	PLANTA IDEAL	Receptado	10033115	17/08/2026 10:58:58	P5T	14	14	0	SPVR15 /PXBK21/ 10535165
48584	14/08/2026 12:40:48	CEDIS IDE QUILICURA	10033023	GRANDES CLIENTES	Receptado	10143848	14/08/2026 13:35:19	BCH	726	726	0	,/,/CHKO383167
48584	14/08/2026 12:40:48	CEDIS IDE QUILICURA	10033023	GRANDES CLIENTES	Receptado	10143848	14/08/2026 13:35:19	BG	1055	1028	27	,/,/CHKO383167
48584	14/08/2026 12:40:48	CEDIS IDE QUILICURA	10033023	GRANDES CLIENTES	Receptado	10143848	14/08/2026 13:35:19	P5T	25	24	1	,/,/CHKO383167
48587	14/08/2026 13:31:37	CEDIS IDE QUILICURA	10033023	VIÑA DEL MAR	Receptado	10450104	15/08/2026 00:52:30	BCH	214	214	0	STJR25/KYPH94/HKOOB37613750
48587	14/08/2026 13:31:37	CEDIS IDE QUILICURA	10033023	VIÑA DEL MAR	Receptado	10450104	15/08/2026 00:52:30	BG	636	636	0	STJR25/KYPH94/HKOOB37613750
48587	14/08/2026 13:31:37	CEDIS IDE QUILICURA	10033023	VIÑA DEL MAR	Receptado	10450104	15/08/2026 00:52:30	P5T	10	10	0	STJR25/KYPH94/HKOOB37613750
48588	14/08/2026 13:40:21	LO ESPEJO	10458156	LA LIGUA	Receptado	10006353	17/08/2026 11:22:29	BG	672	672	0	IDEAL/IDEAL/IDEAL
48588	14/08/2026 13:40:21	LO ESPEJO	10458156	LA LIGUA	Receptado	10006353	17/08/2026 11:22:29	P5T	6	0	6	IDEAL/IDEAL/IDEAL
48605	14/08/2026 18:25:26	TALCA	10395252	ECCOFEED SPA	Receptado	10487508	19/08/2026 10:32:40	BG	207	207	0	PJKT50/PWXK75/0
48605	14/08/2026 18:25:26	TALCA	10395252	ECCOFEED SPA	Receptado	10487508	19/08/2026 10:32:40	P5T	4	4	0	PJKT50/PWXK75/0
48607	14/08/2026 18:37:34	CEDIS IDE QUILICURA	10032939	TALCA	Receptado	10000096	15/08/2026 11:47:45	BCH	21	21	0	1/1/HKOOB37618261
48607	14/08/2026 18:37:34	CEDIS IDE QUILICURA	10032939	TALCA	Receptado	10000096	15/08/2026 11:47:45	BG	1346	1334	12	1/1/HKOOB37618261
48607	14/08/2026 18:37:34	CEDIS IDE QUILICURA	10032939	TALCA	Receptado	10000096	15/08/2026 11:47:45	P5T	22	22	0	1/1/HKOOB37618261
48613	14/08/2026 19:41:55	PLANTA IDEAL	10033115	CEDIS IDE QUILICURA	Receptado	10032939	14/08/2026 20:58:18	BG	1104	1104	0	49/49/CHKL476997
48828	18/08/2026 07:40:03	TEMUCO	10344423	ECCOFEED SPA	Receptado	10487508	27/08/2026 10:52:10	BG	98	98	0	LXHJ99 /PWXK76 /10535283
48828	18/08/2026 07:40:03	TEMUCO	10344423	ECCOFEED SPA	Receptado	10487508	27/08/2026 10:52:10	P5T	2	2	0	LXHJ99 /PWXK76 /10535283
48831	18/08/2026 07:46:19	MELIPILLA	10291937	ECCOFEED SPA	Receptado	10487508	25/08/2026 17:01:29	BG	114	114	0	JK-3213/-/12662810-11-12
48831	18/08/2026 07:46:19	MELIPILLA	10291937	ECCOFEED SPA	Receptado	10487508	25/08/2026 17:01:29	P5T	3	3	0	JK-3213/-/12662810-11-12
48844	18/08/2026 08:43:53	PUERTO MONTT	10001696	PLANTA CHILLAN	Receptado	10000416	18/08/2026 18:26:16	BCH	200	200	0	PGBY-32/PWZP-18/10535292
48844	18/08/2026 08:43:53	PUERTO MONTT	10001696	PLANTA CHILLAN	Receptado	10000416	18/08/2026 18:26:16	BG	1860	1770	90	PGBY-32/PWZP-18/10535292
48844	18/08/2026 08:43:53	PUERTO MONTT	10001696	PLANTA CHILLAN	Receptado	10000416	18/08/2026 18:26:16	P5T	22	22	0	PGBY-32/PWZP-18/10535292
48868	18/08/2026 15:46:30	PLANTA IDEAL	10001082	CEDIS IDE QUILICURA	Receptado	10001100	18/08/2026 20:24:21	BG	912	912	0	1/1/CHKL477265
48868	18/08/2026 15:46:30	PLANTA IDEAL	10001082	CEDIS IDE QUILICURA	Receptado	10001100	18/08/2026 20:24:21	P5T	17	17	0	1/1/CHKL477265
49093	20/08/2026 08:16:40	VALDIVIA	10421004	PLANTA IDEAL	Receptado	10001082	24/08/2026 12:18:48	BCH	51	51	0	LTGY83/PTYJ59/10535407
49093	20/08/2026 08:16:40	VALDIVIA	10421004	PLANTA IDEAL	Receptado	10001082	24/08/2026 12:18:48	BG	1020	1020	0	LTGY83/PTYJ59/10535407
49093	20/08/2026 08:16:40	VALDIVIA	10421004	PLANTA IDEAL	Receptado	10001082	24/08/2026 12:18:48	P5T	28	28	0	LTGY83/PTYJ59/10535407
49124	20/08/2026 13:42:18	CEDIS IDE QUILICURA	10032939	GRANDES CLIENTES	Receptado	10001251	21/08/2026 02:58:09	BCH	1972	1972	0	1/1/CHKO383425
49124	20/08/2026 13:42:18	CEDIS IDE QUILICURA	10032939	GRANDES CLIENTES	Receptado	10001251	21/08/2026 02:58:09	BG	4476	4428	48	1/1/CHKO383425
49124	20/08/2026 13:42:18	CEDIS IDE QUILICURA	10032939	GRANDES CLIENTES	Receptado	10001251	21/08/2026 02:58:09	P5T	100	100	0	1/1/CHKO383425
49503	25/08/2026 00:56:01	CEDIS IDE QUILICURA	10032939	GRANDES CLIENTES	Receptado	10001251	25/08/2026 03:17:36	BCH	60	60	0	1/1/CHKO383667
49503	25/08/2026 00:56:01	CEDIS IDE QUILICURA	10032939	GRANDES CLIENTES	Receptado	10001251	25/08/2026 03:17:36	BG	82	82	0	1/1/CHKO383667
49503	25/08/2026 00:56:01	CEDIS IDE QUILICURA	10032939	GRANDES CLIENTES	Receptado	10001251	25/08/2026 03:17:36	P5T	2	2	0	1/1/CHKO383667
49504	25/08/2026 00:59:37	GRANDES CLIENTES	10001251	PLANTA IDEAL	Receptado	10033115	25/08/2026 03:18:53	BG	1080	1080	0	0/0/10535636
49504	25/08/2026 00:59:37	GRANDES CLIENTES	10001251	PLANTA IDEAL	Receptado	10033115	25/08/2026 03:18:53	P5T	9	9	0	0/0/10535636
49505	25/08/2026 01:05:22	CEDIS IDE QUILICURA	10032939	SALON CEDIS	Receptado	10000848-1	26/08/2026 11:28:11	BG	9	9	0	1/1/CHKO383627
49505	25/08/2026 01:05:22	CEDIS IDE QUILICURA	10032939	SALON CEDIS	Receptado	10000848-1	26/08/2026 11:28:11	P5T	1	0	1	1/1/CHKO383627
49510	25/08/2026 01:11:37	PLANTA IDEAL	10033115	CEDIS IDE QUILICURA	Receptado	10032939	25/08/2026 01:36:03	BCH	500	500	0	49/49/CHKL477688
49510	25/08/2026 01:11:37	PLANTA IDEAL	10033115	CEDIS IDE QUILICURA	Receptado	10032939	25/08/2026 01:36:03	BG	992	992	0	49/49/CHKL477688
49510	25/08/2026 01:11:37	PLANTA IDEAL	10033115	CEDIS IDE QUILICURA	Receptado	10032939	25/08/2026 01:36:03	P5T	20	20	0	49/49/CHKL477688
49566	25/08/2026 08:20:50	PUERTO MONTT	10001696	PLANTA CHILLAN	Receptado	10000416	26/08/2026 13:51:33	BCH	278	278	0	LCTB-55/KDHP-45/10535658
49566	25/08/2026 08:20:50	PUERTO MONTT	10001696	PLANTA CHILLAN	Receptado	10000416	26/08/2026 13:51:33	BG	1222	1193	29	LCTB-55/KDHP-45/10535658
49566	25/08/2026 08:20:50	PUERTO MONTT	10001696	PLANTA CHILLAN	Receptado	10000416	26/08/2026 13:51:33	P5T	16	16	0	LCTB-55/KDHP-45/10535658
49567	25/08/2026 08:38:33	LOS ANGELES	172705782	PLANTA CHILLAN	Receptado	10000416	26/08/2026 13:47:39	BG	1024	1024	0	LTGY82/PWZH34/1
49567	25/08/2026 08:38:33	LOS ANGELES	172705782	PLANTA CHILLAN	Receptado	10000416	26/08/2026 13:47:39	P5T	27	27	0	LTGY82/PWZH34/1
49572	25/08/2026 09:01:53	LA SERENA	10444394	ECCOFEED SPA	Receptado	10487508	27/08/2026 10:10:28	BG	461	461	0	PGKD18/PWZP17/11478859
49572	25/08/2026 09:01:53	LA SERENA	10444394	ECCOFEED SPA	Receptado	10487508	27/08/2026 10:10:28	P5T	8	8	0	PGKD18/PWZP17/11478859
49578	25/08/2026 09:15:18	PLANTA IDEAL	10001082	CEDIS IDE QUILICURA	Receptado	10001100	25/08/2026 13:03:53	BG	1320	1320	0	1/1/CHKL477650
49578	25/08/2026 09:15:18	PLANTA IDEAL	10001082	CEDIS IDE QUILICURA	Receptado	10001100	25/08/2026 13:03:53	P5T	22	22	0	1/1/CHKL477650
49614	25/08/2026 16:52:58	ECCOFEED SPA	10487508	PLANTA IDEAL	Receptado	10487508	25/08/2026 17:15:10	BG	17160	17160	0	0/0/0
49614	25/08/2026 16:52:58	ECCOFEED SPA	10487508	PLANTA IDEAL	Receptado	10487508	25/08/2026 17:15:10	P5T	283	283	0	0/0/0
49615	25/08/2026 17:18:24	PLANTA IDEAL	10000427	CEDIS IDE QUILICURA	Receptado	10033023	25/08/2026 18:24:23	BG	888	888	0	FYLB 83/KYLZ 25/CHKL477706
49615	25/08/2026 17:18:24	PLANTA IDEAL	10000427	CEDIS IDE QUILICURA	Receptado	10033023	25/08/2026 18:24:23	P5T	18	18	0	FYLB 83/KYLZ 25/CHKL477706
49616	25/08/2026 17:25:53	SALON LO ESPEJO	10000848	LO ESPEJO	Receptado	10461749	26/08/2026 06:03:03	BG	27	27	0	0/0/0
49618	25/08/2026 17:56:27	PLANTA IDEAL	10000427	CEDIS IDE QUILICURA	Receptado	10033023	25/08/2026 18:24:37	BG	1248	1248	0	DBLS 59/KYLZ 24/CHKL477636
49618	25/08/2026 17:56:27	PLANTA IDEAL	10000427	CEDIS IDE QUILICURA	Receptado	10033023	25/08/2026 18:24:37	P5T	20	20	0	DBLS 59/KYLZ 24/CHKL477636
49628	25/08/2026 19:32:41	PLANTA CHILLAN	10000416	CEDIS IDE QUILICURA	Receptado	10001100	26/08/2026 08:29:23	BG	1274	1274	0	LCTB55 /KDHP45/CGAX00043662
49628	25/08/2026 19:32:41	PLANTA CHILLAN	10000416	CEDIS IDE QUILICURA	Receptado	10001100	26/08/2026 08:29:23	P5T	22	22	0	LCTB55 /KDHP45/CGAX00043662
49634	25/08/2026 20:20:44	EL PINAR	10149777	PLANTA IDEAL	Receptado	10033115	26/08/2026 05:42:33	BG	1056	1056	0	ideal/ideal/10535714
49634	25/08/2026 20:20:44	EL PINAR	10149777	PLANTA IDEAL	Receptado	10033115	26/08/2026 05:42:33	P5T	12	12	0	ideal/ideal/10535714
49636	25/08/2026 20:25:19	PLANTA IDEAL	10000427	CEDIS IDE QUILICURA	Receptado	10033023	25/08/2026 20:28:43	BCH	700	700	0	FYLB 83/KYLZ 25/CHKL477656
49636	25/08/2026 20:25:19	PLANTA IDEAL	10000427	CEDIS IDE QUILICURA	Receptado	10033023	25/08/2026 20:28:43	BG	755	755	0	FYLB 83/KYLZ 25/CHKL477656
49636	25/08/2026 20:25:19	PLANTA IDEAL	10000427	CEDIS IDE QUILICURA	Receptado	10033023	25/08/2026 20:28:43	P5T	22	22	0	FYLB 83/KYLZ 25/CHKL477656
49640	25/08/2026 20:51:18	EL PINAR	10149777	ECCOFEED SPA	Receptado	10487508	27/08/2026 10:17:50	BG	136	136	0	ideal/ideal/12580194-
49640	25/08/2026 20:51:18	EL PINAR	10149777	ECCOFEED SPA	Receptado	10487508	27/08/2026 10:17:50	P5T	3	3	0	ideal/ideal/12580194-
49642	25/08/2026 21:10:00	LO ESPEJO	10458156	PLANTA IDEAL	Receptado	10033115	26/08/2026 01:03:34	BG	1344	1344	0	IDEAL/IDEAL/IDEAL
49642	25/08/2026 21:10:00	LO ESPEJO	10458156	PLANTA IDEAL	Receptado	10033115	26/08/2026 01:03:34	P5T	16	16	0	IDEAL/IDEAL/IDEAL
49645	25/08/2026 21:20:34	ANTOFAGASTA	10299402	CEDIS IDE QUILICURA	Receptado	10033023	27/08/2026 17:14:48	BG	949	949	0	PXKH30/,/10535722
49645	25/08/2026 21:20:34	ANTOFAGASTA	10299402	CEDIS IDE QUILICURA	Receptado	10033023	27/08/2026 17:14:48	P5T	24	24	0	PXKH30/,/10535722
49646	25/08/2026 21:21:55	CEDIS IDE QUILICURA	10033023	GRANDES CLIENTES	Receptado	10001251	26/08/2026 01:02:33	BG	285	285	0	,/,/CHKO383746
49646	25/08/2026 21:21:55	CEDIS IDE QUILICURA	10033023	GRANDES CLIENTES	Receptado	10001251	26/08/2026 01:02:33	P5T	11	11	0	,/,/CHKO383746
49653	25/08/2026 21:51:32	LO ESPEJO	10450102	ECCOFEED SPA	Receptado	10487508	27/08/2026 10:18:55	BG	516	516	0	IDEAL/IDEAL/10186666-67-68
49653	25/08/2026 21:51:32	LO ESPEJO	10450102	ECCOFEED SPA	Receptado	10487508	27/08/2026 10:18:55	P5T	10	10	0	IDEAL/IDEAL/10186666-67-68
49658	25/08/2026 22:31:04	CEDIS IDE QUILICURA	10033023	EL PINAR	Receptado	10300015	26/08/2026 09:32:31	BG	732	732	0	STJR25/JG5630/HKOOB37652984
49658	25/08/2026 22:31:04	CEDIS IDE QUILICURA	10033023	EL PINAR	Receptado	10300015	26/08/2026 09:32:31	P5T	17	17	0	STJR25/JG5630/HKOOB37652984
48613	14/08/2026 19:41:55	PLANTA IDEAL	10033115	CEDIS IDE QUILICURA	Receptado	10032939	14/08/2026 20:58:18	P5T	21	21	0	49/49/CHKL476997
48618	14/08/2026 20:09:09	PLANTA CHILLAN	10000416	CEDIS IDE QUILICURA	Receptado	10032939	17/08/2026 10:42:54	BG	1440	1440	0	PFBS12/PWZH30/CGAX00043323
48618	14/08/2026 20:09:09	PLANTA CHILLAN	10000416	CEDIS IDE QUILICURA	Receptado	10032939	17/08/2026 10:42:54	P5T	24	24	0	PFBS12/PWZH30/CGAX00043323
48645	15/08/2026 01:40:52	CEDIS IDE QUILICURA	10001100	GRANDES CLIENTES	Receptado	10454172	15/08/2026 02:16:27	BCH	1026	1026	0	1/1/1
48645	15/08/2026 01:40:52	CEDIS IDE QUILICURA	10001100	GRANDES CLIENTES	Receptado	10454172	15/08/2026 02:16:27	P5T	11	11	0	1/1/1
48646	15/08/2026 01:48:35	CEDIS IDE QUILICURA	10001100	VIÑA DEL MAR	Receptado	10450104	15/08/2026 05:05:29	BG	1420	1420	0	1/1/CHKO382961
48646	15/08/2026 01:48:35	CEDIS IDE QUILICURA	10001100	VIÑA DEL MAR	Receptado	10450104	15/08/2026 05:05:29	P5T	18	18	0	1/1/CHKO382961
48647	15/08/2026 02:06:04	CEDIS IDE QUILICURA	10001100	TEMUCO	Receptado	10344423	17/08/2026 07:40:17	BCH	73	73	0	1/1/HKOOB37618263
48647	15/08/2026 02:06:04	CEDIS IDE QUILICURA	10001100	TEMUCO	Receptado	10344423	17/08/2026 07:40:17	BG	1216	1216	0	1/1/HKOOB37618263
48647	15/08/2026 02:06:04	CEDIS IDE QUILICURA	10001100	TEMUCO	Receptado	10344423	17/08/2026 07:40:17	P5T	20	20	0	1/1/HKOOB37618263
48648	15/08/2026 02:25:45	CEDIS IDE QUILICURA	10001100	IQUIQUE	Receptado	10012419	18/08/2026 13:22:41	BCH	20	20	0	1/1/CHKO383088
48648	15/08/2026 02:25:45	CEDIS IDE QUILICURA	10001100	IQUIQUE	Receptado	10012419	18/08/2026 13:22:41	BG	1447	1447	0	1/1/CHKO383088
48648	15/08/2026 02:25:45	CEDIS IDE QUILICURA	10001100	IQUIQUE	Receptado	10012419	18/08/2026 13:22:41	P5T	24	24	0	1/1/CHKO383088
48649	15/08/2026 02:36:20	CEDIS IDE QUILICURA	10001100	QUILICURA	Receptado	10397048	17/08/2026 08:52:47	BG	1674	1674	0	1/1/1
48649	15/08/2026 02:36:20	CEDIS IDE QUILICURA	10001100	QUILICURA	Receptado	10397048	17/08/2026 08:52:47	P5T	47	47	0	1/1/1
48650	15/08/2026 02:29:55	PLANTA IDEAL	10001082	CEDIS IDE QUILICURA	Receptado	10001100	15/08/2026 06:05:28	BCH	300	300	0	1/1/CHKL477050
48650	15/08/2026 02:29:55	PLANTA IDEAL	10001082	CEDIS IDE QUILICURA	Receptado	10001100	15/08/2026 06:05:28	BG	942	942	0	1/1/CHKL477050
48650	15/08/2026 02:29:55	PLANTA IDEAL	10001082	CEDIS IDE QUILICURA	Receptado	10001100	15/08/2026 06:05:28	P5T	22	22	0	1/1/CHKL477050
48652	15/08/2026 03:24:44	CEDIS IDE QUILICURA	10001100	VIÑA DEL MAR	Receptado	10001291	15/08/2026 16:15:15	BG	1609	1609	0	1/1/HKOOB37619431
48652	15/08/2026 03:24:44	CEDIS IDE QUILICURA	10001100	VIÑA DEL MAR	Receptado	10001291	15/08/2026 16:15:15	P5T	21	21	0	1/1/HKOOB37619431
48674	15/08/2026 08:04:35	TEMUCO	10344423	ECCOFEED SPA	Receptado	10487508	19/08/2026 10:55:44	BG	364	364	0	LGTB55 /GRCF44 /10535219 
48674	15/08/2026 08:04:35	TEMUCO	10344423	ECCOFEED SPA	Receptado	10487508	19/08/2026 10:55:44	P5T	6	6	0	LGTB55 /GRCF44 /10535219 
48676	15/08/2026 08:06:44	TEMUCO	10344423	PLANTA IDEAL	Receptado	10001082	19/08/2026 21:28:25	BCH	130	150	-20	LGTB55 /GRCF44 /10535219 
48676	15/08/2026 08:06:44	TEMUCO	10344423	PLANTA IDEAL	Receptado	10001082	19/08/2026 21:28:25	BG	1655	1706	-51	LGTB55 /GRCF44 /10535219 
48676	15/08/2026 08:06:44	TEMUCO	10344423	PLANTA IDEAL	Receptado	10001082	19/08/2026 21:28:25	P5T	18	18	0	LGTB55 /GRCF44 /10535219 
48677	15/08/2026 08:14:56	PLANTA IDEAL	10000427	CEDIS IDE QUILICURA	Receptado	10033023	15/08/2026 10:16:26	BG	1181	1181	0	JKKJ 26/KYLZ 24/CHKL477085
48677	15/08/2026 08:14:56	PLANTA IDEAL	10000427	CEDIS IDE QUILICURA	Receptado	10033023	15/08/2026 10:16:26	P5T	22	22	0	JKKJ 26/KYLZ 24/CHKL477085
48678	15/08/2026 08:20:13	PLANTA IDEAL	10000427	CEDIS IDE QUILICURA	Receptado	10033023	15/08/2026 10:16:04	BG	1260	1260	0	JKKJ 26/KYLZ 24/CHKL477071
48678	15/08/2026 08:20:13	PLANTA IDEAL	10000427	CEDIS IDE QUILICURA	Receptado	10033023	15/08/2026 10:16:04	P5T	17	17	0	JKKJ 26/KYLZ 24/CHKL477071
48683	15/08/2026 10:11:22	CEDIS IDE QUILICURA	10033023	RANCAGUA	Receptado	10000032	17/08/2026 08:43:00	BG	1357	1357	0	TVTD89/KYPH95/HKOOB37619439
48683	15/08/2026 10:11:22	CEDIS IDE QUILICURA	10033023	RANCAGUA	Receptado	10000032	17/08/2026 08:43:00	P5T	21	21	0	TVTD89/KYPH95/HKOOB37619439
48689	15/08/2026 12:00:13	PLANTA IDEAL	10000427	CEDIS IDE QUILICURA	Receptado	10033023	15/08/2026 12:19:26	BG	968	968	0	JKKJ 26/KYLZ 25/CHKL477105
48689	15/08/2026 12:00:13	PLANTA IDEAL	10000427	CEDIS IDE QUILICURA	Receptado	10033023	15/08/2026 12:19:26	BCH	21	21	0	JKKJ 26/KYLZ 25/CHKL477105
48689	15/08/2026 12:00:13	PLANTA IDEAL	10000427	CEDIS IDE QUILICURA	Receptado	10033023	15/08/2026 12:19:26	P5T	21	21	0	JKKJ 26/KYLZ 25/CHKL477105
48693	15/08/2026 12:32:16	CEDIS IDE QUILICURA	10001100	GRANDES CLIENTES	Receptado	10001251	17/08/2026 04:17:20	BCH	772	772	0	0/0/CHKO383208
48693	15/08/2026 12:32:16	CEDIS IDE QUILICURA	10001100	GRANDES CLIENTES	Receptado	10001251	17/08/2026 04:17:20	BG	2691	2691	0	0/0/CHKO383208
48693	15/08/2026 12:32:16	CEDIS IDE QUILICURA	10001100	GRANDES CLIENTES	Receptado	10001251	17/08/2026 04:17:20	P5T	68	68	0	0/0/CHKO383208
48704	15/08/2026 18:21:35	CEDIS IDE QUILICURA	10032939	MELIPILLA	Receptado	10291937	17/08/2026 08:37:57	BG	240	240	0	1/1/CHKO383128
48704	15/08/2026 18:21:35	CEDIS IDE QUILICURA	10032939	MELIPILLA	Receptado	10291937	17/08/2026 08:37:57	P5T	3	3	0	1/1/CHKO383128
48705	15/08/2026 18:29:14	QUILICURA	10325722	ECCOFEED SPA	Receptado	10487508	19/08/2026 10:57:05	BG	15	15	0	000/000/0000
48705	15/08/2026 18:29:14	QUILICURA	10325722	ECCOFEED SPA	Receptado	10487508	19/08/2026 10:57:05	P5T	1	1	0	000/000/0000
48708	15/08/2026 20:19:40	CEDIS IDE QUILICURA	10032939	OSORNO	Receptado	10012272	18/08/2026 06:33:24	BCH	61	61	0	1/1/HKOOB37619656
48708	15/08/2026 20:19:40	CEDIS IDE QUILICURA	10032939	OSORNO	Receptado	10012272	18/08/2026 06:33:24	BG	971	971	0	1/1/HKOOB37619656
48708	15/08/2026 20:19:40	CEDIS IDE QUILICURA	10032939	OSORNO	Receptado	10012272	18/08/2026 06:33:24	P5T	17	17	0	1/1/HKOOB37619656
48714	17/08/2026 07:34:27	CHILLAN	10301699	ECCOFEED SPA	Receptado	10487508	27/08/2026 10:43:43	BG	84	84	0	PJJV29/HGKF99/10535225
48714	17/08/2026 07:34:27	CHILLAN	10301699	ECCOFEED SPA	Receptado	10487508	27/08/2026 10:43:43	P5T	2	2	0	PJJV29/HGKF99/10535225
48715	17/08/2026 07:40:45	TEMUCO	10344423	ECCOFEED SPA	Receptado	10487508	27/08/2026 10:51:58	BG	151	151	0	PSLY21 /PWZH33 /10535228
48715	17/08/2026 07:40:45	TEMUCO	10344423	ECCOFEED SPA	Receptado	10487508	27/08/2026 10:51:58	P5T	3	3	0	PSLY21 /PWZH33 /10535228
48718	17/08/2026 07:54:03	LOS ANDES	10486010	PLANTA IDEAL	Receptado	10033115	17/08/2026 11:04:52	BCH	100	100	0	HVJX-52/HVJX-52/10535231
48718	17/08/2026 07:54:03	LOS ANDES	10486010	PLANTA IDEAL	Receptado	10033115	17/08/2026 11:04:52	BG	616	616	0	HVJX-52/HVJX-52/10535231
48718	17/08/2026 07:54:03	LOS ANDES	10486010	PLANTA IDEAL	Receptado	10033115	17/08/2026 11:04:52	P5T	19	19	0	HVJX-52/HVJX-52/10535231
48725	17/08/2026 08:39:50	CEDIS IDE QUILICURA	10032939	DISTRIBUIDOR CORCORAN	Receptado	10005088	04/09/2026 19:07:29	BG	797	797	0	1/1/CHKO383131
48725	17/08/2026 08:39:50	CEDIS IDE QUILICURA	10032939	DISTRIBUIDOR CORCORAN	Receptado	10005088	04/09/2026 19:07:29	P5T	4	4	0	1/1/CHKO383131
48726	17/08/2026 08:52:27	PUERTO MONTT	10001696	ECCOFEED SPA	Receptado	10487508	27/08/2026 10:55:52	BG	248	248	0	RFZY-99/PTYJ-59/8267582-83-84
48726	17/08/2026 08:52:27	PUERTO MONTT	10001696	ECCOFEED SPA	Receptado	10487508	27/08/2026 10:55:52	P5T	5	5	0	RFZY-99/PTYJ-59/8267582-83-84
48739	17/08/2026 12:45:39	GRANDES CLIENTES	10000772	PLANTA IDEAL	Receptado	10487508	18/08/2026 10:23:37	BCH	218	218	0	1/1/1
48739	17/08/2026 12:45:39	GRANDES CLIENTES	10000772	PLANTA IDEAL	Receptado	10487508	18/08/2026 10:23:37	BG	1051	1051	0	1/1/1
48739	17/08/2026 12:45:39	GRANDES CLIENTES	10000772	PLANTA IDEAL	Receptado	10487508	18/08/2026 10:23:37	P5T	3	3	0	1/1/1
48833	18/08/2026 08:04:57	PUERTO MONTT	10001696	ECCOFEED SPA	Receptado	10487508	27/08/2026 10:56:18	BG	78	78	0	PGBY-32/PWZP-18/8267906-07-08
48833	18/08/2026 08:04:57	PUERTO MONTT	10001696	ECCOFEED SPA	Receptado	10487508	27/08/2026 10:56:18	P5T	2	2	0	PGBY-32/PWZP-18/8267906-07-08
48842	18/08/2026 08:39:29	CEDIS IDE QUILICURA	10032939	LA SERENA	Receptado	10444394	19/08/2026 09:08:44	BG	221	221	0	1/1/HKOOB37633040
48842	18/08/2026 08:39:29	CEDIS IDE QUILICURA	10032939	LA SERENA	Receptado	10444394	19/08/2026 09:08:44	P5T	4	4	0	1/1/HKOOB37633040
48853	18/08/2026 12:22:20	PLANTA IDEAL	10033115	CEDIS IDE QUILICURA	Receptado	10032939	18/08/2026 13:19:34	BG	1032	1032	0	49/49/CHKL477209
48853	18/08/2026 12:22:20	PLANTA IDEAL	10033115	CEDIS IDE QUILICURA	Receptado	10032939	18/08/2026 13:19:34	P5T	13	13	0	49/49/CHKL477209
48916	19/08/2026 01:53:41	PLANTA IDEAL	10000427	CEDIS IDE QUILICURA	Receptado	10032939	19/08/2026 07:10:12	BG	1980	1980	0	DBLS 59/KYLZ 25/CHKL477286
48916	19/08/2026 01:53:41	PLANTA IDEAL	10000427	CEDIS IDE QUILICURA	Receptado	10032939	19/08/2026 07:10:12	P5T	15	15	0	DBLS 59/KYLZ 25/CHKL477286
49073	20/08/2026 05:33:56	PLANTA IDEAL	10000427	CEDIS IDE QUILICURA	Receptado	10033023	20/08/2026 06:27:12	BCH	60	60	0	TVTD 89/KYLZ 24/CHKL477330
49073	20/08/2026 05:33:56	PLANTA IDEAL	10000427	CEDIS IDE QUILICURA	Receptado	10033023	20/08/2026 06:27:12	BG	1002	1002	0	TVTD 89/KYLZ 24/CHKL477330
49073	20/08/2026 05:33:56	PLANTA IDEAL	10000427	CEDIS IDE QUILICURA	Receptado	10033023	20/08/2026 06:27:12	P5T	21	21	0	TVTD 89/KYLZ 24/CHKL477330
49074	20/08/2026 05:55:01	CEDIS IDE QUILICURA	10033023	QUILICURA	Receptado	10397048	20/08/2026 10:44:44	BCH	7	7	0	,/,/CHKO383359
49074	20/08/2026 05:55:01	CEDIS IDE QUILICURA	10033023	QUILICURA	Receptado	10397048	20/08/2026 10:44:44	BG	1993	1993	0	,/,/CHKO383359
49074	20/08/2026 05:55:01	CEDIS IDE QUILICURA	10033023	QUILICURA	Receptado	10397048	20/08/2026 10:44:44	P5T	45	45	0	,/,/CHKO383359
49078	20/08/2026 06:26:37	CEDIS IDE QUILICURA	10000980	LOS ANDES	Receptado	10486010	20/08/2026 09:38:16	BCH	47	61	-14	LWBV80/HXGP47/HKOOB37644500
49078	20/08/2026 06:26:37	CEDIS IDE QUILICURA	10000980	LOS ANDES	Receptado	10486010	20/08/2026 09:38:16	BG	951	936	15	LWBV80/HXGP47/HKOOB37644500
49078	20/08/2026 06:26:37	CEDIS IDE QUILICURA	10000980	LOS ANDES	Receptado	10486010	20/08/2026 09:38:16	P5T	20	20	0	LWBV80/HXGP47/HKOOB37644500
49079	20/08/2026 06:27:46	CEDIS IDE QUILICURA	10033023	OSORNO	Receptado	10001704	21/08/2026 07:05:03	BCH	8	8	0	LTGY82/HGKF99/HKOOB37647364
49079	20/08/2026 06:27:46	CEDIS IDE QUILICURA	10033023	OSORNO	Receptado	10001704	21/08/2026 07:05:03	BG	999	999	0	LTGY82/HGKF99/HKOOB37647364
49079	20/08/2026 06:27:46	CEDIS IDE QUILICURA	10033023	OSORNO	Receptado	10001704	21/08/2026 07:05:03	P5T	18	18	0	LTGY82/HGKF99/HKOOB37647364
49082	20/08/2026 06:58:06	OSORNO	10001704	PLANTA IDEAL	Receptado	10033115	24/08/2026 02:18:34	BG	750	750	0	PFBS12 /PWZH30/0
49082	20/08/2026 06:58:06	OSORNO	10001704	PLANTA IDEAL	Receptado	10033115	24/08/2026 02:18:34	P5T	9	9	0	PFBS12 /PWZH30/0
49083	20/08/2026 07:19:06	TEMUCO	10344423	ECCOFEED SPA	Receptado	10487508	27/08/2026 10:51:29	BG	184	184	0	PFBS18 /GRCF44 /10535400
49083	20/08/2026 07:19:06	TEMUCO	10344423	ECCOFEED SPA	Receptado	10487508	27/08/2026 10:51:29	P5T	3	3	0	PFBS18 /GRCF44 /10535400
49085	20/08/2026 07:22:05	TALCA	10000096	ECCOFEED SPA	Receptado	10487508	27/08/2026 10:27:34	BG	225	225	0	PFBS 17/KYLH 17/0
49085	20/08/2026 07:22:05	TALCA	10000096	ECCOFEED SPA	Receptado	10487508	27/08/2026 10:27:34	P5T	4	4	0	PFBS 17/KYLH 17/0
49086	20/08/2026 07:24:22	TALCA	10000096	PLANTA IDEAL	Cancelado			BCH	100	0	100	PFBS 17/KYLH 17/0
49086	20/08/2026 07:24:22	TALCA	10000096	PLANTA IDEAL	Cancelado			BG	4520	0	4520	PFBS 17/KYLH 17/0
49086	20/08/2026 07:24:22	TALCA	10000096	PLANTA IDEAL	Cancelado			P5T	6	0	6	PFBS 17/KYLH 17/0
49087	20/08/2026 07:27:47	CHILLAN	10301699	PLANTA IDEAL	Receptado	10000427	21/08/2026 02:05:05	BG	1110	1170	-60	RFZY99/PTYJ59/10535387
49087	20/08/2026 07:27:47	CHILLAN	10301699	PLANTA IDEAL	Receptado	10000427	21/08/2026 02:05:05	BCH	65	65	0	RFZY99/PTYJ59/10535387
49087	20/08/2026 07:27:47	CHILLAN	10301699	PLANTA IDEAL	Receptado	10000427	21/08/2026 02:05:05	P5T	13	15	-2	RFZY99/PTYJ59/10535387
49088	20/08/2026 07:29:15	CHILLAN	10301699	ECCOFEED SPA	Receptado	10487508	27/08/2026 10:44:30	BG	128	128	0	RFZY99/PTYJ99/10535388
49088	20/08/2026 07:29:15	CHILLAN	10301699	ECCOFEED SPA	Receptado	10487508	27/08/2026 10:44:30	P5T	2	2	0	RFZY99/PTYJ99/10535388
49089	20/08/2026 07:52:03	MELIPILLA	10291937	PLANTA IDEAL	Receptado	10033115	20/08/2026 12:45:20	BCH	1	1	0	 PXJD-33/-/10535391
49089	20/08/2026 07:52:03	MELIPILLA	10291937	PLANTA IDEAL	Receptado	10033115	20/08/2026 12:45:20	BG	840	840	0	 PXJD-33/-/10535391
49089	20/08/2026 07:52:03	MELIPILLA	10291937	PLANTA IDEAL	Receptado	10033115	20/08/2026 12:45:20	P5T	9	9	0	 PXJD-33/-/10535391
49090	20/08/2026 07:54:19	MELIPILLA	10291937	ECCOFEED SPA	Receptado	10487508	25/08/2026 17:06:32	BG	80	80	0	PXJD-33/-/12663513-48
49090	20/08/2026 07:54:19	MELIPILLA	10291937	ECCOFEED SPA	Receptado	10487508	25/08/2026 17:06:32	P5T	2	2	0	PXJD-33/-/12663513-48
49091	20/08/2026 07:58:03	LA SERENA	10444394	PLANTA IDEAL	Receptado	10001082	20/08/2026 19:52:03	BG	1864	1713	151	LCTB55/KDPH45/10535405
49091	20/08/2026 07:58:03	LA SERENA	10444394	PLANTA IDEAL	Receptado	10001082	20/08/2026 19:52:03	P5T	20	20	0	LCTB55/KDPH45/10535405
49100	20/08/2026 08:40:50	RANCAGUA	10000032	ECCOFEED SPA	Receptado	10487508	25/08/2026 17:06:48	BG	139	139	0	CZYT-30/JH-3200/10535413
49100	20/08/2026 08:40:50	RANCAGUA	10000032	ECCOFEED SPA	Receptado	10487508	25/08/2026 17:06:48	P5T	3	3	0	CZYT-30/JH-3200/10535413
49146	20/08/2026 18:41:31	PLANTA IDEAL	10001082	CEDIS IDE QUILICURA	Receptado	10161182	20/08/2026 20:09:38	BG	788	788	0	1/1/CHKL477394
49146	20/08/2026 18:41:31	PLANTA IDEAL	10001082	CEDIS IDE QUILICURA	Receptado	10161182	20/08/2026 20:09:38	P5T	12	12	0	1/1/CHKL477394
49148	20/08/2026 19:19:48	CEDIS IDE QUILICURA	10161182	LA SERENA	Receptado	10444394	21/08/2026 07:00:25	BCH	93	93	0	HVJX52/JP3260/HKOOB37650411
49148	20/08/2026 19:19:48	CEDIS IDE QUILICURA	10161182	LA SERENA	Receptado	10444394	21/08/2026 07:00:25	BG	953	953	0	HVJX52/JP3260/HKOOB37650411
49148	20/08/2026 19:19:48	CEDIS IDE QUILICURA	10161182	LA SERENA	Receptado	10444394	21/08/2026 07:00:25	P5T	18	18	0	HVJX52/JP3260/HKOOB37650411
49150	20/08/2026 19:49:28	PLANTA IDEAL	10001082	CEDIS IDE QUILICURA	Receptado	10161182	20/08/2026 20:55:46	BG	1313	1313	0	1/1/CHKL477324
49150	20/08/2026 19:49:28	PLANTA IDEAL	10001082	CEDIS IDE QUILICURA	Receptado	10161182	20/08/2026 20:55:46	P5T	18	18	0	1/1/CHKL477324
49153	20/08/2026 20:14:57	LO ESPEJO	10458156	PLANTA IDEAL	Receptado	10033115	21/08/2026 10:30:17	BG	1680	1680	0	IDEAL/IDEAL/IDEAL
49153	20/08/2026 20:14:57	LO ESPEJO	10458156	PLANTA IDEAL	Receptado	10033115	21/08/2026 10:30:17	P5T	18	19	-1	IDEAL/IDEAL/IDEAL
49155	20/08/2026 20:29:52	QUILICURA	101196341	GRANDES CLIENTES	Receptado	101196341	20/08/2026 20:30:41	BG	480	480	0	0/0/0
49155	20/08/2026 20:29:52	QUILICURA	101196341	GRANDES CLIENTES	Receptado	101196341	20/08/2026 20:30:41	P5T	4	4	0	0/0/0
49159	20/08/2026 20:44:47	PLANTA IDEAL	10001082	CEDIS IDE QUILICURA	Receptado	10033023	21/08/2026 00:06:50	BG	1200	1200	0	1/1/CHKL477333
49159	20/08/2026 20:44:47	PLANTA IDEAL	10001082	CEDIS IDE QUILICURA	Receptado	10033023	21/08/2026 00:06:50	P5T	19	19	0	1/1/CHKL477333
49160	20/08/2026 21:09:24	GRANDES CLIENTES	10000772	ECCOFEED SPA	Receptado	10487508	25/08/2026 17:09:43	BG	99	99	0	1/1/11693004-05
49160	20/08/2026 21:09:24	GRANDES CLIENTES	10000772	ECCOFEED SPA	Receptado	10487508	25/08/2026 17:09:43	P5T	3	3	0	1/1/11693004-05
49161	20/08/2026 21:11:09	OSORNO	10012272	PLANTA CHILLAN	Receptado	10000416	22/08/2026 11:14:49	BCH	25	25	0	LTGY82/HGKF99/0
49161	20/08/2026 21:11:09	OSORNO	10012272	PLANTA CHILLAN	Receptado	10000416	22/08/2026 11:14:49	BG	433	433	0	LTGY82/HGKF99/0
49161	20/08/2026 21:11:09	OSORNO	10012272	PLANTA CHILLAN	Receptado	10000416	22/08/2026 11:14:49	P5T	14	14	0	LTGY82/HGKF99/0
47845	08/08/2026 00:15:29	PLANTA IDEAL	10033115	CEDIS IDE QUILICURA	Receptado	10161182	08/08/2026 01:48:49	P5T	12	12	0	49/49/CHKL476515
48740	17/08/2026 12:57:37	LO ESPEJO	10458156	LA LIGUA	Receptado	10006353	19/08/2026 11:31:35	BG	672	672	0	IDEAL/IDEAL/10535248
48740	17/08/2026 12:57:37	LO ESPEJO	10458156	LA LIGUA	Receptado	10006353	19/08/2026 11:31:35	P5T	9	9	0	IDEAL/IDEAL/10535248
48743	17/08/2026 13:43:16	CEDIS IDE QUILICURA	10032939	LO ESPEJO	Receptado	10461749	18/08/2026 01:56:54	BG	953	953	0	1/1/HKOOB37619665
48743	17/08/2026 13:43:16	CEDIS IDE QUILICURA	10032939	LO ESPEJO	Receptado	10461749	18/08/2026 01:56:54	P5T	18	18	0	1/1/HKOOB37619665
48746	17/08/2026 14:32:50	CEDIS IDE QUILICURA	10032939	GRANDES CLIENTES	Receptado	10001251	18/08/2026 02:14:36	BCH	278	278	0	1/1/CHKO383245
48746	17/08/2026 14:32:50	CEDIS IDE QUILICURA	10032939	GRANDES CLIENTES	Receptado	10001251	18/08/2026 02:14:36	BG	5680	5674	6	1/1/CHKO383245
48746	17/08/2026 14:32:50	CEDIS IDE QUILICURA	10032939	GRANDES CLIENTES	Receptado	10001251	18/08/2026 02:14:36	P5T	90	88	2	1/1/CHKO383245
48748	17/08/2026 15:16:46	SALON EL CORTIJO	10000989	QUILICURA	Receptado	101196341	17/08/2026 16:51:11	BG	39	39	0	0/0/0
48751	17/08/2026 15:53:08	PLANTA IDEAL	10001082	CEDIS IDE QUILICURA	Receptado	10001100	17/08/2026 18:42:00	BCH	1900	1900	0	1/1/1
48751	17/08/2026 15:53:08	PLANTA IDEAL	10001082	CEDIS IDE QUILICURA	Receptado	10001100	17/08/2026 18:42:00	BG	6780	6780	0	1/1/1
48751	17/08/2026 15:53:08	PLANTA IDEAL	10001082	CEDIS IDE QUILICURA	Receptado	10001100	17/08/2026 18:42:00	P5T	136	136	0	1/1/1
48754	17/08/2026 17:10:42	SALON TOBALABA	10000349-1	QUILICURA	Receptado	101196341	17/08/2026 21:47:47	BG	9	9	0	0/0/0
48755	17/08/2026 17:13:36	CEDIS IDE QUILICURA	10001100	LA SERENA	Receptado	10444394	18/08/2026 08:12:08	BCH	98	98	0	1/1/HKOOB37619641
48755	17/08/2026 17:13:36	CEDIS IDE QUILICURA	10001100	LA SERENA	Receptado	10444394	18/08/2026 08:12:08	BG	1307	1307	0	1/1/HKOOB37619641
48755	17/08/2026 17:13:36	CEDIS IDE QUILICURA	10001100	LA SERENA	Receptado	10444394	18/08/2026 08:12:08	P5T	18	18	0	1/1/HKOOB37619641
48757	17/08/2026 17:24:50	CEDIS IDE QUILICURA	10001100	ARICA	Receptado	10154469	19/08/2026 23:33:00	BCH	44	44	0	1/1/HKOOB37619662
48757	17/08/2026 17:24:50	CEDIS IDE QUILICURA	10001100	ARICA	Receptado	10154469	19/08/2026 23:33:00	BG	349	349	0	1/1/HKOOB37619662
48757	17/08/2026 17:24:50	CEDIS IDE QUILICURA	10001100	ARICA	Receptado	10154469	19/08/2026 23:33:00	P5T	6	6	0	1/1/HKOOB37619662
48758	17/08/2026 17:53:49	CEDIS IDE QUILICURA	10001100	IQUIQUE	Receptado	10012419	20/08/2026 23:48:33	BCH	73	73	0	1/1/HKOOB37619662
48758	17/08/2026 17:53:49	CEDIS IDE QUILICURA	10001100	IQUIQUE	Receptado	10012419	20/08/2026 23:48:33	BG	1310	1310	0	1/1/HKOOB37619662
48758	17/08/2026 17:53:49	CEDIS IDE QUILICURA	10001100	IQUIQUE	Receptado	10012419	20/08/2026 23:48:33	P5T	20	20	0	1/1/HKOOB37619662
48774	17/08/2026 20:07:49	LO ESPEJO	10458156	PLANTA IDEAL	Receptado	10033115	18/08/2026 10:35:26	BG	410	410	0	IDEAL/IDEAL/IDEAL
48774	17/08/2026 20:07:49	LO ESPEJO	10458156	PLANTA IDEAL	Receptado	10033115	18/08/2026 10:35:26	P5T	2	2	0	IDEAL/IDEAL/IDEAL
48776	17/08/2026 20:19:04	CEDIS IDE QUILICURA	10001100	CONCEPCION	Receptado	10001026	18/08/2026 08:33:06	BCH	167	167	0	1/1/HKOOB37619634
48776	17/08/2026 20:19:04	CEDIS IDE QUILICURA	10001100	CONCEPCION	Receptado	10001026	18/08/2026 08:33:06	BG	1184	1184	0	1/1/HKOOB37619634
48776	17/08/2026 20:19:04	CEDIS IDE QUILICURA	10001100	CONCEPCION	Receptado	10001026	18/08/2026 08:33:06	P5T	25	25	0	1/1/HKOOB37619634
48797	18/08/2026 01:37:23	CEDIS IDE QUILICURA	10033023	EL PINAR	Receptado	10300015	18/08/2026 10:43:07	BG	932	932	0	VRZL40/JF4261/HKOOB37619640
48797	18/08/2026 01:37:23	CEDIS IDE QUILICURA	10033023	EL PINAR	Receptado	10300015	18/08/2026 10:43:07	P5T	14	14	0	VRZL40/JF4261/HKOOB37619640
48808	18/08/2026 02:48:47	PLANTA IDEAL	10000427	CEDIS IDE QUILICURA	Receptado	10033023	18/08/2026 03:40:21	BG	728	728	0	JKKJ 26/KYLZ 25/CHKL477226
48808	18/08/2026 02:48:47	PLANTA IDEAL	10000427	CEDIS IDE QUILICURA	Receptado	10033023	18/08/2026 03:40:21	P5T	13	13	0	JKKJ 26/KYLZ 25/CHKL477226
48813	18/08/2026 04:22:12	PLANTA IDEAL	10000427	CEDIS IDE QUILICURA	Receptado	10033023	18/08/2026 04:26:06	BG	824	824	0	JKKJ 26/KYLZ 25/CHKL477207
48813	18/08/2026 04:22:12	PLANTA IDEAL	10000427	CEDIS IDE QUILICURA	Receptado	10033023	18/08/2026 04:26:06	P5T	17	17	0	JKKJ 26/KYLZ 25/CHKL477207
48859	18/08/2026 13:10:24	CEDIS IDE QUILICURA	10032939	GRANDES CLIENTES	Receptado	10001251	19/08/2026 00:23:25	BCH	953	953	0	1/1/CHKO383307
48859	18/08/2026 13:10:24	CEDIS IDE QUILICURA	10032939	GRANDES CLIENTES	Receptado	10001251	19/08/2026 00:23:25	BG	6797	6787	10	1/1/CHKO383307
48859	18/08/2026 13:10:24	CEDIS IDE QUILICURA	10032939	GRANDES CLIENTES	Receptado	10001251	19/08/2026 00:23:25	P5T	90	88	2	1/1/CHKO383307
48864	18/08/2026 14:39:01	PLANTA CHILLAN	10000416	CHILLAN	Receptado	10301699	19/08/2026 08:25:34	P5T	6	6	0	SSSZ57/SSSZ57/12121965
49137	20/08/2026 16:47:30	CEDIS IDE QUILICURA	10161182	ANTOFAGASTA	Receptado	10299402	22/08/2026 03:49:42	BG	1227	1227	0	VJWL66/PXKH30/HKOOB37647356
49137	20/08/2026 16:47:30	CEDIS IDE QUILICURA	10161182	ANTOFAGASTA	Receptado	10299402	22/08/2026 03:49:42	P5T	31	31	0	VJWL66/PXKH30/HKOOB37647356
49667	26/08/2026 01:16:09	PLANTA IDEAL	10033115	CEDIS IDE QUILICURA	Receptado	10032939	26/08/2026 02:04:23	BG	1072	1072	0	50/50/CHKL477659
49667	26/08/2026 01:16:09	PLANTA IDEAL	10033115	CEDIS IDE QUILICURA	Receptado	10032939	26/08/2026 02:04:23	P5T	18	18	0	50/50/CHKL477659
48869	18/08/2026 15:49:31	CEDIS IDE QUILICURA	10001100	LO ESPEJO	Receptado	10461749	19/08/2026 04:46:58	BG	1138	1138	0	1/1/HKOOB37635368
48869	18/08/2026 15:49:31	CEDIS IDE QUILICURA	10001100	LO ESPEJO	Receptado	10461749	19/08/2026 04:46:58	P5T	19	19	0	1/1/HKOOB37635368
49184	21/08/2026 02:30:14	CEDIS IDE QUILICURA	10033023	LA SERENA	Receptado	10444394	24/08/2026 08:49:01	BG	267	267	0	LTGY83/PWZP18/HKOOB37650375
49184	21/08/2026 02:30:14	CEDIS IDE QUILICURA	10033023	LA SERENA	Receptado	10444394	24/08/2026 08:49:01	P5T	4	4	0	LTGY83/PWZP18/HKOOB37650375
49186	21/08/2026 03:11:15	CEDIS IDE QUILICURA	10033023	TEMUCO	Receptado	10344423	24/08/2026 07:28:51	BCH	179	179	0	LCTB55/KDHP45/HKOOB37650380
49186	21/08/2026 03:11:15	CEDIS IDE QUILICURA	10033023	TEMUCO	Receptado	10344423	24/08/2026 07:28:51	BG	1092	1092	0	LCTB55/KDHP45/HKOOB37650380
49186	21/08/2026 03:11:15	CEDIS IDE QUILICURA	10033023	TEMUCO	Receptado	10344423	24/08/2026 07:28:51	P5T	18	18	0	LCTB55/KDHP45/HKOOB37650380
49187	21/08/2026 03:17:19	VIÑA DEL MAR	10450104	PLANTA IDEAL	Receptado	10001082	21/08/2026 17:09:59	BG	1440	1421	19	VSRP19/PXJD32/10535480
49187	21/08/2026 03:17:19	VIÑA DEL MAR	10450104	PLANTA IDEAL	Receptado	10001082	21/08/2026 17:09:59	P5T	12	22	-10	VSRP19/PXJD32/10535480
49189	21/08/2026 03:30:26	PLANTA IDEAL	10000427	CEDIS IDE QUILICURA	Receptado	10033023	21/08/2026 04:36:15	BG	985	985	0	FYLB 83/KYLZ 25/CHKL477485
49189	21/08/2026 03:30:26	PLANTA IDEAL	10000427	CEDIS IDE QUILICURA	Receptado	10033023	21/08/2026 04:36:15	P5T	15	15	0	FYLB 83/KYLZ 25/CHKL477485
49275	21/08/2026 20:19:49	PLANTA CHILLAN	10000416	CEDIS IDE QUILICURA	Receptado	10001100	22/08/2026 17:56:27	BG	1440	1440	0	PGBY32/PXJF25/CGAX00043542
49275	21/08/2026 20:19:49	PLANTA CHILLAN	10000416	CEDIS IDE QUILICURA	Receptado	10001100	22/08/2026 17:56:27	P5T	24	24	0	PGBY32/PXJF25/CGAX00043542
49303	22/08/2026 00:39:59	PLANTA IDEAL	10000427	CEDIS IDE QUILICURA	Receptado	10033023	22/08/2026 00:47:13	BG	992	992	0	JKKJG 89/KYLZ 25/CHKL477545
49303	22/08/2026 00:39:59	PLANTA IDEAL	10000427	CEDIS IDE QUILICURA	Receptado	10033023	22/08/2026 00:47:13	P5T	22	22	0	JKKJG 89/KYLZ 25/CHKL477545
49303	22/08/2026 00:39:59	PLANTA IDEAL	10000427	CEDIS IDE QUILICURA	Receptado	10033023	22/08/2026 00:47:13	BCH	400	400	0	JKKJG 89/KYLZ 25/CHKL477545
49582	25/08/2026 11:22:14	PLANTA CHILLAN	10000416	CEDIS IDE QUILICURA	Receptado	10033023	25/08/2026 18:23:56	BG	1417	1417	0	LTGY82/PWZH34/CGAX00043642
49582	25/08/2026 11:22:14	PLANTA CHILLAN	10000416	CEDIS IDE QUILICURA	Receptado	10033023	25/08/2026 18:23:56	P5T	24	24	0	LTGY82/PWZH34/CGAX00043642
49659	25/08/2026 23:11:27	GRANDES CLIENTES	10454172	PLANTA IDEAL	Receptado	10033115	26/08/2026 01:02:55	BG	1200	1200	0	00000/00000/10535725
49659	25/08/2026 23:11:27	GRANDES CLIENTES	10454172	PLANTA IDEAL	Receptado	10033115	26/08/2026 01:02:55	P5T	10	10	0	00000/00000/10535725
49660	25/08/2026 23:14:37	VIÑA DEL MAR	10450104	PLANTA IDEAL	Receptado	10033115	26/08/2026 04:59:54	BG	1440	1440	0	VRZL40/PXJD32/10535726
49660	25/08/2026 23:14:37	VIÑA DEL MAR	10450104	PLANTA IDEAL	Receptado	10033115	26/08/2026 04:59:54	P5T	43	43	0	VRZL40/PXJD32/10535726
49661	25/08/2026 23:16:32	VIÑA DEL MAR	10450104	QUILICURA	Receptado	10397048	31/08/2026 09:08:41	BG	60	60	0	VRZL40/PXJD32/1240997
49673	26/08/2026 03:28:51	CEDIS IDE QUILICURA	10032939	VIÑA DEL MAR	Receptado	10001291	26/08/2026 11:15:09	BG	1253	1199	54	1/1/HKOOB37676181
49673	26/08/2026 03:28:51	CEDIS IDE QUILICURA	10032939	VIÑA DEL MAR	Receptado	10001291	26/08/2026 11:15:09	P5T	18	17	1	1/1/HKOOB37676181
49674	26/08/2026 03:33:06	CEDIS IDE QUILICURA	10032939	PLANTA IDEAL	Receptado	10033115	26/08/2026 05:02:13	BG	1252	1252	0	1/1/CEDIS A PLANTA
49674	26/08/2026 03:33:06	CEDIS IDE QUILICURA	10032939	PLANTA IDEAL	Receptado	10033115	26/08/2026 05:02:13	P5T	15	15	0	1/1/CEDIS A PLANTA
49675	26/08/2026 03:45:24	CEDIS IDE QUILICURA	10032939	PUERTO MONTT	Receptado	10001696	27/08/2026 14:55:15	BCH	100	100	0	1/1/HKOOB37675834
49675	26/08/2026 03:45:24	CEDIS IDE QUILICURA	10032939	PUERTO MONTT	Receptado	10001696	27/08/2026 14:55:15	BG	698	698	0	1/1/HKOOB37675834
49675	26/08/2026 03:45:24	CEDIS IDE QUILICURA	10032939	PUERTO MONTT	Receptado	10001696	27/08/2026 14:55:15	P5T	10	10	0	1/1/HKOOB37675834
49676	26/08/2026 03:46:32	CEDIS IDE QUILICURA	10032939	PUERTO MONTT	Receptado	10001696	27/08/2026 14:55:40	BG	455	455	0	1/1/HKOOB37675834
49676	26/08/2026 03:46:32	CEDIS IDE QUILICURA	10032939	PUERTO MONTT	Receptado	10001696	27/08/2026 14:55:40	P5T	8	8	0	1/1/HKOOB37675834
49677	26/08/2026 03:54:07	PLANTA IDEAL	10033115	CEDIS IDE QUILICURA	Receptado	10032939	26/08/2026 03:59:46	BG	1272	1272	0	50/50/CHKL477710
49677	26/08/2026 03:54:07	PLANTA IDEAL	10033115	CEDIS IDE QUILICURA	Receptado	10032939	26/08/2026 03:59:46	P5T	20	20	0	50/50/CHKL477710
49678	26/08/2026 03:57:22	PLANTA IDEAL	10033115	CEDIS IDE QUILICURA	Receptado	10032939	26/08/2026 04:00:04	BG	1248	1248	0	50/50/CHKL477728
49678	26/08/2026 03:57:22	PLANTA IDEAL	10033115	CEDIS IDE QUILICURA	Receptado	10032939	26/08/2026 04:00:04	P5T	22	22	0	50/50/CHKL477728
49679	26/08/2026 03:58:41	PLANTA IDEAL	10033115	CEDIS IDE QUILICURA	Receptado	10032939	26/08/2026 05:12:42	BG	1288	1288	0	50/50/CHKL477638
49679	26/08/2026 03:58:41	PLANTA IDEAL	10033115	CEDIS IDE QUILICURA	Receptado	10032939	26/08/2026 05:12:42	P5T	22	22	0	50/50/CHKL477638
49680	26/08/2026 04:00:00	PLANTA IDEAL	10033115	CEDIS IDE QUILICURA	Receptado	10032939	26/08/2026 05:12:55	BG	1111	1111	0	50/50/CHKL477559
49680	26/08/2026 04:00:00	PLANTA IDEAL	10033115	CEDIS IDE QUILICURA	Receptado	10032939	26/08/2026 05:12:55	P5T	19	19	0	50/50/CHKL477559
49681	26/08/2026 04:00:10	CEDIS IDE QUILICURA	10032939	RANCAGUA	Receptado	10000032	26/08/2026 09:11:06	BCH	28	28	0	1/1/HKOOB37675843
49681	26/08/2026 04:00:10	CEDIS IDE QUILICURA	10032939	RANCAGUA	Receptado	10000032	26/08/2026 09:11:06	BG	1060	1060	0	1/1/HKOOB37675843
49681	26/08/2026 04:00:10	CEDIS IDE QUILICURA	10032939	RANCAGUA	Receptado	10000032	26/08/2026 09:11:06	P5T	18	18	0	1/1/HKOOB37675843
49682	26/08/2026 04:13:12	VIÑA DEL MAR	10450104	PLANTA IDEAL	Receptado	10001082	26/08/2026 08:35:10	BG	1440	1428	12	TVTD89/PXJD33/10535730
49682	26/08/2026 04:13:12	VIÑA DEL MAR	10450104	PLANTA IDEAL	Receptado	10001082	26/08/2026 08:35:10	P5T	12	12	0	TVTD89/PXJD33/10535730
49683	26/08/2026 04:39:35	CEDIS IDE QUILICURA	10032939	LOS ANDES	Receptado	10486010	27/08/2026 06:28:48	BCH	87	87	0	1/1/HKOOB37675851
49683	26/08/2026 04:39:35	CEDIS IDE QUILICURA	10032939	LOS ANDES	Receptado	10486010	27/08/2026 06:28:48	BG	943	930	13	1/1/HKOOB37675851
49683	26/08/2026 04:39:35	CEDIS IDE QUILICURA	10032939	LOS ANDES	Receptado	10486010	27/08/2026 06:28:48	P5T	19	19	0	1/1/HKOOB37675851
49684	26/08/2026 05:24:01	CEDIS IDE QUILICURA	10032939	MELIPILLA	Receptado	10291937	26/08/2026 09:14:41	BCH	56	56	0	1/1/HKOOB37675830
49684	26/08/2026 05:24:01	CEDIS IDE QUILICURA	10032939	MELIPILLA	Receptado	10291937	26/08/2026 09:14:41	BG	1065	1045	20	1/1/HKOOB37675830
49684	26/08/2026 05:24:01	CEDIS IDE QUILICURA	10032939	MELIPILLA	Receptado	10291937	26/08/2026 09:14:41	P5T	17	17	0	1/1/HKOOB37675830
49685	26/08/2026 05:45:00	CEDIS IDE QUILICURA	10032939	OSORNO	Receptado	10001704	27/08/2026 07:03:56	BCH	43	43	0	1/1/HKOOB37676284
49685	26/08/2026 05:45:00	CEDIS IDE QUILICURA	10032939	OSORNO	Receptado	10001704	27/08/2026 07:03:56	BG	707	707	0	1/1/HKOOB37676284
49685	26/08/2026 05:45:00	CEDIS IDE QUILICURA	10032939	OSORNO	Receptado	10001704	27/08/2026 07:03:56	P5T	14	14	0	1/1/HKOOB37676284
49686	26/08/2026 05:46:32	CEDIS IDE QUILICURA	10032939	PUERTO MONTT	Receptado	10001696	27/08/2026 14:56:01	BG	281	281	0	1/1/HKOOB37676284
49686	26/08/2026 05:46:32	CEDIS IDE QUILICURA	10032939	PUERTO MONTT	Receptado	10001696	27/08/2026 14:56:01	P5T	5	5	0	1/1/HKOOB37676284
49687	26/08/2026 06:02:07	CEDIS IDE QUILICURA	10032939	QUILICURA	Receptado	10397048	26/08/2026 10:15:13	BG	1936	1936	0	1/1/CHKO383672
49687	26/08/2026 06:02:07	CEDIS IDE QUILICURA	10032939	QUILICURA	Receptado	10397048	26/08/2026 10:15:13	P5T	40	40	0	1/1/CHKO383672
49104	20/08/2026 10:42:48	CEDIS IDE QUILICURA	10032939	IQUIQUE	Receptado	10012419	22/08/2026 13:29:55	BG	855	855	0	1/1/HKOOB37647360
49104	20/08/2026 10:42:48	CEDIS IDE QUILICURA	10032939	IQUIQUE	Receptado	10012419	22/08/2026 13:29:55	P5T	14	14	0	1/1/HKOOB37647360
49168	20/08/2026 21:35:19	CONCEPCION	10001288	ECCOFEED SPA	Receptado	10487508	27/08/2026 10:46:07	BG	278	278	0	VJWL64/PXKH32/10535475
49168	20/08/2026 21:35:19	CONCEPCION	10001288	ECCOFEED SPA	Receptado	10487508	27/08/2026 10:46:07	P5T	6	6	0	VJWL64/PXKH32/10535475
49174	21/08/2026 00:36:41	PLANTA IDEAL	10000427	CEDIS IDE QUILICURA	Receptado	10033023	21/08/2026 01:30:31	BG	1312	1312	0	FYLB 83/KYLZ 25/CHKL477467
49174	21/08/2026 00:36:41	PLANTA IDEAL	10000427	CEDIS IDE QUILICURA	Receptado	10033023	21/08/2026 01:30:31	P5T	22	22	0	FYLB 83/KYLZ 25/CHKL477467
49175	21/08/2026 00:42:45	IQUIQUE	10012419	PLANTA IDEAL	Receptado	10001082	22/08/2026 16:31:05	BG	952	1426	-474	PSLV-22/HGKY-40/10535479
49175	21/08/2026 00:42:45	IQUIQUE	10012419	PLANTA IDEAL	Receptado	10001082	22/08/2026 16:31:05	P5T	10	14	-4	PSLV-22/HGKY-40/10535479
49176	21/08/2026 00:46:04	PLANTA IDEAL	10000427	CEDIS IDE QUILICURA	Receptado	10033023	21/08/2026 01:30:45	BG	1317	1317	0	FYLB 83/KYLZ 25/CHKL477395
49176	21/08/2026 00:46:04	PLANTA IDEAL	10000427	CEDIS IDE QUILICURA	Receptado	10033023	21/08/2026 01:30:45	P5T	22	22	0	FYLB 83/KYLZ 25/CHKL477395
49177	21/08/2026 00:52:27	CEDIS IDE QUILICURA	10033023	VIÑA DEL MAR	Receptado	10001291	21/08/2026 14:11:31	BG	1124	1050	74	VSRP19/KYPH94/HKOOB37647383
49177	21/08/2026 00:52:27	CEDIS IDE QUILICURA	10033023	VIÑA DEL MAR	Receptado	10001291	21/08/2026 14:11:31	P5T	22	22	0	VSRP19/KYPH94/HKOOB37647383
49178	21/08/2026 01:23:45	CEDIS IDE QUILICURA	10033023	LO ESPEJO	Receptado	10461749	24/08/2026 05:40:56	BG	1248	1248	0	VRZL40/PXJD33/HKOOB37647388
49178	21/08/2026 01:23:45	CEDIS IDE QUILICURA	10033023	LO ESPEJO	Receptado	10461749	24/08/2026 05:40:56	P5T	20	20	0	VRZL40/PXJD33/HKOOB37647388
49200	21/08/2026 05:20:35	CEDIS IDE QUILICURA	10033023	QUILICURA	Receptado	10397048	21/08/2026 09:56:43	BG	2426	2372	54	,/,/CHKO383319
49200	21/08/2026 05:20:35	CEDIS IDE QUILICURA	10033023	QUILICURA	Receptado	10397048	21/08/2026 09:56:43	P5T	41	41	0	,/,/CHKO383319
49280	21/08/2026 20:57:35	GRANDES CLIENTES	10000772	ECCOFEED SPA	Receptado	10487508	25/08/2026 17:12:23	BG	105	105	0	1/1/13154487-88
49280	21/08/2026 20:57:35	GRANDES CLIENTES	10000772	ECCOFEED SPA	Receptado	10487508	25/08/2026 17:12:23	P5T	2	2	0	1/1/13154487-88
49287	21/08/2026 21:13:04	PLANTA IDEAL	10001082	CEDIS IDE QUILICURA	Receptado	10033023	22/08/2026 00:44:19	BCH	400	400	0	1/1/CHKL477526
49287	21/08/2026 21:13:04	PLANTA IDEAL	10001082	CEDIS IDE QUILICURA	Receptado	10033023	22/08/2026 00:44:19	BG	796	796	0	1/1/CHKL477526
49287	21/08/2026 21:13:04	PLANTA IDEAL	10001082	CEDIS IDE QUILICURA	Receptado	10033023	22/08/2026 00:44:19	P5T	18	18	0	1/1/CHKL477526
49295	21/08/2026 23:17:32	VIÑA DEL MAR	10450104	PLANTA IDEAL	Receptado	10033115	22/08/2026 10:27:55	BG	1440	1440	0	VSRP19/KYPH95/10535548
49295	21/08/2026 23:17:32	VIÑA DEL MAR	10450104	PLANTA IDEAL	Receptado	10033115	22/08/2026 10:27:55	P5T	12	12	0	VSRP19/KYPH95/10535548
49348	22/08/2026 11:55:10	PLANTA IDEAL	10033115	CEDIS IDE QUILICURA	Receptado	10032939	22/08/2026 12:52:48	BG	162	162	0	50/50/CHKL477527
49348	22/08/2026 11:55:10	PLANTA IDEAL	10033115	CEDIS IDE QUILICURA	Receptado	10032939	22/08/2026 12:52:48	P5T	8	8	0	50/50/CHKL477527
49351	22/08/2026 11:59:41	LO ESPEJO	10458156	PLANTA IDEAL	Receptado	10001082	22/08/2026 14:38:35	BG	112	104	8	IDEAL/IDEAL/IDEAL
49351	22/08/2026 11:59:41	LO ESPEJO	10458156	PLANTA IDEAL	Receptado	10001082	22/08/2026 14:38:35	P5T	1	1	0	IDEAL/IDEAL/IDEAL
49352	22/08/2026 12:00:54	PLANTA IDEAL	10033115	CEDIS IDE QUILICURA	Receptado	10032939	22/08/2026 12:50:55	BG	424	424	0	50/50/CHKL477528
49352	22/08/2026 12:00:54	PLANTA IDEAL	10033115	CEDIS IDE QUILICURA	Receptado	10032939	22/08/2026 12:50:55	P5T	8	8	0	50/50/CHKL477528
49353	22/08/2026 12:02:06	PLANTA IDEAL	10033115	CEDIS IDE QUILICURA	Receptado	10032939	22/08/2026 12:50:40	BG	1089	1089	0	50/50/CHKL477566
49353	22/08/2026 12:02:06	PLANTA IDEAL	10033115	CEDIS IDE QUILICURA	Receptado	10032939	22/08/2026 12:50:40	P5T	19	19	0	50/50/CHKL477566
49354	22/08/2026 12:04:33	PLANTA IDEAL	10033115	CEDIS IDE QUILICURA	Receptado	10032939	22/08/2026 12:50:14	BG	609	609	0	50/50/CHKL477477
49354	22/08/2026 12:04:33	PLANTA IDEAL	10033115	CEDIS IDE QUILICURA	Receptado	10032939	22/08/2026 12:50:14	P5T	8	8	0	50/50/CHKL477477
49356	22/08/2026 12:13:17	CEDIS IDE QUILICURA	10032939	VIÑA DEL MAR	Receptado	10000599	22/08/2026 17:37:14	BCH	86	86	0	1/1/HKOOB37657025
49356	22/08/2026 12:13:17	CEDIS IDE QUILICURA	10032939	VIÑA DEL MAR	Receptado	10000599	22/08/2026 17:37:14	BG	1019	1017	2	1/1/HKOOB37657025
49356	22/08/2026 12:13:17	CEDIS IDE QUILICURA	10032939	VIÑA DEL MAR	Receptado	10000599	22/08/2026 17:37:14	P5T	20	17	3	1/1/HKOOB37657025
49357	22/08/2026 12:21:48	CEDIS IDE QUILICURA	10032939	LOS ANGELES	Receptado	172705782	26/08/2026 09:11:43	BG	1234	1234	0	1/1/HKOOB37655589
49357	22/08/2026 12:21:48	CEDIS IDE QUILICURA	10032939	LOS ANGELES	Receptado	172705782	26/08/2026 09:11:43	P5T	16	16	0	1/1/HKOOB37655589
49358	22/08/2026 12:23:31	PLANTA CHILLAN	10000416	CEDIS IDE QUILICURA	Receptado	10001100	24/08/2026 08:06:04	BG	1440	1440	0	LCTB55/KDHP45/CGAX00043543
49358	22/08/2026 12:23:31	PLANTA CHILLAN	10000416	CEDIS IDE QUILICURA	Receptado	10001100	24/08/2026 08:06:04	P5T	24	24	0	LCTB55/KDHP45/CGAX00043543
49359	22/08/2026 12:34:47	CEDIS IDE QUILICURA	10032939	GRANDES CLIENTES	Receptado	10001251	24/08/2026 03:33:34	BCH	2736	2736	0	IDEAL/IDEAL/CHKO383587
49359	22/08/2026 12:34:47	CEDIS IDE QUILICURA	10032939	GRANDES CLIENTES	Receptado	10001251	24/08/2026 03:33:34	BG	1625	1625	0	IDEAL/IDEAL/CHKO383587
49359	22/08/2026 12:34:47	CEDIS IDE QUILICURA	10032939	GRANDES CLIENTES	Receptado	10001251	24/08/2026 03:33:34	P5T	75	75	0	IDEAL/IDEAL/CHKO383587
49360	22/08/2026 12:44:02	CEDIS IDE QUILICURA	10032939	ANTOFAGASTA	Receptado	10299402	24/08/2026 20:26:40	BCH	108	108	0	VJWK65/PXKH33/HKOOB37655586
49360	22/08/2026 12:44:02	CEDIS IDE QUILICURA	10032939	ANTOFAGASTA	Receptado	10299402	24/08/2026 20:26:40	BG	1450	1450	0	VJWK65/PXKH33/HKOOB37655586
49360	22/08/2026 12:44:02	CEDIS IDE QUILICURA	10032939	ANTOFAGASTA	Receptado	10299402	24/08/2026 20:26:40	P5T	26	26	0	VJWK65/PXKH33/HKOOB37655586
49365	22/08/2026 14:56:45	CEDIS IDE QUILICURA	10001100	PLANTA IDEAL	Receptado	10001082	22/08/2026 16:18:53	BCH	76	76	0	1/1/1
49365	22/08/2026 14:56:45	CEDIS IDE QUILICURA	10001100	PLANTA IDEAL	Receptado	10001082	22/08/2026 16:18:53	BG	351	352	-1	1/1/1
49365	22/08/2026 14:56:45	CEDIS IDE QUILICURA	10001100	PLANTA IDEAL	Receptado	10001082	22/08/2026 16:18:53	P5T	9	9	0	1/1/1
49366	22/08/2026 15:03:57	CEDIS IDE QUILICURA	10001100	LO ESPEJO	Receptado	10461749	24/08/2026 05:44:19	BG	1016	1016	0	1/1/HKOOB37657009
49366	22/08/2026 15:03:57	CEDIS IDE QUILICURA	10001100	LO ESPEJO	Receptado	10461749	24/08/2026 05:44:19	P5T	18	18	0	1/1/HKOOB37657009
49369	22/08/2026 15:09:05	PLANTA CHILLAN	10000416	CEDIS IDE QUILICURA	Receptado	10001100	24/08/2026 07:50:32	BG	1380	1380	0	CYCG99/KDJG17/CGAX00043544
49369	22/08/2026 15:09:05	PLANTA CHILLAN	10000416	CEDIS IDE QUILICURA	Receptado	10001100	24/08/2026 07:50:32	P5T	23	23	0	CYCG99/KDJG17/CGAX00043544
49372	22/08/2026 15:40:56	PLANTA IDEAL	10001082	CEDIS IDE QUILICURA	Receptado	10001100	22/08/2026 18:00:59	BG	476	476	0	1/1/CHKL477529
49372	22/08/2026 15:40:56	PLANTA IDEAL	10001082	CEDIS IDE QUILICURA	Receptado	10001100	22/08/2026 18:00:59	P5T	11	11	0	1/1/CHKL477529
47849	08/08/2026 00:59:04	PLANTA IDEAL	10033115	CEDIS IDE QUILICURA	Receptado	10161182	08/08/2026 01:49:18	BG	1272	1272	0	49/49/CHKL476591
47849	08/08/2026 00:59:04	PLANTA IDEAL	10033115	CEDIS IDE QUILICURA	Receptado	10161182	08/08/2026 01:49:18	P5T	18	18	0	49/49/CHKL476591
47851	08/08/2026 01:23:53	CEDIS IDE QUILICURA	10161182	SALON LO ESPEJO	Receptado	10000848	19/08/2026 14:30:27	BG	20	20	0	1/1/CHKO382724
47851	08/08/2026 01:23:53	CEDIS IDE QUILICURA	10161182	SALON LO ESPEJO	Receptado	10000848	19/08/2026 14:30:27	P5T	1	0	1	1/1/CHKO382724
47852	08/08/2026 01:28:31	PLANTA IDEAL	10033115	CEDIS IDE QUILICURA	Receptado	10161182	08/08/2026 02:20:57	BG	1128	1128	0	49/49/CHKL476549
47852	08/08/2026 01:28:31	PLANTA IDEAL	10033115	CEDIS IDE QUILICURA	Receptado	10161182	08/08/2026 02:20:57	P5T	19	19	0	49/49/CHKL476549
47853	08/08/2026 01:34:49	CEDIS IDE QUILICURA	10161182	SALON CEDIS	Receptado	10000848-1	10/08/2026 20:43:51	BG	27	27	0	1/1/CHKO382705
47853	08/08/2026 01:34:49	CEDIS IDE QUILICURA	10161182	SALON CEDIS	Receptado	10000848-1	10/08/2026 20:43:51	P5T	1	0	1	1/1/CHKO382705
47854	08/08/2026 01:41:12	CEDIS IDE QUILICURA	10161182	SALON PEDRO DE VALDIVIA	Receptado	10000349	10/08/2026 18:04:27	BG	20	21	-1	1/1/CHKO382685
47854	08/08/2026 01:41:12	CEDIS IDE QUILICURA	10161182	SALON PEDRO DE VALDIVIA	Receptado	10000349	10/08/2026 18:04:27	P5T	1	0	1	1/1/CHKO382685
47855	08/08/2026 01:50:49	CEDIS IDE QUILICURA	10161182	SALON TOBALABA	Receptado	10000349-1	10/08/2026 17:54:15	BG	1	2	-1	1/1/CHKO382706
47855	08/08/2026 01:50:49	CEDIS IDE QUILICURA	10161182	SALON TOBALABA	Receptado	10000349-1	10/08/2026 17:54:15	P5T	1	0	1	1/1/CHKO382706
47885	08/08/2026 07:28:57	CONCEPCION	10001026	PLANTA IDEAL	Receptado	10001082	10/08/2026 01:23:11	BCH	220	220	0	PJJV-11/PTYJ-59/10534798
47885	08/08/2026 07:28:57	CONCEPCION	10001026	PLANTA IDEAL	Receptado	10001082	10/08/2026 01:23:11	BG	980	1080	-100	PJJV-11/PTYJ-59/10534798
47885	08/08/2026 07:28:57	CONCEPCION	10001026	PLANTA IDEAL	Receptado	10001082	10/08/2026 01:23:11	P5T	43	46	-3	PJJV-11/PTYJ-59/10534798
48856	18/08/2026 12:42:56	PLANTA CHILLAN	10000416	CEDIS IDE QUILICURA	Receptado	10033023	18/08/2026 23:13:09	BG	1320	1320	0	lxhj99/pwxk76/cgax00043383
48856	18/08/2026 12:42:56	PLANTA CHILLAN	10000416	CEDIS IDE QUILICURA	Receptado	10033023	18/08/2026 23:13:09	P5T	22	22	0	lxhj99/pwxk76/cgax00043383
48858	18/08/2026 12:53:58	CEDIS IDE QUILICURA	10032939	TEMUCO	Receptado	10344423	19/08/2026 09:15:50	BCH	122	122	0	1/1/HKOOB37633043
48858	18/08/2026 12:53:58	CEDIS IDE QUILICURA	10032939	TEMUCO	Receptado	10344423	19/08/2026 09:15:50	BG	1087	1087	0	1/1/HKOOB37633043
48858	18/08/2026 12:53:58	CEDIS IDE QUILICURA	10032939	TEMUCO	Receptado	10344423	19/08/2026 09:15:50	P5T	17	17	0	1/1/HKOOB37633043
49001	19/08/2026 14:39:00	PLANTA IDEAL	10001082	CEDIS IDE QUILICURA	Receptado	10001100	19/08/2026 15:53:07	BG	840	840	0	1/1/CHKL477310
49001	19/08/2026 14:39:00	PLANTA IDEAL	10001082	CEDIS IDE QUILICURA	Receptado	10001100	19/08/2026 15:53:07	P5T	21	21	0	1/1/CHKL477310
49001	19/08/2026 14:39:00	PLANTA IDEAL	10001082	CEDIS IDE QUILICURA	Receptado	10001100	19/08/2026 15:53:07	BCH	800	800	0	1/1/CHKL477310
49133	20/08/2026 15:16:04	GRANDES CLIENTES	10000772	PLANTA IDEAL	Receptado	10001082	20/08/2026 16:50:10	BCH	1200	1200	0	JF4261/JF4261/10535463
49133	20/08/2026 15:16:04	GRANDES CLIENTES	10000772	PLANTA IDEAL	Receptado	10001082	20/08/2026 16:50:10	P5T	36	38	-2	JF4261/JF4261/10535463
49250	21/08/2026 15:49:12	VIÑA DEL MAR	10000599	PLANTA IDEAL	Receptado	10001082	22/08/2026 15:34:44	BG	480	480	0	vrzl40/ideal/10535521
49250	21/08/2026 15:49:12	VIÑA DEL MAR	10000599	PLANTA IDEAL	Receptado	10001082	22/08/2026 15:34:44	BCH	400	400	0	vrzl40/ideal/10535521
49250	21/08/2026 15:49:12	VIÑA DEL MAR	10000599	PLANTA IDEAL	Receptado	10001082	22/08/2026 15:34:44	P5T	6	6	0	vrzl40/ideal/10535521
49253	21/08/2026 16:20:00	GRANDES CLIENTES	10000772	PLANTA IDEAL	Receptado	10001082	21/08/2026 17:45:32	BG	1200	1200	0	HXDF12/HXDF12/10535526
49253	21/08/2026 16:20:00	GRANDES CLIENTES	10000772	PLANTA IDEAL	Receptado	10001082	21/08/2026 17:45:32	P5T	19	20	-1	HXDF12/HXDF12/10535526
49368	22/08/2026 15:09:22	TALCA	10395252	PLANTA IDEAL	Receptado	10001082	24/08/2026 14:44:41	BCH	81	81	0	SVLV52/PWXK75/0
49368	22/08/2026 15:09:22	TALCA	10395252	PLANTA IDEAL	Receptado	10001082	24/08/2026 14:44:41	BG	840	840	0	SVLV52/PWXK75/0
49368	22/08/2026 15:09:22	TALCA	10395252	PLANTA IDEAL	Receptado	10001082	24/08/2026 14:44:41	P5T	9	9	0	SVLV52/PWXK75/0
49439	24/08/2026 13:54:56	CEDIS IDE QUILICURA	10001100	VIÑA DEL MAR	Receptado	10001841	24/08/2026 16:52:23	BG	1048	1048	0	1/1/HKOOB37659899
49439	24/08/2026 13:54:56	CEDIS IDE QUILICURA	10001100	VIÑA DEL MAR	Receptado	10001841	24/08/2026 16:52:23	P5T	17	17	0	1/1/HKOOB37659899
49506	25/08/2026 01:05:56	PLANTA IDEAL	10033115	CEDIS IDE QUILICURA	Receptado	10032939	25/08/2026 01:34:46	BG	952	952	0	50/50/CHKL477687
49506	25/08/2026 01:05:56	PLANTA IDEAL	10033115	CEDIS IDE QUILICURA	Receptado	10032939	25/08/2026 01:34:46	P5T	16	16	0	50/50/CHKL477687
49507	25/08/2026 01:07:49	PLANTA IDEAL	10033115	CEDIS IDE QUILICURA	Receptado	10032939	25/08/2026 01:35:06	BG	1016	1016	0	50/50/CHKL477552
49507	25/08/2026 01:07:49	PLANTA IDEAL	10033115	CEDIS IDE QUILICURA	Receptado	10032939	25/08/2026 01:35:06	P5T	21	21	0	50/50/CHKL477552
49508	25/08/2026 01:08:56	PLANTA IDEAL	10033115	CEDIS IDE QUILICURA	Receptado	10032939	25/08/2026 01:35:20	BG	1269	1269	0	50/50/CHKL477648
49508	25/08/2026 01:08:56	PLANTA IDEAL	10033115	CEDIS IDE QUILICURA	Receptado	10032939	25/08/2026 01:35:20	P5T	19	19	0	50/50/CHKL477648
49509	25/08/2026 01:10:11	PLANTA IDEAL	10033115	CEDIS IDE QUILICURA	Receptado	10032939	25/08/2026 01:35:44	BCH	37	37	0	50/50/CHKL477628
49509	25/08/2026 01:10:11	PLANTA IDEAL	10033115	CEDIS IDE QUILICURA	Receptado	10032939	25/08/2026 01:35:44	BG	1014	1014	0	50/50/CHKL477628
49509	25/08/2026 01:10:11	PLANTA IDEAL	10033115	CEDIS IDE QUILICURA	Receptado	10032939	25/08/2026 01:35:44	P5T	19	19	0	50/50/CHKL477628
49515	25/08/2026 02:22:11	CEDIS IDE QUILICURA	10032939	SALON PEDRO DE VALDIVIA	Receptado	10000349	26/08/2026 19:20:09	BG	11	11	0	1/1/CHKO383707
49515	25/08/2026 02:22:11	CEDIS IDE QUILICURA	10032939	SALON PEDRO DE VALDIVIA	Receptado	10000349	26/08/2026 19:20:09	P5T	1	0	1	1/1/CHKO383707
49516	25/08/2026 02:26:52	CEDIS IDE QUILICURA	10032939	RANCAGUA	Receptado	10000032	25/08/2026 09:25:18	BCH	127	127	0	1/1/HKOOB37669708
49516	25/08/2026 02:26:52	CEDIS IDE QUILICURA	10032939	RANCAGUA	Receptado	10000032	25/08/2026 09:25:18	BG	987	987	0	1/1/HKOOB37669708
49516	25/08/2026 02:26:52	CEDIS IDE QUILICURA	10032939	RANCAGUA	Receptado	10000032	25/08/2026 09:25:18	P5T	16	16	0	1/1/HKOOB37669708
49517	25/08/2026 02:40:55	CEDIS IDE QUILICURA	10032939	PUERTO MONTT	Receptado	10001696	26/08/2026 10:50:27	BCH	3	3	0	1/1/HKOOB37669712
49517	25/08/2026 02:40:55	CEDIS IDE QUILICURA	10032939	PUERTO MONTT	Receptado	10001696	26/08/2026 10:50:27	BG	1240	1240	0	1/1/HKOOB37669712
49517	25/08/2026 02:40:55	CEDIS IDE QUILICURA	10032939	PUERTO MONTT	Receptado	10001696	26/08/2026 10:50:27	P5T	21	21	0	1/1/HKOOB37669712
49518	25/08/2026 02:53:19	ARICA	10154469	PLANTA IDEAL	Receptado	10033115	27/08/2026 03:55:54	BG	356	356	0	PJJV10/HGKF80/10535637
49518	25/08/2026 02:53:19	ARICA	10154469	PLANTA IDEAL	Receptado	10033115	27/08/2026 03:55:54	P5T	12	12	0	PJJV10/HGKF80/10535637
49519	25/08/2026 02:54:56	CEDIS IDE QUILICURA	10032939	PLANTA IDEAL	Receptado	10033115	25/08/2026 06:31:53	BG	1240	1240	0	1/1/CEDIS A PLANTA
49519	25/08/2026 02:54:56	CEDIS IDE QUILICURA	10032939	PLANTA IDEAL	Receptado	10033115	25/08/2026 06:31:53	P5T	20	20	0	1/1/CEDIS A PLANTA
49520	25/08/2026 02:55:24	ARICA	10154469	ECCOFEED SPA	Receptado	10487508	27/08/2026 10:04:33	BG	56	56	0	PJJV10/HGKF80/10535638
49520	25/08/2026 02:55:24	ARICA	10154469	ECCOFEED SPA	Receptado	10487508	27/08/2026 10:04:33	P5T	1	1	0	PJJV10/HGKF80/10535638
49521	25/08/2026 02:56:56	CEDIS IDE QUILICURA	10032939	PLANTA IDEAL	Receptado	10033115	25/08/2026 06:32:17	BG	1355	1355	0	1/1/CEDIS A PLANTA
49521	25/08/2026 02:56:56	CEDIS IDE QUILICURA	10032939	PLANTA IDEAL	Receptado	10033115	25/08/2026 06:32:17	P5T	20	20	0	1/1/CEDIS A PLANTA
49523	25/08/2026 03:19:35	CEDIS IDE QUILICURA	10032939	SALON EL CORTIJO	Receptado	10000989	25/08/2026 14:07:15	BG	10	10	0	1/1/CHKO383632
49523	25/08/2026 03:19:35	CEDIS IDE QUILICURA	10032939	SALON EL CORTIJO	Receptado	10000989	25/08/2026 14:07:15	P5T	1	0	1	1/1/CHKO383632
49548	25/08/2026 07:20:14	TALCA	10000096	ECCOFEED SPA	Receptado	10487508	27/08/2026 10:41:57	BG	205	205	0	LCTB 56/PTYJ 57/0
49548	25/08/2026 07:20:14	TALCA	10000096	ECCOFEED SPA	Receptado	10487508	27/08/2026 10:41:57	P5T	4	4	0	LCTB 56/PTYJ 57/0
49561	25/08/2026 08:09:39	VALDIVIA	10421004	ECCOFEED SPA	Receptado	10487508	02/09/2026 10:35:25	BG	188	188	0	PFBS11/0/10535654
49208	21/08/2026 08:00:30	VALDIVIA	10421004	PLANTA CHILLAN	Receptado	10000416	22/08/2026 11:16:21	BG	420	420	0	PSLY27/PWZP19/0
49208	21/08/2026 08:00:30	VALDIVIA	10421004	PLANTA CHILLAN	Receptado	10000416	22/08/2026 11:16:21	P5T	5	5	0	PSLY27/PWZP19/0
49212	21/08/2026 08:16:32	RANCAGUA	10000032	PLANTA IDEAL	Receptado	10033115	21/08/2026 11:41:19	BCH	7	7	0	CZYT-30/JH-3200/10535491
49212	21/08/2026 08:16:32	RANCAGUA	10000032	PLANTA IDEAL	Receptado	10033115	21/08/2026 11:41:19	BG	1203	1203	0	CZYT-30/JH-3200/10535491
49212	21/08/2026 08:16:32	RANCAGUA	10000032	PLANTA IDEAL	Receptado	10033115	21/08/2026 11:41:19	P5T	37	37	0	CZYT-30/JH-3200/10535491
49225	21/08/2026 11:00:24	PLANTA IDEAL	10033115	CEDIS IDE QUILICURA	Receptado	10000798	21/08/2026 12:01:55	BG	1248	1248	0	49/49/CHKL477448
49225	21/08/2026 11:00:24	PLANTA IDEAL	10033115	CEDIS IDE QUILICURA	Receptado	10000798	21/08/2026 12:01:55	P5T	18	18	0	49/49/CHKL477448
49232	21/08/2026 11:30:51	PLANTA IDEAL	10033115	CEDIS IDE QUILICURA	Receptado	10000798	21/08/2026 12:03:37	BG	480	480	0	50/50/CHKL477449
49232	21/08/2026 11:30:51	PLANTA IDEAL	10033115	CEDIS IDE QUILICURA	Receptado	10000798	21/08/2026 12:03:37	P5T	7	7	0	50/50/CHKL477449
49235	21/08/2026 12:11:52	PLANTA CHILLAN	10000416	CEDIS IDE QUILICURA	Receptado	10033023	22/08/2026 00:46:44	BG	1440	1440	0	LTGY82/HGKF99/CGAX00043482
49235	21/08/2026 12:11:52	PLANTA CHILLAN	10000416	CEDIS IDE QUILICURA	Receptado	10033023	22/08/2026 00:46:44	P5T	24	24	0	LTGY82/HGKF99/CGAX00043482
49480	24/08/2026 20:00:11	TALCA	10395252	PLANTA IDEAL	Receptado	10033115	25/08/2026 03:19:22	BCH	100	100	0	PFBS17/PWWC54/0
49480	24/08/2026 20:00:11	TALCA	10395252	PLANTA IDEAL	Receptado	10033115	25/08/2026 03:19:22	BG	1980	1980	0	PFBS17/PWWC54/0
49480	24/08/2026 20:00:11	TALCA	10395252	PLANTA IDEAL	Receptado	10033115	25/08/2026 03:19:22	P5T	23	23	0	PFBS17/PWWC54/0
49486	24/08/2026 20:38:39	EL PINAR	10149777	PLANTA IDEAL	Receptado	10033115	26/08/2026 05:02:55	BG	1056	1056	0	ideal/ideal/10535627
49486	24/08/2026 20:38:39	EL PINAR	10149777	PLANTA IDEAL	Receptado	10033115	26/08/2026 05:02:55	P5T	12	12	0	ideal/ideal/10535627
49494	24/08/2026 21:26:30	LO ESPEJO	10450102	ECCOFEED SPA	Receptado	10487508	27/08/2026 10:15:44	BG	551	551	0	IDEAL/IDEAL/10185521-22-23
49494	24/08/2026 21:26:30	LO ESPEJO	10450102	ECCOFEED SPA	Receptado	10487508	27/08/2026 10:15:44	P5T	10	10	0	IDEAL/IDEAL/10185521-22-23
49496	24/08/2026 21:37:55	CEDIS IDE QUILICURA	10033023	SAN FERNANDO	Receptado	10004891	25/08/2026 09:16:58	BCH	25	25	0	FHDT82/JJ4817/HKOOB37669681
49496	24/08/2026 21:37:55	CEDIS IDE QUILICURA	10033023	SAN FERNANDO	Receptado	10004891	25/08/2026 09:16:58	BG	1145	1145	0	FHDT82/JJ4817/HKOOB37669681
49496	24/08/2026 21:37:55	CEDIS IDE QUILICURA	10033023	SAN FERNANDO	Receptado	10004891	25/08/2026 09:16:58	P5T	19	19	0	FHDT82/JJ4817/HKOOB37669681
49596	25/08/2026 13:47:07	CEDIS IDE QUILICURA	10001100	GRANDES CLIENTES	Receptado	10001251	26/08/2026 01:02:20	BCH	1201	1201	0	1/1/CHKO383633
49596	25/08/2026 13:47:07	CEDIS IDE QUILICURA	10001100	GRANDES CLIENTES	Receptado	10001251	26/08/2026 01:02:20	BG	5350	5350	0	1/1/CHKO383633
49596	25/08/2026 13:47:07	CEDIS IDE QUILICURA	10001100	GRANDES CLIENTES	Receptado	10001251	26/08/2026 01:02:20	P5T	126	126	0	1/1/CHKO383633
49597	25/08/2026 13:32:02	GRANDES CLIENTES	10001302	PLANTA IDEAL	Receptado	10000427	25/08/2026 16:38:31	BG	360	480	-120	HXDF11/HXDF11/10535701
49597	25/08/2026 13:32:02	GRANDES CLIENTES	10001302	PLANTA IDEAL	Receptado	10000427	25/08/2026 16:38:31	P5T	109	113	-4	HXDF11/HXDF11/10535701
49597	25/08/2026 13:32:02	GRANDES CLIENTES	10001302	PLANTA IDEAL	Receptado	10000427	25/08/2026 16:38:31	BCH	1200	1200	0	HXDF11/HXDF11/10535701
49688	26/08/2026 06:11:42	PLANTA IDEAL	10033115	CEDIS IDE QUILICURA	Receptado	10032939	26/08/2026 06:25:43	BG	1200	1200	0	50/50/CHKL477729
49688	26/08/2026 06:11:42	PLANTA IDEAL	10033115	CEDIS IDE QUILICURA	Receptado	10032939	26/08/2026 06:25:43	P5T	22	22	0	50/50/CHKL477729
49689	26/08/2026 06:13:18	PLANTA IDEAL	10033115	CEDIS IDE QUILICURA	Receptado	10032939	26/08/2026 06:25:57	BG	1308	1308	0	50/50/CHKL477711
49689	26/08/2026 06:13:18	PLANTA IDEAL	10033115	CEDIS IDE QUILICURA	Receptado	10032939	26/08/2026 06:25:57	P5T	21	21	0	50/50/CHKL477711
49690	26/08/2026 06:14:57	PLANTA IDEAL	10033115	CEDIS IDE QUILICURA	Receptado	10032939	26/08/2026 06:26:15	BG	648	648	0	50/50/CHKL477712
49690	26/08/2026 06:14:57	PLANTA IDEAL	10033115	CEDIS IDE QUILICURA	Receptado	10032939	26/08/2026 06:26:15	P5T	13	13	0	50/50/CHKL477712
49691	26/08/2026 06:16:59	PLANTA IDEAL	10033115	CEDIS IDE QUILICURA	Receptado	10032939	26/08/2026 06:26:30	BG	1212	1212	0	50/50/CHKL477639
49691	26/08/2026 06:16:59	PLANTA IDEAL	10033115	CEDIS IDE QUILICURA	Receptado	10032939	26/08/2026 06:26:30	P5T	22	22	0	50/50/CHKL477639
49692	26/08/2026 06:22:50	CEDIS IDE QUILICURA	10032939	LO ESPEJO	Receptado	10461749	27/08/2026 04:14:38	BG	1440	1440	0	1/1/HKOOB37676186
49692	26/08/2026 06:22:50	CEDIS IDE QUILICURA	10032939	LO ESPEJO	Receptado	10461749	27/08/2026 04:14:38	P5T	24	24	0	1/1/HKOOB37676186
49693	26/08/2026 06:40:39	LOS ANDES	10486010	ECCOFEED SPA	Receptado	10487508	27/08/2026 10:13:47	BG	127	127	0	FHDT-82/FHDT-82/11736658
49693	26/08/2026 06:40:39	LOS ANDES	10486010	ECCOFEED SPA	Receptado	10487508	27/08/2026 10:13:47	P5T	3	3	0	FHDT-82/FHDT-82/11736658
49694	26/08/2026 06:49:37	LOS ANDES	10486010	PLANTA IDEAL	Receptado	10001082	26/08/2026 13:01:20	BG	928	624	304	FHDT-82/FHDT-82/10535732
49694	26/08/2026 06:49:37	LOS ANDES	10486010	PLANTA IDEAL	Receptado	10001082	26/08/2026 13:01:20	P5T	32	19	13	FHDT-82/FHDT-82/10535732
49695	26/08/2026 07:23:48	MELIPILLA	10291937	PLANTA IDEAL	Receptado	10000427	27/08/2026 19:20:59	BCH	11	11	0	JH2894/-/10535718
49695	26/08/2026 07:23:48	MELIPILLA	10291937	PLANTA IDEAL	Receptado	10000427	27/08/2026 19:20:59	BG	872	872	0	JH2894/-/10535718
49695	26/08/2026 07:23:48	MELIPILLA	10291937	PLANTA IDEAL	Receptado	10000427	27/08/2026 19:20:59	P5T	9	9	0	JH2894/-/10535718
49696	26/08/2026 07:25:53	TALCA	10000096	ECCOFEED SPA	Receptado	10487508	27/08/2026 10:42:16	BG	178	178	0	PSLY 27/PWZP 19/0
49696	26/08/2026 07:25:53	TALCA	10000096	ECCOFEED SPA	Receptado	10487508	27/08/2026 10:42:16	P5T	4	4	0	PSLY 27/PWZP 19/0
49697	26/08/2026 07:27:30	TALCA	10000096	PLANTA IDEAL	Receptado	10001082	26/08/2026 13:43:35	BG	360	360	0	PSLY 27/PWZP 19/0
49697	26/08/2026 07:27:30	TALCA	10000096	PLANTA IDEAL	Receptado	10001082	26/08/2026 13:43:35	P5T	4	4	0	PSLY 27/PWZP 19/0
49698	26/08/2026 07:29:10	MELIPILLA	10291937	ECCOFEED SPA	Receptado	10487508	02/09/2026 10:36:00	BG	104	104	0	JH2894/-/1266042-043
49698	26/08/2026 07:29:10	MELIPILLA	10291937	ECCOFEED SPA	Receptado	10487508	02/09/2026 10:36:00	P5T	2	2	0	JH2894/-/1266042-043
49699	26/08/2026 07:37:05	CHILLAN	10301699	PLANTA CHILLAN	Receptado	10000416	26/08/2026 10:27:01	BG	947	947	0	PGKD18/PWZP17/10535717
49699	26/08/2026 07:37:05	CHILLAN	10301699	PLANTA CHILLAN	Receptado	10000416	26/08/2026 10:27:01	P5T	11	11	0	PGKD18/PWZP17/10535717
47893	08/08/2026 08:27:35	PLANTA IDEAL	10001082	CEDIS IDE QUILICURA	Receptado	10033023	08/08/2026 18:50:03	BG	1226	1226	0	1/1/CHKL476552
47893	08/08/2026 08:27:35	PLANTA IDEAL	10001082	CEDIS IDE QUILICURA	Receptado	10033023	08/08/2026 18:50:03	P5T	17	17	0	1/1/CHKL476552
47940	08/08/2026 16:43:34	LO ESPEJO	10458156	PLANTA IDEAL	Receptado	10033115	09/08/2026 01:10:27	BG	693	693	0	IDEAL/IDEAL/IDEAL
47940	08/08/2026 16:43:34	LO ESPEJO	10458156	PLANTA IDEAL	Receptado	10033115	09/08/2026 01:10:27	P5T	5	5	0	IDEAL/IDEAL/IDEAL
47951	08/08/2026 19:32:44	PLANTA IDEAL	10000427	CEDIS IDE QUILICURA	Receptado	10033023	08/08/2026 20:23:20	BG	1094	1094	0	JKKJ 26/KYLZ 24/CHKL476630
47951	08/08/2026 19:32:44	PLANTA IDEAL	10000427	CEDIS IDE QUILICURA	Receptado	10033023	08/08/2026 20:23:20	P5T	18	18	0	JKKJ 26/KYLZ 24/CHKL476630
48076	10/08/2026 23:27:32	GRANDES CLIENTES	10001251	PLANTA IDEAL	Receptado	10001082	11/08/2026 00:18:31	BG	1200	1200	0	0/0/10534875
48076	10/08/2026 23:27:32	GRANDES CLIENTES	10001251	PLANTA IDEAL	Receptado	10001082	11/08/2026 00:18:31	P5T	10	10	0	0/0/10534875
48078	10/08/2026 23:43:37	CEDIS IDE QUILICURA	10001100	LO ESPEJO	Receptado	10461749	11/08/2026 07:41:39	BCH	5	5	0	1/1/HKOOB37592386
49106	20/08/2026 10:52:27	CEDIS IDE QUILICURA	10032939	CONCEPCION	Receptado	10001026	21/08/2026 07:56:11	BG	1179	1179	0	1/1/HKOOB37644508
49106	20/08/2026 10:52:27	CEDIS IDE QUILICURA	10032939	CONCEPCION	Receptado	10001026	21/08/2026 07:56:11	P5T	20	20	0	1/1/HKOOB37644508
49113	20/08/2026 12:49:06	PLANTA IDEAL	10033115	CEDIS IDE QUILICURA	Receptado	10032939	20/08/2026 13:39:17	BG	1308	1308	0	49/49/CHKL477387
49113	20/08/2026 12:49:06	PLANTA IDEAL	10033115	CEDIS IDE QUILICURA	Receptado	10032939	20/08/2026 13:39:17	P5T	17	17	0	49/49/CHKL477387
49115	20/08/2026 13:05:48	PLANTA IDEAL	10033115	CEDIS IDE QUILICURA	Receptado	10032939	20/08/2026 13:39:44	BG	1176	1176	0	50/50/CHKL477406
49115	20/08/2026 13:05:48	PLANTA IDEAL	10033115	CEDIS IDE QUILICURA	Receptado	10032939	20/08/2026 13:39:44	P5T	18	18	0	50/50/CHKL477406
49119	20/08/2026 13:11:59	PLANTA IDEAL	10033115	CEDIS IDE QUILICURA	Receptado	10032939	20/08/2026 13:41:27	BG	1120	1120	0	50/50/CHKL477426
49119	20/08/2026 13:11:59	PLANTA IDEAL	10033115	CEDIS IDE QUILICURA	Receptado	10032939	20/08/2026 13:41:27	P5T	16	16	0	50/50/CHKL477426
49120	20/08/2026 13:13:20	PLANTA IDEAL	10033115	CEDIS IDE QUILICURA	Receptado	10032939	20/08/2026 13:41:41	BG	804	804	0	50/50/CHKL477320
49120	20/08/2026 13:13:20	PLANTA IDEAL	10033115	CEDIS IDE QUILICURA	Receptado	10032939	20/08/2026 13:41:41	P5T	10	10	0	50/50/CHKL477320
49123	20/08/2026 13:38:46	PLANTA IDEAL	10033115	CEDIS IDE QUILICURA	Receptado	10032939	20/08/2026 13:42:12	BG	820	820	0	49/49/CHKL477425
49123	20/08/2026 13:38:46	PLANTA IDEAL	10033115	CEDIS IDE QUILICURA	Receptado	10032939	20/08/2026 13:42:12	P5T	15	15	0	49/49/CHKL477425
49292	21/08/2026 22:38:51	PLANTA CHILLAN	10000416	CEDIS IDE QUILICURA	Receptado	10033023	24/08/2026 16:30:56	BG	1410	1410	0	PGKD18/PWZP17/CGAX00043562
49292	21/08/2026 22:38:51	PLANTA CHILLAN	10000416	CEDIS IDE QUILICURA	Receptado	10033023	24/08/2026 16:30:56	P5T	24	24	0	PGKD18/PWZP17/CGAX00043562
49304	22/08/2026 01:24:26	CEDIS IDE QUILICURA	10033023	GRANDES CLIENTES	Receptado	10454172	22/08/2026 03:10:23	BCH	252	252	0	,/,/CHKO383565
49304	22/08/2026 01:24:26	CEDIS IDE QUILICURA	10033023	GRANDES CLIENTES	Receptado	10454172	22/08/2026 03:10:23	BG	80	80	0	,/,/CHKO383565
49304	22/08/2026 01:24:26	CEDIS IDE QUILICURA	10033023	GRANDES CLIENTES	Receptado	10454172	22/08/2026 03:10:23	P5T	5	5	0	,/,/CHKO383565
49305	22/08/2026 01:33:59	PLANTA IDEAL	10000427	CEDIS IDE QUILICURA	Receptado	10033023	22/08/2026 02:04:24	BG	1272	1272	0	JKKG 89/KYLZ 25/CHKL477455
49305	22/08/2026 01:33:59	PLANTA IDEAL	10000427	CEDIS IDE QUILICURA	Receptado	10033023	22/08/2026 02:04:24	P5T	21	21	0	JKKG 89/KYLZ 25/CHKL477455
49306	22/08/2026 01:38:55	CEDIS IDE QUILICURA	10033023	LO ESPEJO	Receptado	10461749	24/08/2026 05:43:15	BG	1105	1105	0	VRZL40/PWVX27/HKOOB37653056
49306	22/08/2026 01:38:55	CEDIS IDE QUILICURA	10033023	LO ESPEJO	Receptado	10461749	24/08/2026 05:43:15	P5T	18	18	0	VRZL40/PWVX27/HKOOB37653056
49307	22/08/2026 02:01:54	CEDIS IDE QUILICURA	10033023	SALON LO ESPEJO	Receptado	10000848	24/08/2026 14:44:25	BG	30	32	-2	,/,/CHKO383323
49307	22/08/2026 02:01:54	CEDIS IDE QUILICURA	10033023	SALON LO ESPEJO	Receptado	10000848	24/08/2026 14:44:25	P5T	1	0	1	,/,/CHKO383323
49438	24/08/2026 13:46:43	CEDIS IDE QUILICURA	10001100	ANTOFAGASTA	Receptado	10299402	25/08/2026 21:20:22	BCH	120	120	0	1/1/HKOOB37659149
49438	24/08/2026 13:46:43	CEDIS IDE QUILICURA	10001100	ANTOFAGASTA	Receptado	10299402	25/08/2026 21:20:22	BG	1378	1378	0	1/1/HKOOB37659149
49438	24/08/2026 13:46:43	CEDIS IDE QUILICURA	10001100	ANTOFAGASTA	Receptado	10299402	25/08/2026 21:20:22	P5T	30	30	0	1/1/HKOOB37659149
49445	24/08/2026 14:29:00	SALON QUILICURA	10000981	QUILICURA	Receptado	101196341	24/08/2026 17:51:54	BG	31	31	0	0/0/0
49449	24/08/2026 14:51:07	SALON LO ESPEJO	10000848	LO ESPEJO	Receptado	10461749	25/08/2026 06:03:43	BG	32	32	0	0/0/0
49461	24/08/2026 18:01:21	CEDIS IDE QUILICURA	10033023	PLANTA IDEAL	Receptado	10033115	25/08/2026 03:17:11	BCH	100	100	0	,/,/,
49461	24/08/2026 18:01:21	CEDIS IDE QUILICURA	10033023	PLANTA IDEAL	Receptado	10033115	25/08/2026 03:17:11	BG	600	600	0	,/,/,
49461	24/08/2026 18:01:21	CEDIS IDE QUILICURA	10033023	PLANTA IDEAL	Receptado	10033115	25/08/2026 03:17:11	P5T	8	8	0	,/,/,
49462	24/08/2026 18:17:05	GRANDES CLIENTES	10001302	PLANTA IDEAL	Receptado	10000427	24/08/2026 20:30:16	BG	1200	1200	0	PWVX27/PWVX27/10535621
49462	24/08/2026 18:17:05	GRANDES CLIENTES	10001302	PLANTA IDEAL	Receptado	10000427	24/08/2026 20:30:16	P5T	10	10	0	PWVX27/PWVX27/10535621
49470	24/08/2026 19:02:22	PLANTA IDEAL	10000427	CEDIS IDE QUILICURA	Receptado	10033023	24/08/2026 19:04:21	BG	1140	1140	0	FYLB 83/KYLZ 25/CHKL477668
49470	24/08/2026 19:02:22	PLANTA IDEAL	10000427	CEDIS IDE QUILICURA	Receptado	10033023	24/08/2026 19:04:21	P5T	16	16	0	FYLB 83/KYLZ 25/CHKL477668
49472	24/08/2026 19:21:31	LO ESPEJO	10458156	PLANTA IDEAL	Receptado	10000427	24/08/2026 20:23:25	BG	1680	1460	220	IDEAL/IDEAL/IDEAL
49472	24/08/2026 19:21:31	LO ESPEJO	10458156	PLANTA IDEAL	Receptado	10000427	24/08/2026 20:23:25	P5T	17	17	0	IDEAL/IDEAL/IDEAL
49485	24/08/2026 20:22:24	CEDIS IDE QUILICURA	10033023	CONCEPCION	Receptado	10001026	25/08/2026 08:09:52	BCH	107	107	0	 VJWL64 /PXKH32/HKOOB37659141
49485	24/08/2026 20:22:24	CEDIS IDE QUILICURA	10033023	CONCEPCION	Receptado	10001026	25/08/2026 08:09:52	BG	1375	1375	0	 VJWL64 /PXKH32/HKOOB37659141
49485	24/08/2026 20:22:24	CEDIS IDE QUILICURA	10033023	CONCEPCION	Receptado	10001026	25/08/2026 08:09:52	P5T	26	26	0	 VJWL64 /PXKH32/HKOOB37659141
49488	24/08/2026 20:53:21	PLANTA IDEAL	10000427	CEDIS IDE QUILICURA	Receptado	10033023	24/08/2026 21:19:36	BG	1196	1196	0	dbls 59/KYLZ 24/CHKL477551
49488	24/08/2026 20:53:21	PLANTA IDEAL	10000427	CEDIS IDE QUILICURA	Receptado	10033023	24/08/2026 21:19:36	P5T	22	22	0	dbls 59/KYLZ 24/CHKL477551
49490	24/08/2026 20:55:06	EL PINAR	10149777	ECCOFEED SPA	Receptado	10487508	27/08/2026 10:15:29	BG	141	141	0	ideal/ideal/12579519
49490	24/08/2026 20:55:06	EL PINAR	10149777	ECCOFEED SPA	Receptado	10487508	27/08/2026 10:15:29	P5T	3	3	0	ideal/ideal/12579519
49493	24/08/2026 21:25:57	CEDIS IDE QUILICURA	10033023	QUILICURA	Receptado	10397048	31/08/2026 08:49:00	BG	120	120	0	,/,/CHKO383626
49498	24/08/2026 21:50:22	CEDIS IDE QUILICURA	10033023	LO ESPEJO	Receptado	10461749	25/08/2026 06:04:03	BG	844	844	0	IDEAL/HXDF-12/HKOOB37659892
49498	24/08/2026 21:50:22	CEDIS IDE QUILICURA	10033023	LO ESPEJO	Receptado	10461749	25/08/2026 06:04:03	P5T	11	11	0	IDEAL/HXDF-12/HKOOB37659892
49502	24/08/2026 23:59:02	CEDIS IDE QUILICURA	10032939	PLANTA IDEAL	Receptado	10033115	25/08/2026 03:16:07	BG	1214	1214	0	1/1/CEDIS A PLANTA
49502	24/08/2026 23:59:02	CEDIS IDE QUILICURA	10032939	PLANTA IDEAL	Receptado	10033115	25/08/2026 03:16:07	P5T	20	20	0	1/1/CEDIS A PLANTA
49511	25/08/2026 01:13:06	CEDIS IDE QUILICURA	10032939	SALON QUILICURA	Receptado	10000981	26/08/2026 11:21:21	BG	30	30	0	1/1/CHKO383706
49511	25/08/2026 01:13:06	CEDIS IDE QUILICURA	10032939	SALON QUILICURA	Receptado	10000981	26/08/2026 11:21:21	P5T	1	0	1	1/1/CHKO383706
49551	25/08/2026 07:41:21	TEMUCO	10344423	PLANTA CHILLAN	Receptado	10000416	25/08/2026 11:35:39	BCH	173	173	0	PFBS15 /KYRC26 /10535648
49551	25/08/2026 07:41:21	TEMUCO	10344423	PLANTA CHILLAN	Receptado	10000416	25/08/2026 11:35:39	BG	1748	1551	197	PFBS15 /KYRC26 /10535648
49551	25/08/2026 07:41:21	TEMUCO	10344423	PLANTA CHILLAN	Receptado	10000416	25/08/2026 11:35:39	P5T	27	27	0	PFBS15 /KYRC26 /10535648
49569	25/08/2026 08:40:23	LOS ANGELES	172705782	ECCOFEED SPA	Receptado	10487508	02/09/2026 10:31:37	BG	149	149	0	LTGY82/PWZH34/1
49569	25/08/2026 08:40:23	LOS ANGELES	172705782	ECCOFEED SPA	Receptado	10487508	02/09/2026 10:31:37	P5T	3	3	0	LTGY82/PWZH34/1
49573	25/08/2026 09:06:04	PLANTA IDEAL	10001082	CEDIS IDE QUILICURA	Receptado	10001100	25/08/2026 13:03:39	BG	1032	1032	0	1/1/CHKL477632
49573	25/08/2026 09:06:04	PLANTA IDEAL	10001082	CEDIS IDE QUILICURA	Receptado	10001100	25/08/2026 13:03:39	P5T	19	19	0	1/1/CHKL477632
49577	25/08/2026 09:39:52	CEDIS IDE QUILICURA	10001100	ANTOFAGASTA	Receptado	10299402	26/08/2026 19:49:04	BCH	226	226	0	1/1/HKOOB37669996
49577	25/08/2026 09:39:52	CEDIS IDE QUILICURA	10001100	ANTOFAGASTA	Receptado	10299402	26/08/2026 19:49:04	BG	1473	1473	0	1/1/HKOOB37669996
49577	25/08/2026 09:39:52	CEDIS IDE QUILICURA	10001100	ANTOFAGASTA	Receptado	10299402	26/08/2026 19:49:04	P5T	20	20	0	1/1/HKOOB37669996
49580	25/08/2026 11:14:27	IQUIQUE	10012419	ECCOFEED SPA	Receptado	10487508	27/08/2026 10:06:31	BG	101	101	0	PSLY-21/PTYJ-59/ 8419855
47847	08/08/2026 00:23:48	CEDIS IDE QUILICURA	10161182	PLANTA IDEAL	Receptado	10033115	08/08/2026 01:01:01	BG	1448	1448	0	1/1/1
47847	08/08/2026 00:23:48	CEDIS IDE QUILICURA	10161182	PLANTA IDEAL	Receptado	10033115	08/08/2026 01:01:01	P5T	20	20	0	1/1/1
47870	08/08/2026 04:45:46	CEDIS IDE QUILICURA	10161182	TEMUCO	Receptado	10344423	10/08/2026 07:42:27	BCH	62	62	0	RFZY99/PWVG98/HKOOB37584728
47870	08/08/2026 04:45:46	CEDIS IDE QUILICURA	10161182	TEMUCO	Receptado	10344423	10/08/2026 07:42:27	BG	957	957	0	RFZY99/PWVG98/HKOOB37584728
47870	08/08/2026 04:45:46	CEDIS IDE QUILICURA	10161182	TEMUCO	Receptado	10344423	10/08/2026 07:42:27	P5T	14	14	0	RFZY99/PWVG98/HKOOB37584728
47871	08/08/2026 04:56:52	PLANTA IDEAL	10033115	CEDIS IDE QUILICURA	Receptado	10161182	08/08/2026 07:41:30	BG	1116	1116	0	49/49/CHKL476607
47871	08/08/2026 04:56:52	PLANTA IDEAL	10033115	CEDIS IDE QUILICURA	Receptado	10161182	08/08/2026 07:41:30	P5T	20	20	0	49/49/CHKL476607
47876	08/08/2026 05:45:33	CEDIS IDE QUILICURA	10161182	MELIPILLA	Receptado	10291937	08/08/2026 11:26:23	BCH	9	8	1	TVTD89/PXJD34/HKOOB37584531
47876	08/08/2026 05:45:33	CEDIS IDE QUILICURA	10161182	MELIPILLA	Receptado	10291937	08/08/2026 11:26:23	BG	588	557	31	TVTD89/PXJD34/HKOOB37584531
47876	08/08/2026 05:45:33	CEDIS IDE QUILICURA	10161182	MELIPILLA	Receptado	10291937	08/08/2026 11:26:23	P5T	9	23	-14	TVTD89/PXJD34/HKOOB37584531
47878	08/08/2026 05:57:42	CEDIS IDE QUILICURA	10161182	RANCAGUA	Receptado	10000032	08/08/2026 08:33:02	BG	1219	1219	0	DRPH69/JJ4819/HKOOB37584537
47878	08/08/2026 05:57:42	CEDIS IDE QUILICURA	10161182	RANCAGUA	Receptado	10000032	08/08/2026 08:33:02	P5T	21	21	0	DRPH69/JJ4819/HKOOB37584537
47879	08/08/2026 06:13:46	CEDIS IDE QUILICURA	10161182	CONCEPCION	Receptado	10001026	10/08/2026 08:22:08	BG	820	820	0	VJWL64/PXKH32/HKOOB37584730
47879	08/08/2026 06:13:46	CEDIS IDE QUILICURA	10161182	CONCEPCION	Receptado	10001026	10/08/2026 08:22:08	P5T	12	12	0	VJWL64/PXKH32/HKOOB37584730
47881	08/08/2026 06:49:32	LO ESPEJO	10461749	PLANTA IDEAL	Receptado	10033115	09/08/2026 02:41:19	BG	672	672	0	001/001/10534796
47881	08/08/2026 06:49:32	LO ESPEJO	10461749	PLANTA IDEAL	Receptado	10033115	09/08/2026 02:41:19	P5T	6	6	0	001/001/10534796
47892	08/08/2026 08:17:46	COPIAPO	10405300	ECCOFEED SPA	Receptado	10487508	09/08/2026 11:15:39	BG	100	100	0	PFBS12/PWZH30/8615479
47892	08/08/2026 08:17:46	COPIAPO	10405300	ECCOFEED SPA	Receptado	10487508	09/08/2026 11:15:39	P5T	2	2	0	PFBS12/PWZH30/8615479
47894	08/08/2026 08:35:07	PLANTA IDEAL	10001082	CEDIS IDE QUILICURA	Receptado	10033023	08/08/2026 18:49:51	BG	600	600	0	1/1/CHKL476519
47894	08/08/2026 08:35:07	PLANTA IDEAL	10001082	CEDIS IDE QUILICURA	Receptado	10033023	08/08/2026 18:49:51	P5T	14	14	0	1/1/CHKL476519
47896	08/08/2026 08:42:00	PUERTO MONTT	10001696	ECCOFEED SPA	Receptado	10487508	14/08/2026 08:51:44	BG	169	169	0	PGKD-17/PWVG-98/8266045-46-47
47896	08/08/2026 08:42:00	PUERTO MONTT	10001696	ECCOFEED SPA	Receptado	10487508	14/08/2026 08:51:44	P5T	4	4	0	PGKD-17/PWVG-98/8266045-46-47
47897	08/08/2026 08:42:11	COPIAPO	10405300	PLANTA IDEAL	Receptado	10033115	09/08/2026 01:49:32	BG	1924	1924	0	PFBS12/PWZH30/10534802
47897	08/08/2026 08:42:11	COPIAPO	10405300	PLANTA IDEAL	Receptado	10033115	09/08/2026 01:49:32	P5T	32	32	0	PFBS12/PWZH30/10534802
47901	08/08/2026 09:10:42	PLANTA IDEAL	10001082	CEDIS IDE QUILICURA	Receptado	10033023	08/08/2026 18:49:36	BG	1200	1200	0	1/1/CHKL476482
47901	08/08/2026 09:10:42	PLANTA IDEAL	10001082	CEDIS IDE QUILICURA	Receptado	10033023	08/08/2026 18:49:36	P5T	20	20	0	1/1/CHKL476482
47910	08/08/2026 10:24:57	ECCOFEED SPA	10487508	PLANTA IDEAL	Receptado	10487508	08/08/2026 10:45:33	BCH	1	1	0	0/0/0
47910	08/08/2026 10:24:57	ECCOFEED SPA	10487508	PLANTA IDEAL	Receptado	10487508	08/08/2026 10:45:33	BG	16578	16578	0	0/0/0
47910	08/08/2026 10:24:57	ECCOFEED SPA	10487508	PLANTA IDEAL	Receptado	10487508	08/08/2026 10:45:33	P5T	232	232	0	0/0/0
47918	08/08/2026 13:12:34	CEDIS IDE QUILICURA	10033023	LO ESPEJO	Receptado	10458156	08/08/2026 16:04:38	BG	1087	1087	0	RZVS88/HXDF12/HKOOB37584714
47918	08/08/2026 13:12:34	CEDIS IDE QUILICURA	10033023	LO ESPEJO	Receptado	10458156	08/08/2026 16:04:38	P5T	14	14	0	RZVS88/HXDF12/HKOOB37584714
47927	08/08/2026 14:19:05	CEDIS IDE QUILICURA	10033023	LOS ANDES	Cancelado			BCH	66	0	66	JKHC71/JL6745/HKOOB37584523
47927	08/08/2026 14:19:05	CEDIS IDE QUILICURA	10033023	LOS ANDES	Cancelado			BG	313	0	313	JKHC71/JL6745/HKOOB37584523
47927	08/08/2026 14:19:05	CEDIS IDE QUILICURA	10033023	LOS ANDES	Cancelado			P5T	8	0	8	JKHC71/JL6745/HKOOB37584523
47932	08/08/2026 15:30:38	PLANTA IDEAL	10000427	CEDIS IDE QUILICURA	Receptado	10033023	08/08/2026 18:47:25	P5T	13	13	0	JKKJ 26/KYLZ 24/CHKL476627
48998	19/08/2026 14:35:13	SALON LO ESPEJO	10000848	LO ESPEJO	Receptado	10461749	20/08/2026 03:46:39	BG	39	39	0	0/0/0
49002	19/08/2026 14:57:34	SALON PEDRO DE VALDIVIA	10000349	QUILICURA	Receptado	101196341	19/08/2026 20:13:41	BG	17	17	0	0/0/0
49259	21/08/2026 17:40:21	CEDIS IDE QUILICURA	10001100	SAN FERNANDO	Receptado	10004891	22/08/2026 07:09:15	BCH	21	21	0	1/1/HKOOB37650381
49259	21/08/2026 17:40:21	CEDIS IDE QUILICURA	10001100	SAN FERNANDO	Receptado	10004891	22/08/2026 07:09:15	BG	1302	1297	5	1/1/HKOOB37650381
49259	21/08/2026 17:40:21	CEDIS IDE QUILICURA	10001100	SAN FERNANDO	Receptado	10004891	22/08/2026 07:09:15	P5T	17	17	0	1/1/HKOOB37650381
49264	21/08/2026 17:49:06	PLANTA IDEAL	10001082	CEDIS IDE QUILICURA	Receptado	10001100	21/08/2026 18:45:53	BG	1201	1201	0	1/1/CHKL477344
49264	21/08/2026 17:49:06	PLANTA IDEAL	10001082	CEDIS IDE QUILICURA	Receptado	10001100	21/08/2026 18:45:53	P5T	22	22	0	1/1/CHKL477344
49267	21/08/2026 19:12:23	PLANTA IDEAL	10001082	CEDIS IDE QUILICURA	Receptado	10001100	21/08/2026 20:37:00	BG	1212	1212	0	1/1/CHKL477451
49267	21/08/2026 19:12:23	PLANTA IDEAL	10001082	CEDIS IDE QUILICURA	Receptado	10001100	21/08/2026 20:37:00	P5T	19	19	0	1/1/CHKL477451
49270	21/08/2026 19:23:54	PLANTA IDEAL	10001082	CEDIS IDE QUILICURA	Receptado	10001100	21/08/2026 20:37:32	BCH	800	800	0	1/1/CHKL477342
49270	21/08/2026 19:23:54	PLANTA IDEAL	10001082	CEDIS IDE QUILICURA	Receptado	10001100	21/08/2026 20:37:32	BG	696	696	0	1/1/CHKL477342
49270	21/08/2026 19:23:54	PLANTA IDEAL	10001082	CEDIS IDE QUILICURA	Receptado	10001100	21/08/2026 20:37:32	P5T	22	22	0	1/1/CHKL477342
49273	21/08/2026 19:52:53	PLANTA IDEAL	10001082	CEDIS IDE QUILICURA	Receptado	10001100	21/08/2026 20:37:55	BG	756	756	0	1/1/CHKL477506
49273	21/08/2026 19:52:53	PLANTA IDEAL	10001082	CEDIS IDE QUILICURA	Receptado	10001100	21/08/2026 20:37:55	P5T	19	19	0	1/1/CHKL477506
49288	21/08/2026 22:01:38	EL PINAR	10149777	PLANTA IDEAL	Receptado	10001082	22/08/2026 15:35:47	BG	1584	1400	184	ideal/ideal/10535544
49288	21/08/2026 22:01:38	EL PINAR	10149777	PLANTA IDEAL	Receptado	10001082	22/08/2026 15:35:47	P5T	18	17	1	ideal/ideal/10535544
49289	21/08/2026 22:01:53	QUILICURA	10001353	ECCOFEED SPA	Receptado	10487508	25/08/2026 17:12:54	BG	264	264	0	NN/NN/NN
49289	21/08/2026 22:01:53	QUILICURA	10001353	ECCOFEED SPA	Receptado	10487508	25/08/2026 17:12:54	P5T	5	5	0	NN/NN/NN
49290	21/08/2026 22:03:33	QUILICURA	10001353	GRANDES CLIENTES	Receptado	101196341	24/08/2026 17:52:24	BG	1200	1200	0	NN/NN/NN
49290	21/08/2026 22:03:33	QUILICURA	10001353	GRANDES CLIENTES	Receptado	101196341	24/08/2026 17:52:24	P5T	10	10	0	NN/NN/NN
49465	24/08/2026 18:57:42	PLANTA IDEAL	10000427	CEDIS IDE QUILICURA	Receptado	10033023	24/08/2026 19:03:24	BG	1320	1320	0	DBLS 59/KYLZ 24/CHKL477665
49465	24/08/2026 18:57:42	PLANTA IDEAL	10000427	CEDIS IDE QUILICURA	Receptado	10033023	24/08/2026 19:03:24	P5T	22	22	0	DBLS 59/KYLZ 24/CHKL477665
49467	24/08/2026 18:59:59	PLANTA IDEAL	10000427	CEDIS IDE QUILICURA	Receptado	10033023	24/08/2026 19:03:51	BG	1164	1164	0	FYLB 83/KYLZ 25/CHKL477666
49467	24/08/2026 18:59:59	PLANTA IDEAL	10000427	CEDIS IDE QUILICURA	Receptado	10033023	24/08/2026 19:03:51	P5T	22	22	0	FYLB 83/KYLZ 25/CHKL477666
49492	24/08/2026 21:17:54	CEDIS IDE QUILICURA	10033023	GRANDES CLIENTES	Receptado	10001251	25/08/2026 03:17:07	BCH	56	56	0	,/,/CHKO383666
49492	24/08/2026 21:17:54	CEDIS IDE QUILICURA	10033023	GRANDES CLIENTES	Receptado	10001251	25/08/2026 03:17:07	BG	836	836	0	,/,/CHKO383666
49492	24/08/2026 21:17:54	CEDIS IDE QUILICURA	10033023	GRANDES CLIENTES	Receptado	10001251	25/08/2026 03:17:07	P5T	27	27	0	,/,/CHKO383666
49497	24/08/2026 21:47:01	CEDIS IDE QUILICURA	10033023	SALON LO ESPEJO	Cancelado			BG	844	0	844	IDEAL/HXDF-12/HKOOB37659892
49497	24/08/2026 21:47:01	CEDIS IDE QUILICURA	10033023	SALON LO ESPEJO	Cancelado			P5T	11	0	11	IDEAL/HXDF-12/HKOOB37659892
49526	25/08/2026 03:54:29	CEDIS IDE QUILICURA	10032939	LA SERENA	Receptado	10444394	26/08/2026 08:36:29	BG	273	273	0	1/1/HKOOB37669745
49526	25/08/2026 03:54:29	CEDIS IDE QUILICURA	10032939	LA SERENA	Receptado	10444394	26/08/2026 08:36:29	P5T	4	4	0	1/1/HKOOB37669745
49529	25/08/2026 04:23:26	CEDIS IDE QUILICURA	10032939	IQUIQUE	Receptado	10012419	27/08/2026 08:39:32	BG	939	939	0	1/1/HKOOB37669994
49529	25/08/2026 04:23:26	CEDIS IDE QUILICURA	10032939	IQUIQUE	Receptado	10012419	27/08/2026 08:39:32	P5T	16	16	0	1/1/HKOOB37669994
49550	25/08/2026 07:39:40	TEMUCO	10344423	ECCOFEED SPA	Receptado	10487508	02/09/2026 10:33:37	BG	128	128	0	PFBS15 /KYRC26 /10535648
49550	25/08/2026 07:39:40	TEMUCO	10344423	ECCOFEED SPA	Receptado	10487508	02/09/2026 10:33:37	P5T	2	2	0	PFBS15 /KYRC26 /10535648
49555	25/08/2026 07:51:28	MELIPILLA	10291937	ECCOFEED SPA	Receptado	10487508	27/08/2026 10:20:46	BG	109	109	0	PXJD-34/-/12664708-09-10
49555	25/08/2026 07:51:28	MELIPILLA	10291937	ECCOFEED SPA	Receptado	10487508	27/08/2026 10:20:46	P5T	3	3	0	PXJD-34/-/12664708-09-10
49556	25/08/2026 07:54:53	CEDIS IDE QUILICURA	10001100	LO ESPEJO	Receptado	10461749	26/08/2026 06:01:41	BG	1200	1200	0	1/1/HKOOB37669998
49556	25/08/2026 07:54:53	CEDIS IDE QUILICURA	10001100	LO ESPEJO	Receptado	10461749	26/08/2026 06:01:41	P5T	20	20	0	1/1/HKOOB37669998
49559	25/08/2026 08:06:01	RANCAGUA	10000032	PLANTA IDEAL	Receptado	10001082	25/08/2026 11:52:30	BCH	157	157	0	CZYT-30/JH-3200/10535652
49559	25/08/2026 08:06:01	RANCAGUA	10000032	PLANTA IDEAL	Receptado	10001082	25/08/2026 11:52:30	BG	1615	1615	0	CZYT-30/JH-3200/10535652
49559	25/08/2026 08:06:01	RANCAGUA	10000032	PLANTA IDEAL	Receptado	10001082	25/08/2026 11:52:30	P5T	20	22	-2	CZYT-30/JH-3200/10535652
49561	25/08/2026 08:09:39	VALDIVIA	10421004	ECCOFEED SPA	Receptado	10487508	02/09/2026 10:35:25	P5T	3	3	0	PFBS11/0/10535654
49562	25/08/2026 08:10:08	RANCAGUA	10000032	ECCOFEED SPA	Receptado	10487508	27/08/2026 10:22:24	BG	137	137	0	CZYT-30/JH-3200/10535655
49562	25/08/2026 08:10:08	RANCAGUA	10000032	ECCOFEED SPA	Receptado	10487508	27/08/2026 10:22:24	P5T	3	3	0	CZYT-30/JH-3200/10535655
49565	25/08/2026 08:21:47	CEDIS IDE QUILICURA	10001100	CONCEPCION	Receptado	10001288	25/08/2026 17:40:15	BG	1299	1299	0	1/1/HKOOB37669709
49565	25/08/2026 08:21:47	CEDIS IDE QUILICURA	10001100	CONCEPCION	Receptado	10001288	25/08/2026 17:40:15	P5T	22	22	0	1/1/HKOOB37669709
49581	25/08/2026 11:26:30	CEDIS IDE QUILICURA	10001100	LO ESPEJO	Receptado	10461749	26/08/2026 06:02:20	BG	808	808	0	1/1/HKOOB37670000
49581	25/08/2026 11:26:30	CEDIS IDE QUILICURA	10001100	LO ESPEJO	Receptado	10461749	26/08/2026 06:02:20	P5T	15	15	0	1/1/HKOOB37670000
49598	25/08/2026 14:07:30	SALON EL CORTIJO	10000989	QUILICURA	Receptado	101196341	25/08/2026 16:58:41	BG	32	32	0	0/0/0
49606	25/08/2026 15:44:56	PLANTA IDEAL	10000427	CEDIS IDE QUILICURA	Receptado	10033023	25/08/2026 15:53:34	BG	1320	1320	0	JKKG 89/PXJD34/CHKL477635
49606	25/08/2026 15:44:56	PLANTA IDEAL	10000427	CEDIS IDE QUILICURA	Receptado	10033023	25/08/2026 15:53:34	P5T	22	22	0	JKKG 89/PXJD34/CHKL477635
49610	25/08/2026 16:38:49	CEDIS IDE QUILICURA	10033023	VIÑA DEL MAR	Receptado	10450104	26/08/2026 04:29:02	BCH	32	32	0	VRZL40/PXJD33/HKOOB37670010
49610	25/08/2026 16:38:49	CEDIS IDE QUILICURA	10033023	VIÑA DEL MAR	Receptado	10450104	26/08/2026 04:29:02	BG	1331	1332	-1	VRZL40/PXJD33/HKOOB37670010
49610	25/08/2026 16:38:49	CEDIS IDE QUILICURA	10033023	VIÑA DEL MAR	Receptado	10450104	26/08/2026 04:29:02	P5T	19	20	-1	VRZL40/PXJD33/HKOOB37670010
49617	25/08/2026 17:40:25	CONCEPCION	10001288	PLANTA IDEAL	Receptado	10001082	26/08/2026 13:01:55	BG	1716	1564	152	PFBS-17/PWWC-54/10535708
49617	25/08/2026 17:40:25	CONCEPCION	10001288	PLANTA IDEAL	Receptado	10001082	26/08/2026 13:01:55	P5T	63	16	47	PFBS-17/PWWC-54/10535708
49622	25/08/2026 18:36:40	TALCA	10395252	PLANTA IDEAL	Receptado	10001082	26/08/2026 13:00:38	BCH	100	112	-12	PJJV29/HGKF99/0
49622	25/08/2026 18:36:40	TALCA	10395252	PLANTA IDEAL	Receptado	10001082	26/08/2026 13:00:38	BG	1560	1560	0	PJJV29/HGKF99/0
49622	25/08/2026 18:36:40	TALCA	10395252	PLANTA IDEAL	Receptado	10001082	26/08/2026 13:00:38	P5T	18	18	0	PJJV29/HGKF99/0
49630	25/08/2026 19:42:04	CEDIS IDE QUILICURA	10033023	LA SERENA	Receptado	10444394	26/08/2026 08:35:30	BCH	247	247	0	VRYT22/PXPJ15/HKOOB37669700
49630	25/08/2026 19:42:04	CEDIS IDE QUILICURA	10033023	LA SERENA	Receptado	10444394	26/08/2026 08:35:30	BG	927	927	0	VRYT22/PXPJ15/HKOOB37669700
49630	25/08/2026 19:42:04	CEDIS IDE QUILICURA	10033023	LA SERENA	Receptado	10444394	26/08/2026 08:35:30	P5T	23	23	0	VRYT22/PXPJ15/HKOOB37669700
49632	25/08/2026 20:16:16	MELIPILLA	10469278	QUILICURA	Receptado	10001353	02/09/2026 15:43:59	BG	13	13	0	Quilicura/Quilicura/12665039
49632	25/08/2026 20:16:16	MELIPILLA	10469278	QUILICURA	Receptado	10001353	02/09/2026 15:43:59	P5T	1	1	0	Quilicura/Quilicura/12665039
49637	25/08/2026 20:21:17	CEDIS IDE QUILICURA	10033023	LOS ANGELES	Receptado	172705782	26/08/2026 09:13:23	BG	1199	1199	0	LXHJ99/PWXK76/HKOOB37669701
48061	10/08/2026 21:07:04	CEDIS IDE QUILICURA	10000798	PLANTA IDEAL	Receptado	10033115	13/08/2026 14:46:58	BCH	8	8	0	IDEAL/IDEAL/IDEAL
48061	10/08/2026 21:07:04	CEDIS IDE QUILICURA	10000798	PLANTA IDEAL	Receptado	10033115	13/08/2026 14:46:58	BG	264	264	0	IDEAL/IDEAL/IDEAL
48061	10/08/2026 21:07:04	CEDIS IDE QUILICURA	10000798	PLANTA IDEAL	Receptado	10033115	13/08/2026 14:46:58	P5T	8	8	0	IDEAL/IDEAL/IDEAL
48078	10/08/2026 23:43:37	CEDIS IDE QUILICURA	10001100	LO ESPEJO	Receptado	10461749	11/08/2026 07:41:39	BG	1502	1502	0	1/1/HKOOB37592386
48078	10/08/2026 23:43:37	CEDIS IDE QUILICURA	10001100	LO ESPEJO	Receptado	10461749	11/08/2026 07:41:39	P5T	18	18	0	1/1/HKOOB37592386
48090	11/08/2026 02:32:10	CEDIS IDE QUILICURA	10001100	SALON CEDIS	Receptado	10000848-1	14/08/2026 14:18:27	BG	5	5	0	1/1/1
48090	11/08/2026 02:32:10	CEDIS IDE QUILICURA	10001100	SALON CEDIS	Receptado	10000848-1	14/08/2026 14:18:27	P5T	1	0	1	1/1/1
48111	11/08/2026 06:45:25	CEDIS IDE QUILICURA	10001100	TEMUCO	Receptado	10344423	12/08/2026 07:51:24	BCH	56	56	0	1/1/HKOOB37593200
48111	11/08/2026 06:45:25	CEDIS IDE QUILICURA	10001100	TEMUCO	Receptado	10344423	12/08/2026 07:51:24	BG	1040	1040	0	1/1/HKOOB37593200
48111	11/08/2026 06:45:25	CEDIS IDE QUILICURA	10001100	TEMUCO	Receptado	10344423	12/08/2026 07:51:24	P5T	13	13	0	1/1/HKOOB37593200
48116	11/08/2026 07:14:25	TALCA	10000096	PLANTA IDEAL	Receptado	10033115	11/08/2026 18:01:31	BG	240	240	0	PFBS 11/KDGH 62/0
48116	11/08/2026 07:14:25	TALCA	10000096	PLANTA IDEAL	Receptado	10033115	11/08/2026 18:01:31	P5T	2	2	0	PFBS 11/KDGH 62/0
48121	11/08/2026 07:52:37	TEMUCO	10344423	MELIPILLA	Receptado	10291937	05/09/2026 07:08:46	BG	120	120	0	TGY83 /pwwc54 /12230505 
48121	11/08/2026 07:52:37	TEMUCO	10344423	MELIPILLA	Receptado	10291937	05/09/2026 07:08:46	P5T	2	2	0	TGY83 /pwwc54 /12230505 
48123	11/08/2026 08:00:58	TEMUCO	10344423	LOS ANGELES	Receptado	172705782	11/08/2026 12:30:25	BG	180	180	0	TGY83 /pwwc54 /12230506
48123	11/08/2026 08:00:58	TEMUCO	10344423	LOS ANGELES	Receptado	172705782	11/08/2026 12:30:25	P5T	3	3	0	TGY83 /pwwc54 /12230506
48125	11/08/2026 08:16:20	CHILLAN	10301699	ECCOFEED SPA	Receptado	10487508	14/08/2026 08:44:26	BG	107	107	0	HVJX52/JP 3260/10534872
48125	11/08/2026 08:16:20	CHILLAN	10301699	ECCOFEED SPA	Receptado	10487508	14/08/2026 08:44:26	BCH	50	50	0	HVJX52/JP 3260/10534872
48125	11/08/2026 08:16:20	CHILLAN	10301699	ECCOFEED SPA	Receptado	10487508	14/08/2026 08:44:26	P5T	3	3	0	HVJX52/JP 3260/10534872
48126	11/08/2026 08:10:24	VALDIVIA	10421004	ECCOFEED SPA	Receptado	10487508	14/08/2026 08:51:02	BG	196	196	0	LXHJ99/KYRC26/10534890
48126	11/08/2026 08:10:24	VALDIVIA	10421004	ECCOFEED SPA	Receptado	10487508	14/08/2026 08:51:02	P5T	4	4	0	LXHJ99/KYRC26/10534890
48128	11/08/2026 08:21:07	PUERTO MONTT	10001696	ECCOFEED SPA	Receptado	10487508	19/08/2026 10:23:56	BG	109	109	0	PJKT-50/PWXK-75/8266397-98-99
48128	11/08/2026 08:21:07	PUERTO MONTT	10001696	ECCOFEED SPA	Receptado	10487508	19/08/2026 10:23:56	P5T	3	3	0	PJKT-50/PWXK-75/8266397-98-99
48130	11/08/2026 08:25:20	PLANTA IDEAL	10000427	CEDIS IDE QUILICURA	Receptado	10033023	11/08/2026 11:06:27	BG	1320	1320	0	JKKJ 26/KYLZ 24/CHKL476869
48130	11/08/2026 08:25:20	PLANTA IDEAL	10000427	CEDIS IDE QUILICURA	Receptado	10033023	11/08/2026 11:06:27	P5T	18	18	0	JKKJ 26/KYLZ 24/CHKL476869
48133	11/08/2026 08:35:56	CEDIS IDE QUILICURA	10033023	COPIAPO	Receptado	10405300	13/08/2026 06:48:16	BCH	77	77	0	LWBV80/HXGP47/HKOOB37592366
48133	11/08/2026 08:35:56	CEDIS IDE QUILICURA	10033023	COPIAPO	Receptado	10405300	13/08/2026 06:48:16	BG	1411	1411	0	LWBV80/HXGP47/HKOOB37592366
49000	19/08/2026 14:39:16	SALON LO ESPEJO	10000848	LO ESPEJO	Receptado	10461749	20/08/2026 03:47:10	BG	17	17	0	0/0/0
49263	21/08/2026 17:56:41	TALCA	10395252	PLANTA IDEAL	Receptado	10033115	25/08/2026 03:17:55	BG	1860	1860	0	PFBS16/KYLG77/0
49263	21/08/2026 17:56:41	TALCA	10395252	PLANTA IDEAL	Receptado	10033115	25/08/2026 03:17:55	P5T	21	21	0	PFBS16/KYLG77/0
49265	21/08/2026 18:36:13	GRANDES CLIENTES	10000772	PLANTA IDEAL	Receptado	10001082	21/08/2026 19:21:15	BG	1200	1200	0	HXDF12/HXDF12/10535536
49265	21/08/2026 18:36:13	GRANDES CLIENTES	10000772	PLANTA IDEAL	Receptado	10001082	21/08/2026 19:21:15	P5T	10	10	0	HXDF12/HXDF12/10535536
49361	22/08/2026 13:22:50	GRANDES CLIENTES	10000772	PLANTA IDEAL	Receptado	10001082	22/08/2026 14:39:14	BCH	1200	1200	0	JG4930/JG4930/10535567
49361	22/08/2026 13:22:50	GRANDES CLIENTES	10000772	PLANTA IDEAL	Receptado	10001082	22/08/2026 14:39:14	BG	240	232	8	JG4930/JG4930/10535567
49361	22/08/2026 13:22:50	GRANDES CLIENTES	10000772	PLANTA IDEAL	Receptado	10001082	22/08/2026 14:39:14	P5T	8	9	-1	JG4930/JG4930/10535567
49583	25/08/2026 11:18:22	PLANTA IDEAL	10001082	CEDIS IDE QUILICURA	Receptado	10001100	25/08/2026 13:04:36	BG	1236	1236	0	1/1/CHKL477693
49583	25/08/2026 11:18:22	PLANTA IDEAL	10001082	CEDIS IDE QUILICURA	Receptado	10001100	25/08/2026 13:04:36	P5T	22	22	0	1/1/CHKL477693
49584	25/08/2026 11:48:01	IQUIQUE	10012419	PLANTA IDEAL	Receptado	10033115	27/08/2026 03:54:10	BG	1112	1112	0	PSLY-21/PTYJ-59/10535684
49584	25/08/2026 11:48:01	IQUIQUE	10012419	PLANTA IDEAL	Receptado	10033115	27/08/2026 03:54:10	P5T	34	34	0	PSLY-21/PTYJ-59/10535684
49599	25/08/2026 14:34:23	LO ESPEJO	10458156	PLANTA IDEAL	Receptado	10000427	25/08/2026 18:09:28	BG	1176	1176	0	IDEAL/IDEAL/IDEAL
49599	25/08/2026 14:34:23	LO ESPEJO	10458156	PLANTA IDEAL	Receptado	10000427	25/08/2026 18:09:28	P5T	18	18	0	IDEAL/IDEAL/IDEAL
49600	25/08/2026 14:35:36	CEDIS IDE QUILICURA	10033023	LO ESPEJO	Receptado	10461749	26/08/2026 06:02:35	BG	1092	1092	0	STJR25/PWVX27/HKOOB37670001
49600	25/08/2026 14:35:36	CEDIS IDE QUILICURA	10033023	LO ESPEJO	Receptado	10461749	26/08/2026 06:02:35	P5T	16	16	0	STJR25/PWVX27/HKOOB37670001
49601	25/08/2026 14:46:18	PLANTA IDEAL	10000427	CEDIS IDE QUILICURA	Receptado	10033023	25/08/2026 15:52:40	BG	756	756	0	FYLB83/KYLZ 25/CHKL477557
49601	25/08/2026 14:46:18	PLANTA IDEAL	10000427	CEDIS IDE QUILICURA	Receptado	10033023	25/08/2026 15:52:40	P5T	15	15	0	FYLB83/KYLZ 25/CHKL477557
49603	25/08/2026 15:01:06	PLANTA CHILLAN	10000416	CEDIS IDE QUILICURA	Receptado	10033023	26/08/2026 14:35:13	BG	1440	1440	0	RFZY99/PTYJ58/CGAX00043645
49603	25/08/2026 15:01:06	PLANTA CHILLAN	10000416	CEDIS IDE QUILICURA	Receptado	10033023	26/08/2026 14:35:13	P5T	24	24	0	RFZY99/PTYJ58/CGAX00043645
49604	25/08/2026 15:07:53	CEDIS IDE QUILICURA	10033023	LO ESPEJO	Receptado	10461749	26/08/2026 06:02:50	BG	552	552	0	VRZL40/PWVW35/HKOOB37670002
49604	25/08/2026 15:07:53	CEDIS IDE QUILICURA	10033023	LO ESPEJO	Receptado	10461749	26/08/2026 06:02:50	P5T	12	12	0	VRZL40/PWVW35/HKOOB37670002
49700	26/08/2026 07:37:43	PLANTA IDEAL	10001082	CEDIS IDE QUILICURA	Receptado	10001100	26/08/2026 12:54:57	BG	1069	1069	0	1/1/CHKL477713
49700	26/08/2026 07:37:43	PLANTA IDEAL	10001082	CEDIS IDE QUILICURA	Receptado	10001100	26/08/2026 12:54:57	P5T	19	19	0	1/1/CHKL477713
49701	26/08/2026 07:38:10	CHILLAN	10301699	ECCOFEED SPA	Cancelado			BG	134	0	134	PGKD18/PWZP17/10535719
49701	26/08/2026 07:38:10	CHILLAN	10301699	ECCOFEED SPA	Cancelado			P5T	3	0	3	PGKD18/PWZP17/10535719
49702	26/08/2026 07:41:49	CHILLAN	10301699	ECCOFEED SPA	Receptado	10487508	02/09/2026 10:27:23	BG	134	134	0	PGKD18/PWZP17/10535719
48002	10/08/2026 08:48:27	CEDIS IDE QUILICURA	10033023	LO ESPEJO	Receptado	10461749	11/08/2026 07:39:43	BG	1068	1068	0	STJR25/KYPH94/HKOOB37592381
48002	10/08/2026 08:48:27	CEDIS IDE QUILICURA	10033023	LO ESPEJO	Receptado	10461749	11/08/2026 07:39:43	P5T	17	17	0	STJR25/KYPH94/HKOOB37592381
48006	10/08/2026 09:28:43	CEDIS IDE QUILICURA	10033023	PLANTA IDEAL	Receptado	10033115	10/08/2026 19:45:16	BG	1	1	0	,/,/,
48007	10/08/2026 09:40:51	CEDIS IDE QUILICURA	10033023	COPIAPO	Receptado	10405300	11/08/2026 06:50:54	BG	5	5	0	PSLY22/HGKY40/HKOOB37592373
48008	10/08/2026 09:47:10	CEDIS IDE QUILICURA	10000980	QUILICURA	Receptado	10397048	12/08/2026 13:21:23	BG	335	335	0	0/0/CHKO382845
48008	10/08/2026 09:47:10	CEDIS IDE QUILICURA	10000980	QUILICURA	Receptado	10397048	12/08/2026 13:21:23	P5T	7	7	0	0/0/CHKO382845
48013	10/08/2026 11:58:44	CEDIS IDE QUILICURA	10033023	PUERTO MONTT	Receptado	10001696	11/08/2026 11:04:20	BG	111	100	11	PJKT50/PWXK-75/CHKO382865
48013	10/08/2026 11:58:44	CEDIS IDE QUILICURA	10033023	PUERTO MONTT	Receptado	10001696	11/08/2026 11:04:20	P5T	2	1	1	PJKT50/PWXK-75/CHKO382865
48020	10/08/2026 13:46:49	CEDIS IDE QUILICURA	10033023	TALCA	Receptado	10000096	11/08/2026 13:08:59	BG	300	300	0	SVLV52/PWZP18/HKOOB37592363
48020	10/08/2026 13:46:49	CEDIS IDE QUILICURA	10033023	TALCA	Receptado	10000096	11/08/2026 13:08:59	P5T	4	4	0	SVLV52/PWZP18/HKOOB37592363
48022	10/08/2026 14:28:03	CEDIS IDE QUILICURA	10033023	OSORNO	Receptado	10001704	11/08/2026 06:38:43	BCH	25	25	0	PJJV11/PWWC54/HKOOB37592360
48024	10/08/2026 14:40:43	LO ESPEJO	10458156	PLANTA IDEAL	Receptado	10033115	10/08/2026 21:01:18	BG	1680	1680	0	IDEAL/IDEAL/IDEAL
48024	10/08/2026 14:40:43	LO ESPEJO	10458156	PLANTA IDEAL	Receptado	10033115	10/08/2026 21:01:18	P5T	17	17	0	IDEAL/IDEAL/IDEAL
48079	10/08/2026 23:50:38	PLANTA IDEAL	10001082	CEDIS IDE QUILICURA	Receptado	10033023	11/08/2026 07:25:04	BG	517	517	0	1/1/CHKL476867
48079	10/08/2026 23:50:38	PLANTA IDEAL	10001082	CEDIS IDE QUILICURA	Receptado	10033023	11/08/2026 07:25:04	P5T	22	22	0	1/1/CHKL476867
48079	10/08/2026 23:50:38	PLANTA IDEAL	10001082	CEDIS IDE QUILICURA	Receptado	10033023	11/08/2026 07:25:04	BCH	26	26	0	1/1/CHKL476867
48080	11/08/2026 00:06:14	GRANDES CLIENTES	10001251	PLANTA IDEAL	Receptado	10001082	11/08/2026 00:41:57	BG	1200	1200	0	0/0/10534878
48080	11/08/2026 00:06:14	GRANDES CLIENTES	10001251	PLANTA IDEAL	Receptado	10001082	11/08/2026 00:41:57	P5T	10	19	-9	0/0/10534878
48081	11/08/2026 00:20:47	PLANTA IDEAL	10001082	CEDIS IDE QUILICURA	Receptado	10001100	11/08/2026 05:08:15	BG	1320	1320	0	1/1/CHKL476810
48081	11/08/2026 00:20:47	PLANTA IDEAL	10001082	CEDIS IDE QUILICURA	Receptado	10001100	11/08/2026 05:08:15	P5T	20	20	0	1/1/CHKL476810
48082	11/08/2026 00:52:25	GRANDES CLIENTES	10001251	PLANTA IDEAL	Receptado	10001082	11/08/2026 01:35:03	BG	1200	1200	0	0/0/10534879
48082	11/08/2026 00:52:25	GRANDES CLIENTES	10001251	PLANTA IDEAL	Receptado	10001082	11/08/2026 01:35:03	P5T	10	15	-5	0/0/10534879
48083	11/08/2026 01:06:41	PLANTA IDEAL	10001082	CEDIS IDE QUILICURA	Receptado	10001100	11/08/2026 05:07:53	BG	840	840	0	1/1/CHKL476811
48083	11/08/2026 01:06:41	PLANTA IDEAL	10001082	CEDIS IDE QUILICURA	Receptado	10001100	11/08/2026 05:07:53	P5T	20	20	0	1/1/CHKL476811
48084	11/08/2026 01:12:42	CEDIS IDE QUILICURA	10001100	VIÑA DEL MAR	Receptado	10450104	11/08/2026 23:13:42	BCH	99	99	0	1/1/CHKO382826
48084	11/08/2026 01:12:42	CEDIS IDE QUILICURA	10001100	VIÑA DEL MAR	Receptado	10450104	11/08/2026 23:13:42	BG	1019	1019	0	1/1/CHKO382826
48084	11/08/2026 01:12:42	CEDIS IDE QUILICURA	10001100	VIÑA DEL MAR	Receptado	10450104	11/08/2026 23:13:42	P5T	20	20	0	1/1/CHKO382826
48086	11/08/2026 01:35:32	PLANTA IDEAL	10001082	CEDIS IDE QUILICURA	Receptado	10001100	11/08/2026 05:07:26	BG	1188	1188	0	1/1/CHKL476812
48086	11/08/2026 01:35:32	PLANTA IDEAL	10001082	CEDIS IDE QUILICURA	Receptado	10001100	11/08/2026 05:07:26	P5T	22	22	0	1/1/CHKL476812
48101	11/08/2026 04:46:40	VIÑA DEL MAR	10450104	PLANTA IDEAL	Receptado	10000427	11/08/2026 13:22:23	BG	1440	1440	0	STJR25/PXJD32/10534881
48101	11/08/2026 04:46:40	VIÑA DEL MAR	10450104	PLANTA IDEAL	Receptado	10000427	11/08/2026 13:22:23	P5T	12	12	0	STJR25/PXJD32/10534881
48106	11/08/2026 05:56:04	CEDIS IDE QUILICURA	10001100	MELIPILLA	Receptado	10291937	11/08/2026 09:56:43	BCH	8	8	0	1/1/HKOOB37593202
48106	11/08/2026 05:56:04	CEDIS IDE QUILICURA	10001100	MELIPILLA	Receptado	10291937	11/08/2026 09:56:43	BG	999	1006	-7	1/1/HKOOB37593202
48106	11/08/2026 05:56:04	CEDIS IDE QUILICURA	10001100	MELIPILLA	Receptado	10291937	11/08/2026 09:56:43	P5T	21	21	0	1/1/HKOOB37593202
48108	11/08/2026 06:05:05	PLANTA IDEAL	10001082	CEDIS IDE QUILICURA	Receptado	10033023	11/08/2026 08:18:56	BG	1188	1188	0	1/1/CHKL476884
48108	11/08/2026 06:05:05	PLANTA IDEAL	10001082	CEDIS IDE QUILICURA	Receptado	10033023	11/08/2026 08:18:56	P5T	15	15	0	1/1/CHKL476884
48112	11/08/2026 06:21:44	PLANTA IDEAL	10001082	CEDIS IDE QUILICURA	Receptado	10033023	11/08/2026 08:19:25	BG	1104	1104	0	1/1/CHKL476868
48112	11/08/2026 06:21:44	PLANTA IDEAL	10001082	CEDIS IDE QUILICURA	Receptado	10033023	11/08/2026 08:19:25	P5T	20	20	0	1/1/CHKL476868
48115	11/08/2026 07:12:50	TALCA	10000096	ECCOFEED SPA	Receptado	10487508	14/08/2026 08:39:03	BG	177	177	0	PFBS 11/KDGH 62/0
48115	11/08/2026 07:12:50	TALCA	10000096	ECCOFEED SPA	Receptado	10487508	14/08/2026 08:39:03	P5T	4	4	0	PFBS 11/KDGH 62/0
48118	11/08/2026 07:32:05	CHILLAN	10301699	PLANTA CHILLAN	Receptado	10000416	11/08/2026 17:24:58	BG	1187	1039	148	PFBS16/PXJF26/10534870
48118	11/08/2026 07:32:05	CHILLAN	10301699	PLANTA CHILLAN	Receptado	10000416	11/08/2026 17:24:58	BCH	93	93	0	PFBS16/PXJF26/10534870
48118	11/08/2026 07:32:05	CHILLAN	10301699	PLANTA CHILLAN	Receptado	10000416	11/08/2026 17:24:58	P5T	10	10	0	PFBS16/PXJF26/10534870
48120	11/08/2026 07:50:19	CONCEPCION	10001026	CEDIS IDE QUILICURA	Receptado	10001100	12/08/2026 03:07:11	BCH	71	71	0	VJWL-64/PXFJ-76/10534888
48871	18/08/2026 16:03:15	PLANTA IDEAL	10001082	CEDIS IDE QUILICURA	Receptado	10001100	18/08/2026 17:24:51	BG	1096	1096	0	1/1/CHKL477210
48871	18/08/2026 16:03:15	PLANTA IDEAL	10001082	CEDIS IDE QUILICURA	Receptado	10001100	18/08/2026 17:24:51	P5T	16	16	0	1/1/CHKL477210
48958	19/08/2026 07:18:37	TALCA	10000096	ECCOFEED SPA	Receptado	10487508	27/08/2026 10:27:20	BG	228	228	0	LTGY 82/HGKF 99/0
48958	19/08/2026 07:18:37	TALCA	10000096	ECCOFEED SPA	Receptado	10487508	27/08/2026 10:27:20	P5T	4	4	0	LTGY 82/HGKF 99/0
48959	19/08/2026 07:20:15	TALCA	10000096	PLANTA IDEAL	Receptado	10033115	19/08/2026 13:38:26	BG	780	780	0	LTGY 82/HGKF 99/0
48959	19/08/2026 07:20:15	TALCA	10000096	PLANTA IDEAL	Receptado	10033115	19/08/2026 13:38:26	P5T	9	9	0	LTGY 82/HGKF 99/0
48961	19/08/2026 07:45:57	MELIPILLA	10291937	ECCOFEED SPA	Receptado	10487508	25/08/2026 17:04:28	BG	114	114	0	KYPH-95/-/12663164-65
48961	19/08/2026 07:45:57	MELIPILLA	10291937	ECCOFEED SPA	Receptado	10487508	25/08/2026 17:04:28	P5T	3	3	0	KYPH-95/-/12663164-65
48968	19/08/2026 08:15:25	LOS ANGELES	172705782	ECCOFEED SPA	Receptado	10487508	27/08/2026 10:49:42	BG	334	334	0	LTGY82/PWVG98/1
48968	19/08/2026 08:15:25	LOS ANGELES	172705782	ECCOFEED SPA	Receptado	10487508	27/08/2026 10:49:42	P5T	6	6	0	LTGY82/PWVG98/1
48984	19/08/2026 12:33:33	CEDIS IDE QUILICURA	10032939	LO ESPEJO	Receptado	10461749	20/08/2026 03:46:12	BG	1322	1322	0	1/1/HKOOB37640494
48984	19/08/2026 12:33:33	CEDIS IDE QUILICURA	10032939	LO ESPEJO	Receptado	10461749	20/08/2026 03:46:12	P5T	19	19	0	1/1/HKOOB37640494
48987	19/08/2026 13:09:42	PLANTA IDEAL	10033115	CEDIS IDE QUILICURA	Receptado	10032939	19/08/2026 13:40:01	BG	968	968	0	50/50/CHKL477290
48987	19/08/2026 13:09:42	PLANTA IDEAL	10033115	CEDIS IDE QUILICURA	Receptado	10032939	19/08/2026 13:40:01	P5T	17	17	0	50/50/CHKL477290
49008	19/08/2026 16:14:07	PLANTA IDEAL	10001082	CEDIS IDE QUILICURA	Receptado	10001100	19/08/2026 21:28:01	BG	996	996	0	1/1/CHKL477327
49008	19/08/2026 16:14:07	PLANTA IDEAL	10001082	CEDIS IDE QUILICURA	Receptado	10001100	19/08/2026 21:28:01	P5T	16	16	0	1/1/CHKL477327
49050	19/08/2026 23:22:53	CEDIS IDE QUILICURA	10033023	GRANDES CLIENTES	Receptado	10001251	20/08/2026 00:43:23	BCH	451	451	0	,/,/CHKO383389
49050	19/08/2026 23:22:53	CEDIS IDE QUILICURA	10033023	GRANDES CLIENTES	Receptado	10001251	20/08/2026 00:43:23	P5T	5	5	0	,/,/CHKO383389
49052	19/08/2026 23:33:05	ARICA	10154469	PLANTA IDEAL	Receptado	10001082	22/08/2026 20:03:37	BG	474	474	0	PSLY22/HGKY40/12121788
49052	19/08/2026 23:33:05	ARICA	10154469	PLANTA IDEAL	Receptado	10001082	22/08/2026 20:03:37	P5T	5	5	0	PSLY22/HGKY40/12121788
49070	20/08/2026 05:00:27	PLANTA IDEAL	10000427	CEDIS IDE QUILICURA	Receptado	10033023	20/08/2026 06:26:59	BCH	73	73	0	TVTD 89/KYLZ 24/CHKL477204
49070	20/08/2026 05:00:27	PLANTA IDEAL	10000427	CEDIS IDE QUILICURA	Receptado	10033023	20/08/2026 06:26:59	BG	963	963	0	TVTD 89/KYLZ 24/CHKL477204
49070	20/08/2026 05:00:27	PLANTA IDEAL	10000427	CEDIS IDE QUILICURA	Receptado	10033023	20/08/2026 06:26:59	P5T	17	17	0	TVTD 89/KYLZ 24/CHKL477204
49179	21/08/2026 01:46:33	CEDIS IDE QUILICURA	10033023	GRANDES CLIENTES	Receptado	10001251	21/08/2026 02:59:07	BCH	10	10	0	,/,/CHKO383429
49179	21/08/2026 01:46:33	CEDIS IDE QUILICURA	10033023	GRANDES CLIENTES	Receptado	10001251	21/08/2026 02:59:07	BG	65	65	0	,/,/CHKO383429
49179	21/08/2026 01:46:33	CEDIS IDE QUILICURA	10033023	GRANDES CLIENTES	Receptado	10001251	21/08/2026 02:59:07	P5T	2	2	0	,/,/CHKO383429
49180	21/08/2026 01:55:19	PLANTA IDEAL	10000427	CEDIS IDE QUILICURA	Receptado	10033023	21/08/2026 02:14:11	BG	1184	1184	0	FTLB 83/KYLZ 25/CHKL477468
49180	21/08/2026 01:55:19	PLANTA IDEAL	10000427	CEDIS IDE QUILICURA	Receptado	10033023	21/08/2026 02:14:11	P5T	20	20	0	FTLB 83/KYLZ 25/CHKL477468
49181	21/08/2026 02:00:09	PLANTA IDEAL	10000427	CEDIS IDE QUILICURA	Receptado	10033023	21/08/2026 02:14:28	BG	1240	1240	0	FYLB 83/KYLZ 25/CHKL477335
49181	21/08/2026 02:00:09	PLANTA IDEAL	10000427	CEDIS IDE QUILICURA	Receptado	10033023	21/08/2026 02:14:28	P5T	20	20	0	FYLB 83/KYLZ 25/CHKL477335
49182	21/08/2026 02:01:33	CEDIS IDE QUILICURA	10033023	LO ESPEJO	Receptado	10461749	24/08/2026 05:41:12	BG	1080	1080	0	VRZL40/JF4261/HKOOB37653048
49182	21/08/2026 02:01:33	CEDIS IDE QUILICURA	10033023	LO ESPEJO	Receptado	10461749	24/08/2026 05:41:12	P5T	16	16	0	VRZL40/JF4261/HKOOB37653048
49185	21/08/2026 02:32:45	CEDIS IDE QUILICURA	10033023	LA SERENA	Receptado	10444394	24/08/2026 08:49:24	BG	156	156	0	LTGY83/PWZP18/HKOOB37650375
49185	21/08/2026 02:32:45	CEDIS IDE QUILICURA	10033023	LA SERENA	Receptado	10444394	24/08/2026 08:49:24	P5T	5	5	0	LTGY83/PWZP18/HKOOB37650375
49260	21/08/2026 17:47:22	EL PINAR	10149777	PLANTA IDEAL	Receptado	10001082	21/08/2026 20:08:38	BG	712	715	-3	ideal/ideal/10535532
49260	21/08/2026 17:47:22	EL PINAR	10149777	PLANTA IDEAL	Receptado	10001082	21/08/2026 20:08:38	P5T	31	29	2	ideal/ideal/10535532
49272	21/08/2026 19:52:50	GRANDES CLIENTES	10000772	PLANTA IDEAL	Receptado	10487508	24/08/2026 09:38:06	BCH	123	123	0	1/1/1
49272	21/08/2026 19:52:50	GRANDES CLIENTES	10000772	PLANTA IDEAL	Receptado	10487508	24/08/2026 09:38:06	BG	488	488	0	1/1/1
49272	21/08/2026 19:52:50	GRANDES CLIENTES	10000772	PLANTA IDEAL	Receptado	10487508	24/08/2026 09:38:06	P5T	5	5	0	1/1/1
49276	21/08/2026 20:12:05	PLANTA IDEAL	10001082	CEDIS IDE QUILICURA	Receptado	10001100	21/08/2026 21:46:09	BCH	600	600	0	1/1/CHKL477507
49276	21/08/2026 20:12:05	PLANTA IDEAL	10001082	CEDIS IDE QUILICURA	Receptado	10001100	21/08/2026 21:46:09	BG	716	716	0	1/1/CHKL477507
49276	21/08/2026 20:12:05	PLANTA IDEAL	10001082	CEDIS IDE QUILICURA	Receptado	10001100	21/08/2026 21:46:09	P5T	19	19	0	1/1/CHKL477507
49278	21/08/2026 20:46:37	CEDIS IDE QUILICURA	10001100	LO ESPEJO	Receptado	10461749	24/08/2026 05:42:58	BG	663	663	0	1/1/HKOOB37653055
49278	21/08/2026 20:46:37	CEDIS IDE QUILICURA	10001100	LO ESPEJO	Receptado	10461749	24/08/2026 05:42:58	P5T	12	12	0	1/1/HKOOB37653055
49286	21/08/2026 21:25:09	CEDIS IDE QUILICURA	10001100	CHILLAN	Receptado	10301699	24/08/2026 08:28:16	BCH	4	4	0	1/1/HKOOB37655595
49286	21/08/2026 21:25:09	CEDIS IDE QUILICURA	10001100	CHILLAN	Receptado	10301699	24/08/2026 08:28:16	BG	1196	1193	3	1/1/HKOOB37655595
49286	21/08/2026 21:25:09	CEDIS IDE QUILICURA	10001100	CHILLAN	Receptado	10301699	24/08/2026 08:28:16	P5T	18	18	0	1/1/HKOOB37655595
49379	22/08/2026 17:01:05	PLANTA IDEAL	10001082	CEDIS IDE QUILICURA	Receptado	10001100	22/08/2026 18:01:21	BG	1200	1200	0	1/1/CHKL477568
49379	22/08/2026 17:01:05	PLANTA IDEAL	10001082	CEDIS IDE QUILICURA	Receptado	10001100	22/08/2026 18:01:21	P5T	21	21	0	1/1/CHKL477568
49381	22/08/2026 17:30:53	CEDIS IDE QUILICURA	10001100	TALCA	Receptado	10000096	24/08/2026 11:05:40	BCH	20	20	0	1/1/HKOOB37655592
49381	22/08/2026 17:30:53	CEDIS IDE QUILICURA	10001100	TALCA	Receptado	10000096	24/08/2026 11:05:40	BG	823	823	0	1/1/HKOOB37655592
49381	22/08/2026 17:30:53	CEDIS IDE QUILICURA	10001100	TALCA	Receptado	10000096	24/08/2026 11:05:40	P5T	16	16	0	1/1/HKOOB37655592
49402	24/08/2026 07:30:48	TEMUCO	10344423	ECCOFEED SPA	Receptado	10487508	27/08/2026 10:50:40	BG	173	173	0	PJJV29 /HGKF99 /10535587
49402	24/08/2026 07:30:48	TEMUCO	10344423	ECCOFEED SPA	Receptado	10487508	27/08/2026 10:50:40	P5T	3	3	0	PJJV29 /HGKF99 /10535587
49407	24/08/2026 07:51:07	MELIPILLA	10291937	PLANTA IDEAL	Cancelado			BG	216	0	216	-/-/12664276-78-80
49407	24/08/2026 07:51:07	MELIPILLA	10291937	PLANTA IDEAL	Cancelado			P5T	4	0	4	-/-/12664276-78-80
49414	24/08/2026 08:39:04	PLANTA IDEAL	10001082	CEDIS IDE QUILICURA	Receptado	10001100	24/08/2026 14:32:11	BG	768	768	0	1/1/CHKL477606
49414	24/08/2026 08:39:04	PLANTA IDEAL	10001082	CEDIS IDE QUILICURA	Receptado	10001100	24/08/2026 14:32:11	P5T	16	16	0	1/1/CHKL477606
49417	24/08/2026 08:44:59	LOS ANGELES	172705782	PLANTA CHILLAN	Receptado	10000416	26/08/2026 13:44:23	BG	1472	1404	68	LTGY83/PWZP18/1
49417	24/08/2026 08:44:59	LOS ANGELES	172705782	PLANTA CHILLAN	Receptado	10000416	26/08/2026 13:44:23	P5T	14	14	0	LTGY83/PWZP18/1
48027	10/08/2026 15:27:12	GRANDES CLIENTES	10000772	PLANTA IDEAL	Receptado	10033115	10/08/2026 16:57:42	BCH	1000	1000	0	PXJD33/PXJD33/10534855
48027	10/08/2026 15:27:12	GRANDES CLIENTES	10000772	PLANTA IDEAL	Receptado	10033115	10/08/2026 16:57:42	BG	720	720	0	PXJD33/PXJD33/10534855
48027	10/08/2026 15:27:12	GRANDES CLIENTES	10000772	PLANTA IDEAL	Receptado	10033115	10/08/2026 16:57:42	P5T	89	89	0	PXJD33/PXJD33/10534855
48028	10/08/2026 15:47:37	CEDIS IDE QUILICURA	10000798	LOS ANGELES	Receptado	172705782	11/08/2026 12:30:52	BCH	32	32	0	PJJV10/PXJF27/HKOOB37592370
48028	10/08/2026 15:47:37	CEDIS IDE QUILICURA	10000798	LOS ANGELES	Receptado	172705782	11/08/2026 12:30:52	BG	550	550	0	PJJV10/PXJF27/HKOOB37592370
48028	10/08/2026 15:47:37	CEDIS IDE QUILICURA	10000798	LOS ANGELES	Receptado	172705782	11/08/2026 12:30:52	P5T	10	10	0	PJJV10/PXJF27/HKOOB37592370
48032	10/08/2026 17:05:02	CEDIS IDE QUILICURA	10000798	ANTOFAGASTA	Receptado	10299402	11/08/2026 19:17:48	BG	31	31	0	VSDB35/PXKB54/HKOOB37592424
48032	10/08/2026 17:05:02	CEDIS IDE QUILICURA	10000798	ANTOFAGASTA	Receptado	10299402	11/08/2026 19:17:48	P5T	1	1	0	VSDB35/PXKB54/HKOOB37592424
48133	11/08/2026 08:35:56	CEDIS IDE QUILICURA	10033023	COPIAPO	Receptado	10405300	13/08/2026 06:48:16	P5T	21	21	0	LWBV80/HXGP47/HKOOB37592366
48134	11/08/2026 08:43:20	MELIPILLA	10291937	ECCOFEED SPA	Receptado	10487508	13/08/2026 16:34:24	BG	87	87	0	-/-/12661114-15
48134	11/08/2026 08:43:20	MELIPILLA	10291937	ECCOFEED SPA	Receptado	10487508	13/08/2026 16:34:24	P5T	2	2	0	-/-/12661114-15
48138	11/08/2026 08:55:58	CEDIS IDE QUILICURA	10033023	LO ESPEJO	Receptado	10461749	12/08/2026 03:25:15	BG	1290	1290	0	VRZL40/HXDF12/HKOOB37592391
48138	11/08/2026 08:55:58	CEDIS IDE QUILICURA	10033023	LO ESPEJO	Receptado	10461749	12/08/2026 03:25:15	P5T	22	22	0	VRZL40/HXDF12/HKOOB37592391
48139	11/08/2026 08:57:04	CEDIS IDE QUILICURA	10000980	QUILICURA	Receptado	10397048	11/08/2026 13:10:23	BG	139	139	0	0/0/CHKO382945
48139	11/08/2026 08:57:04	CEDIS IDE QUILICURA	10000980	QUILICURA	Receptado	10397048	11/08/2026 13:10:23	P5T	3	3	0	0/0/CHKO382945
48150	11/08/2026 10:02:25	PUERTO MONTT	10001696	PLANTA CHILLAN	Receptado	10000416	14/08/2026 10:58:31	BCH	110	110	0	PJJV-29/HGKF-99/10534899
48150	11/08/2026 10:02:25	PUERTO MONTT	10001696	PLANTA CHILLAN	Receptado	10000416	14/08/2026 10:58:31	BG	60	60	0	PJJV-29/HGKF-99/10534899
48150	11/08/2026 10:02:25	PUERTO MONTT	10001696	PLANTA CHILLAN	Receptado	10000416	14/08/2026 10:58:31	P5T	2	2	0	PJJV-29/HGKF-99/10534899
48159	11/08/2026 12:19:59	CEDIS IDE QUILICURA	10033023	VIÑA DEL MAR	Receptado	10001291	11/08/2026 16:29:09	BG	888	888	0	STJR25/PXJD33/CHKO382928
48159	11/08/2026 12:19:59	CEDIS IDE QUILICURA	10033023	VIÑA DEL MAR	Receptado	10001291	11/08/2026 16:29:09	P5T	14	14	0	STJR25/PXJD33/CHKO382928
48162	11/08/2026 12:43:40	CEDIS IDE QUILICURA	10033023	GRANDES CLIENTES	Receptado	10000772	11/08/2026 15:08:05	BCH	1252	1252	0	,/,/CHKO382944
48162	11/08/2026 12:43:40	CEDIS IDE QUILICURA	10033023	GRANDES CLIENTES	Receptado	10000772	11/08/2026 15:08:05	BG	3741	3741	0	,/,/CHKO382944
48162	11/08/2026 12:43:40	CEDIS IDE QUILICURA	10033023	GRANDES CLIENTES	Receptado	10000772	11/08/2026 15:08:05	P5T	84	84	0	,/,/CHKO382944
48172	11/08/2026 15:51:02	GRANDES CLIENTES	10000772	PLANTA IDEAL	Receptado	10033115	11/08/2026 18:03:09	BCH	200	200	0	HXDF12/HXDF12/10534942
48172	11/08/2026 15:51:02	GRANDES CLIENTES	10000772	PLANTA IDEAL	Receptado	10033115	11/08/2026 18:03:09	BG	1080	1080	0	HXDF12/HXDF12/10534942
48172	11/08/2026 15:51:02	GRANDES CLIENTES	10000772	PLANTA IDEAL	Receptado	10033115	11/08/2026 18:03:09	P5T	41	41	0	HXDF12/HXDF12/10534942
48174	11/08/2026 16:09:47	CEDIS IDE QUILICURA	10000798	LA SERENA	Receptado	10444394	12/08/2026 08:33:56	BG	576	576	0	HVJX52/JP3260/HKOOB37593198
48174	11/08/2026 16:09:47	CEDIS IDE QUILICURA	10000798	LA SERENA	Receptado	10444394	12/08/2026 08:33:56	P5T	7	7	0	HVJX52/JP3260/HKOOB37593198
48178	11/08/2026 16:42:57	LO ESPEJO	10138605	PLANTA IDEAL	Receptado	10033115	11/08/2026 18:50:20	BG	1000	1000	0	PLANTA IDEAL/PLANTA IDEAL/10534938
48178	11/08/2026 16:42:57	LO ESPEJO	10138605	PLANTA IDEAL	Receptado	10033115	11/08/2026 18:50:20	P5T	8	8	0	PLANTA IDEAL/PLANTA IDEAL/10534938
48184	11/08/2026 17:32:40	PLANTA IDEAL	10033115	CEDIS IDE QUILICURA	Receptado	10000798	11/08/2026 17:49:18	BG	734	734	0	53/53/CHKL476904
48184	11/08/2026 17:32:40	PLANTA IDEAL	10033115	CEDIS IDE QUILICURA	Receptado	10000798	11/08/2026 17:49:18	P5T	12	12	0	53/53/CHKL476904
48186	11/08/2026 17:38:56	PLANTA IDEAL	10033115	CEDIS IDE QUILICURA	Receptado	10000798	11/08/2026 17:50:50	BG	1175	1175	0	49/49/CHKL476818
48186	11/08/2026 17:38:56	PLANTA IDEAL	10033115	CEDIS IDE QUILICURA	Receptado	10000798	11/08/2026 17:50:50	P5T	17	17	0	49/49/CHKL476818
48190	11/08/2026 18:00:58	ANTOFAGASTA	10299402	CEDIS IDE QUILICURA	Receptado	10033023	13/08/2026 08:49:10	BCH	146	146	0	VJWL65/VJWL65/10534948
48190	11/08/2026 18:00:58	ANTOFAGASTA	10299402	CEDIS IDE QUILICURA	Receptado	10033023	13/08/2026 08:49:10	BG	1217	1217	0	VJWL65/VJWL65/10534948
48190	11/08/2026 18:00:58	ANTOFAGASTA	10299402	CEDIS IDE QUILICURA	Receptado	10033023	13/08/2026 08:49:10	P5T	23	23	0	VJWL65/VJWL65/10534948
48196	11/08/2026 19:18:20	ANTOFAGASTA	10299402	PLANTA IDEAL	Receptado	10001082	13/08/2026 05:48:40	BCH	112	112	0	VSDB35/PXKB54/10534952
48196	11/08/2026 19:18:20	ANTOFAGASTA	10299402	PLANTA IDEAL	Receptado	10001082	13/08/2026 05:48:40	BG	2120	2120	0	VSDB35/PXKB54/10534952
48196	11/08/2026 19:18:20	ANTOFAGASTA	10299402	PLANTA IDEAL	Receptado	10001082	13/08/2026 05:48:40	P5T	24	24	0	VSDB35/PXKB54/10534952
48198	11/08/2026 19:26:56	PLANTA IDEAL	10033115	CEDIS IDE QUILICURA	Receptado	10000798	11/08/2026 20:14:03	BG	1179	1179	0	49/49/CHKL476820
48198	11/08/2026 19:26:56	PLANTA IDEAL	10033115	CEDIS IDE QUILICURA	Receptado	10000798	11/08/2026 20:14:03	P5T	20	20	0	49/49/CHKL476820
48199	11/08/2026 19:27:58	CEDIS IDE QUILICURA	10000798	LO ESPEJO	Receptado	10461749	12/08/2026 03:28:47	BG	878	878	0	STJR25/JG5632/HKOOB37592395
48199	11/08/2026 19:27:58	CEDIS IDE QUILICURA	10000798	LO ESPEJO	Receptado	10461749	12/08/2026 03:28:47	P5T	14	14	0	STJR25/JG5632/HKOOB37592395
48201	11/08/2026 19:31:22	PLANTA IDEAL	10033115	CEDIS IDE QUILICURA	Receptado	10000798	11/08/2026 20:14:42	BG	1152	1152	0	59/59/CHKL476876
48201	11/08/2026 19:31:22	PLANTA IDEAL	10033115	CEDIS IDE QUILICURA	Receptado	10000798	11/08/2026 20:14:42	P5T	16	16	0	59/59/CHKL476876
48202	11/08/2026 19:56:06	GRANDES CLIENTES	10000772	PLANTA IDEAL	Receptado	10033115	11/08/2026 20:50:27	BCH	339	339	0	1/1/1
48202	11/08/2026 19:56:06	GRANDES CLIENTES	10000772	PLANTA IDEAL	Receptado	10033115	11/08/2026 20:50:27	BG	1836	1836	0	1/1/1
48202	11/08/2026 19:56:06	GRANDES CLIENTES	10000772	PLANTA IDEAL	Receptado	10033115	11/08/2026 20:50:27	P5T	6	6	0	1/1/1
48203	11/08/2026 19:58:36	PLANTA CHILLAN	10000416	PLANTA IDEAL	Receptado	10033115	12/08/2026 17:23:44	BCH	264	264	0	LXHJ99/KYRC26/10534954
48203	11/08/2026 19:58:36	PLANTA CHILLAN	10000416	PLANTA IDEAL	Receptado	10033115	12/08/2026 17:23:44	BG	1488	1488	0	LXHJ99/KYRC26/10534954
48203	11/08/2026 19:58:36	PLANTA CHILLAN	10000416	PLANTA IDEAL	Receptado	10033115	12/08/2026 17:23:44	P5T	23	23	0	LXHJ99/KYRC26/10534954
48204	11/08/2026 19:58:59	GRANDES CLIENTES	10000772	PLANTA IDEAL	Receptado	10033115	11/08/2026 20:51:26	BG	1200	1200	0	HXDF11/HXDF11/10534955
48204	11/08/2026 19:58:59	GRANDES CLIENTES	10000772	PLANTA IDEAL	Receptado	10033115	11/08/2026 20:51:26	P5T	10	10	0	HXDF11/HXDF11/10534955
48205	11/08/2026 20:14:19	GRANDES CLIENTES	10000772	PLANTA IDEAL	Receptado	10033115	11/08/2026 21:24:21	BG	1200	1200	0	HXDF12/HXDF12/10534956
48205	11/08/2026 20:14:19	GRANDES CLIENTES	10000772	PLANTA IDEAL	Receptado	10033115	11/08/2026 21:24:21	P5T	10	10	0	HXDF12/HXDF12/10534956
48206	11/08/2026 20:17:23	PLANTA IDEAL	10033115	CEDIS IDE QUILICURA	Receptado	10000798	11/08/2026 20:46:50	BG	1216	1216	0	49/49/CHKL476852
48206	11/08/2026 20:17:23	PLANTA IDEAL	10033115	CEDIS IDE QUILICURA	Receptado	10000798	11/08/2026 20:46:50	P5T	19	19	0	49/49/CHKL476852
48210	11/08/2026 20:44:56	CEDIS IDE QUILICURA	10000798	CONCEPCION	Receptado	10001026	12/08/2026 08:33:35	BG	1310	1310	0	VJWL64/PXFJ76/HKOOB37593191
48210	11/08/2026 20:44:56	CEDIS IDE QUILICURA	10000798	CONCEPCION	Receptado	10001026	12/08/2026 08:33:35	P5T	24	24	0	VJWL64/PXFJ76/HKOOB37593191
48216	11/08/2026 21:40:21	PLANTA CHILLAN	10000416	CEDIS IDE QUILICURA	Receptado	10001100	13/08/2026 01:28:59	BG	1440	1440	0	PJKT50/PWXK75/CGAX00043163
48216	11/08/2026 21:40:21	PLANTA CHILLAN	10000416	CEDIS IDE QUILICURA	Receptado	10001100	13/08/2026 01:28:59	P5T	24	24	0	PJKT50/PWXK75/CGAX00043163
48231	12/08/2026 00:42:39	CEDIS IDE QUILICURA	10001100	EL PINAR	Receptado	10300015	12/08/2026 16:15:59	BG	861	861	0	1/1/HKOOB37593585
48231	12/08/2026 00:42:39	CEDIS IDE QUILICURA	10001100	EL PINAR	Receptado	10300015	12/08/2026 16:15:59	P5T	20	20	0	1/1/HKOOB37593585
48232	12/08/2026 00:48:35	VIÑA DEL MAR	10450104	PLANTA IDEAL	Receptado	10000427	12/08/2026 08:15:44	BG	1440	1440	0	VSRP19/KYPH95/10534964
48232	12/08/2026 00:48:35	VIÑA DEL MAR	10450104	PLANTA IDEAL	Receptado	10000427	12/08/2026 08:15:44	P5T	11	11	0	VSRP19/KYPH95/10534964
49152	20/08/2026 19:56:40	GRANDES CLIENTES	10000772	PLANTA IDEAL	Receptado	10487508	21/08/2026 09:43:25	BCH	187	187	0	1/1/1
49152	20/08/2026 19:56:40	GRANDES CLIENTES	10000772	PLANTA IDEAL	Receptado	10487508	21/08/2026 09:43:25	BG	1234	1234	0	1/1/1
49152	20/08/2026 19:56:40	GRANDES CLIENTES	10000772	PLANTA IDEAL	Receptado	10487508	21/08/2026 09:43:25	P5T	3	3	0	1/1/1
49162	20/08/2026 21:12:51	PLANTA IDEAL	10001082	CEDIS IDE QUILICURA	Receptado	10033023	21/08/2026 00:07:26	BG	1172	1172	0	1/1/CHKL477466
49162	20/08/2026 21:12:51	PLANTA IDEAL	10001082	CEDIS IDE QUILICURA	Receptado	10033023	21/08/2026 00:07:26	P5T	20	20	0	1/1/CHKL477466
49163	20/08/2026 21:14:00	OSORNO	10012272	ECCOFEED SPA	Receptado	10487508	27/08/2026 11:04:34	BG	74	74	0	LTGY82/HGKF99/0
49163	20/08/2026 21:14:00	OSORNO	10012272	ECCOFEED SPA	Receptado	10487508	27/08/2026 11:04:34	P5T	2	2	0	LTGY82/HGKF99/0
49164	20/08/2026 21:16:16	CEDIS IDE QUILICURA	10161182	EL PINAR	Receptado	10300015	21/08/2026 09:00:16	BG	1224	1224	0	VRZL40/HXDF12/HKOOB37647397
49164	20/08/2026 21:16:16	CEDIS IDE QUILICURA	10161182	EL PINAR	Receptado	10300015	21/08/2026 09:00:16	P5T	19	19	0	VRZL40/HXDF12/HKOOB37647397
49363	22/08/2026 14:14:04	PLANTA IDEAL	10001082	CEDIS IDE QUILICURA	Receptado	10001100	22/08/2026 18:00:02	BG	480	480	0	1/1/CHKL477549
49363	22/08/2026 14:14:04	PLANTA IDEAL	10001082	CEDIS IDE QUILICURA	Receptado	10001100	22/08/2026 18:00:02	P5T	9	9	0	1/1/CHKL477549
49404	24/08/2026 07:33:15	TEMUCO	10344423	PLANTA CHILLAN	Receptado	10000416	26/08/2026 13:43:28	BG	1024	1014	10	PJJV29 /HGKF99 /10535587
49404	24/08/2026 07:33:15	TEMUCO	10344423	PLANTA CHILLAN	Receptado	10000416	26/08/2026 13:43:28	P5T	22	22	0	PJJV29 /HGKF99 /10535587
49460	24/08/2026 17:41:18	CEDIS IDE QUILICURA	10033023	LA SERENA	Receptado	10444394	25/08/2026 09:22:46	BCH	98	98	0	PGKD18/PWZP17/HKOOB37659142
49460	24/08/2026 17:41:18	CEDIS IDE QUILICURA	10033023	LA SERENA	Receptado	10444394	25/08/2026 09:22:46	BG	1213	1213	0	PGKD18/PWZP17/HKOOB37659142
49460	24/08/2026 17:41:18	CEDIS IDE QUILICURA	10033023	LA SERENA	Receptado	10444394	25/08/2026 09:22:46	P5T	22	22	0	PGKD18/PWZP17/HKOOB37659142
49466	24/08/2026 18:58:50	PLANTA IDEAL	10000427	CEDIS IDE QUILICURA	Receptado	10033023	24/08/2026 19:03:37	BG	1320	1320	0	FYLB 83/KYLZ 25/CHKL477646
49466	24/08/2026 18:58:50	PLANTA IDEAL	10000427	CEDIS IDE QUILICURA	Receptado	10033023	24/08/2026 19:03:37	P5T	21	21	0	FYLB 83/KYLZ 25/CHKL477646
49468	24/08/2026 19:01:05	PLANTA IDEAL	10000427	CEDIS IDE QUILICURA	Receptado	10033023	24/08/2026 19:04:08	BG	950	950	0	DBLS 59/KYLZ 24/CHKL477667
49468	24/08/2026 19:01:05	PLANTA IDEAL	10000427	CEDIS IDE QUILICURA	Receptado	10033023	24/08/2026 19:04:08	P5T	18	18	0	DBLS 59/KYLZ 24/CHKL477667
49468	24/08/2026 19:01:05	PLANTA IDEAL	10000427	CEDIS IDE QUILICURA	Receptado	10033023	24/08/2026 19:04:08	BCH	75	75	0	DBLS 59/KYLZ 24/CHKL477667
49473	24/08/2026 19:19:41	PLANTA CHILLAN	10000416	CEDIS IDE QUILICURA	Receptado	10032939	25/08/2026 05:57:28	BG	1440	1440	0	HVJX52 /JP3260/CGAX00043604
49473	24/08/2026 19:19:41	PLANTA CHILLAN	10000416	CEDIS IDE QUILICURA	Receptado	10032939	25/08/2026 05:57:28	P5T	24	24	0	HVJX52 /JP3260/CGAX00043604
49475	24/08/2026 19:31:23	PLANTA IDEAL	10000427	CEDIS IDE QUILICURA	Receptado	10033023	24/08/2026 20:36:26	BG	570	570	0	FYLB 83/KYLZ 24/CHKL477669
49475	24/08/2026 19:31:23	PLANTA IDEAL	10000427	CEDIS IDE QUILICURA	Receptado	10033023	24/08/2026 20:36:26	P5T	17	17	0	FYLB 83/KYLZ 24/CHKL477669
49481	24/08/2026 20:04:48	CEDIS IDE QUILICURA	10033023	TALCA	Receptado	10000096	25/08/2026 11:49:00	BG	1036	1036	0	LCTB56/PTYJ57/HKOOB37659134
49481	24/08/2026 20:04:48	CEDIS IDE QUILICURA	10033023	TALCA	Receptado	10000096	25/08/2026 11:49:00	P5T	15	15	0	LCTB56/PTYJ57/HKOOB37659134
49527	25/08/2026 03:57:38	CEDIS IDE QUILICURA	10032939	LA SERENA	Receptado	10444394	26/08/2026 08:36:53	BG	96	96	0	1/1/HKOOB37669745
49527	25/08/2026 03:57:38	CEDIS IDE QUILICURA	10032939	LA SERENA	Receptado	10444394	26/08/2026 08:36:53	P5T	1	1	0	1/1/HKOOB37669745
49586	25/08/2026 11:57:21	PLANTA IDEAL	10001082	CEDIS IDE QUILICURA	Receptado	10001100	25/08/2026 13:04:49	BG	1190	1190	0	1/1/CHKL477651
49586	25/08/2026 11:57:21	PLANTA IDEAL	10001082	CEDIS IDE QUILICURA	Receptado	10001100	25/08/2026 13:04:49	P5T	18	18	0	1/1/CHKL477651
49591	25/08/2026 12:57:02	PLANTA IDEAL	10001082	CEDIS IDE QUILICURA	Receptado	10033023	25/08/2026 15:52:24	BG	836	836	0	1/1/CHKL477653
49591	25/08/2026 12:57:02	PLANTA IDEAL	10001082	CEDIS IDE QUILICURA	Receptado	10033023	25/08/2026 15:52:24	P5T	14	14	0	1/1/CHKL477653
49592	25/08/2026 13:03:12	GRANDES CLIENTES	10001302	PLANTA IDEAL	Receptado	10487508	25/08/2026 17:15:53	BCH	634	634	0	NO APLICA/NO APLICA/NO APLICA
49592	25/08/2026 13:03:12	GRANDES CLIENTES	10001302	PLANTA IDEAL	Receptado	10487508	25/08/2026 17:15:53	BG	1707	1707	0	NO APLICA/NO APLICA/NO APLICA
49592	25/08/2026 13:03:12	GRANDES CLIENTES	10001302	PLANTA IDEAL	Receptado	10487508	25/08/2026 17:15:53	P5T	34	34	0	NO APLICA/NO APLICA/NO APLICA
49637	25/08/2026 20:21:17	CEDIS IDE QUILICURA	10033023	LOS ANGELES	Receptado	172705782	26/08/2026 09:13:23	P5T	20	20	0	LXHJ99/PWXK76/HKOOB37669701
49639	25/08/2026 20:42:33	LO ESPEJO	10458156	PLANTA IDEAL	Receptado	10001216	26/08/2026 11:06:57	BG	1819	1819	0	IDEAL/IDEAL/IDEAL
49639	25/08/2026 20:42:33	LO ESPEJO	10458156	PLANTA IDEAL	Receptado	10001216	26/08/2026 11:06:57	P5T	10	10	0	IDEAL/IDEAL/IDEAL
49643	25/08/2026 21:11:28	LO ESPEJO	10458156	ECCOFEED SPA	Receptado	10487508	27/08/2026 10:18:24	BG	516	516	0	IDEAL/IDEAL/IDEAL
49643	25/08/2026 21:11:28	LO ESPEJO	10458156	ECCOFEED SPA	Receptado	10487508	27/08/2026 10:18:24	P5T	10	10	0	IDEAL/IDEAL/IDEAL
49644	25/08/2026 21:14:09	PLANTA IDEAL	10000427	CEDIS IDE QUILICURA	Receptado	10033023	25/08/2026 21:23:02	BCH	300	300	0	DBLS 59/KYLZ 24/CHKL477657
49644	25/08/2026 21:14:09	PLANTA IDEAL	10000427	CEDIS IDE QUILICURA	Receptado	10033023	25/08/2026 21:23:02	BG	546	546	0	DBLS 59/KYLZ 24/CHKL477657
49644	25/08/2026 21:14:09	PLANTA IDEAL	10000427	CEDIS IDE QUILICURA	Receptado	10033023	25/08/2026 21:23:02	P5T	18	18	0	DBLS 59/KYLZ 24/CHKL477657
49662	26/08/2026 00:27:35	CEDIS IDE QUILICURA	10032939	LO ESPEJO	Receptado	10461749	26/08/2026 06:03:32	BG	1229	1229	0	1/1/HKOOB37670004
49662	26/08/2026 00:27:35	CEDIS IDE QUILICURA	10032939	LO ESPEJO	Receptado	10461749	26/08/2026 06:03:32	P5T	19	19	0	1/1/HKOOB37670004
49663	26/08/2026 00:47:38	CEDIS IDE QUILICURA	10032939	PLANTA IDEAL	Receptado	10033115	26/08/2026 05:01:33	BCH	100	100	0	1/1/CEDIS A PLANTA
49663	26/08/2026 00:47:38	CEDIS IDE QUILICURA	10032939	PLANTA IDEAL	Receptado	10033115	26/08/2026 05:01:33	BG	1125	1125	0	1/1/CEDIS A PLANTA
48120	11/08/2026 07:50:19	CONCEPCION	10001026	CEDIS IDE QUILICURA	Receptado	10001100	12/08/2026 03:07:11	BG	472	472	0	VJWL-64/PXFJ-76/10534888
48120	11/08/2026 07:50:19	CONCEPCION	10001026	CEDIS IDE QUILICURA	Receptado	10001100	12/08/2026 03:07:11	P5T	10	10	0	VJWL-64/PXFJ-76/10534888
48122	11/08/2026 07:57:56	TEMUCO	10344423	CHILLAN	Receptado	10301699	12/08/2026 06:59:19	BG	120	120	0	TGY83 /pwwc54 /12230506
48122	11/08/2026 07:57:56	TEMUCO	10344423	CHILLAN	Receptado	10301699	12/08/2026 06:59:19	P5T	2	2	0	TGY83 /pwwc54 /12230506
48127	11/08/2026 08:20:10	CHILLAN	10301699	ECCOFEED SPA	Receptado	10487508	14/08/2026 08:45:33	BG	114	114	0	HVJX52/JP3260/10534824
48127	11/08/2026 08:20:10	CHILLAN	10301699	ECCOFEED SPA	Receptado	10487508	14/08/2026 08:45:33	P5T	3	3	0	HVJX52/JP3260/10534824
48131	11/08/2026 08:29:54	PLANTA IDEAL	10000427	CEDIS IDE QUILICURA	Receptado	10033023	11/08/2026 11:06:49	BG	952	952	0	DBLS 59/JF 4261/CHKL476850
48131	11/08/2026 08:29:54	PLANTA IDEAL	10000427	CEDIS IDE QUILICURA	Receptado	10033023	11/08/2026 11:06:49	P5T	16	16	0	DBLS 59/JF 4261/CHKL476850
48132	11/08/2026 08:39:33	MELIPILLA	10291937	PLANTA IDEAL	Receptado	10000427	11/08/2026 12:17:14	BCH	1	0	1	-/-/10534869
48132	11/08/2026 08:39:33	MELIPILLA	10291937	PLANTA IDEAL	Receptado	10000427	11/08/2026 12:17:14	BG	1620	1500	120	-/-/10534869
48132	11/08/2026 08:39:33	MELIPILLA	10291937	PLANTA IDEAL	Receptado	10000427	11/08/2026 12:17:14	P5T	18	17	1	-/-/10534869
48135	11/08/2026 08:49:43	TEMUCO	10344423	ECCOFEED SPA	Receptado	10487508	14/08/2026 08:49:13	BG	90	90	0	TZSS95 /PXLS31 /10534892
48135	11/08/2026 08:49:43	TEMUCO	10344423	ECCOFEED SPA	Receptado	10487508	14/08/2026 08:49:13	P5T	2	2	0	TZSS95 /PXLS31 /10534892
48136	11/08/2026 08:51:17	TEMUCO	10344423	PLANTA CHILLAN	Receptado	10000416	11/08/2026 17:26:12	BCH	199	199	0	TZSS95 /PXLS31 /10534892
48136	11/08/2026 08:51:17	TEMUCO	10344423	PLANTA CHILLAN	Receptado	10000416	11/08/2026 17:26:12	BG	1600	1540	60	TZSS95 /PXLS31 /10534892
48136	11/08/2026 08:51:17	TEMUCO	10344423	PLANTA CHILLAN	Receptado	10000416	11/08/2026 17:26:12	P5T	24	24	0	TZSS95 /PXLS31 /10534892
48137	11/08/2026 08:54:15	PUERTO MONTT	10001696	PLANTA CHILLAN	Receptado	10000416	14/08/2026 10:52:16	BCH	300	300	0	PJKT-50/PWXK-75/10534893
48137	11/08/2026 08:54:15	PUERTO MONTT	10001696	PLANTA CHILLAN	Receptado	10000416	14/08/2026 10:52:16	BG	1200	1200	0	PJKT-50/PWXK-75/10534893
48137	11/08/2026 08:54:15	PUERTO MONTT	10001696	PLANTA CHILLAN	Receptado	10000416	14/08/2026 10:52:16	P5T	48	48	0	PJKT-50/PWXK-75/10534893
48145	11/08/2026 09:20:31	LO ESPEJO	10429055	PLANTA IDEAL	Receptado	10000427	11/08/2026 13:21:56	BG	1680	1680	0	00/00/10534898
48145	11/08/2026 09:20:31	LO ESPEJO	10429055	PLANTA IDEAL	Receptado	10000427	11/08/2026 13:21:56	P5T	20	20	0	00/00/10534898
48152	11/08/2026 10:15:49	PLANTA IDEAL	10000427	CEDIS IDE QUILICURA	Receptado	10033023	11/08/2026 11:07:51	BG	814	814	0	DBLS 59/KYLZ 24/CHKL476870
48152	11/08/2026 10:15:49	PLANTA IDEAL	10000427	CEDIS IDE QUILICURA	Receptado	10033023	11/08/2026 11:07:51	P5T	14	14	0	DBLS 59/KYLZ 24/CHKL476870
48157	11/08/2026 11:28:37	CEDIS IDE QUILICURA	10033023	ANTOFAGASTA	Receptado	10299402	13/08/2026 05:44:18	BG	1355	1355	0	TGPH69/PXJW34/HKOOB37593581
48157	11/08/2026 11:28:37	CEDIS IDE QUILICURA	10033023	ANTOFAGASTA	Receptado	10299402	13/08/2026 05:44:18	P5T	25	25	0	TGPH69/PXJW34/HKOOB37593581
48158	11/08/2026 12:10:09	PLANTA IDEAL	10000427	CEDIS IDE QUILICURA	Receptado	10033023	11/08/2026 13:14:41	BG	1088	1088	0	DBLS 59/KYLZ 24/CHKL476831
48158	11/08/2026 12:10:09	PLANTA IDEAL	10000427	CEDIS IDE QUILICURA	Receptado	10033023	11/08/2026 13:14:41	P5T	20	20	0	DBLS 59/KYLZ 24/CHKL476831
48173	11/08/2026 16:06:14	PLANTA CHILLAN	10000416	CEDIS IDE QUILICURA	Receptado	10001100	12/08/2026 06:15:47	BG	1426	1426	0	PJJV10/HGKF80/CGAX00043161
48173	11/08/2026 16:06:14	PLANTA CHILLAN	10000416	CEDIS IDE QUILICURA	Receptado	10001100	12/08/2026 06:15:47	P5T	24	24	0	PJJV10/HGKF80/CGAX00043161
48175	11/08/2026 16:11:27	CEDIS IDE QUILICURA	10000798	LA SERENA	Receptado	10444394	12/08/2026 08:34:10	BG	374	374	0	HVJX52/JP3260/HKOOB37593198
48175	11/08/2026 16:11:27	CEDIS IDE QUILICURA	10000798	LA SERENA	Receptado	10444394	12/08/2026 08:34:10	P5T	4	4	0	HVJX52/JP3260/HKOOB37593198
48179	11/08/2026 17:05:15	CEDIS IDE QUILICURA	10000798	LOS ANGELES	Receptado	172705782	12/08/2026 09:14:01	BG	1379	1379	0	BVWZ52/HGLP10/HKOOB37593197
48179	11/08/2026 17:05:15	CEDIS IDE QUILICURA	10000798	LOS ANGELES	Receptado	172705782	12/08/2026 09:14:01	P5T	19	19	0	BVWZ52/HGLP10/HKOOB37593197
48180	11/08/2026 17:10:37	GRANDES CLIENTES	10000772	PLANTA IDEAL	Receptado	10033115	11/08/2026 18:04:24	BCH	1000	1000	0	HXDF12/HXDF12/10534945
48180	11/08/2026 17:10:37	GRANDES CLIENTES	10000772	PLANTA IDEAL	Receptado	10033115	11/08/2026 18:04:24	BG	600	600	0	HXDF12/HXDF12/10534945
48180	11/08/2026 17:10:37	GRANDES CLIENTES	10000772	PLANTA IDEAL	Receptado	10033115	11/08/2026 18:04:24	P5T	11	11	0	HXDF12/HXDF12/10534945
48181	11/08/2026 17:19:12	CEDIS IDE QUILICURA	10000798	TALCA	Receptado	10000096	12/08/2026 12:13:30	BCH	16	16	0	PSLZ36/HGKF81/HKOOB37593195
48181	11/08/2026 17:19:12	CEDIS IDE QUILICURA	10000798	TALCA	Receptado	10000096	12/08/2026 12:13:30	BG	1098	1098	0	PSLZ36/HGKF81/HKOOB37593195
48181	11/08/2026 17:19:12	CEDIS IDE QUILICURA	10000798	TALCA	Receptado	10000096	12/08/2026 12:13:30	P5T	19	19	0	PSLZ36/HGKF81/HKOOB37593195
48183	11/08/2026 17:30:38	PLANTA IDEAL	10033115	CEDIS IDE QUILICURA	Receptado	10000798	11/08/2026 17:49:02	BG	1012	1012	0	49/49/CHKL476817
48183	11/08/2026 17:30:38	PLANTA IDEAL	10033115	CEDIS IDE QUILICURA	Receptado	10000798	11/08/2026 17:49:02	P5T	18	18	0	49/49/CHKL476817
48188	11/08/2026 17:47:06	CEDIS IDE QUILICURA	10000798	CHILLAN	Receptado	10301699	12/08/2026 08:24:45	BG	1134	1134	0	PFBS11/KDGH62/HKOOB37593204
48188	11/08/2026 17:47:06	CEDIS IDE QUILICURA	10000798	CHILLAN	Receptado	10301699	12/08/2026 08:24:45	P5T	16	16	0	PFBS11/KDGH62/HKOOB37593204
48192	11/08/2026 18:49:05	LO ESPEJO	10458156	PLANTA IDEAL	Receptado	10033115	11/08/2026 20:49:58	BG	1848	1848	0	IDEAL/IDEAL/IDEAL
48192	11/08/2026 18:49:05	LO ESPEJO	10458156	PLANTA IDEAL	Receptado	10033115	11/08/2026 20:49:58	P5T	16	16	0	IDEAL/IDEAL/IDEAL
48218	11/08/2026 21:52:08	PLANTA IDEAL	10033115	CEDIS IDE QUILICURA	Receptado	10001100	12/08/2026 02:54:26	BG	1163	1163	0	49/49/CHKL476823
48218	11/08/2026 21:52:08	PLANTA IDEAL	10033115	CEDIS IDE QUILICURA	Receptado	10001100	12/08/2026 02:54:26	P5T	15	15	0	49/49/CHKL476823
48877	18/08/2026 17:48:14	CEDIS IDE QUILICURA	10001100	LA SERENA	Receptado	10444394	19/08/2026 09:09:02	BG	1348	1348	0	1/1/HKOOB37639403
48877	18/08/2026 17:48:14	CEDIS IDE QUILICURA	10001100	LA SERENA	Receptado	10444394	19/08/2026 09:09:02	P5T	20	20	0	1/1/HKOOB37639403
48885	18/08/2026 19:27:23	PLANTA IDEAL	10001082	CEDIS IDE QUILICURA	Receptado	10001100	18/08/2026 19:28:40	BG	1260	1260	0	1/1/1
48885	18/08/2026 19:27:23	PLANTA IDEAL	10001082	CEDIS IDE QUILICURA	Receptado	10001100	18/08/2026 19:28:40	P5T	22	22	0	1/1/1
48894	18/08/2026 20:44:34	CEDIS IDE QUILICURA	10001100	CONCEPCION	Receptado	10001026	19/08/2026 08:45:16	BCH	15	15	0	1/1/HKOOB37633045
48894	18/08/2026 20:44:34	CEDIS IDE QUILICURA	10001100	CONCEPCION	Receptado	10001026	19/08/2026 08:45:16	BG	1530	1530	0	1/1/HKOOB37633045
48894	18/08/2026 20:44:34	CEDIS IDE QUILICURA	10001100	CONCEPCION	Receptado	10001026	19/08/2026 08:45:16	P5T	29	29	0	1/1/HKOOB37633045
48897	18/08/2026 21:04:37	LO ESPEJO	10450102	PLANTA IDEAL	Receptado	10033115	19/08/2026 08:22:07	BG	1456	1456	0	IDEAL/IDEAL/10535328
48897	18/08/2026 21:04:37	LO ESPEJO	10450102	PLANTA IDEAL	Receptado	10033115	19/08/2026 08:22:07	P5T	15	15	0	IDEAL/IDEAL/10535328
48924	19/08/2026 03:24:07	CEDIS IDE QUILICURA	10033023	LO ESPEJO	Receptado	10461749	19/08/2026 04:48:58	BG	791	791	0	VSRP19/HXDF12/HKOOB37635371
48924	19/08/2026 03:24:07	CEDIS IDE QUILICURA	10033023	LO ESPEJO	Receptado	10461749	19/08/2026 04:48:58	P5T	18	18	0	VSRP19/HXDF12/HKOOB37635371
49071	20/08/2026 05:18:39	CEDIS IDE QUILICURA	10033023	PUERTO MONTT	Receptado	10001696	21/08/2026 12:27:17	BCH	241	241	0	PGKD18/PWZP-17/HKOOB37647362
49071	20/08/2026 05:18:39	CEDIS IDE QUILICURA	10033023	PUERTO MONTT	Receptado	10001696	21/08/2026 12:27:17	BG	934	934	0	PGKD18/PWZP-17/HKOOB37647362
49071	20/08/2026 05:18:39	CEDIS IDE QUILICURA	10033023	PUERTO MONTT	Receptado	10001696	21/08/2026 12:27:17	P5T	16	16	0	PGKD18/PWZP-17/HKOOB37647362
49194	21/08/2026 04:24:14	PLANTA IDEAL	10000427	CEDIS IDE QUILICURA	Receptado	10033023	21/08/2026 04:34:50	BG	1046	1046	0	FYLB 83/KYLZ 25/CHKL477337
49194	21/08/2026 04:24:14	PLANTA IDEAL	10000427	CEDIS IDE QUILICURA	Receptado	10033023	21/08/2026 04:34:50	P5T	15	15	0	FYLB 83/KYLZ 25/CHKL477337
49226	21/08/2026 11:19:54	PLANTA IDEAL	10033115	CEDIS IDE QUILICURA	Receptado	10000798	21/08/2026 12:02:21	BG	1140	1140	0	50/50/CHKL477399
49226	21/08/2026 11:19:54	PLANTA IDEAL	10033115	CEDIS IDE QUILICURA	Receptado	10000798	21/08/2026 12:02:21	P5T	20	20	0	50/50/CHKL477399
49234	21/08/2026 12:03:17	LO ESPEJO	10458156	LA LIGUA	Receptado	10006353	22/08/2026 13:52:48	BG	120	120	0	IDEAL/IDEAL/10535510
49234	21/08/2026 12:03:17	LO ESPEJO	10458156	LA LIGUA	Receptado	10006353	22/08/2026 13:52:48	P5T	2	2	0	IDEAL/IDEAL/10535510
49298	22/08/2026 00:38:51	PLANTA IDEAL	10000427	CEDIS IDE QUILICURA	Receptado	10033023	22/08/2026 00:43:14	BG	1260	1260	0	JKKG 89/KYLZ  25/CHKL477404
49298	22/08/2026 00:38:51	PLANTA IDEAL	10000427	CEDIS IDE QUILICURA	Receptado	10033023	22/08/2026 00:43:14	P5T	19	19	0	JKKG 89/KYLZ  25/CHKL477404
49301	22/08/2026 00:40:22	CEDIS IDE QUILICURA	10033023	OSORNO	Receptado	10001704	25/08/2026 06:49:45	BG	26	26	0	LXHJ99/PWXK76/CHKO383506
49301	22/08/2026 00:40:22	CEDIS IDE QUILICURA	10033023	OSORNO	Receptado	10001704	25/08/2026 06:49:45	P5T	1	1	0	LXHJ99/PWXK76/CHKO383506
49309	22/08/2026 02:40:28	CEDIS IDE QUILICURA	10033023	LOS ANDES	Receptado	10486010	31/08/2026 09:29:08	BCH	60	60	0	HVJX52/JP3260/HKOOB37655597
49309	22/08/2026 02:40:28	CEDIS IDE QUILICURA	10033023	LOS ANDES	Receptado	10486010	31/08/2026 09:29:08	BG	1169	1160	9	HVJX52/JP3260/HKOOB37655597
49309	22/08/2026 02:40:28	CEDIS IDE QUILICURA	10033023	LOS ANDES	Receptado	10486010	31/08/2026 09:29:08	P5T	21	21	0	HVJX52/JP3260/HKOOB37655597
49313	22/08/2026 03:31:22	CEDIS IDE QUILICURA	10033023	EL PINAR	Receptado	10149777	22/08/2026 14:23:40	BG	565	565	0	VRZL40/HXDF11/HKOOB37657019
49313	22/08/2026 03:31:22	CEDIS IDE QUILICURA	10033023	EL PINAR	Receptado	10149777	22/08/2026 14:23:40	P5T	11	11	0	VRZL40/HXDF11/HKOOB37657019
49318	22/08/2026 04:16:48	CEDIS IDE QUILICURA	10033023	LO ESPEJO	Receptado	10461749	24/08/2026 05:43:30	BG	1020	1020	0	TVTD89/JG5630/HKOOB37657005
49318	22/08/2026 04:16:48	CEDIS IDE QUILICURA	10033023	LO ESPEJO	Receptado	10461749	24/08/2026 05:43:30	P5T	14	14	0	TVTD89/JG5630/HKOOB37657005
49386	22/08/2026 19:31:58	CEDIS IDE QUILICURA	10001100	CONCEPCION	Receptado	10001026	24/08/2026 08:09:55	BCH	29	29	0	1/1/CHKO383549
49386	22/08/2026 19:31:58	CEDIS IDE QUILICURA	10001100	CONCEPCION	Receptado	10001026	24/08/2026 08:09:55	BG	1379	1379	0	1/1/CHKO383549
49386	22/08/2026 19:31:58	CEDIS IDE QUILICURA	10001100	CONCEPCION	Receptado	10001026	24/08/2026 08:09:55	P5T	28	28	0	1/1/CHKO383549
49387	22/08/2026 19:37:40	PLANTA IDEAL	10001082	CEDIS IDE QUILICURA	Receptado	10001100	24/08/2026 08:07:21	BCH	50	50	0	1/1/CHKL477530
49387	22/08/2026 19:37:40	PLANTA IDEAL	10001082	CEDIS IDE QUILICURA	Receptado	10001100	24/08/2026 08:07:21	BG	1080	1080	0	1/1/CHKL477530
49387	22/08/2026 19:37:40	PLANTA IDEAL	10001082	CEDIS IDE QUILICURA	Receptado	10001100	24/08/2026 08:07:21	P5T	20	20	0	1/1/CHKL477530
48019	10/08/2026 13:49:45	SALON QUILICURA	10000981	QUILICURA	Receptado	101196341	12/08/2026 15:35:22	BG	39	39	0	0/0/0
48021	10/08/2026 14:03:55	CEDIS IDE QUILICURA	10033023	ANTOFAGASTA	Receptado	10299402	11/08/2026 18:00:21	BCH	93	93	0	VJWL66/PXKH30/HKOOB37592426
48021	10/08/2026 14:03:55	CEDIS IDE QUILICURA	10033023	ANTOFAGASTA	Receptado	10299402	11/08/2026 18:00:21	BG	420	420	0	VJWL66/PXKH30/HKOOB37592426
48021	10/08/2026 14:03:55	CEDIS IDE QUILICURA	10033023	ANTOFAGASTA	Receptado	10299402	11/08/2026 18:00:21	P5T	9	8	1	VJWL66/PXKH30/HKOOB37592426
48265	12/08/2026 07:37:51	MELIPILLA	10291937	PLANTA IDEAL	Receptado	10000427	12/08/2026 10:32:15	BG	747	747	0	JKZB-48/-/10534953
48265	12/08/2026 07:37:51	MELIPILLA	10291937	PLANTA IDEAL	Receptado	10000427	12/08/2026 10:32:15	P5T	9	9	0	JKZB-48/-/10534953
48268	12/08/2026 07:51:51	TEMUCO	10344423	ECCOFEED SPA	Receptado	10487508	19/08/2026 10:24:53	BG	180	180	0	PFBS12 /PWZH30 /10534973
48268	12/08/2026 07:51:51	TEMUCO	10344423	ECCOFEED SPA	Receptado	10487508	19/08/2026 10:24:53	P5T	3	3	0	PFBS12 /PWZH30 /10534973
48285	12/08/2026 09:15:48	LOS ANGELES	172705782	PLANTA CHILLAN	Receptado	10000416	14/08/2026 10:41:32	BG	1024	1014	10	BVWZ52/HGLP10/1
48285	12/08/2026 09:15:48	LOS ANGELES	172705782	PLANTA CHILLAN	Receptado	10000416	14/08/2026 10:41:32	P5T	8	8	0	BVWZ52/HGLP10/1
48290	12/08/2026 09:38:36	PLANTA IDEAL	10000427	CEDIS IDE QUILICURA	Receptado	10000798	12/08/2026 14:21:17	BCH	200	200	0	KYLZ 24/JKKJ 26/CHKL476944
48290	12/08/2026 09:38:36	PLANTA IDEAL	10000427	CEDIS IDE QUILICURA	Receptado	10000798	12/08/2026 14:21:17	BG	1034	1034	0	KYLZ 24/JKKJ 26/CHKL476944
48290	12/08/2026 09:38:36	PLANTA IDEAL	10000427	CEDIS IDE QUILICURA	Receptado	10000798	12/08/2026 14:21:17	P5T	12	12	0	KYLZ 24/JKKJ 26/CHKL476944
48296	12/08/2026 11:14:32	PLANTA IDEAL	10000427	CEDIS IDE QUILICURA	Receptado	10000798	12/08/2026 14:22:08	BCH	800	800	0	JKKJ 26/KYLZ 24/CHKL476858
48296	12/08/2026 11:14:32	PLANTA IDEAL	10000427	CEDIS IDE QUILICURA	Receptado	10000798	12/08/2026 14:22:08	BG	581	581	0	JKKJ 26/KYLZ 24/CHKL476858
48296	12/08/2026 11:14:32	PLANTA IDEAL	10000427	CEDIS IDE QUILICURA	Receptado	10000798	12/08/2026 14:22:08	P5T	14	14	0	JKKJ 26/KYLZ 24/CHKL476858
48298	12/08/2026 11:18:51	CEDIS IDE QUILICURA	10033023	TALCA	Receptado	10000096	13/08/2026 13:25:26	BCH	15	15	0	ZL7937/JL8458/HKOOB37599110
48298	12/08/2026 11:18:51	CEDIS IDE QUILICURA	10033023	TALCA	Receptado	10000096	13/08/2026 13:25:26	BG	1428	1428	0	ZL7937/JL8458/HKOOB37599110
48298	12/08/2026 11:18:51	CEDIS IDE QUILICURA	10033023	TALCA	Receptado	10000096	13/08/2026 13:25:26	P5T	20	20	0	ZL7937/JL8458/HKOOB37599110
48301	12/08/2026 12:13:52	PLANTA CHILLAN	10000416	CEDIS IDE QUILICURA	Receptado	10033023	13/08/2026 08:56:33	BG	1428	1428	0	PFBS12 /PWZH30/CGAX000431
48301	12/08/2026 12:13:52	PLANTA CHILLAN	10000416	CEDIS IDE QUILICURA	Receptado	10033023	13/08/2026 08:56:33	P5T	24	24	0	PFBS12 /PWZH30/CGAX000431
48305	12/08/2026 12:35:27	CEDIS IDE QUILICURA	10033023	VIÑA DEL MAR	Receptado	10450104	13/08/2026 01:01:46	BCH	85	85	0	VSRP19/KYPH95/HKOOB37601676
48305	12/08/2026 12:35:27	CEDIS IDE QUILICURA	10033023	VIÑA DEL MAR	Receptado	10450104	13/08/2026 01:01:46	BG	1368	1368	0	VSRP19/KYPH95/HKOOB37601676
48305	12/08/2026 12:35:27	CEDIS IDE QUILICURA	10033023	VIÑA DEL MAR	Receptado	10450104	13/08/2026 01:01:46	P5T	21	21	0	VSRP19/KYPH95/HKOOB37601676
48314	12/08/2026 14:48:12	COPIAPO	10405300	PLANTA IDEAL	Receptado	10033115	13/08/2026 14:56:59	BCH	50	50	0	LWBV80/HXGP47/10535009
48314	12/08/2026 14:48:12	COPIAPO	10405300	PLANTA IDEAL	Receptado	10033115	13/08/2026 14:56:59	BG	1460	1460	0	LWBV80/HXGP47/10535009
48314	12/08/2026 14:48:12	COPIAPO	10405300	PLANTA IDEAL	Receptado	10033115	13/08/2026 14:56:59	P5T	13	13	0	LWBV80/HXGP47/10535009
48886	18/08/2026 19:33:36	GRANDES CLIENTES	10000772	PLANTA IDEAL	Receptado	10033115	19/08/2026 13:42:39	BCH	344	344	0	1/1/1
48886	18/08/2026 19:33:36	GRANDES CLIENTES	10000772	PLANTA IDEAL	Receptado	10033115	19/08/2026 13:42:39	BG	1829	1829	0	1/1/1
48886	18/08/2026 19:33:36	GRANDES CLIENTES	10000772	PLANTA IDEAL	Receptado	10033115	19/08/2026 13:42:39	P5T	17	17	0	1/1/1
48895	18/08/2026 20:52:22	PLANTA IDEAL	10001082	CEDIS IDE QUILICURA	Receptado	10001100	18/08/2026 22:08:12	BG	1236	1236	0	1/1/CHKL477155
48895	18/08/2026 20:52:22	PLANTA IDEAL	10001082	CEDIS IDE QUILICURA	Receptado	10001100	18/08/2026 22:08:12	P5T	21	21	0	1/1/CHKL477155
48903	18/08/2026 22:06:07	CEDIS IDE QUILICURA	10001100	CONCEPCION	Receptado	10001288	19/08/2026 17:39:57	BCH	100	100	0	1/1/HKOOB37640442
48903	18/08/2026 22:06:07	CEDIS IDE QUILICURA	10001100	CONCEPCION	Receptado	10001288	19/08/2026 17:39:57	BG	1180	1180	0	1/1/HKOOB37640442
48903	18/08/2026 22:06:07	CEDIS IDE QUILICURA	10001100	CONCEPCION	Receptado	10001288	19/08/2026 17:39:57	P5T	19	19	0	1/1/HKOOB37640442
48965	19/08/2026 08:01:20	RANCAGUA	10000032	PLANTA IDEAL	Receptado	10033115	19/08/2026 13:32:51	BCH	12	12	0	DRPH-69/JJ-4819/10535346
48965	19/08/2026 08:01:20	RANCAGUA	10000032	PLANTA IDEAL	Receptado	10033115	19/08/2026 13:32:51	BG	1821	1821	0	DRPH-69/JJ-4819/10535346
48965	19/08/2026 08:01:20	RANCAGUA	10000032	PLANTA IDEAL	Receptado	10033115	19/08/2026 13:32:51	P5T	33	33	0	DRPH-69/JJ-4819/10535346
48966	19/08/2026 08:08:18	RANCAGUA	10000032	ECCOFEED SPA	Receptado	10487508	25/08/2026 17:05:02	BG	177	177	0	DRPH-69/JJ-4819/10535347
48966	19/08/2026 08:08:18	RANCAGUA	10000032	ECCOFEED SPA	Receptado	10487508	25/08/2026 17:05:02	P5T	3	3	0	DRPH-69/JJ-4819/10535347
49125	20/08/2026 13:50:57	CEDIS IDE QUILICURA	10032939	LO ESPEJO	Receptado	10461749	21/08/2026 00:53:53	BG	680	680	0	1/1/HKOOB37647387
49125	20/08/2026 13:50:57	CEDIS IDE QUILICURA	10032939	LO ESPEJO	Receptado	10461749	21/08/2026 00:53:53	P5T	11	11	0	1/1/HKOOB37647387
49188	21/08/2026 03:29:11	PLANTA IDEAL	10000427	CEDIS IDE QUILICURA	Receptado	10033023	21/08/2026 04:35:36	BG	1132	1132	0	FYLB 83/KYLZ 25/CHKL477336
49188	21/08/2026 03:29:11	PLANTA IDEAL	10000427	CEDIS IDE QUILICURA	Receptado	10033023	21/08/2026 04:35:36	P5T	21	21	0	FYLB 83/KYLZ 25/CHKL477336
49405	24/08/2026 07:34:19	CHILLAN	10301699	ECCOFEED SPA	Receptado	10487508	27/08/2026 10:43:29	BG	95	95	0	LCTB56/PTYJ57/10535575
49405	24/08/2026 07:34:19	CHILLAN	10301699	ECCOFEED SPA	Receptado	10487508	27/08/2026 10:43:29	P5T	2	2	0	LCTB56/PTYJ57/10535575
49418	24/08/2026 08:48:26	LOS ANGELES	172705782	ECCOFEED SPA	Receptado	10487508	27/08/2026 10:47:11	BG	143	143	0	LTGY83/PWZP18/1
49418	24/08/2026 08:48:26	LOS ANGELES	172705782	ECCOFEED SPA	Receptado	10487508	27/08/2026 10:47:11	P5T	3	3	0	LTGY83/PWZP18/1
49420	24/08/2026 09:07:22	PLANTA IDEAL	10001082	CEDIS IDE QUILICURA	Receptado	10001100	24/08/2026 14:38:07	BCH	200	200	0	1/1/1
49420	24/08/2026 09:07:22	PLANTA IDEAL	10001082	CEDIS IDE QUILICURA	Receptado	10001100	24/08/2026 14:38:07	BG	1200	1200	0	1/1/1
49420	24/08/2026 09:07:22	PLANTA IDEAL	10001082	CEDIS IDE QUILICURA	Receptado	10001100	24/08/2026 14:38:07	P5T	19	19	0	1/1/1
49454	24/08/2026 16:13:37	VIÑA DEL MAR	10000599	PLANTA IDEAL	Receptado	10001216	31/08/2026 08:16:23	BG	1200	1200	0	499-66/499-66/10535610
49454	24/08/2026 16:13:37	VIÑA DEL MAR	10000599	PLANTA IDEAL	Receptado	10001216	31/08/2026 08:16:23	P5T	49	49	0	499-66/499-66/10535610
49454	24/08/2026 16:13:37	VIÑA DEL MAR	10000599	PLANTA IDEAL	Receptado	10001216	31/08/2026 08:16:23	BCH	400	400	0	499-66/499-66/10535610
49525	25/08/2026 03:54:00	VIÑA DEL MAR	10450104	PLANTA IDEAL	Receptado	10001082	25/08/2026 08:44:42	BG	1320	1446	-126	STJR25/PXJD32/10535639
49525	25/08/2026 03:54:00	VIÑA DEL MAR	10450104	PLANTA IDEAL	Receptado	10001082	25/08/2026 08:44:42	P5T	8	9	-1	STJR25/PXJD32/10535639
49531	25/08/2026 05:19:49	PLANTA IDEAL	10033115	CEDIS IDE QUILICURA	Receptado	10001100	25/08/2026 13:07:27	BG	1232	1232	0	50/50/CHKL477689
49531	25/08/2026 05:19:49	PLANTA IDEAL	10033115	CEDIS IDE QUILICURA	Receptado	10001100	25/08/2026 13:07:27	P5T	22	22	0	50/50/CHKL477689
49549	25/08/2026 07:31:00	CHILLAN	10301699	PLANTA CHILLAN	Receptado	10000416	25/08/2026 11:34:47	BG	1230	1230	0	PGBY32/1/10535629
49549	25/08/2026 07:31:00	CHILLAN	10301699	PLANTA CHILLAN	Receptado	10000416	25/08/2026 11:34:47	BCH	55	55	0	PGBY32/1/10535629
49549	25/08/2026 07:31:00	CHILLAN	10301699	PLANTA CHILLAN	Receptado	10000416	25/08/2026 11:34:47	P5T	15	15	0	PGBY32/1/10535629
49554	25/08/2026 07:47:40	MELIPILLA	10291937	PLANTA IDEAL	Receptado	10001082	25/08/2026 10:53:06	BCH	24	25	-1	PXJD-34/-/10535628
49554	25/08/2026 07:47:40	MELIPILLA	10291937	PLANTA IDEAL	Receptado	10001082	25/08/2026 10:53:06	BG	1197	1198	-1	PXJD-34/-/10535628
49554	25/08/2026 07:47:40	MELIPILLA	10291937	PLANTA IDEAL	Receptado	10001082	25/08/2026 10:53:06	P5T	11	12	-1	PXJD-34/-/10535628
49560	25/08/2026 07:53:42	PLANTA IDEAL	10001082	CEDIS IDE QUILICURA	Receptado	10001100	25/08/2026 13:03:04	BG	1296	1296	0	1/1/CHKL477556
49560	25/08/2026 07:53:42	PLANTA IDEAL	10001082	CEDIS IDE QUILICURA	Receptado	10001100	25/08/2026 13:03:04	P5T	21	21	0	1/1/CHKL477556
49568	25/08/2026 08:37:58	PLANTA IDEAL	10001082	CEDIS IDE QUILICURA	Receptado	10001100	25/08/2026 13:03:19	BG	1293	1293	0	1/1/CHKL477649
49568	25/08/2026 08:37:58	PLANTA IDEAL	10001082	CEDIS IDE QUILICURA	Receptado	10001100	25/08/2026 13:03:19	P5T	21	21	0	1/1/CHKL477649
49570	25/08/2026 08:58:08	CEDIS IDE QUILICURA	10001100	LO ESPEJO	Receptado	10461749	26/08/2026 06:02:02	BG	1020	1020	0	1/1/HKOOB37669999
49570	25/08/2026 08:58:08	CEDIS IDE QUILICURA	10001100	LO ESPEJO	Receptado	10461749	26/08/2026 06:02:02	P5T	17	17	0	1/1/HKOOB37669999
49575	25/08/2026 09:29:40	PLANTA CHILLAN	10000416	CEDIS IDE QUILICURA	Receptado	10001100	26/08/2026 12:33:35	BG	1440	1440	0	PGBY32/PXJF25/CGAX00043622
49575	25/08/2026 09:29:40	PLANTA CHILLAN	10000416	CEDIS IDE QUILICURA	Receptado	10001100	26/08/2026 12:33:35	P5T	24	24	0	PGBY32/PXJF25/CGAX00043622
48227	11/08/2026 23:40:34	PLANTA IDEAL	10001082	CEDIS IDE QUILICURA	Receptado	10001100	12/08/2026 02:58:46	BG	1232	1232	0	1/1/CHKL476853
48227	11/08/2026 23:40:34	PLANTA IDEAL	10001082	CEDIS IDE QUILICURA	Receptado	10001100	12/08/2026 02:58:46	P5T	19	19	0	1/1/CHKL476853
48250	12/08/2026 05:04:36	VIÑA DEL MAR	10450104	PLANTA IDEAL	Receptado	10000427	14/08/2026 09:27:08	BCH	200	200	0	VRZL40/KYPH94/10534965
48250	12/08/2026 05:04:36	VIÑA DEL MAR	10450104	PLANTA IDEAL	Receptado	10000427	14/08/2026 09:27:08	BG	840	840	0	VRZL40/KYPH94/10534965
48250	12/08/2026 05:04:36	VIÑA DEL MAR	10450104	PLANTA IDEAL	Receptado	10000427	14/08/2026 09:27:08	P5T	8	8	0	VRZL40/KYPH94/10534965
48284	12/08/2026 09:07:23	PUERTO MONTT	10001696	ECCOFEED SPA	Receptado	10487508	19/08/2026 10:25:11	BG	198	198	0	SPVR-15/PXBK-21/826652-53-54
48284	12/08/2026 09:07:23	PUERTO MONTT	10001696	ECCOFEED SPA	Receptado	10487508	19/08/2026 10:25:11	P5T	4	4	0	SPVR-15/PXBK-21/826652-53-54
48286	12/08/2026 09:17:55	LOS ANGELES	172705782	ECCOFEED SPA	Receptado	10487508	19/08/2026 10:25:26	BG	156	156	0	BVWZ52/HGLP10/1
48286	12/08/2026 09:17:55	LOS ANGELES	172705782	ECCOFEED SPA	Receptado	10487508	19/08/2026 10:25:26	P5T	3	3	0	BVWZ52/HGLP10/1
48288	12/08/2026 09:20:09	RANCAGUA	10000032	ECCOFEED SPA	Receptado	10487508	13/08/2026 16:37:48	BG	194	194	0	DRPH-69/JJ-4819/10534981
48288	12/08/2026 09:20:09	RANCAGUA	10000032	ECCOFEED SPA	Receptado	10487508	13/08/2026 16:37:48	P5T	3	3	0	DRPH-69/JJ-4819/10534981
48297	12/08/2026 11:23:50	LA SERENA	10444394	PLANTA IDEAL	Receptado	10001082	13/08/2026 05:47:23	BG	1896	1896	0	TGPH68/PXJD17/10534992
48297	12/08/2026 11:23:50	LA SERENA	10444394	PLANTA IDEAL	Receptado	10001082	13/08/2026 05:47:23	P5T	20	20	0	TGPH68/PXJD17/10534992
48304	12/08/2026 12:38:09	LO ESPEJO	10458156	LA LIGUA	Receptado	10006353	13/08/2026 10:00:07	BG	130	130	0	IDEAL/IDEAL/IDEAL
48304	12/08/2026 12:38:09	LO ESPEJO	10458156	LA LIGUA	Receptado	10006353	13/08/2026 10:00:07	P5T	4	4	0	IDEAL/IDEAL/IDEAL
48311	12/08/2026 14:37:27	LO ESPEJO	10458156	PLANTA IDEAL	Receptado	10033115	12/08/2026 21:54:49	BG	1176	1176	0	IDEAL/IDEAL/IDEAL
48311	12/08/2026 14:37:27	LO ESPEJO	10458156	PLANTA IDEAL	Receptado	10033115	12/08/2026 21:54:49	P5T	61	61	0	IDEAL/IDEAL/IDEAL
48312	12/08/2026 14:34:37	IQUIQUE	10012419	ECCOFEED SPA	Receptado	10487508	19/08/2026 10:25:41	BG	159	159	0	LZRG-89/PXJF-25/8418424
48312	12/08/2026 14:34:37	IQUIQUE	10012419	ECCOFEED SPA	Receptado	10487508	19/08/2026 10:25:41	P5T	3	3	0	LZRG-89/PXJF-25/8418424
48317	12/08/2026 14:57:53	VIÑA DEL MAR	10001291	PLANTA IDEAL	Receptado	10000427	13/08/2026 12:56:51	BG	720	720	0	VSRP-19/IDEAL/10535010
48317	12/08/2026 14:57:53	VIÑA DEL MAR	10001291	PLANTA IDEAL	Receptado	10000427	13/08/2026 12:56:51	P5T	51	51	0	VSRP-19/IDEAL/10535010
48323	12/08/2026 16:21:31	CEDIS IDE QUILICURA	10000798	ANTOFAGASTA	Receptado	10299402	17/08/2026 09:52:38	BCH	22	22	0	PJJV29/KYLH54/HKOOB37602144
48323	12/08/2026 16:21:31	CEDIS IDE QUILICURA	10000798	ANTOFAGASTA	Receptado	10299402	17/08/2026 09:52:38	BG	1749	1749	0	PJJV29/KYLH54/HKOOB37602144
48323	12/08/2026 16:21:31	CEDIS IDE QUILICURA	10000798	ANTOFAGASTA	Receptado	10299402	17/08/2026 09:52:38	P5T	19	19	0	PJJV29/KYLH54/HKOOB37602144
48377	13/08/2026 01:14:11	PLANTA IDEAL	10001082	CEDIS IDE QUILICURA	Receptado	10001100	13/08/2026 03:15:44	BG	952	952	0	1/1/CHKL476986
48377	13/08/2026 01:14:11	PLANTA IDEAL	10001082	CEDIS IDE QUILICURA	Receptado	10001100	13/08/2026 03:15:44	P5T	15	15	0	1/1/CHKL476986
48381	13/08/2026 03:01:11	CEDIS IDE QUILICURA	10001100	MELIPILLA	Receptado	10291937	13/08/2026 08:03:11	BCH	1	1	0	1/1/HKOOB37604897
48381	13/08/2026 03:01:11	CEDIS IDE QUILICURA	10001100	MELIPILLA	Receptado	10291937	13/08/2026 08:03:11	BG	1070	1075	-5	1/1/HKOOB37604897
48381	13/08/2026 03:01:11	CEDIS IDE QUILICURA	10001100	MELIPILLA	Receptado	10291937	13/08/2026 08:03:11	P5T	18	18	0	1/1/HKOOB37604897
48396	13/08/2026 06:21:01	CEDIS IDE QUILICURA	10001100	SALON CEDIS	Receptado	10000848-1	14/08/2026 14:18:51	BG	10	10	0	1/1/1
48396	13/08/2026 06:21:01	CEDIS IDE QUILICURA	10001100	SALON CEDIS	Receptado	10000848-1	14/08/2026 14:18:51	P5T	1	0	1	1/1/1
48401	13/08/2026 06:35:49	ANTOFAGASTA	10299402	PLANTA IDEAL	Receptado	10000427	14/08/2026 13:00:59	BG	1744	1261	483	LCTB55/X/10535083
48401	13/08/2026 06:35:49	ANTOFAGASTA	10299402	PLANTA IDEAL	Receptado	10000427	14/08/2026 13:00:59	P5T	55	50	5	LCTB55/X/10535083
48418	13/08/2026 08:08:28	ANTOFAGASTA	10299402	PLANTA IDEAL	Receptado	10000427	14/08/2026 11:47:15	BCH	76	76	0	X/X/10535093
48418	13/08/2026 08:08:28	ANTOFAGASTA	10299402	PLANTA IDEAL	Receptado	10000427	14/08/2026 11:47:15	BG	1092	1092	0	X/X/10535093
48418	13/08/2026 08:08:28	ANTOFAGASTA	10299402	PLANTA IDEAL	Receptado	10000427	14/08/2026 11:47:15	P5T	17	17	0	X/X/10535093
48420	13/08/2026 08:16:01	CEDIS IDE QUILICURA	10033023	EL PINAR	Receptado	10300015	13/08/2026 10:26:55	BG	1082	1066	16	VSRP19/JF4261/HKOOB37604911
48420	13/08/2026 08:16:01	CEDIS IDE QUILICURA	10033023	EL PINAR	Receptado	10300015	13/08/2026 10:26:55	P5T	16	16	0	VSRP19/JF4261/HKOOB37604911
48421	13/08/2026 08:24:17	VALDIVIA	10421004	PLANTA CHILLAN	Receptado	10000416	14/08/2026 10:36:37	BCH	91	91	0	SVLV52/PWZP18/0
48421	13/08/2026 08:24:17	VALDIVIA	10421004	PLANTA CHILLAN	Receptado	10000416	14/08/2026 10:36:37	BG	1320	1320	0	SVLV52/PWZP18/0
48421	13/08/2026 08:24:17	VALDIVIA	10421004	PLANTA CHILLAN	Receptado	10000416	14/08/2026 10:36:37	P5T	16	16	0	SVLV52/PWZP18/0
48901	18/08/2026 21:52:18	LA SERENA	10470904	PLANTA IDEAL	Receptado	10000427	19/08/2026 05:29:36	BG	872	872	0	CCHL14/PXDV58/10535329
48901	18/08/2026 21:52:18	LA SERENA	10470904	PLANTA IDEAL	Receptado	10000427	19/08/2026 05:29:36	P5T	9	9	0	CCHL14/PXDV58/10535329
48904	18/08/2026 22:07:13	EL PINAR	10149777	PLANTA IDEAL	Receptado	10001216	28/08/2026 14:18:31	BG	1240	1240	0	ideal/ideal/10535330
48904	18/08/2026 22:07:13	EL PINAR	10149777	PLANTA IDEAL	Receptado	10001216	28/08/2026 14:18:31	P5T	13	13	0	ideal/ideal/10535330
48905	18/08/2026 22:08:12	EL PINAR	10149777	ECCOFEED SPA	Receptado	10487508	25/08/2026 17:03:43	BG	118	118	0	ideal/ideal/12576218
48905	18/08/2026 22:08:12	EL PINAR	10149777	ECCOFEED SPA	Receptado	10487508	25/08/2026 17:03:43	P5T	2	2	0	ideal/ideal/12576218
48907	18/08/2026 22:20:15	CEDIS IDE QUILICURA	10001100	QUILICURA	Receptado	10397048	19/08/2026 10:11:37	BG	50	50	0	1/1/1
48907	18/08/2026 22:20:15	CEDIS IDE QUILICURA	10001100	QUILICURA	Receptado	10397048	19/08/2026 10:11:37	P5T	1	1	0	1/1/1
48928	19/08/2026 04:08:21	CEDIS IDE QUILICURA	10033023	PUERTO MONTT	Receptado	10001696	20/08/2026 12:29:02	BCH	5	5	0	PJKT50/PWXK75/HKOOB37640435
48928	19/08/2026 04:08:21	CEDIS IDE QUILICURA	10033023	PUERTO MONTT	Receptado	10001696	20/08/2026 12:29:02	BG	1013	1013	0	PJKT50/PWXK75/HKOOB37640435
48928	19/08/2026 04:08:21	CEDIS IDE QUILICURA	10033023	PUERTO MONTT	Receptado	10001696	20/08/2026 12:29:02	P5T	14	14	0	PJKT50/PWXK75/HKOOB37640435
48962	19/08/2026 07:48:37	CHILLAN	10301699	PLANTA CHILLAN	Receptado	10000416	19/08/2026 11:20:46	BG	1080	1080	0	PGKD18/PWZP17/10535326
48962	19/08/2026 07:48:37	CHILLAN	10301699	PLANTA CHILLAN	Receptado	10000416	19/08/2026 11:20:46	P5T	27	27	0	PGKD18/PWZP17/10535326
48964	19/08/2026 07:51:51	LA SERENA	10444394	ECCOFEED SPA	Receptado	10487508	25/08/2026 17:04:47	BG	199	199	0	LWBV80/HXGP47/11477764
48964	19/08/2026 07:51:51	LA SERENA	10444394	ECCOFEED SPA	Receptado	10487508	25/08/2026 17:04:47	P5T	3	3	0	LWBV80/HXGP47/11477764
48990	19/08/2026 13:20:13	PLANTA IDEAL	10033115	CEDIS IDE QUILICURA	Receptado	10032939	19/08/2026 13:40:30	BG	596	596	0	49/49/CHKL477325
48990	19/08/2026 13:20:13	PLANTA IDEAL	10033115	CEDIS IDE QUILICURA	Receptado	10032939	19/08/2026 13:40:30	P5T	18	18	0	49/49/CHKL477325
48990	19/08/2026 13:20:13	PLANTA IDEAL	10033115	CEDIS IDE QUILICURA	Receptado	10032939	19/08/2026 13:40:30	BCH	1200	1200	0	49/49/CHKL477325
49030	19/08/2026 20:11:15	GRANDES CLIENTES	10000772	PLANTA IDEAL	Receptado	10487508	20/08/2026 15:30:20	BCH	99	99	0	1/1/1
49030	19/08/2026 20:11:15	GRANDES CLIENTES	10000772	PLANTA IDEAL	Receptado	10487508	20/08/2026 15:30:20	BG	1841	1841	0	1/1/1
49030	19/08/2026 20:11:15	GRANDES CLIENTES	10000772	PLANTA IDEAL	Receptado	10487508	20/08/2026 15:30:20	P5T	15	15	0	1/1/1
49032	19/08/2026 20:28:24	CEDIS IDE QUILICURA	10001100	CONCEPCION	Receptado	10001026	20/08/2026 08:08:57	BCH	82	82	0	1/1/HKOOB37640443
49032	19/08/2026 20:28:24	CEDIS IDE QUILICURA	10001100	CONCEPCION	Receptado	10001026	20/08/2026 08:08:57	BG	1328	1328	0	1/1/HKOOB37640443
49032	19/08/2026 20:28:24	CEDIS IDE QUILICURA	10001100	CONCEPCION	Receptado	10001026	20/08/2026 08:08:57	P5T	29	29	0	1/1/HKOOB37640443
49069	20/08/2026 04:58:22	PLANTA IDEAL	10000427	CEDIS IDE QUILICURA	Receptado	10033023	20/08/2026 06:27:38	BG	1060	1060	0	TCTD 89/KYLZ 24/CHKL477317
49069	20/08/2026 04:58:22	PLANTA IDEAL	10000427	CEDIS IDE QUILICURA	Receptado	10033023	20/08/2026 06:27:38	P5T	18	18	0	TCTD 89/KYLZ 24/CHKL477317
49081	20/08/2026 06:57:43	CEDIS IDE QUILICURA	10033023	GRANDES CLIENTES	Receptado	10000772	20/08/2026 12:56:25	BCH	496	496	0	,/,/CHKO383406
49081	20/08/2026 06:57:43	CEDIS IDE QUILICURA	10033023	GRANDES CLIENTES	Receptado	10000772	20/08/2026 12:56:25	BG	2160	2160	0	,/,/CHKO383406
49081	20/08/2026 06:57:43	CEDIS IDE QUILICURA	10033023	GRANDES CLIENTES	Receptado	10000772	20/08/2026 12:56:25	P5T	36	36	0	,/,/CHKO383406
49127	20/08/2026 14:43:15	PLANTA IDEAL	10001082	CEDIS IDE QUILICURA	Receptado	10161182	20/08/2026 15:48:21	BG	536	536	0	1/1/CHKL477321
49127	20/08/2026 14:43:15	PLANTA IDEAL	10001082	CEDIS IDE QUILICURA	Receptado	10161182	20/08/2026 15:48:21	P5T	6	6	0	1/1/CHKL477321
49131	20/08/2026 15:16:02	LO ESPEJO	10450102	PLANTA IDEAL	Receptado	10001082	20/08/2026 16:21:55	BG	504	504	0	STJR25/JG4930/10535462
49131	20/08/2026 15:16:02	LO ESPEJO	10450102	PLANTA IDEAL	Receptado	10001082	20/08/2026 16:21:55	P5T	44	44	0	STJR25/JG4930/10535462
49190	21/08/2026 03:31:33	PLANTA IDEAL	10000427	CEDIS IDE QUILICURA	Receptado	10033023	21/08/2026 04:35:57	BG	1248	1248	0	FYLB 83/KYLZ 25/CHKL477396
49190	21/08/2026 03:31:33	PLANTA IDEAL	10000427	CEDIS IDE QUILICURA	Receptado	10033023	21/08/2026 04:35:57	P5T	19	19	0	FYLB 83/KYLZ 25/CHKL477396
49342	22/08/2026 08:49:29	CONCEPCION	10001026	CEDIS IDE QUILICURA	Receptado	10001100	22/08/2026 17:58:58	BCH	153	153	0	VLWL-64/PXKH-32/10535559
49342	22/08/2026 08:49:29	CONCEPCION	10001026	CEDIS IDE QUILICURA	Receptado	10001100	22/08/2026 17:58:58	BG	2024	2024	0	VLWL-64/PXKH-32/10535559
49342	22/08/2026 08:49:29	CONCEPCION	10001026	CEDIS IDE QUILICURA	Receptado	10001100	22/08/2026 17:58:58	P5T	33	33	0	VLWL-64/PXKH-32/10535559
49343	22/08/2026 08:59:03	LOS ANDES	10486010	PLANTA IDEAL	Receptado	10033115	22/08/2026 10:27:25	BG	1440	1440	0	HVJX-52/HVJX-52/10535560
49343	22/08/2026 08:59:03	LOS ANDES	10486010	PLANTA IDEAL	Receptado	10033115	22/08/2026 10:27:25	P5T	14	14	0	HVJX-52/HVJX-52/10535560
49344	22/08/2026 10:05:51	CEDIS IDE QUILICURA	10032939	LO ESPEJO	Receptado	10461749	24/08/2026 05:44:05	BG	564	564	0	1/1/HKOOB37657007
49344	22/08/2026 10:05:51	CEDIS IDE QUILICURA	10032939	LO ESPEJO	Receptado	10461749	24/08/2026 05:44:05	P5T	13	13	0	1/1/HKOOB37657007
49376	22/08/2026 16:06:58	VIÑA DEL MAR	10000599	PLANTA IDEAL	Receptado	10001082	22/08/2026 18:18:00	BG	960	960	0	tvtd-89/tvtd-89/10535573
49376	22/08/2026 16:06:58	VIÑA DEL MAR	10000599	PLANTA IDEAL	Receptado	10001082	22/08/2026 18:18:00	P5T	20	8	12	tvtd-89/tvtd-89/10535573
49380	22/08/2026 17:09:26	CEDIS IDE QUILICURA	10001100	CONCEPCION	Receptado	10001288	24/08/2026 16:29:50	BG	1148	1148	0	1/1/HKOOB37659140
49380	22/08/2026 17:09:26	CEDIS IDE QUILICURA	10001100	CONCEPCION	Receptado	10001288	24/08/2026 16:29:50	P5T	20	20	0	1/1/HKOOB37659140
48367	12/08/2026 23:07:36	ARICA	10154469	ECCOFEED SPA	Receptado	10487508	19/08/2026 10:26:10	BG	201	201	0	PWZH-33/PSLY-21/10535075
48367	12/08/2026 23:07:36	ARICA	10154469	ECCOFEED SPA	Receptado	10487508	19/08/2026 10:26:10	P5T	3	3	0	PWZH-33/PSLY-21/10535075
48385	13/08/2026 04:06:29	CEDIS IDE QUILICURA	10001100	LOS ANDES	Receptado	10486010	20/08/2026 08:36:55	BCH	125	125	0	1/1/HKOOB37604903
48385	13/08/2026 04:06:29	CEDIS IDE QUILICURA	10001100	LOS ANDES	Receptado	10486010	20/08/2026 08:36:55	BG	477	470	7	1/1/HKOOB37604903
48385	13/08/2026 04:06:29	CEDIS IDE QUILICURA	10001100	LOS ANDES	Receptado	10486010	20/08/2026 08:36:55	P5T	10	10	0	1/1/HKOOB37604903
48403	13/08/2026 06:59:00	LA SERENA	10444394	ECCOFEED SPA	Receptado	10487508	14/08/2026 08:26:28	BG	213	213	0	TZSS95/PXZS31/11476348
48403	13/08/2026 06:59:00	LA SERENA	10444394	ECCOFEED SPA	Receptado	10487508	14/08/2026 08:26:28	P5T	3	3	0	TZSS95/PXZS31/11476348
48406	13/08/2026 07:17:00	TALCA	10000096	ECCOFEED SPA	Receptado	10487508	19/08/2026 10:26:36	BG	310	310	0	CTBC 15/HDDC95/0
48406	13/08/2026 07:17:00	TALCA	10000096	ECCOFEED SPA	Receptado	10487508	19/08/2026 10:26:36	P5T	6	6	0	CTBC 15/HDDC95/0
48407	13/08/2026 07:19:10	TALCA	10000096	PLANTA IDEAL	Receptado	10000427	14/08/2026 08:57:14	BG	240	240	0	CTBC 15/HDDC 95/0
48407	13/08/2026 07:19:10	TALCA	10000096	PLANTA IDEAL	Receptado	10000427	14/08/2026 08:57:14	P5T	2	2	0	CTBC 15/HDDC 95/0
48410	13/08/2026 07:33:19	CHILLAN	10301699	PLANTA CHILLAN	Receptado	10000416	14/08/2026 10:40:34	BG	1161	1161	0	LXHJ99/KYRC26/10535065
48410	13/08/2026 07:33:19	CHILLAN	10301699	PLANTA CHILLAN	Receptado	10000416	14/08/2026 10:40:34	BCH	78	78	0	LXHJ99/KYRC26/10535065
48410	13/08/2026 07:33:19	CHILLAN	10301699	PLANTA CHILLAN	Receptado	10000416	14/08/2026 10:40:34	P5T	21	21	0	LXHJ99/KYRC26/10535065
48412	13/08/2026 07:34:48	LA SERENA	10444394	PLANTA IDEAL	Receptado	10033115	13/08/2026 20:27:47	BCH	100	100	0	TZSS95 /PXZS31/10535087
48412	13/08/2026 07:34:48	LA SERENA	10444394	PLANTA IDEAL	Receptado	10033115	13/08/2026 20:27:47	BG	1676	1676	0	TZSS95 /PXZS31/10535087
48412	13/08/2026 07:34:48	LA SERENA	10444394	PLANTA IDEAL	Receptado	10033115	13/08/2026 20:27:47	P5T	33	33	0	TZSS95 /PXZS31/10535087
48414	13/08/2026 07:58:41	PUERTO MONTT	10001696	ECCOFEED SPA	Receptado	10487508	19/08/2026 10:27:03	BG	154	154	0	PFBS-16/PXJF-26/8266955-56-57
48414	13/08/2026 07:58:41	PUERTO MONTT	10001696	ECCOFEED SPA	Receptado	10487508	19/08/2026 10:27:03	P5T	3	3	0	PFBS-16/PXJF-26/8266955-56-57
48415	13/08/2026 07:59:09	LOS ANDES	10486010	PLANTA IDEAL	Receptado	10000427	13/08/2026 11:08:11	BG	628	628	0	JKHC-71/JKHC-71/10535090
48415	13/08/2026 07:59:09	LOS ANDES	10486010	PLANTA IDEAL	Receptado	10000427	13/08/2026 11:08:11	P5T	15	15	0	JKHC-71/JKHC-71/10535090
48416	13/08/2026 08:00:46	PUERTO MONTT	10001696	PLANTA CHILLAN	Receptado	10000416	14/08/2026 10:51:36	BCH	168	168	0	PFBS-16/PXJF-26/10535091
48416	13/08/2026 08:00:46	PUERTO MONTT	10001696	PLANTA CHILLAN	Receptado	10000416	14/08/2026 10:51:36	BG	1608	1608	0	PFBS-16/PXJF-26/10535091
48416	13/08/2026 08:00:46	PUERTO MONTT	10001696	PLANTA CHILLAN	Receptado	10000416	14/08/2026 10:51:36	P5T	21	21	0	PFBS-16/PXJF-26/10535091
48419	13/08/2026 08:14:40	CONCEPCION	10001026	PLANTA IDEAL	Receptado	10000427	17/08/2026 03:15:19	BCH	26	0	26	PSLY-22/HGKY-40/10535094
48419	13/08/2026 08:14:40	CONCEPCION	10001026	PLANTA IDEAL	Receptado	10000427	17/08/2026 03:15:19	BG	1152	1024	128	PSLY-22/HGKY-40/10535094
48419	13/08/2026 08:14:40	CONCEPCION	10001026	PLANTA IDEAL	Receptado	10000427	17/08/2026 03:15:19	P5T	12	11	1	PSLY-22/HGKY-40/10535094
48422	13/08/2026 08:29:29	TEMUCO	10344423	ECCOFEED SPA	Receptado	10487508	19/08/2026 10:27:59	BG	260	260	0	PJKT50 /PWXK75 /10535095 
48422	13/08/2026 08:29:29	TEMUCO	10344423	ECCOFEED SPA	Receptado	10487508	19/08/2026 10:27:59	P5T	5	5	0	PJKT50 /PWXK75 /10535095 
48423	13/08/2026 08:31:07	PLANTA IDEAL	10000427	CEDIS IDE QUILICURA	Receptado	10033023	13/08/2026 08:49:54	BG	100	100	0	JKKJ 26/KYLZ 24/CHKL476840
48423	13/08/2026 08:31:07	PLANTA IDEAL	10000427	CEDIS IDE QUILICURA	Receptado	10033023	13/08/2026 08:49:54	P5T	21	21	0	JKKJ 26/KYLZ 24/CHKL476840
48424	13/08/2026 08:28:41	VALDIVIA	10421004	ECCOFEED SPA	Receptado	10487508	19/08/2026 10:28:13	BG	162	162	0	SVLV52/PWZP18/10535096
48424	13/08/2026 08:28:41	VALDIVIA	10421004	ECCOFEED SPA	Receptado	10487508	19/08/2026 10:28:13	P5T	3	3	0	SVLV52/PWZP18/10535096
48425	13/08/2026 08:31:13	TEMUCO	10344423	PLANTA CHILLAN	Receptado	10000416	14/08/2026 10:38:40	BCH	74	74	0	PJKT50 /PWXK75 /10535095 
48425	13/08/2026 08:31:13	TEMUCO	10344423	PLANTA CHILLAN	Receptado	10000416	14/08/2026 10:38:40	BG	1620	1620	0	PJKT50 /PWXK75 /10535095 
48425	13/08/2026 08:31:13	TEMUCO	10344423	PLANTA CHILLAN	Receptado	10000416	14/08/2026 10:38:40	P5T	33	28	5	PJKT50 /PWXK75 /10535095 
48427	13/08/2026 09:02:32	COPIAPO	10405300	ECCOFEED SPA	Receptado	10487508	14/08/2026 08:27:37	BG	134	134	0	FDKC88/PXDV39/8615783
48427	13/08/2026 09:02:32	COPIAPO	10405300	ECCOFEED SPA	Receptado	10487508	14/08/2026 08:27:37	P5T	2	2	0	FDKC88/PXDV39/8615783
48430	13/08/2026 09:13:31	PLANTA IDEAL	10000427	CEDIS IDE QUILICURA	Receptado	10000980	13/08/2026 12:17:30	BG	1217	1217	0	JKKJ 26/KYLZ 24/CHKL476841
48430	13/08/2026 09:13:31	PLANTA IDEAL	10000427	CEDIS IDE QUILICURA	Receptado	10000980	13/08/2026 12:17:30	P5T	20	20	0	JKKJ 26/KYLZ 24/CHKL476841
48435	13/08/2026 10:11:34	CEDIS IDE QUILICURA	10033023	TALCA	Receptado	10000096	14/08/2026 08:16:24	BG	1381	1380	1	GXVX73/PXHB97/HKOOB37604934
48435	13/08/2026 10:11:34	CEDIS IDE QUILICURA	10033023	TALCA	Receptado	10000096	14/08/2026 08:16:24	P5T	22	22	0	GXVX73/PXHB97/HKOOB37604934
48448	13/08/2026 12:15:17	CEDIS IDE QUILICURA	10033023	TEMUCO	Receptado	10344423	14/08/2026 07:38:50	BG	1474	1474	0	PJJV11/PTYJ59/HKOOB37604917
48448	13/08/2026 12:15:17	CEDIS IDE QUILICURA	10033023	TEMUCO	Receptado	10344423	14/08/2026 07:38:50	P5T	19	19	0	PJJV11/PTYJ59/HKOOB37604917
48450	13/08/2026 12:58:36	PLANTA IDEAL	10000427	CEDIS IDE QUILICURA	Receptado	10000798	13/08/2026 15:55:38	BCH	79	79	0	JUAN VALENZUELA/49/CHKL477024
48450	13/08/2026 12:58:36	PLANTA IDEAL	10000427	CEDIS IDE QUILICURA	Receptado	10000798	13/08/2026 15:55:38	BG	1163	1163	0	JUAN VALENZUELA/49/CHKL477024
48450	13/08/2026 12:58:36	PLANTA IDEAL	10000427	CEDIS IDE QUILICURA	Receptado	10000798	13/08/2026 15:55:38	P5T	16	16	0	JUAN VALENZUELA/49/CHKL477024
48451	13/08/2026 13:00:09	PLANTA IDEAL	10000427	CEDIS IDE QUILICURA	Receptado	10000798	13/08/2026 15:55:56	P5T	2	2	0	JUAN VALENZUELA/24/CHKL476842
48451	13/08/2026 13:00:09	PLANTA IDEAL	10000427	CEDIS IDE QUILICURA	Receptado	10000798	13/08/2026 15:55:56	BG	120	120	0	JUAN VALENZUELA/24/CHKL476842
48850	18/08/2026 11:38:14	PLANTA IDEAL	10033115	CEDIS IDE QUILICURA	Receptado	10032939	18/08/2026 13:18:16	BG	814	814	0	50/50/CHKL477245
48850	18/08/2026 11:38:14	PLANTA IDEAL	10033115	CEDIS IDE QUILICURA	Receptado	10032939	18/08/2026 13:18:16	P5T	18	18	0	50/50/CHKL477245
48852	18/08/2026 12:16:31	PLANTA IDEAL	10033115	CEDIS IDE QUILICURA	Receptado	10032939	18/08/2026 13:19:17	BG	1296	1296	0	49/49/CHKL477208
48852	18/08/2026 12:16:31	PLANTA IDEAL	10033115	CEDIS IDE QUILICURA	Receptado	10032939	18/08/2026 13:19:17	P5T	18	18	0	49/49/CHKL477208
48855	18/08/2026 12:25:06	PLANTA IDEAL	10033115	CEDIS IDE QUILICURA	Receptado	10032939	18/08/2026 13:20:14	BG	541	541	0	49/49/CHKL477190
48855	18/08/2026 12:25:06	PLANTA IDEAL	10033115	CEDIS IDE QUILICURA	Receptado	10032939	18/08/2026 13:20:14	P5T	15	15	0	49/49/CHKL477190
48917	19/08/2026 02:26:21	SAN FERNANDO	10005031	PLANTA IDEAL	Receptado	10033115	19/08/2026 08:21:47	BG	859	859	0	FHDT-82/JJ-4817/10535336
48917	19/08/2026 02:26:21	SAN FERNANDO	10005031	PLANTA IDEAL	Receptado	10033115	19/08/2026 08:21:47	BCH	46	46	0	FHDT-82/JJ-4817/10535336
48917	19/08/2026 02:26:21	SAN FERNANDO	10005031	PLANTA IDEAL	Receptado	10033115	19/08/2026 08:21:47	P5T	10	10	0	FHDT-82/JJ-4817/10535336
48921	19/08/2026 03:02:07	PLANTA IDEAL	10000427	CEDIS IDE QUILICURA	Receptado	10032939	19/08/2026 07:10:27	BG	1287	1287	0	DBLS 59/KYLZ 25/CHKL477287
48921	19/08/2026 03:02:07	PLANTA IDEAL	10000427	CEDIS IDE QUILICURA	Receptado	10032939	19/08/2026 07:10:27	P5T	21	21	0	DBLS 59/KYLZ 25/CHKL477287
48991	19/08/2026 13:21:50	PLANTA IDEAL	10033115	CEDIS IDE QUILICURA	Receptado	10032939	19/08/2026 13:40:46	BCH	600	600	0	50/50/CHKL477307
48991	19/08/2026 13:21:50	PLANTA IDEAL	10033115	CEDIS IDE QUILICURA	Receptado	10032939	19/08/2026 13:40:46	BG	1270	1270	0	50/50/CHKL477307
48991	19/08/2026 13:21:50	PLANTA IDEAL	10033115	CEDIS IDE QUILICURA	Receptado	10032939	19/08/2026 13:40:46	P5T	21	21	0	50/50/CHKL477307
49037	19/08/2026 20:36:40	PLANTA IDEAL	10001082	CEDIS IDE QUILICURA	Receptado	10001100	19/08/2026 21:32:20	BCH	142	142	0	1/1/CHKL477199
49037	19/08/2026 20:36:40	PLANTA IDEAL	10001082	CEDIS IDE QUILICURA	Receptado	10001100	19/08/2026 21:32:20	BG	736	736	0	1/1/CHKL477199
49037	19/08/2026 20:36:40	PLANTA IDEAL	10001082	CEDIS IDE QUILICURA	Receptado	10001100	19/08/2026 21:32:20	P5T	13	13	0	1/1/CHKL477199
49044	19/08/2026 21:44:53	CEDIS IDE QUILICURA	10001100	LA SERENA	Receptado	10444394	20/08/2026 08:06:23	BCH	58	58	0	1/1/HKOOB37640450
49044	19/08/2026 21:44:53	CEDIS IDE QUILICURA	10001100	LA SERENA	Receptado	10444394	20/08/2026 08:06:23	BG	1228	1228	0	1/1/HKOOB37640450
49044	19/08/2026 21:44:53	CEDIS IDE QUILICURA	10001100	LA SERENA	Receptado	10444394	20/08/2026 08:06:23	P5T	18	18	0	1/1/HKOOB37640450
49049	19/08/2026 22:18:48	PLANTA IDEAL	10001082	CEDIS IDE QUILICURA	Receptado	10033023	20/08/2026 00:40:27	BCH	222	222	0	1/1/CHKL477314
49049	19/08/2026 22:18:48	PLANTA IDEAL	10001082	CEDIS IDE QUILICURA	Receptado	10033023	20/08/2026 00:40:27	BG	803	803	0	1/1/CHKL477314
49049	19/08/2026 22:18:48	PLANTA IDEAL	10001082	CEDIS IDE QUILICURA	Receptado	10033023	20/08/2026 00:40:27	P5T	17	17	0	1/1/CHKL477314
49077	20/08/2026 06:20:43	CEDIS IDE QUILICURA	10033023	TEMUCO	Receptado	10344423	21/08/2026 07:57:25	BG	1234	1234	0	LCTB56/PTYJ57/HKOOB37644498
49077	20/08/2026 06:20:43	CEDIS IDE QUILICURA	10033023	TEMUCO	Receptado	10344423	21/08/2026 07:57:25	P5T	20	20	0	LCTB56/PTYJ57/HKOOB37644498
49388	22/08/2026 19:51:27	CEDIS IDE QUILICURA	10001100	IQUIQUE	Receptado	10012419	25/08/2026 09:09:08	BG	1152	1152	0	1/1/HKOOB37657030
49388	22/08/2026 19:51:27	CEDIS IDE QUILICURA	10001100	IQUIQUE	Receptado	10012419	25/08/2026 09:09:08	P5T	16	16	0	1/1/HKOOB37657030
49389	22/08/2026 20:05:12	CEDIS IDE QUILICURA	10001100	VIÑA DEL MAR	Receptado	10001291	24/08/2026 11:19:44	BG	965	965	0	1/1/HKOOB37657026
49389	22/08/2026 20:05:12	CEDIS IDE QUILICURA	10001100	VIÑA DEL MAR	Receptado	10001291	24/08/2026 11:19:44	P5T	19	19	0	1/1/HKOOB37657026
49390	22/08/2026 20:18:36	CEDIS IDE QUILICURA	10001100	RANCAGUA	Receptado	10000032	24/08/2026 08:31:20	BG	984	984	0	1/1/HKOOB37659379
49390	22/08/2026 20:18:36	CEDIS IDE QUILICURA	10001100	RANCAGUA	Receptado	10000032	24/08/2026 08:31:20	P5T	16	16	0	1/1/HKOOB37659379
49391	22/08/2026 20:26:27	CEDIS IDE QUILICURA	10001100	PLANTA IDEAL	Receptado	10000427	22/08/2026 23:21:01	BG	1680	1480	200	1/1/1
49391	22/08/2026 20:26:27	CEDIS IDE QUILICURA	10001100	PLANTA IDEAL	Receptado	10000427	22/08/2026 23:21:01	P5T	20	20	0	1/1/1
49392	22/08/2026 20:27:49	CEDIS IDE QUILICURA	10001100	PLANTA IDEAL	Receptado	10000427	23/08/2026 01:46:38	BCH	153	153	0	1/1/1
49392	22/08/2026 20:27:49	CEDIS IDE QUILICURA	10001100	PLANTA IDEAL	Receptado	10000427	23/08/2026 01:46:38	BG	344	439	-95	1/1/1
49392	22/08/2026 20:27:49	CEDIS IDE QUILICURA	10001100	PLANTA IDEAL	Receptado	10000427	23/08/2026 01:46:38	P5T	13	11	2	1/1/1
49393	22/08/2026 21:02:55	PLANTA IDEAL	10001082	CEDIS IDE QUILICURA	Receptado	10001100	24/08/2026 08:08:00	BG	768	768	0	1/1/CHKL477569
49393	22/08/2026 21:02:55	PLANTA IDEAL	10001082	CEDIS IDE QUILICURA	Receptado	10001100	24/08/2026 08:08:00	P5T	13	13	0	1/1/CHKL477569
49399	23/08/2026 05:49:49	PLANTA IDEAL	10000427	CEDIS IDE QUILICURA	Receptado	10001100	24/08/2026 08:11:35	BG	734	734	0	DBLS 59/KYLZ 25/CHKL477572
49399	23/08/2026 05:49:49	PLANTA IDEAL	10000427	CEDIS IDE QUILICURA	Receptado	10001100	24/08/2026 08:11:35	P5T	16	16	0	DBLS 59/KYLZ 25/CHKL477572
49463	24/08/2026 18:24:33	CEDIS IDE QUILICURA	10033023	LOS ANGELES	Receptado	172705782	26/08/2026 09:13:08	BCH	97	97	0	LTGY82/PWZH34/HKOOB37659151
49463	24/08/2026 18:24:33	CEDIS IDE QUILICURA	10033023	LOS ANGELES	Receptado	172705782	26/08/2026 09:13:08	BG	1009	1009	0	LTGY82/PWZH34/HKOOB37659151
49463	24/08/2026 18:24:33	CEDIS IDE QUILICURA	10033023	LOS ANGELES	Receptado	172705782	26/08/2026 09:13:08	P5T	20	20	0	LTGY82/PWZH34/HKOOB37659151
49476	24/08/2026 19:50:18	PLANTA IDEAL	10000427	CEDIS IDE QUILICURA	Receptado	10033023	24/08/2026 20:36:09	BG	940	940	0	DBLS 59/KYLZ 24/CHKL477686
49580	25/08/2026 11:14:27	IQUIQUE	10012419	ECCOFEED SPA	Receptado	10487508	27/08/2026 10:06:31	P5T	2	2	0	PSLY-21/PTYJ-59/ 8419855
49587	25/08/2026 12:23:13	PLANTA IDEAL	10001082	CEDIS IDE QUILICURA	Receptado	10033023	25/08/2026 15:52:56	BG	1107	1107	0	1/1/CHKL477652
49587	25/08/2026 12:23:13	PLANTA IDEAL	10001082	CEDIS IDE QUILICURA	Receptado	10033023	25/08/2026 15:52:56	P5T	17	17	0	1/1/CHKL477652
49588	25/08/2026 12:28:00	LO ESPEJO	10458156	LA LIGUA	Receptado	10006353	26/08/2026 12:52:52	BG	450	450	0	IDEAL/IDEAL/IDEAL
49588	25/08/2026 12:28:00	LO ESPEJO	10458156	LA LIGUA	Receptado	10006353	26/08/2026 12:52:52	P5T	12	12	0	IDEAL/IDEAL/IDEAL
49589	25/08/2026 12:34:29	PLANTA CHILLAN	10000416	CEDIS IDE QUILICURA	Receptado	10033023	25/08/2026 21:40:54	BG	1440	1440	0	SVLV52/PWXK75/CGAX00043643
49589	25/08/2026 12:34:29	PLANTA CHILLAN	10000416	CEDIS IDE QUILICURA	Receptado	10033023	25/08/2026 21:40:54	P5T	24	24	0	SVLV52/PWXK75/CGAX00043643
49593	25/08/2026 13:19:09	VIÑA DEL MAR	10001291	PLANTA IDEAL	Receptado	10000427	25/08/2026 17:23:55	BCH	200	200	0	497-66/ideal/10535692
49593	25/08/2026 13:19:09	VIÑA DEL MAR	10001291	PLANTA IDEAL	Receptado	10000427	25/08/2026 17:23:55	BG	960	965	-5	497-66/ideal/10535692
49593	25/08/2026 13:19:09	VIÑA DEL MAR	10001291	PLANTA IDEAL	Receptado	10000427	25/08/2026 17:23:55	P5T	18	8	10	497-66/ideal/10535692
49594	25/08/2026 13:21:20	VIÑA DEL MAR	10001291	ECCOFEED SPA	Receptado	10487508	27/08/2026 10:11:53	BG	336	336	0	497-66/ideal/12404070
49594	25/08/2026 13:21:20	VIÑA DEL MAR	10001291	ECCOFEED SPA	Receptado	10487508	27/08/2026 10:11:53	P5T	5	5	0	497-66/ideal/12404070
49595	25/08/2026 13:21:55	CEDIS IDE QUILICURA	10001100	TALCA	Receptado	10000096	26/08/2026 12:51:54	BCH	152	152	0	PJJV29/HGKF99/HKOOB7669703
49595	25/08/2026 13:21:55	CEDIS IDE QUILICURA	10001100	TALCA	Receptado	10000096	26/08/2026 12:51:54	BG	1178	1178	0	PJJV29/HGKF99/HKOOB7669703
49595	25/08/2026 13:21:55	CEDIS IDE QUILICURA	10001100	TALCA	Receptado	10000096	26/08/2026 12:51:54	P5T	22	22	0	PJJV29/HGKF99/HKOOB7669703
49605	25/08/2026 15:24:11	CEDIS IDE QUILICURA	10033023	EL PINAR	Receptado	10300015	26/08/2026 09:32:07	BG	847	847	0	STJR25/JF4261/HKOOB37659132
49605	25/08/2026 15:24:11	CEDIS IDE QUILICURA	10033023	EL PINAR	Receptado	10300015	26/08/2026 09:32:07	P5T	15	15	0	STJR25/JF4261/HKOOB37659132
49609	25/08/2026 16:25:32	PLANTA IDEAL	10000427	CEDIS IDE QUILICURA	Receptado	10033023	25/08/2026 17:14:13	BG	1308	1308	0	DBLS 59/KYLZ 24/CHKL477654
49609	25/08/2026 16:25:32	PLANTA IDEAL	10000427	CEDIS IDE QUILICURA	Receptado	10033023	25/08/2026 17:14:13	P5T	16	16	0	DBLS 59/KYLZ 24/CHKL477654
49611	25/08/2026 16:45:40	PLANTA IDEAL	10000427	CEDIS IDE QUILICURA	Receptado	10033023	25/08/2026 17:14:54	BG	900	900	0	DBLS59/KYLZ 25/CHKL477705
49611	25/08/2026 16:45:40	PLANTA IDEAL	10000427	CEDIS IDE QUILICURA	Receptado	10033023	25/08/2026 17:14:54	P5T	16	16	0	DBLS59/KYLZ 25/CHKL477705
49613	25/08/2026 16:57:35	QUILICURA	101196341	GRANDES CLIENTES	Receptado	101196341	25/08/2026 16:58:29	P5T	19	19	0	0/0/0
49623	25/08/2026 18:25:03	CEDIS IDE QUILICURA	10033023	CONCEPCION	Receptado	10001026	26/08/2026 07:40:39	BCH	103	103	0	 VJWL64 /PXKH32/HKOOB37669710
49623	25/08/2026 18:25:03	CEDIS IDE QUILICURA	10033023	CONCEPCION	Receptado	10001026	26/08/2026 07:40:39	BG	1411	1411	0	 VJWL64 /PXKH32/HKOOB37669710
49623	25/08/2026 18:25:03	CEDIS IDE QUILICURA	10033023	CONCEPCION	Receptado	10001026	26/08/2026 07:40:39	P5T	26	26	0	 VJWL64 /PXKH32/HKOOB37669710
49624	25/08/2026 18:41:56	PLANTA IDEAL	10000427	CEDIS IDE QUILICURA	Receptado	10033023	25/08/2026 20:20:56	BG	908	908	0	FYLB 83/KYLZ 24/CHKL477726
49624	25/08/2026 18:41:56	PLANTA IDEAL	10000427	CEDIS IDE QUILICURA	Receptado	10033023	25/08/2026 20:20:56	P5T	20	20	0	FYLB 83/KYLZ 24/CHKL477726
49625	25/08/2026 18:48:33	LO ESPEJO	10458156	PLANTA IDEAL	Receptado	10000427	25/08/2026 20:07:36	BG	1680	1680	0	IDEAL/IDEAL/10535710
49625	25/08/2026 18:48:33	LO ESPEJO	10458156	PLANTA IDEAL	Receptado	10000427	25/08/2026 20:07:36	P5T	19	19	0	IDEAL/IDEAL/10535710
49629	25/08/2026 19:43:26	PLANTA IDEAL	10000427	CEDIS IDE QUILICURA	Receptado	10033023	25/08/2026 20:20:41	BG	804	804	0	FYLB 83/KYLZ 25/CHKL477727
49629	25/08/2026 19:43:26	PLANTA IDEAL	10000427	CEDIS IDE QUILICURA	Receptado	10033023	25/08/2026 20:20:41	P5T	19	19	0	FYLB 83/KYLZ 25/CHKL477727
49631	25/08/2026 20:03:58	PLANTA IDEAL	10000427	CEDIS IDE QUILICURA	Receptado	10033023	25/08/2026 20:20:18	BCH	100	100	0	DBLS 59/KYLZ 24/CHKL477655
49631	25/08/2026 20:03:58	PLANTA IDEAL	10000427	CEDIS IDE QUILICURA	Receptado	10033023	25/08/2026 20:20:18	BG	828	828	0	DBLS 59/KYLZ 24/CHKL477655
49631	25/08/2026 20:03:58	PLANTA IDEAL	10000427	CEDIS IDE QUILICURA	Receptado	10033023	25/08/2026 20:20:18	P5T	22	22	0	DBLS 59/KYLZ 24/CHKL477655
49633	25/08/2026 20:19:51	GRANDES CLIENTES	10001302	PLANTA IDEAL	Receptado	10001216	26/08/2026 10:59:07	BCH	294	294	0	NO APLICA/NO APLICA/NO APLICA
49633	25/08/2026 20:19:51	GRANDES CLIENTES	10001302	PLANTA IDEAL	Receptado	10001216	26/08/2026 10:59:07	BG	1724	1724	0	NO APLICA/NO APLICA/NO APLICA
49633	25/08/2026 20:19:51	GRANDES CLIENTES	10001302	PLANTA IDEAL	Receptado	10001216	26/08/2026 10:59:07	P5T	14	14	0	NO APLICA/NO APLICA/NO APLICA
49635	25/08/2026 20:24:35	GRANDES CLIENTES	10001302	ECCOFEED SPA	Receptado	10487508	27/08/2026 10:17:35	BG	172	172	0	NO APLICA/NO APLICA/13155542-43
49635	25/08/2026 20:24:35	GRANDES CLIENTES	10001302	ECCOFEED SPA	Receptado	10487508	27/08/2026 10:17:35	P5T	4	4	0	NO APLICA/NO APLICA/13155542-43
49638	25/08/2026 20:31:27	GRANDES CLIENTES	10001302	PLANTA IDEAL	Receptado	10000427	25/08/2026 21:18:08	BG	1200	1200	0	PWVX27/PWVX27/10535716
49638	25/08/2026 20:31:27	GRANDES CLIENTES	10001302	PLANTA IDEAL	Receptado	10000427	25/08/2026 21:18:08	P5T	10	10	0	PWVX27/PWVX27/10535716
49647	25/08/2026 21:22:03	ANTOFAGASTA	10299402	ECCOFEED SPA	Receptado	10487508	02/09/2026 09:52:04	BG	359	359	0	PXKH30/,/10535708
49647	25/08/2026 21:22:03	ANTOFAGASTA	10299402	ECCOFEED SPA	Receptado	10487508	02/09/2026 09:52:04	P5T	9	9	0	PXKH30/,/10535708
49649	25/08/2026 21:32:42	CEDIS IDE QUILICURA	10033023	QUILICURA	Receptado	10397048	26/08/2026 10:14:28	BG	144	144	0	,/,/CHKO383669
49649	25/08/2026 21:32:42	CEDIS IDE QUILICURA	10033023	QUILICURA	Receptado	10397048	26/08/2026 10:14:28	P5T	2	2	0	,/,/CHKO383669
47856	08/08/2026 01:55:59	CEDIS IDE QUILICURA	10161182	EL PINAR	Receptado	10300015	10/08/2026 08:00:40	BG	160	160	0	STJR25/JF4261/HKOOB37584524
47856	08/08/2026 01:55:59	CEDIS IDE QUILICURA	10161182	EL PINAR	Receptado	10300015	10/08/2026 08:00:40	P5T	6	6	0	STJR25/JF4261/HKOOB37584524
47898	08/08/2026 09:13:12	RANCAGUA	10000032	PLANTA IDEAL	Receptado	10001082	08/08/2026 11:49:03	BCH	216	216	0	DRPH-69/JJ-4819/10534804
47898	08/08/2026 09:13:12	RANCAGUA	10000032	PLANTA IDEAL	Receptado	10001082	08/08/2026 11:49:03	BG	1597	1597	0	DRPH-69/JJ-4819/10534804
47898	08/08/2026 09:13:12	RANCAGUA	10000032	PLANTA IDEAL	Receptado	10001082	08/08/2026 11:49:03	P5T	34	34	0	DRPH-69/JJ-4819/10534804
47917	08/08/2026 12:27:38	SALON PEDRO DE VALDIVIA	10000349	QUILICURA	Receptado	101196341	09/08/2026 07:22:50	BG	36	36	0	0/0/0
47919	08/08/2026 13:31:02	VIÑA DEL MAR	10001291	QUILICURA	Receptado	101196341	09/08/2026 07:37:44	BG	1980	1980	0	HVJX52/JP3260/10534815
47919	08/08/2026 13:31:02	VIÑA DEL MAR	10001291	QUILICURA	Receptado	101196341	09/08/2026 07:37:44	P5T	19	19	0	HVJX52/JP3260/10534815
47925	08/08/2026 13:53:45	PLANTA CHILLAN	10000416	CEDIS IDE QUILICURA	Receptado	10033023	10/08/2026 07:49:34	BG	1440	1440	0	PJJV10 /HGKF80/CGAX00042984
47925	08/08/2026 13:53:45	PLANTA CHILLAN	10000416	CEDIS IDE QUILICURA	Receptado	10033023	10/08/2026 07:49:34	P5T	24	24	0	PJJV10 /HGKF80/CGAX00042984
49076	20/08/2026 06:04:28	CEDIS IDE QUILICURA	10033023	VALDIVIA	Receptado	10421004	21/08/2026 10:57:59	BCH	72	72	0	PSLY27/PWZP19/HKOOB37647359
49076	20/08/2026 06:04:28	CEDIS IDE QUILICURA	10033023	VALDIVIA	Receptado	10421004	21/08/2026 10:57:59	BG	1226	1226	0	PSLY27/PWZP19/HKOOB37647359
49076	20/08/2026 06:04:28	CEDIS IDE QUILICURA	10033023	VALDIVIA	Receptado	10421004	21/08/2026 10:57:59	P5T	20	20	0	PSLY27/PWZP19/HKOOB37647359
49080	20/08/2026 06:41:49	OSORNO	10001704	ECCOFEED SPA	Receptado	10487508	27/08/2026 11:03:26	BG	219	219	0	PFBS12 /PWZH30/0
49080	20/08/2026 06:41:49	OSORNO	10001704	ECCOFEED SPA	Receptado	10487508	27/08/2026 11:03:26	P5T	4	4	0	PFBS12 /PWZH30/0
49224	21/08/2026 10:31:35	PLANTA IDEAL	10033115	CEDIS IDE QUILICURA	Receptado	10000798	21/08/2026 12:01:41	BG	1308	1308	0	49/49/CHKL477339
49224	21/08/2026 10:31:35	PLANTA IDEAL	10033115	CEDIS IDE QUILICURA	Receptado	10000798	21/08/2026 12:01:41	P5T	20	20	0	49/49/CHKL477339
49230	21/08/2026 11:29:08	PLANTA IDEAL	10033115	CEDIS IDE QUILICURA	Receptado	10000798	21/08/2026 12:03:16	BCH	100	100	0	49/49/CHKL477401
49230	21/08/2026 11:29:08	PLANTA IDEAL	10033115	CEDIS IDE QUILICURA	Receptado	10000798	21/08/2026 12:03:16	BG	1212	1212	0	49/49/CHKL477401
49230	21/08/2026 11:29:08	PLANTA IDEAL	10033115	CEDIS IDE QUILICURA	Receptado	10000798	21/08/2026 12:03:16	P5T	18	18	0	49/49/CHKL477401
49428	24/08/2026 10:45:54	PLANTA IDEAL	10001082	CEDIS IDE QUILICURA	Receptado	10001100	24/08/2026 14:52:25	BG	1320	1320	0	1/1/1
49428	24/08/2026 10:45:54	PLANTA IDEAL	10001082	CEDIS IDE QUILICURA	Receptado	10001100	24/08/2026 14:52:25	P5T	21	21	0	1/1/1
49469	24/08/2026 18:48:34	CEDIS IDE QUILICURA	10033023	CHILLAN	Receptado	10301699	25/08/2026 08:37:46	BCH	56	53	3	PGBY32/PXJF25/HKOOB37659145
49469	24/08/2026 18:48:34	CEDIS IDE QUILICURA	10033023	CHILLAN	Receptado	10301699	25/08/2026 08:37:46	BG	889	889	0	PGBY32/PXJF25/HKOOB37659145
49469	24/08/2026 18:48:34	CEDIS IDE QUILICURA	10033023	CHILLAN	Receptado	10301699	25/08/2026 08:37:46	P5T	17	17	0	PGBY32/PXJF25/HKOOB37659145
49474	24/08/2026 19:30:30	PLANTA IDEAL	10000427	CEDIS IDE QUILICURA	Receptado	10033023	24/08/2026 20:35:54	BG	708	708	0	fylb 83/kylz 25/CHKL477627
49474	24/08/2026 19:30:30	PLANTA IDEAL	10000427	CEDIS IDE QUILICURA	Receptado	10033023	24/08/2026 20:35:54	P5T	16	16	0	fylb 83/kylz 25/CHKL477627
49482	24/08/2026 20:00:48	LO ESPEJO	10458156	PLANTA IDEAL	Receptado	10033115	25/08/2026 03:16:34	BG	1848	1848	0	IDEAL/IDEAL/10535625
49482	24/08/2026 20:00:48	LO ESPEJO	10458156	PLANTA IDEAL	Receptado	10033115	25/08/2026 03:16:34	P5T	21	21	0	IDEAL/IDEAL/10535625
49483	24/08/2026 20:29:09	GRANDES CLIENTES	10001302	ECCOFEED SPA	Receptado	10487508	27/08/2026 10:15:16	BG	443	443	0	NO APLICA/NO APLICA/13155033-34
49483	24/08/2026 20:29:09	GRANDES CLIENTES	10001302	ECCOFEED SPA	Receptado	10487508	27/08/2026 10:15:16	P5T	9	9	0	NO APLICA/NO APLICA/13155033-34
49487	24/08/2026 20:47:42	MELIPILLA	10469278	QUILICURA	Receptado	101196341	25/08/2026 21:34:09	BG	6	6	0	Quilicura/Quilicura/N°12664704
49487	24/08/2026 20:47:42	MELIPILLA	10469278	QUILICURA	Receptado	101196341	25/08/2026 21:34:09	P5T	1	1	0	Quilicura/Quilicura/N°12664704
49491	24/08/2026 20:56:49	PLANTA IDEAL	10000427	CEDIS IDE QUILICURA	Receptado	10033023	24/08/2026 21:19:04	BG	1196	1196	0	FYLB 83/KYLZ 25/CHKL477551
49491	24/08/2026 20:56:49	PLANTA IDEAL	10000427	CEDIS IDE QUILICURA	Receptado	10033023	24/08/2026 21:19:04	P5T	22	22	0	FYLB 83/KYLZ 25/CHKL477551
49500	24/08/2026 22:45:17	CEDIS IDE QUILICURA	10032939	PLANTA IDEAL	Receptado	10001216	26/08/2026 11:05:54	BG	1450	1450	0	1/1/CEDIS A PLANTA 
49500	24/08/2026 22:45:17	CEDIS IDE QUILICURA	10032939	PLANTA IDEAL	Receptado	10001216	26/08/2026 11:05:54	P5T	13	13	0	1/1/CEDIS A PLANTA 
49512	25/08/2026 01:24:33	SAN FERNANDO	10005031	PLANTA IDEAL	Receptado	10033115	25/08/2026 05:49:50	BG	605	605	0	FHDT-82/JJ-4817/10535635
49512	25/08/2026 01:24:33	SAN FERNANDO	10005031	PLANTA IDEAL	Receptado	10033115	25/08/2026 05:49:50	P5T	14	14	0	FHDT-82/JJ-4817/10535635
49513	25/08/2026 01:25:56	SAN FERNANDO	10005031	ECCOFEED SPA	Receptado	10487508	27/08/2026 10:24:47	BG	60	60	0	FHDT-82/JJ-4817/10535635
49513	25/08/2026 01:25:56	SAN FERNANDO	10005031	ECCOFEED SPA	Receptado	10487508	27/08/2026 10:24:47	P5T	1	1	0	FHDT-82/JJ-4817/10535635
49539	25/08/2026 05:35:16	CEDIS IDE QUILICURA	10032939	MELIPILLA	Receptado	10291937	25/08/2026 09:12:34	BCH	12	12	0	1/1/HKOOB37669705
49539	25/08/2026 05:35:16	CEDIS IDE QUILICURA	10032939	MELIPILLA	Receptado	10291937	25/08/2026 09:12:34	BG	1312	1322	-10	1/1/HKOOB37669705
49539	25/08/2026 05:35:16	CEDIS IDE QUILICURA	10032939	MELIPILLA	Receptado	10291937	25/08/2026 09:12:34	P5T	19	21	-2	1/1/HKOOB37669705
49540	25/08/2026 05:48:58	CEDIS IDE QUILICURA	10032939	QUILICURA	Receptado	10397048	25/08/2026 11:02:08	BCH	4	4	0	1/1/CHKO383726
49540	25/08/2026 05:48:58	CEDIS IDE QUILICURA	10032939	QUILICURA	Receptado	10397048	25/08/2026 11:02:08	BG	1843	1843	0	1/1/CHKO383726
49540	25/08/2026 05:48:58	CEDIS IDE QUILICURA	10032939	QUILICURA	Receptado	10397048	25/08/2026 11:02:08	P5T	50	50	0	1/1/CHKO383726
49544	25/08/2026 06:36:28	OSORNO	10001704	ECCOFEED SPA	Receptado	10487508	02/09/2026 10:39:37	BG	240	240	0	:RFZY99 /PTYJ58/0
49544	25/08/2026 06:36:28	OSORNO	10001704	ECCOFEED SPA	Receptado	10487508	02/09/2026 10:39:37	P5T	4	4	0	:RFZY99 /PTYJ58/0
49574	25/08/2026 09:27:40	CEDIS IDE QUILICURA	10001100	VIÑA DEL MAR	Receptado	10001841	25/08/2026 16:42:49	BCH	100	100	0	1/1/HKOOB37670009
49574	25/08/2026 09:27:40	CEDIS IDE QUILICURA	10001100	VIÑA DEL MAR	Receptado	10001841	25/08/2026 16:42:49	BG	1524	1524	0	1/1/HKOOB37670009
49574	25/08/2026 09:27:40	CEDIS IDE QUILICURA	10001100	VIÑA DEL MAR	Receptado	10001841	25/08/2026 16:42:49	P5T	23	23	0	1/1/HKOOB37670009
49590	25/08/2026 12:40:41	PLANTA IDEAL	10001082	CEDIS IDE QUILICURA	Receptado	10033023	25/08/2026 15:52:05	BG	1284	1284	0	1/1/CHKL477633
49590	25/08/2026 12:40:41	PLANTA IDEAL	10001082	CEDIS IDE QUILICURA	Receptado	10033023	25/08/2026 15:52:05	P5T	20	20	0	1/1/CHKL477633
48930	19/08/2026 04:33:05	PLANTA IDEAL	10000427	CEDIS IDE QUILICURA	Receptado	10032939	19/08/2026 07:11:16	BG	826	826	0	DBLS 59/KYLZ 25/CHKL477159
48930	19/08/2026 04:33:05	PLANTA IDEAL	10000427	CEDIS IDE QUILICURA	Receptado	10032939	19/08/2026 07:11:16	P5T	16	16	0	DBLS 59/KYLZ 25/CHKL477159
48931	19/08/2026 04:45:18	CEDIS IDE QUILICURA	10033023	LO ESPEJO	Receptado	10461749	20/08/2026 03:45:42	BG	1004	1004	0	VSRP19/KDGT92/HKOOB37640492
48931	19/08/2026 04:45:18	CEDIS IDE QUILICURA	10033023	LO ESPEJO	Receptado	10461749	20/08/2026 03:45:42	P5T	17	17	0	VSRP19/KDGT92/HKOOB37640492
48937	19/08/2026 05:09:53	PLANTA IDEAL	10000427	CEDIS IDE QUILICURA	Receptado	10032939	19/08/2026 07:12:05	BG	48	48	0	DBLS 59/KYLZ 25/CHKL477289
48937	19/08/2026 05:09:53	PLANTA IDEAL	10000427	CEDIS IDE QUILICURA	Receptado	10032939	19/08/2026 07:12:05	P5T	1	1	0	DBLS 59/KYLZ 25/CHKL477289
48975	19/08/2026 10:17:06	LO ESPEJO	10429055	LA LIGUA	Receptado	10006353	21/08/2026 12:51:17	BG	112	112	0	--/--/10535352
48975	19/08/2026 10:17:06	LO ESPEJO	10429055	LA LIGUA	Receptado	10006353	21/08/2026 12:51:17	P5T	2	2	0	--/--/10535352
48976	19/08/2026 10:47:48	CEDIS IDE QUILICURA	10032939	TALCA	Receptado	10000096	20/08/2026 13:09:03	BCH	67	67	0	1/1/HKOOB37640447
48976	19/08/2026 10:47:48	CEDIS IDE QUILICURA	10032939	TALCA	Receptado	10000096	20/08/2026 13:09:03	BG	1198	1196	2	1/1/HKOOB37640447
48976	19/08/2026 10:47:48	CEDIS IDE QUILICURA	10032939	TALCA	Receptado	10000096	20/08/2026 13:09:03	P5T	19	19	0	1/1/HKOOB37640447
48981	19/08/2026 11:29:37	DISTRIBUIDOR CORCORAN	10487508	PLANTA IDEAL	Receptado	10487508	19/08/2026 11:33:58	BG	4032	4032	0	0/0/0
48981	19/08/2026 11:29:37	DISTRIBUIDOR CORCORAN	10487508	PLANTA IDEAL	Receptado	10487508	19/08/2026 11:33:58	P5T	22	22	0	0/0/0
48986	19/08/2026 13:10:04	CEDIS IDE QUILICURA	10032939	VIÑA DEL MAR	Receptado	10001841	20/08/2026 11:30:21	BG	791	779	12	1/1/HKOOB37640504
48986	19/08/2026 13:10:04	CEDIS IDE QUILICURA	10032939	VIÑA DEL MAR	Receptado	10001841	20/08/2026 11:30:21	P5T	13	11	2	1/1/HKOOB37640504
49007	19/08/2026 16:00:47	PLANTA IDEAL	10001082	CEDIS IDE QUILICURA	Receptado	10001100	19/08/2026 21:27:48	BG	856	856	0	1/1/CHKL477311
49007	19/08/2026 16:00:47	PLANTA IDEAL	10001082	CEDIS IDE QUILICURA	Receptado	10001100	19/08/2026 21:27:48	P5T	14	14	0	1/1/CHKL477311
49012	19/08/2026 17:09:05	PLANTA IDEAL	10001082	CEDIS IDE QUILICURA	Receptado	10001100	19/08/2026 21:29:18	BCH	100	100	0	1/1/CHKL477163
49012	19/08/2026 17:09:05	PLANTA IDEAL	10001082	CEDIS IDE QUILICURA	Receptado	10001100	19/08/2026 21:29:18	BG	1116	1116	0	1/1/CHKL477163
49012	19/08/2026 17:09:05	PLANTA IDEAL	10001082	CEDIS IDE QUILICURA	Receptado	10001100	19/08/2026 21:29:18	P5T	18	18	0	1/1/CHKL477163
49013	19/08/2026 17:30:05	CEDIS IDE QUILICURA	10001100	ANTOFAGASTA	Receptado	10299402	21/08/2026 07:07:46	BCH	24	24	0	1/1/HKOOB37640607
49013	19/08/2026 17:30:05	CEDIS IDE QUILICURA	10001100	ANTOFAGASTA	Receptado	10299402	21/08/2026 07:07:46	BG	1255	1255	0	1/1/HKOOB37640607
49013	19/08/2026 17:30:05	CEDIS IDE QUILICURA	10001100	ANTOFAGASTA	Receptado	10299402	21/08/2026 07:07:46	P5T	26	26	0	1/1/HKOOB37640607
49016	19/08/2026 17:49:16	CONCEPCION	10001288	PLANTA IDEAL	Receptado	10001082	20/08/2026 14:30:20	BG	1596	1596	0	PFBS16/PXJF26/10535383
49016	19/08/2026 17:49:16	CONCEPCION	10001288	PLANTA IDEAL	Receptado	10001082	20/08/2026 14:30:20	BCH	220	224	-4	PFBS16/PXJF26/10535383
49016	19/08/2026 17:49:16	CONCEPCION	10001288	PLANTA IDEAL	Receptado	10001082	20/08/2026 14:30:20	P5T	18	17	1	PFBS16/PXJF26/10535383
49022	19/08/2026 18:50:20	PLANTA CHILLAN	10000416	CEDIS IDE QUILICURA	Receptado	10033023	20/08/2026 01:57:46	BG	1440	1440	0	LCTB56/PTYJ57/CGAX00043443
49022	19/08/2026 18:50:20	PLANTA CHILLAN	10000416	CEDIS IDE QUILICURA	Receptado	10033023	20/08/2026 01:57:46	P5T	24	24	0	LCTB56/PTYJ57/CGAX00043443
49023	19/08/2026 18:56:11	PLANTA IDEAL	10001082	CEDIS IDE QUILICURA	Receptado	10001100	19/08/2026 21:30:15	BG	984	984	0	1/1/CHKL477366
49023	19/08/2026 18:56:11	PLANTA IDEAL	10001082	CEDIS IDE QUILICURA	Receptado	10001100	19/08/2026 21:30:15	P5T	15	15	0	1/1/CHKL477366
49040	19/08/2026 20:54:57	GRANDES CLIENTES	10000772	ECCOFEED SPA	Receptado	10487508	25/08/2026 17:06:02	BG	142	142	0	1/1/1
49040	19/08/2026 20:54:57	GRANDES CLIENTES	10000772	ECCOFEED SPA	Receptado	10487508	25/08/2026 17:06:02	P5T	3	3	0	1/1/1
49045	19/08/2026 21:48:32	PLANTA IDEAL	10001082	CEDIS IDE QUILICURA	Receptado	10033023	20/08/2026 00:41:27	BCH	700	700	0	1/1/CHKL477312
49045	19/08/2026 21:48:32	PLANTA IDEAL	10001082	CEDIS IDE QUILICURA	Receptado	10033023	20/08/2026 00:41:27	BG	552	552	0	1/1/CHKL477312
49045	19/08/2026 21:48:32	PLANTA IDEAL	10001082	CEDIS IDE QUILICURA	Receptado	10033023	20/08/2026 00:41:27	P5T	17	17	0	1/1/CHKL477312
49047	19/08/2026 22:08:41	PLANTA IDEAL	10001082	CEDIS IDE QUILICURA	Receptado	10033023	20/08/2026 00:40:45	BG	42	42	0	1/1/CHKL477313
49047	19/08/2026 22:08:41	PLANTA IDEAL	10001082	CEDIS IDE QUILICURA	Receptado	10033023	20/08/2026 00:40:45	P5T	5	5	0	1/1/CHKL477313
49426	24/08/2026 10:42:57	CEDIS IDE QUILICURA	10001100	PUERTO MONTT	Receptado	10001696	25/08/2026 10:37:44	BCH	3	3	0	1/1/HKOOB37659152
49426	24/08/2026 10:42:57	CEDIS IDE QUILICURA	10001100	PUERTO MONTT	Receptado	10001696	25/08/2026 10:37:44	BG	191	191	0	1/1/HKOOB37659152
49426	24/08/2026 10:42:57	CEDIS IDE QUILICURA	10001100	PUERTO MONTT	Receptado	10001696	25/08/2026 10:37:44	P5T	4	4	0	1/1/HKOOB37659152
49459	24/08/2026 17:43:35	SALON TOBALABA	10000349-1	QUILICURA	Receptado	101196341	24/08/2026 17:51:16	BG	9	9	0	0/0/0
49476	24/08/2026 19:50:18	PLANTA IDEAL	10000427	CEDIS IDE QUILICURA	Receptado	10033023	24/08/2026 20:36:09	P5T	21	21	0	DBLS 59/KYLZ 24/CHKL477686
49478	24/08/2026 19:56:00	LO ESPEJO	10458156	PLANTA IDEAL	Receptado	10487508	25/08/2026 11:32:30	BG	1500	1500	0	IDEAL/IDEAL/IDEAL
49478	24/08/2026 19:56:00	LO ESPEJO	10458156	PLANTA IDEAL	Receptado	10487508	25/08/2026 11:32:30	P5T	42	42	0	IDEAL/IDEAL/IDEAL
49484	24/08/2026 20:27:22	ANTOFAGASTA	10299402	CEDIS IDE QUILICURA	Receptado	10033023	26/08/2026 14:34:20	BCH	25	25	0	VJWL65/X/10535626
49484	24/08/2026 20:27:22	ANTOFAGASTA	10299402	CEDIS IDE QUILICURA	Receptado	10033023	26/08/2026 14:34:20	BG	1749	1749	0	VJWL65/X/10535626
49484	24/08/2026 20:27:22	ANTOFAGASTA	10299402	CEDIS IDE QUILICURA	Receptado	10033023	26/08/2026 14:34:20	P5T	26	26	0	VJWL65/X/10535626
49489	24/08/2026 20:54:16	PLANTA IDEAL	10000427	CEDIS IDE QUILICURA	Receptado	10033023	24/08/2026 21:19:19	BG	1066	1066	0	FYLB 83/KYLZ 25/CHKL477647
49489	24/08/2026 20:54:16	PLANTA IDEAL	10000427	CEDIS IDE QUILICURA	Receptado	10033023	24/08/2026 21:19:19	P5T	19	19	0	FYLB 83/KYLZ 25/CHKL477647
49499	24/08/2026 22:14:14	GRANDES CLIENTES	10454172	PLANTA IDEAL	Receptado	10033115	25/08/2026 03:18:21	BG	1200	1200	0	00000/00000/10535631
49499	24/08/2026 22:14:14	GRANDES CLIENTES	10454172	PLANTA IDEAL	Receptado	10033115	25/08/2026 03:18:21	P5T	10	10	0	00000/00000/10535631
49514	25/08/2026 01:12:56	PLANTA IDEAL	10033115	CEDIS IDE QUILICURA	Receptado	10032939	25/08/2026 02:22:06	BCH	1100	1100	0	50/50/CHKL477629
49514	25/08/2026 01:12:56	PLANTA IDEAL	10033115	CEDIS IDE QUILICURA	Receptado	10032939	25/08/2026 02:22:06	BG	632	632	0	50/50/CHKL477629
49514	25/08/2026 01:12:56	PLANTA IDEAL	10033115	CEDIS IDE QUILICURA	Receptado	10032939	25/08/2026 02:22:06	P5T	21	21	0	50/50/CHKL477629
49532	25/08/2026 05:20:52	PLANTA IDEAL	10033115	CEDIS IDE QUILICURA	Receptado	10001100	25/08/2026 13:07:39	BG	1071	1071	0	50/50/CHKL477630
49532	25/08/2026 05:20:52	PLANTA IDEAL	10033115	CEDIS IDE QUILICURA	Receptado	10001100	25/08/2026 13:07:39	P5T	18	18	0	50/50/CHKL477630
49534	25/08/2026 05:24:03	PLANTA IDEAL	10033115	CEDIS IDE QUILICURA	Receptado	10001100	25/08/2026 13:08:07	BG	592	592	0	50/50/CHKL477553
49534	25/08/2026 05:24:03	PLANTA IDEAL	10033115	CEDIS IDE QUILICURA	Receptado	10001100	25/08/2026 13:08:07	P5T	10	10	0	50/50/CHKL477553
49536	25/08/2026 05:28:11	PLANTA IDEAL	10033115	CEDIS IDE QUILICURA	Receptado	10001100	25/08/2026 13:08:19	BG	1188	1188	0	50/50/CHKL477690
49536	25/08/2026 05:28:11	PLANTA IDEAL	10033115	CEDIS IDE QUILICURA	Receptado	10001100	25/08/2026 13:08:19	P5T	21	21	0	50/50/CHKL477690
49552	25/08/2026 07:47:28	CEDIS IDE QUILICURA	10001100	TEMUCO	Receptado	10344423	25/08/2026 14:05:07	BCH	77	77	0	1/1/HKOOB37659137
49552	25/08/2026 07:47:28	CEDIS IDE QUILICURA	10001100	TEMUCO	Receptado	10344423	25/08/2026 14:05:07	BG	1327	1327	0	1/1/HKOOB37659137
49552	25/08/2026 07:47:28	CEDIS IDE QUILICURA	10001100	TEMUCO	Receptado	10344423	25/08/2026 14:05:07	P5T	21	21	0	1/1/HKOOB37659137
49557	25/08/2026 08:01:58	CEDIS IDE QUILICURA	10001100	SALON LO ESPEJO	Receptado	10000848	25/08/2026 17:25:23	BG	27	27	0	1/1/1
49557	25/08/2026 08:01:58	CEDIS IDE QUILICURA	10001100	SALON LO ESPEJO	Receptado	10000848	25/08/2026 17:25:23	P5T	1	0	1	1/1/1
47967	09/08/2026 02:35:07	PLANTA IDEAL	10033115	CEDIS IDE QUILICURA	Receptado	10161182	09/08/2026 04:06:38	BG	384	384	0	49/49/CHKL476632
47967	09/08/2026 02:35:07	PLANTA IDEAL	10033115	CEDIS IDE QUILICURA	Receptado	10161182	09/08/2026 04:06:38	P5T	19	19	0	49/49/CHKL476632
47983	09/08/2026 06:36:50	CEDIS IDE QUILICURA	10161182	LA SERENA	Receptado	10444394	31/08/2026 10:35:56	BG	588	588	0	1/1/CHKO382694
47983	09/08/2026 06:36:50	CEDIS IDE QUILICURA	10161182	LA SERENA	Receptado	10444394	31/08/2026 10:35:56	P5T	11	11	0	1/1/CHKO382694
47991	09/08/2026 11:24:04	ECCOFEED SPA	10487508	PLANTA IDEAL	Receptado	10487508	09/08/2026 11:30:30	BG	2760	2760	0	0/0/0
47991	09/08/2026 11:24:04	ECCOFEED SPA	10487508	PLANTA IDEAL	Receptado	10487508	09/08/2026 11:30:30	P5T	23	23	0	0/0/0
48017	10/08/2026 13:23:24	CEDIS IDE QUILICURA	10033023	LA SERENA	Receptado	10444394	12/08/2026 08:33:25	BG	662	662	0	FDKC88/PXDV39/HKOOB37592372
48017	10/08/2026 13:23:24	CEDIS IDE QUILICURA	10033023	LA SERENA	Receptado	10444394	12/08/2026 08:33:25	P5T	10	10	0	FDKC88/PXDV39/HKOOB37592372
48034	10/08/2026 17:44:28	CEDIS IDE QUILICURA	10000798	EL PINAR	Receptado	10300015	11/08/2026 10:42:18	BG	296	296	0	VSRP19/JG5630/HKOOB37592357
48034	10/08/2026 17:44:28	CEDIS IDE QUILICURA	10000798	EL PINAR	Receptado	10300015	11/08/2026 10:42:18	P5T	6	6	0	VSRP19/JG5630/HKOOB37592357
48142	11/08/2026 09:10:28	CEDIS IDE QUILICURA	10000980	VIÑA DEL MAR	Receptado	10001291	11/08/2026 16:29:34	BG	120	120	0	0/0/CHKO382926
48142	11/08/2026 09:10:28	CEDIS IDE QUILICURA	10000980	VIÑA DEL MAR	Receptado	10001291	11/08/2026 16:29:34	P5T	2	2	0	0/0/CHKO382926
48144	11/08/2026 09:20:36	LA SERENA	10444394	PLANTA IDEAL	Receptado	10033115	11/08/2026 20:20:54	BCH	100	100	0	TGPH68/PXJD17 /10534897
48144	11/08/2026 09:20:36	LA SERENA	10444394	PLANTA IDEAL	Receptado	10033115	11/08/2026 20:20:54	BG	1620	1620	0	TGPH68/PXJD17 /10534897
48144	11/08/2026 09:20:36	LA SERENA	10444394	PLANTA IDEAL	Receptado	10033115	11/08/2026 20:20:54	P5T	17	17	0	TGPH68/PXJD17 /10534897
48146	11/08/2026 09:25:23	PLANTA IDEAL	10000427	CEDIS IDE QUILICURA	Receptado	10033023	11/08/2026 11:07:04	BG	798	798	0	JKKJ 26/KYLZ 24/CHKL476814
48146	11/08/2026 09:25:23	PLANTA IDEAL	10000427	CEDIS IDE QUILICURA	Receptado	10033023	11/08/2026 11:07:04	P5T	21	21	0	JKKJ 26/KYLZ 24/CHKL476814
48149	11/08/2026 09:49:46	CEDIS IDE QUILICURA	10033023	ANTOFAGASTA	Receptado	10299402	13/08/2026 05:44:36	BCH	136	136	0	LCTB55/KDHP45/HKOOB37593580
48149	11/08/2026 09:49:46	CEDIS IDE QUILICURA	10033023	ANTOFAGASTA	Receptado	10299402	13/08/2026 05:44:36	BG	1406	1406	0	LCTB55/KDHP45/HKOOB37593580
48149	11/08/2026 09:49:46	CEDIS IDE QUILICURA	10033023	ANTOFAGASTA	Receptado	10299402	13/08/2026 05:44:36	P5T	21	21	0	LCTB55/KDHP45/HKOOB37593580
48151	11/08/2026 10:09:58	PLANTA IDEAL	10000427	CEDIS IDE QUILICURA	Receptado	10033023	11/08/2026 11:07:31	BG	300	300	0	FYLB 83/JG 5632/CHKL476815
48151	11/08/2026 10:09:58	PLANTA IDEAL	10000427	CEDIS IDE QUILICURA	Receptado	10033023	11/08/2026 11:07:31	P5T	17	17	0	FYLB 83/JG 5632/CHKL476815
48166	11/08/2026 13:16:33	LO ESPEJO	10458156	LA LIGUA	Receptado	10006353	13/08/2026 09:59:32	BG	672	672	0	IDEAL/IDEAL/IDEAL
48166	11/08/2026 13:16:33	LO ESPEJO	10458156	LA LIGUA	Receptado	10006353	13/08/2026 09:59:32	P5T	4	4	0	IDEAL/IDEAL/IDEAL
48271	12/08/2026 08:09:04	CEDIS IDE QUILICURA	10033023	LOS ANGELES	Receptado	172705782	13/08/2026 10:32:27	BG	662	662	0	PFBS17/KYLH53/HKOOB37599114
48271	12/08/2026 08:09:04	CEDIS IDE QUILICURA	10033023	LOS ANGELES	Receptado	172705782	13/08/2026 10:32:27	P5T	10	10	0	PFBS17/KYLH53/HKOOB37599114
48273	12/08/2026 08:16:50	SAN FERNANDO	10004891	PLANTA IDEAL	Receptado	10000427	12/08/2026 12:54:35	BG	873	873	0	FHDT-82/JJ4817/10534975
48273	12/08/2026 08:16:50	SAN FERNANDO	10004891	PLANTA IDEAL	Receptado	10000427	12/08/2026 12:54:35	P5T	18	18	0	FHDT-82/JJ4817/10534975
48275	12/08/2026 08:19:13	SAN FERNANDO	10004891	ECCOFEED SPA	Receptado	10487508	13/08/2026 16:37:30	BG	133	133	0	FDDT-82/JJ4817/5390866
48275	12/08/2026 08:19:13	SAN FERNANDO	10004891	ECCOFEED SPA	Receptado	10487508	13/08/2026 16:37:30	P5T	3	3	0	FDDT-82/JJ4817/5390866
48291	12/08/2026 09:33:55	PUERTO MONTT	10001696	PLANTA CHILLAN	Receptado	10000416	14/08/2026 10:39:41	BG	1620	1620	0	SPVR-15/PXBK-21/10534983
48291	12/08/2026 09:33:55	PUERTO MONTT	10001696	PLANTA CHILLAN	Receptado	10000416	14/08/2026 10:39:41	P5T	18	18	0	SPVR-15/PXBK-21/10534983
48318	12/08/2026 15:09:23	SALON EL CORTIJO	10000989	QUILICURA	Receptado	101196341	12/08/2026 15:41:56	BG	22	22	0	0/0/0
48331	12/08/2026 19:22:38	GRANDES CLIENTES	10000772	PLANTA IDEAL	Receptado	10033115	12/08/2026 20:18:32	BG	1200	1200	0	PWVW35/PWVW35/10535062
48331	12/08/2026 19:22:38	GRANDES CLIENTES	10000772	PLANTA IDEAL	Receptado	10033115	12/08/2026 20:18:32	P5T	10	10	0	PWVW35/PWVW35/10535062
48334	12/08/2026 20:24:46	MELIPILLA	10469278	QUILICURA	Receptado	101196341	13/08/2026 13:36:58	BG	29	29	0	Quilicura/Quilicura/N°12661752
48334	12/08/2026 20:24:46	MELIPILLA	10469278	QUILICURA	Receptado	101196341	13/08/2026 13:36:58	P5T	1	1	0	Quilicura/Quilicura/N°12661752
48834	18/08/2026 08:12:10	RANCAGUA	10000032	ECCOFEED SPA	Receptado	10487508	25/08/2026 17:01:46	BG	96	96	0	CZYT-30/JH-3200/10535285
48834	18/08/2026 08:12:10	RANCAGUA	10000032	ECCOFEED SPA	Receptado	10487508	25/08/2026 17:01:46	P5T	2	2	0	CZYT-30/JH-3200/10535285
48835	18/08/2026 08:21:14	CEDIS IDE QUILICURA	10032939	LA SERENA	Receptado	10444394	19/08/2026 09:07:30	BG	358	358	0	1/1/HKOOB37633040
48835	18/08/2026 08:21:14	CEDIS IDE QUILICURA	10032939	LA SERENA	Receptado	10444394	19/08/2026 09:07:30	P5T	6	6	0	1/1/HKOOB37633040
48837	18/08/2026 08:23:28	CEDIS IDE QUILICURA	10032939	LA SERENA	Receptado	10444394	19/08/2026 09:08:17	BG	844	844	0	1/1/HKOOB37633040
48837	18/08/2026 08:23:28	CEDIS IDE QUILICURA	10032939	LA SERENA	Receptado	10444394	19/08/2026 09:08:17	P5T	11	11	0	1/1/HKOOB37633040
48845	18/08/2026 09:06:57	CEDIS IDE QUILICURA	10032939	TALCA	Receptado	10000096	19/08/2026 12:13:10	BCH	49	49	0	1/1/HKOOB37633035
48845	18/08/2026 09:06:57	CEDIS IDE QUILICURA	10032939	TALCA	Receptado	10000096	19/08/2026 12:13:10	BG	1120	1120	0	1/1/HKOOB37633035
48845	18/08/2026 09:06:57	CEDIS IDE QUILICURA	10032939	TALCA	Receptado	10000096	19/08/2026 12:13:10	P5T	19	19	0	1/1/HKOOB37633035
49652	25/08/2026 21:51:20	PLANTA IDEAL	10000427	CEDIS IDE QUILICURA	Receptado	10033023	25/08/2026 22:26:47	BCH	971	971	0	FYLB 83/KYLZ 24/CHKL477708
49652	25/08/2026 21:51:20	PLANTA IDEAL	10000427	CEDIS IDE QUILICURA	Receptado	10033023	25/08/2026 22:26:47	BG	480	480	0	FYLB 83/KYLZ 24/CHKL477708
49652	25/08/2026 21:51:20	PLANTA IDEAL	10000427	CEDIS IDE QUILICURA	Receptado	10033023	25/08/2026 22:26:47	P5T	19	19	0	FYLB 83/KYLZ 24/CHKL477708
49655	25/08/2026 22:08:45	PLANTA IDEAL	10000427	CEDIS IDE QUILICURA	Receptado	10033023	25/08/2026 22:26:30	BCH	200	200	0	FYLB 83/KYLZ 25/CHKL477709
49655	25/08/2026 22:08:45	PLANTA IDEAL	10000427	CEDIS IDE QUILICURA	Receptado	10033023	25/08/2026 22:26:30	BG	876	876	0	FYLB 83/KYLZ 25/CHKL477709
49655	25/08/2026 22:08:45	PLANTA IDEAL	10000427	CEDIS IDE QUILICURA	Receptado	10033023	25/08/2026 22:26:30	P5T	21	21	0	FYLB 83/KYLZ 25/CHKL477709
49657	25/08/2026 22:28:59	LA SERENA	10470904	PLANTA IDEAL	Receptado	10001082	26/08/2026 13:21:12	BCH	300	300	0	CYCG79/KDJG17/10535724
49657	25/08/2026 22:28:59	LA SERENA	10470904	PLANTA IDEAL	Receptado	10001082	26/08/2026 13:21:12	BG	1860	1860	0	CYCG79/KDJG17/10535724
49657	25/08/2026 22:28:59	LA SERENA	10470904	PLANTA IDEAL	Receptado	10001082	26/08/2026 13:21:12	P5T	22	22	0	CYCG79/KDJG17/10535724
49663	26/08/2026 00:47:38	CEDIS IDE QUILICURA	10032939	PLANTA IDEAL	Receptado	10033115	26/08/2026 05:01:33	P5T	20	20	0	1/1/CEDIS A PLANTA
49664	26/08/2026 00:51:39	CEDIS IDE QUILICURA	10032939	GRANDES CLIENTES	Receptado	10001251	26/08/2026 01:03:00	BCH	60	60	0	1/1/CHKO383635
49664	26/08/2026 00:51:39	CEDIS IDE QUILICURA	10032939	GRANDES CLIENTES	Receptado	10001251	26/08/2026 01:03:00	BG	208	208	0	1/1/CHKO383635
49664	26/08/2026 00:51:39	CEDIS IDE QUILICURA	10032939	GRANDES CLIENTES	Receptado	10001251	26/08/2026 01:03:00	P5T	4	4	0	1/1/CHKO383635
49665	26/08/2026 00:54:47	GRANDES CLIENTES	10001251	PLANTA IDEAL	Receptado	10033115	26/08/2026 06:24:43	BCH	600	600	0	0/0/10535728
49665	26/08/2026 00:54:47	GRANDES CLIENTES	10001251	PLANTA IDEAL	Receptado	10033115	26/08/2026 06:24:43	BG	840	840	0	0/0/10535728
49665	26/08/2026 00:54:47	GRANDES CLIENTES	10001251	PLANTA IDEAL	Receptado	10033115	26/08/2026 06:24:43	P5T	7	7	0	0/0/10535728
49666	26/08/2026 01:13:12	PLANTA IDEAL	10033115	CEDIS IDE QUILICURA	Receptado	10032939	26/08/2026 02:04:10	BG	1308	1308	0	50/50/CHKL477637
49666	26/08/2026 01:13:12	PLANTA IDEAL	10033115	CEDIS IDE QUILICURA	Receptado	10032939	26/08/2026 02:04:10	P5T	21	21	0	50/50/CHKL477637
49668	26/08/2026 01:27:37	CEDIS IDE QUILICURA	10032939	PUERTO MONTT	Receptado	10001696	27/08/2026 14:53:44	BCH	122	122	0	1/1/HKOOB37675836
49668	26/08/2026 01:27:37	CEDIS IDE QUILICURA	10032939	PUERTO MONTT	Receptado	10001696	27/08/2026 14:53:44	BG	523	523	0	1/1/HKOOB37675836
49668	26/08/2026 01:27:37	CEDIS IDE QUILICURA	10032939	PUERTO MONTT	Receptado	10001696	27/08/2026 14:53:44	P5T	8	8	0	1/1/HKOOB37675836
49669	26/08/2026 01:30:03	CEDIS IDE QUILICURA	10032939	PUERTO MONTT	Receptado	10001696	27/08/2026 14:54:01	BCH	3	3	0	1/1/HKOOB37675836
49669	26/08/2026 01:30:03	CEDIS IDE QUILICURA	10032939	PUERTO MONTT	Receptado	10001696	27/08/2026 14:54:01	BG	217	217	0	1/1/HKOOB37675836
49669	26/08/2026 01:30:03	CEDIS IDE QUILICURA	10032939	PUERTO MONTT	Receptado	10001696	27/08/2026 14:54:01	P5T	5	5	0	1/1/HKOOB37675836
49670	26/08/2026 01:44:08	CEDIS IDE QUILICURA	10032939	VIÑA DEL MAR	Receptado	10001291	26/08/2026 11:16:51	BG	711	716	-5	1/1/HKOOB37670012
49670	26/08/2026 01:44:08	CEDIS IDE QUILICURA	10032939	VIÑA DEL MAR	Receptado	10001291	26/08/2026 11:16:51	P5T	16	14	2	1/1/HKOOB37670012
49671	26/08/2026 02:06:49	CEDIS IDE QUILICURA	10032939	SALON EL CORTIJO	Receptado	10000989	26/08/2026 11:52:54	BG	6	6	0	1/1/CHKO383636
48866	18/08/2026 15:11:56	VIÑA DEL MAR	10001291	PLANTA IDEAL	Receptado	10001082	18/08/2026 19:27:15	BG	1260	1260	0	STJR25/PXJD33/10535317
48866	18/08/2026 15:11:56	VIÑA DEL MAR	10001291	PLANTA IDEAL	Receptado	10001082	18/08/2026 19:27:15	P5T	22	22	0	STJR25/PXJD33/10535317
48957	19/08/2026 07:13:22	TEMUCO	10344423	PLANTA CHILLAN	Receptado	10000416	19/08/2026 11:21:51	BCH	91	91	0	LZRG89 /PXJF25 /10535341
48957	19/08/2026 07:13:22	TEMUCO	10344423	PLANTA CHILLAN	Receptado	10000416	19/08/2026 11:21:51	BG	1920	1792	128	LZRG89 /PXJF25 /10535341
48957	19/08/2026 07:13:22	TEMUCO	10344423	PLANTA CHILLAN	Receptado	10000416	19/08/2026 11:21:51	P5T	20	20	0	LZRG89 /PXJF25 /10535341
48963	19/08/2026 07:50:12	CHILLAN	10301699	ECCOFEED SPA	Receptado	10487508	27/08/2026 10:44:17	BG	111	111	0	PGKD18/PWZP17/10535327
48963	19/08/2026 07:50:12	CHILLAN	10301699	ECCOFEED SPA	Receptado	10487508	27/08/2026 10:44:17	P5T	2	2	0	PGKD18/PWZP17/10535327
48980	19/08/2026 10:59:41	ECCOFEED SPA	10487508	PLANTA IDEAL	Receptado	10487508	19/08/2026 11:33:45	BCH	52	52	0	0/0/0
48980	19/08/2026 10:59:41	ECCOFEED SPA	10487508	PLANTA IDEAL	Receptado	10487508	19/08/2026 11:33:45	BG	8368	8368	0	0/0/0
48980	19/08/2026 10:59:41	ECCOFEED SPA	10487508	PLANTA IDEAL	Receptado	10487508	19/08/2026 11:33:45	P5T	70	70	0	0/0/0
48983	19/08/2026 12:16:40	SALON QUILICURA	10000981	QUILICURA	Receptado	101196341	19/08/2026 20:13:18	BG	54	54	0	0/0/0
49054	20/08/2026 00:40:31	GRANDES CLIENTES	10001251	CEDIS IDE QUILICURA	Receptado	10033023	20/08/2026 00:41:45	P5T	24	24	0	0/0/0
49058	20/08/2026 01:18:08	CEDIS IDE QUILICURA	10033023	SALON QUILICURA	Receptado	10000981	21/08/2026 11:20:34	BG	30	30	0	,/,/CHKO383360
49058	20/08/2026 01:18:08	CEDIS IDE QUILICURA	10033023	SALON QUILICURA	Receptado	10000981	21/08/2026 11:20:34	P5T	1	0	1	,/,/CHKO383360
49062	20/08/2026 01:33:56	CEDIS IDE QUILICURA	10033023	SALON EL CORTIJO	Receptado	10000989	21/08/2026 14:18:13	BG	21	21	0	,/,/CHKO383315
49062	20/08/2026 01:33:56	CEDIS IDE QUILICURA	10033023	SALON EL CORTIJO	Receptado	10000989	21/08/2026 14:18:13	P5T	1	0	1	,/,/CHKO383315
49240	21/08/2026 13:24:34	PLANTA IDEAL	10033115	CEDIS IDE QUILICURA	Receptado	10000798	21/08/2026 13:32:44	BG	1273	1273	0	50/50/CHKL477340
49240	21/08/2026 13:24:34	PLANTA IDEAL	10033115	CEDIS IDE QUILICURA	Receptado	10000798	21/08/2026 13:32:44	P5T	20	20	0	50/50/CHKL477340
49248	21/08/2026 15:08:13	GRANDES CLIENTES	10000772	PLANTA IDEAL	Receptado	10001082	21/08/2026 16:13:51	BCH	1200	1200	0	HXDF12/HXDF12/10535520
49248	21/08/2026 15:08:13	GRANDES CLIENTES	10000772	PLANTA IDEAL	Receptado	10001082	21/08/2026 16:13:51	BG	480	483	-3	HXDF12/HXDF12/10535520
49248	21/08/2026 15:08:13	GRANDES CLIENTES	10000772	PLANTA IDEAL	Receptado	10001082	21/08/2026 16:13:51	P5T	51	56	-5	HXDF12/HXDF12/10535520
49249	21/08/2026 15:32:26	CEDIS IDE QUILICURA	10001100	LO ESPEJO	Receptado	10461749	24/08/2026 05:42:41	BG	1208	1208	0	1/1/HKOOB37653053
49249	21/08/2026 15:32:26	CEDIS IDE QUILICURA	10001100	LO ESPEJO	Receptado	10461749	24/08/2026 05:42:41	P5T	20	20	0	1/1/HKOOB37653053
49252	21/08/2026 15:49:57	PLANTA IDEAL	10001082	CEDIS IDE QUILICURA	Receptado	10001100	21/08/2026 18:43:13	BG	1236	1236	0	1/1/CHKL477343
49252	21/08/2026 15:49:57	PLANTA IDEAL	10001082	CEDIS IDE QUILICURA	Receptado	10001100	21/08/2026 18:43:13	P5T	21	21	0	1/1/CHKL477343
49340	22/08/2026 08:10:11	RANCAGUA	10000032	PLANTA IDEAL	Receptado	10033115	22/08/2026 10:57:03	BCH	75	75	0	CZYT-30/JH-3200/10535557
49340	22/08/2026 08:10:11	RANCAGUA	10000032	PLANTA IDEAL	Receptado	10033115	22/08/2026 10:57:03	BG	1298	1298	0	CZYT-30/JH-3200/10535557
49340	22/08/2026 08:10:11	RANCAGUA	10000032	PLANTA IDEAL	Receptado	10033115	22/08/2026 10:57:03	P5T	16	16	0	CZYT-30/JH-3200/10535557
49501	24/08/2026 23:11:20	CEDIS IDE QUILICURA	10032939	LO ESPEJO	Receptado	10461749	25/08/2026 06:04:20	BG	573	573	0	1/1/HKOOB37659893
49501	24/08/2026 23:11:20	CEDIS IDE QUILICURA	10032939	LO ESPEJO	Receptado	10461749	25/08/2026 06:04:20	P5T	14	14	0	1/1/HKOOB37659893
49528	25/08/2026 04:02:04	CEDIS IDE QUILICURA	10032939	LA SERENA	Receptado	10444394	26/08/2026 08:35:44	BCH	58	58	0	1/1/HKOOB37669745
49528	25/08/2026 04:02:04	CEDIS IDE QUILICURA	10032939	LA SERENA	Receptado	10444394	26/08/2026 08:35:44	BG	654	654	0	1/1/HKOOB37669745
49528	25/08/2026 04:02:04	CEDIS IDE QUILICURA	10032939	LA SERENA	Receptado	10444394	26/08/2026 08:35:44	P5T	17	17	0	1/1/HKOOB37669745
49530	25/08/2026 05:17:32	PLANTA IDEAL	10033115	CEDIS IDE QUILICURA	Receptado	10001100	25/08/2026 13:07:14	BG	684	684	0	50/50/CHKL477670
49530	25/08/2026 05:17:32	PLANTA IDEAL	10033115	CEDIS IDE QUILICURA	Receptado	10001100	25/08/2026 13:07:14	P5T	16	16	0	50/50/CHKL477670
49533	25/08/2026 05:22:42	PLANTA IDEAL	10033115	CEDIS IDE QUILICURA	Receptado	10001100	25/08/2026 13:07:54	BCH	200	200	0	50/50/CHKL477671
49533	25/08/2026 05:22:42	PLANTA IDEAL	10033115	CEDIS IDE QUILICURA	Receptado	10001100	25/08/2026 13:07:54	BG	1161	1161	0	50/50/CHKL477671
49533	25/08/2026 05:22:42	PLANTA IDEAL	10033115	CEDIS IDE QUILICURA	Receptado	10001100	25/08/2026 13:07:54	P5T	21	21	0	50/50/CHKL477671
49537	25/08/2026 05:29:50	PLANTA IDEAL	10033115	CEDIS IDE QUILICURA	Receptado	10001100	25/08/2026 13:09:54	BG	704	704	0	50/50/CHKL477554
49537	25/08/2026 05:29:50	PLANTA IDEAL	10033115	CEDIS IDE QUILICURA	Receptado	10001100	25/08/2026 13:09:54	P5T	11	11	0	50/50/CHKL477554
49541	25/08/2026 06:04:44	PLANTA IDEAL	10033115	CEDIS IDE QUILICURA	Receptado	10001100	25/08/2026 13:10:21	BG	1282	1282	0	50/50/CHKL477691
49541	25/08/2026 06:04:44	PLANTA IDEAL	10033115	CEDIS IDE QUILICURA	Receptado	10001100	25/08/2026 13:10:21	P5T	21	21	0	50/50/CHKL477691
49542	25/08/2026 06:06:07	PLANTA IDEAL	10033115	CEDIS IDE QUILICURA	Receptado	10001100	25/08/2026 13:05:51	BG	1296	1296	0	50/50/CHKL477672
49542	25/08/2026 06:06:07	PLANTA IDEAL	10033115	CEDIS IDE QUILICURA	Receptado	10001100	25/08/2026 13:05:51	P5T	20	20	0	50/50/CHKL477672
49543	25/08/2026 06:13:35	PLANTA IDEAL	10033115	CEDIS IDE QUILICURA	Receptado	10001100	25/08/2026 13:06:18	BG	448	448	0	50/50/CHKL477555
49543	25/08/2026 06:13:35	PLANTA IDEAL	10033115	CEDIS IDE QUILICURA	Receptado	10001100	25/08/2026 13:06:18	P5T	8	8	0	50/50/CHKL477555
49545	25/08/2026 06:47:01	OSORNO	10001704	PLANTA CHILLAN	Receptado	10000416	26/08/2026 13:51:01	BCH	39	39	0	RFZY99 /PTYJ58/0
49545	25/08/2026 06:47:01	OSORNO	10001704	PLANTA CHILLAN	Receptado	10000416	26/08/2026 13:51:01	BG	1280	1280	0	RFZY99 /PTYJ58/0
49545	25/08/2026 06:47:01	OSORNO	10001704	PLANTA CHILLAN	Receptado	10000416	26/08/2026 13:51:01	P5T	14	14	0	RFZY99 /PTYJ58/0
49546	25/08/2026 06:51:11	LOS ANDES	10486010	ECCOFEED SPA	Receptado	10487508	27/08/2026 10:13:21	BG	144	144	0	JCHC-71/JCHC-71/11736454
49546	25/08/2026 06:51:11	LOS ANDES	10486010	ECCOFEED SPA	Receptado	10487508	27/08/2026 10:13:21	P5T	4	4	0	JCHC-71/JCHC-71/11736454
49547	25/08/2026 07:03:17	LOS ANDES	10486010	PLANTA IDEAL	Receptado	10001082	25/08/2026 11:14:45	BCH	100	100	0	JCHC-71/JCHC-71/10535642
49547	25/08/2026 07:03:17	LOS ANDES	10486010	PLANTA IDEAL	Receptado	10001082	25/08/2026 11:14:45	BG	996	804	192	JCHC-71/JCHC-71/10535642
49547	25/08/2026 07:03:17	LOS ANDES	10486010	PLANTA IDEAL	Receptado	10001082	25/08/2026 11:14:45	P5T	11	9	2	JCHC-71/JCHC-71/10535642
49553	25/08/2026 07:45:33	COPIAPO	10405300	PLANTA IDEAL	Receptado	10000427	25/08/2026 22:20:12	BG	436	436	0	PFBS12/PWZH30/10535649
49553	25/08/2026 07:45:33	COPIAPO	10405300	PLANTA IDEAL	Receptado	10000427	25/08/2026 22:20:12	P5T	16	16	0	PFBS12/PWZH30/10535649
49608	25/08/2026 16:23:58	PLANTA IDEAL	10000427	CEDIS IDE QUILICURA	Receptado	10033023	25/08/2026 17:13:22	BG	1176	1176	0	FYLB 83/KYLZ 24/CHKL477634
49608	25/08/2026 16:23:58	PLANTA IDEAL	10000427	CEDIS IDE QUILICURA	Receptado	10033023	25/08/2026 17:13:22	P5T	21	21	0	FYLB 83/KYLZ 24/CHKL477634
47934	08/08/2026 16:00:00	CEDIS IDE QUILICURA	10033023	LO ESPEJO	Receptado	10458156	08/08/2026 17:32:00	BG	900	900	0	RZVS88/HXDF11/HKOOB37584716
48860	18/08/2026 13:39:07	IQUIQUE	10012419	ECCOFEED SPA	Receptado	10487508	27/08/2026 10:05:45	BG	87	87	0	PFBS-11/PJJV-10/8419139
48860	18/08/2026 13:39:07	IQUIQUE	10012419	ECCOFEED SPA	Receptado	10487508	27/08/2026 10:05:45	P5T	2	2	0	PFBS-11/PJJV-10/8419139
48872	18/08/2026 16:30:31	PLANTA IDEAL	10001082	CEDIS IDE QUILICURA	Receptado	10001100	18/08/2026 20:23:58	BG	1216	1216	0	1/1/CHKL477192
48872	18/08/2026 16:30:31	PLANTA IDEAL	10001082	CEDIS IDE QUILICURA	Receptado	10001100	18/08/2026 20:23:58	P5T	11	11	0	1/1/CHKL477192
48873	18/08/2026 16:57:43	CEDIS IDE QUILICURA	10001100	TALCA	Receptado	10000096	19/08/2026 12:12:16	BCH	21	21	0	1/1/HKOOB37633036
48873	18/08/2026 16:57:43	CEDIS IDE QUILICURA	10001100	TALCA	Receptado	10000096	19/08/2026 12:12:16	BG	893	893	0	1/1/HKOOB37633036
48873	18/08/2026 16:57:43	CEDIS IDE QUILICURA	10001100	TALCA	Receptado	10000096	19/08/2026 12:12:16	P5T	14	14	0	1/1/HKOOB37633036
49244	21/08/2026 14:40:46	SALON PEDRO DE VALDIVIA	10000349	QUILICURA	Receptado	10000349	24/08/2026 15:32:00	BG	15	15	0	0/0/0
49522	25/08/2026 03:04:26	CEDIS IDE QUILICURA	10032939	VIÑA DEL MAR	Receptado	10001291	25/08/2026 11:47:09	BCH	164	156	8	1/1/HKOOB37670008
49522	25/08/2026 03:04:26	CEDIS IDE QUILICURA	10032939	VIÑA DEL MAR	Receptado	10001291	25/08/2026 11:47:09	BG	1034	1019	15	1/1/HKOOB37670008
49522	25/08/2026 03:04:26	CEDIS IDE QUILICURA	10032939	VIÑA DEL MAR	Receptado	10001291	25/08/2026 11:47:09	P5T	17	17	0	1/1/HKOOB37670008
49524	25/08/2026 03:28:13	CEDIS IDE QUILICURA	10032939	GRANDES CLIENTES	Receptado	10001251	26/08/2026 01:01:31	BG	377	377	0	1/1/CHKO383647
49524	25/08/2026 03:28:13	CEDIS IDE QUILICURA	10032939	GRANDES CLIENTES	Receptado	10001251	26/08/2026 01:01:31	P5T	4	4	0	1/1/CHKO383647
49535	25/08/2026 05:16:20	CEDIS IDE QUILICURA	10032939	LOS ANDES	Receptado	10486010	26/08/2026 06:49:19	BCH	33	33	0	1/1/HKOOB37669713
49535	25/08/2026 05:16:20	CEDIS IDE QUILICURA	10032939	LOS ANDES	Receptado	10486010	26/08/2026 06:49:19	BG	1243	1230	13	1/1/HKOOB37669713
49535	25/08/2026 05:16:20	CEDIS IDE QUILICURA	10032939	LOS ANDES	Receptado	10486010	26/08/2026 06:49:19	P5T	22	22	0	1/1/HKOOB37669713
49538	25/08/2026 05:30:56	PLANTA IDEAL	10033115	CEDIS IDE QUILICURA	Receptado	10001100	25/08/2026 13:10:08	BG	952	952	0	50/50/CHKL477631
49538	25/08/2026 05:30:56	PLANTA IDEAL	10033115	CEDIS IDE QUILICURA	Receptado	10001100	25/08/2026 13:10:08	P5T	12	12	0	50/50/CHKL477631
49558	25/08/2026 08:05:26	VALDIVIA	10421004	PLANTA CHILLAN	Receptado	10000416	26/08/2026 13:50:39	BCH	212	212	0	PFBS11/KDGH62/0
49558	25/08/2026 08:05:26	VALDIVIA	10421004	PLANTA CHILLAN	Receptado	10000416	26/08/2026 13:50:39	BG	1320	1320	0	PFBS11/KDGH62/0
49558	25/08/2026 08:05:26	VALDIVIA	10421004	PLANTA CHILLAN	Receptado	10000416	26/08/2026 13:50:39	P5T	16	16	0	PFBS11/KDGH62/0
49563	25/08/2026 08:09:58	CONCEPCION	10001026	CEDIS IDE QUILICURA	Receptado	10033023	25/08/2026 17:12:57	BCH	157	157	0	VJWL-64/PXKH-32/10535650
49563	25/08/2026 08:09:58	CONCEPCION	10001026	CEDIS IDE QUILICURA	Receptado	10033023	25/08/2026 17:12:57	BG	796	796	0	VJWL-64/PXKH-32/10535650
49563	25/08/2026 08:09:58	CONCEPCION	10001026	CEDIS IDE QUILICURA	Receptado	10033023	25/08/2026 17:12:57	P5T	15	15	0	VJWL-64/PXKH-32/10535650
49564	25/08/2026 08:18:46	PUERTO MONTT	10001696	ECCOFEED SPA	Receptado	10487508	02/09/2026 10:38:10	BG	69	69	0	LCTB-55/KDHP-45/13055797-98
49564	25/08/2026 08:18:46	PUERTO MONTT	10001696	ECCOFEED SPA	Receptado	10487508	02/09/2026 10:38:10	P5T	1	1	0	LCTB-55/KDHP-45/13055797-98
49571	25/08/2026 08:58:42	LA SERENA	10444394	PLANTA IDEAL	Receptado	10000427	25/08/2026 19:32:25	BG	784	784	0	PGKD18/PWZP17/10535659
49571	25/08/2026 08:58:42	LA SERENA	10444394	PLANTA IDEAL	Receptado	10000427	25/08/2026 19:32:25	P5T	37	37	0	PGKD18/PWZP17/10535659
49576	25/08/2026 09:35:10	LO ESPEJO	10138605	PLANTA IDEAL	Receptado	10001082	25/08/2026 10:53:47	BG	728	726	2	PLANTA IDEAL/PLANTA IDEAL/10535660
49576	25/08/2026 09:35:10	LO ESPEJO	10138605	PLANTA IDEAL	Receptado	10001082	25/08/2026 10:53:47	P5T	12	12	0	PLANTA IDEAL/PLANTA IDEAL/10535660
49579	25/08/2026 10:00:52	PLANTA IDEAL	10001082	CEDIS IDE QUILICURA	Receptado	10001100	25/08/2026 13:04:06	BG	1152	1152	0	1/1/CHKL477692
49579	25/08/2026 10:00:52	PLANTA IDEAL	10001082	CEDIS IDE QUILICURA	Receptado	10001100	25/08/2026 13:04:06	P5T	21	21	0	1/1/CHKL477692
49585	25/08/2026 12:05:31	CEDIS IDE QUILICURA	10001100	TEMUCO	Receptado	10344423	26/08/2026 10:44:18	BCH	63	63	0	DBFS59/KDKD12/HKOOB37669714
49585	25/08/2026 12:05:31	CEDIS IDE QUILICURA	10001100	TEMUCO	Receptado	10344423	26/08/2026 10:44:18	BG	1101	1101	0	DBFS59/KDKD12/HKOOB37669714
49585	25/08/2026 12:05:31	CEDIS IDE QUILICURA	10001100	TEMUCO	Receptado	10344423	26/08/2026 10:44:18	P5T	16	16	0	DBFS59/KDKD12/HKOOB37669714
47858	08/08/2026 02:18:57	PLANTA IDEAL	10033115	CEDIS IDE QUILICURA	Receptado	10161182	08/08/2026 03:31:54	BG	1164	1164	0	49/49/CHKL476516
47858	08/08/2026 02:18:57	PLANTA IDEAL	10033115	CEDIS IDE QUILICURA	Receptado	10161182	08/08/2026 03:31:54	P5T	16	16	0	49/49/CHKL476516
47867	08/08/2026 04:32:29	CEDIS IDE QUILICURA	10161182	PLANTA IDEAL	Receptado	10033115	08/08/2026 05:53:05	BG	1700	1700	0	1/1/1
47867	08/08/2026 04:32:29	CEDIS IDE QUILICURA	10161182	PLANTA IDEAL	Receptado	10033115	08/08/2026 05:53:05	P5T	24	24	0	1/1/1
47886	08/08/2026 07:58:31	MELIPILLA	10291937	PLANTA IDEAL	Receptado	10001082	08/08/2026 11:49:47	BCH	73	84	-11	-/-/10534785
47886	08/08/2026 07:58:31	MELIPILLA	10291937	PLANTA IDEAL	Receptado	10001082	08/08/2026 11:49:47	BG	1027	993	34	-/-/10534785
47886	08/08/2026 07:58:31	MELIPILLA	10291937	PLANTA IDEAL	Receptado	10001082	08/08/2026 11:49:47	P5T	12	12	0	-/-/10534785
47887	08/08/2026 08:01:24	MELIPILLA	10291937	ECCOFEED SPA	Receptado	10487508	09/08/2026 11:13:59	BG	110	110	0	-/-/12660742-43
47887	08/08/2026 08:01:24	MELIPILLA	10291937	ECCOFEED SPA	Receptado	10487508	09/08/2026 11:13:59	P5T	3	3	0	-/-/12660742-43
47888	08/08/2026 08:08:02	PLANTA IDEAL	10001082	CEDIS IDE QUILICURA	Receptado	10033023	08/08/2026 18:50:16	BG	1224	1224	0	1/1/CHKL476609
47888	08/08/2026 08:08:02	PLANTA IDEAL	10001082	CEDIS IDE QUILICURA	Receptado	10033023	08/08/2026 18:50:16	P5T	19	19	0	1/1/CHKL476609
47900	08/08/2026 09:15:32	RANCAGUA	10000032	ECCOFEED SPA	Receptado	10487508	09/08/2026 11:14:27	BG	241	241	0	DRPH-69/JJ-4819/10534805
47900	08/08/2026 09:15:32	RANCAGUA	10000032	ECCOFEED SPA	Receptado	10487508	09/08/2026 11:14:27	P5T	4	4	0	DRPH-69/JJ-4819/10534805
47904	08/08/2026 10:02:01	CEDIS IDE QUILICURA	10161182	VIÑA DEL MAR	Receptado	10000599	08/08/2026 18:28:26	BG	1476	1476	0	VSRP19/KYPH95/HKOOB37586073
47904	08/08/2026 10:02:01	CEDIS IDE QUILICURA	10161182	VIÑA DEL MAR	Receptado	10000599	08/08/2026 18:28:26	P5T	19	19	0	VSRP19/KYPH95/HKOOB37586073
47905	08/08/2026 10:02:29	PLANTA CHILLAN	10000416	CEDIS IDE QUILICURA	Receptado	10033023	10/08/2026 11:39:35	BG	1440	1440	0	PSLY21/PWZH33/CGAX00042983
47905	08/08/2026 10:02:29	PLANTA CHILLAN	10000416	CEDIS IDE QUILICURA	Receptado	10033023	10/08/2026 11:39:35	P5T	24	24	0	PSLY21/PWZH33/CGAX00042983
47906	08/08/2026 09:50:13	IQUIQUE	10012419	ECCOFEED SPA	Receptado	10487508	14/08/2026 08:24:15	BG	229	229	0	PXJK-67/TZSJ-82/8417920
47906	08/08/2026 09:50:13	IQUIQUE	10012419	ECCOFEED SPA	Receptado	10487508	14/08/2026 08:24:15	P5T	4	4	0	PXJK-67/TZSJ-82/8417920
47907	08/08/2026 10:19:55	PLANTA IDEAL	10001082	CEDIS IDE QUILICURA	Receptado	10033023	08/08/2026 18:49:23	BG	1032	1032	0	1/1/CHKL476483
47907	08/08/2026 10:19:55	PLANTA IDEAL	10001082	CEDIS IDE QUILICURA	Receptado	10033023	08/08/2026 18:49:23	P5T	16	16	0	1/1/CHKL476483
47909	08/08/2026 10:31:07	PLANTA IDEAL	10001082	CEDIS IDE QUILICURA	Receptado	10033023	08/08/2026 18:49:11	BG	1272	1272	0	1/1/CHKL476554
47909	08/08/2026 10:31:07	PLANTA IDEAL	10001082	CEDIS IDE QUILICURA	Receptado	10033023	08/08/2026 18:49:11	P5T	21	21	0	1/1/CHKL476554
48826	18/08/2026 07:23:11	VALDIVIA	10421004	ECCOFEED SPA	Receptado	10487508	27/08/2026 10:55:13	BG	262	262	0	PJJV10/KDGH62/10535279
48826	18/08/2026 07:23:11	VALDIVIA	10421004	ECCOFEED SPA	Receptado	10487508	27/08/2026 10:55:13	P5T	5	5	0	PJJV10/KDGH62/10535279
48827	18/08/2026 07:24:25	CHILLAN	10301699	ECCOFEED SPA	Receptado	10487508	27/08/2026 10:43:58	BG	153	153	0	LTGY83/PWWC54/10535274
48827	18/08/2026 07:24:25	CHILLAN	10301699	ECCOFEED SPA	Receptado	10487508	27/08/2026 10:43:58	P5T	3	3	0	LTGY83/PWWC54/10535274
48829	18/08/2026 07:41:37	TEMUCO	10344423	PLANTA CHILLAN	Receptado	10000416	19/08/2026 11:27:13	BCH	172	172	0	LXHJ99 /PWXK76 /10535283
48829	18/08/2026 07:41:37	TEMUCO	10344423	PLANTA CHILLAN	Receptado	10000416	19/08/2026 11:27:13	BG	1748	1719	29	LXHJ99 /PWXK76 /10535283
48829	18/08/2026 07:41:37	TEMUCO	10344423	PLANTA CHILLAN	Receptado	10000416	19/08/2026 11:27:13	P5T	27	27	0	LXHJ99 /PWXK76 /10535283
48832	18/08/2026 08:00:32	RANCAGUA	10000032	PLANTA IDEAL	Receptado	10033115	18/08/2026 11:34:04	BCH	129	129	0	CZYT-30/JH-3200/10535284
48832	18/08/2026 08:00:32	RANCAGUA	10000032	PLANTA IDEAL	Receptado	10033115	18/08/2026 11:34:04	BG	1457	1457	0	CZYT-30/JH-3200/10535284
48832	18/08/2026 08:00:32	RANCAGUA	10000032	PLANTA IDEAL	Receptado	10033115	18/08/2026 11:34:04	P5T	17	17	0	CZYT-30/JH-3200/10535284
48839	18/08/2026 08:32:28	COPIAPO	10405300	PLANTA IDEAL	Receptado	10000427	19/08/2026 00:28:03	BCH	99	99	0	PSLY27/PTYJ84/10535288
48839	18/08/2026 08:32:28	COPIAPO	10405300	PLANTA IDEAL	Receptado	10000427	19/08/2026 00:28:03	BG	622	622	0	PSLY27/PTYJ84/10535288
48839	18/08/2026 08:32:28	COPIAPO	10405300	PLANTA IDEAL	Receptado	10000427	19/08/2026 00:28:03	P5T	7	7	0	PSLY27/PTYJ84/10535288
48843	18/08/2026 08:48:27	LOS ANDES	10486010	PLANTA IDEAL	Receptado	10033115	18/08/2026 11:32:07	BCH	44	44	0	WD9161/WD9161/10535280
48843	18/08/2026 08:48:27	LOS ANDES	10486010	PLANTA IDEAL	Receptado	10033115	18/08/2026 11:32:07	P5T	15	15	0	WD9161/WD9161/10535280
48843	18/08/2026 08:48:27	LOS ANDES	10486010	PLANTA IDEAL	Receptado	10033115	18/08/2026 11:32:07	BG	560	560	0	WD9161/WD9161/10535280
48940	19/08/2026 06:39:44	CEDIS IDE QUILICURA	10000980	RANCAGUA	Receptado	10000032	21/08/2026 09:06:32	BG	1286	1286	0	DRPH69/JJ4819/HKOOB37640444
48940	19/08/2026 06:39:44	CEDIS IDE QUILICURA	10000980	RANCAGUA	Receptado	10000032	21/08/2026 09:06:32	P5T	21	21	0	DRPH69/JJ4819/HKOOB37640444
49135	20/08/2026 16:13:24	PLANTA IDEAL	10001082	CEDIS IDE QUILICURA	Receptado	10161182	20/08/2026 17:05:37	BG	1056	1056	0	1/1/CHKL477323
49135	20/08/2026 16:13:24	PLANTA IDEAL	10001082	CEDIS IDE QUILICURA	Receptado	10161182	20/08/2026 17:05:37	P5T	16	16	0	1/1/CHKL477323
49154	20/08/2026 20:15:26	PLANTA IDEAL	10001082	CEDIS IDE QUILICURA	Receptado	10161182	20/08/2026 21:44:54	BG	876	876	0	1/1/CHKL477465
49154	20/08/2026 20:15:26	PLANTA IDEAL	10001082	CEDIS IDE QUILICURA	Receptado	10161182	20/08/2026 21:44:54	P5T	17	17	0	1/1/CHKL477465
49156	20/08/2026 20:33:39	MELIPILLA	10469278	QUILICURA	Cancelado			BG	44	0	44	Quilicura/Quilicura/N°12663894
49156	20/08/2026 20:33:39	MELIPILLA	10469278	QUILICURA	Cancelado			P5T	1	0	1	Quilicura/Quilicura/N°12663894
49166	20/08/2026 21:33:33	CEDIS IDE QUILICURA	10161182	GRANDES CLIENTES	Receptado	10001251	21/08/2026 02:58:52	BG	2002	2002	0	1/1/CHKO383426
49166	20/08/2026 21:33:33	CEDIS IDE QUILICURA	10161182	GRANDES CLIENTES	Receptado	10001251	21/08/2026 02:58:52	P5T	44	44	0	1/1/CHKO383426
49170	20/08/2026 22:01:43	EL PINAR	10149777	ECCOFEED SPA	Receptado	10487508	25/08/2026 17:09:59	BG	141	141	0	ideal/ideal/12577770
49170	20/08/2026 22:01:43	EL PINAR	10149777	ECCOFEED SPA	Receptado	10487508	25/08/2026 17:09:59	P5T	3	3	0	ideal/ideal/12577770
49464	24/08/2026 18:56:15	PLANTA IDEAL	10000427	CEDIS IDE QUILICURA	Receptado	10033023	24/08/2026 19:03:11	BG	1320	1320	0	FYLB 83/KYLZ 25/CHKL477645
49464	24/08/2026 18:56:15	PLANTA IDEAL	10000427	CEDIS IDE QUILICURA	Receptado	10033023	24/08/2026 19:03:11	P5T	19	19	0	FYLB 83/KYLZ 25/CHKL477645
49471	24/08/2026 19:03:22	PLANTA IDEAL	10000427	CEDIS IDE QUILICURA	Receptado	10033023	24/08/2026 19:04:42	BG	1108	1108	0	DBLS 59/KYLZ 24/CHKL477685
49471	24/08/2026 19:03:22	PLANTA IDEAL	10000427	CEDIS IDE QUILICURA	Receptado	10033023	24/08/2026 19:04:42	P5T	19	19	0	DBLS 59/KYLZ 24/CHKL477685
49477	24/08/2026 19:22:49	LO ESPEJO	10458156	PLANTA IDEAL	Receptado	10487508	25/08/2026 11:31:08	BG	968	968	0	IDEAL/IDEAL/IDEAL
49477	24/08/2026 19:22:49	LO ESPEJO	10458156	PLANTA IDEAL	Receptado	10487508	25/08/2026 11:31:08	P5T	9	9	0	IDEAL/IDEAL/IDEAL
49479	24/08/2026 19:57:11	TALCA	10395252	ECCOFEED SPA	Receptado	10487508	27/08/2026 10:28:18	BG	34	34	0	PFBS17/PWWC54/0
49479	24/08/2026 19:57:11	TALCA	10395252	ECCOFEED SPA	Receptado	10487508	27/08/2026 10:28:18	P5T	1	1	0	PFBS17/PWWC54/0
49495	24/08/2026 21:28:08	QUILICURA	10001353	ECCOFEED SPA	Receptado	10487508	27/08/2026 10:16:00	BG	199	199	0	NN/NN/NN
49495	24/08/2026 21:28:08	QUILICURA	10001353	ECCOFEED SPA	Receptado	10487508	27/08/2026 10:16:00	P5T	4	4	0	NN/NN/NN
49602	25/08/2026 14:52:11	GRANDES CLIENTES	10000772	PLANTA IDEAL	Receptado	10000427	25/08/2026 16:03:08	BG	1320	1320	0	PXJD34/PXJD34/10535704
49602	25/08/2026 14:52:11	GRANDES CLIENTES	10000772	PLANTA IDEAL	Receptado	10000427	25/08/2026 16:03:08	P5T	32	20	12	PXJD34/PXJD34/10535704
49607	25/08/2026 15:55:55	CEDIS IDE QUILICURA	10033023	TEMUCO	Receptado	10344423	26/08/2026 07:52:17	BCH	100	100	0	LCTB56/PTYJ57/HKOOB37669715
49607	25/08/2026 15:55:55	CEDIS IDE QUILICURA	10033023	TEMUCO	Receptado	10344423	26/08/2026 07:52:17	BG	992	992	0	LCTB56/PTYJ57/HKOOB37669715
49607	25/08/2026 15:55:55	CEDIS IDE QUILICURA	10033023	TEMUCO	Receptado	10344423	26/08/2026 07:52:17	P5T	22	22	0	LCTB56/PTYJ57/HKOOB37669715
49612	25/08/2026 16:46:39	GRANDES CLIENTES	10001302	PLANTA IDEAL	Receptado	10001216	26/08/2026 11:05:29	BG	600	600	0	NO APLICA/NO APLICA/NO APLICA
49612	25/08/2026 16:46:39	GRANDES CLIENTES	10001302	PLANTA IDEAL	Receptado	10001216	26/08/2026 11:05:29	P5T	10	10	0	NO APLICA/NO APLICA/NO APLICA
49619	25/08/2026 18:01:45	CEDIS IDE QUILICURA	10033023	PLANTA IDEAL	Receptado	10000427	25/08/2026 21:53:12	BG	996	839	157	,/,/,
49619	25/08/2026 18:01:45	CEDIS IDE QUILICURA	10033023	PLANTA IDEAL	Receptado	10000427	25/08/2026 21:53:12	P5T	15	15	0	,/,/,
49620	25/08/2026 18:04:41	PLANTA IDEAL	10000427	CEDIS IDE QUILICURA	Receptado	10033023	25/08/2026 18:24:51	BG	888	888	0	FYLB 83/KULZ 24/CHKL477725
49620	25/08/2026 18:04:41	PLANTA IDEAL	10000427	CEDIS IDE QUILICURA	Receptado	10033023	25/08/2026 18:24:51	P5T	15	15	0	FYLB 83/KULZ 24/CHKL477725
49621	25/08/2026 18:28:33	PLANTA IDEAL	10000427	CEDIS IDE QUILICURA	Receptado	10033023	25/08/2026 18:40:35	BG	948	948	0	DBLZ 59/KYLZ 25/CHKL477558
49621	25/08/2026 18:28:33	PLANTA IDEAL	10000427	CEDIS IDE QUILICURA	Receptado	10033023	25/08/2026 18:40:35	P5T	19	19	0	DBLZ 59/KYLZ 25/CHKL477558
49626	25/08/2026 19:05:09	PLANTA IDEAL	10000427	CEDIS IDE QUILICURA	Receptado	10033023	25/08/2026 20:21:10	BG	1168	1168	0	FYLB 83/KYLZ 24/CHKL477707
49626	25/08/2026 19:05:09	PLANTA IDEAL	10000427	CEDIS IDE QUILICURA	Receptado	10033023	25/08/2026 20:21:10	P5T	22	22	0	FYLB 83/KYLZ 24/CHKL477707
49627	25/08/2026 19:26:47	CEDIS IDE QUILICURA	10033023	LO ESPEJO	Receptado	10461749	26/08/2026 06:03:18	BG	825	825	0	VRZL40/KYPH95/HKOOB37670003
49627	25/08/2026 19:26:47	CEDIS IDE QUILICURA	10033023	LO ESPEJO	Receptado	10461749	26/08/2026 06:03:18	P5T	16	16	0	VRZL40/KYPH95/HKOOB37670003
49641	25/08/2026 20:48:00	CEDIS IDE QUILICURA	10033023	CHILLAN	Receptado	10301699	26/08/2026 08:32:14	BG	1442	1442	0	PGKD18/PWZP17/HKOOB37669707
49641	25/08/2026 20:48:00	CEDIS IDE QUILICURA	10033023	CHILLAN	Receptado	10301699	26/08/2026 08:32:14	P5T	2	2	0	PGKD18/PWZP17/HKOOB37669707
49648	25/08/2026 21:33:36	PLANTA IDEAL	10000427	CEDIS IDE QUILICURA	Receptado	10033023	25/08/2026 22:27:02	BG	1158	1158	0	FYLB 83/KYLZ 24/CHKL477658
49648	25/08/2026 21:33:36	PLANTA IDEAL	10000427	CEDIS IDE QUILICURA	Receptado	10033023	25/08/2026 22:27:02	P5T	21	21	0	FYLB 83/KYLZ 24/CHKL477658
49650	25/08/2026 21:34:28	QUILICURA	101196341	ECCOFEED SPA	Receptado	10487508	27/08/2026 10:18:40	BG	195	195	0	0/0/12498259-12498260-61
49650	25/08/2026 21:34:28	QUILICURA	101196341	ECCOFEED SPA	Receptado	10487508	27/08/2026 10:18:40	P5T	4	4	0	0/0/12498259-12498260-61
49651	25/08/2026 21:35:44	QUILICURA	101196341	GRANDES CLIENTES	Receptado	101196341	25/08/2026 21:36:41	BG	600	600	0	0/0/0
49651	25/08/2026 21:35:44	QUILICURA	101196341	GRANDES CLIENTES	Receptado	101196341	25/08/2026 21:36:41	P5T	5	5	0	0/0/0
49654	25/08/2026 21:47:25	CEDIS IDE QUILICURA	10033023	TALCA	Receptado	10000096	26/08/2026 12:51:27	BG	1138	1090	48	PSLY27/PWZP19/HKOOB37669704
49654	25/08/2026 21:47:25	CEDIS IDE QUILICURA	10033023	TALCA	Receptado	10000096	26/08/2026 12:51:27	P5T	22	22	0	PSLY27/PWZP19/HKOOB37669704
49656	25/08/2026 22:15:11	CEDIS IDE QUILICURA	10033023	GRANDES CLIENTES	Receptado	10001251	26/08/2026 01:02:46	BG	596	596	0	,/,/CHKO383671
49656	25/08/2026 22:15:11	CEDIS IDE QUILICURA	10033023	GRANDES CLIENTES	Receptado	10001251	26/08/2026 01:02:46	P5T	11	11	0	,/,/CHKO383671
49672	26/08/2026 02:12:17	CEDIS IDE QUILICURA	10032939	SALON TOBALABA	Receptado	10000349-1	26/08/2026 19:12:16	BG	2	2	0	1/1/CHKO383785
47934	08/08/2026 16:00:00	CEDIS IDE QUILICURA	10033023	LO ESPEJO	Receptado	10458156	08/08/2026 17:32:00	P5T	15	15	0	RZVS88/HXDF11/HKOOB37584716
47946	08/08/2026 17:50:15	PLANTA IDEAL	10000427	CEDIS IDE QUILICURA	Receptado	10033023	08/08/2026 18:46:50	BG	875	875	0	JKKJ 26/KYLZ 24/CHKL476629
47946	08/08/2026 17:50:15	PLANTA IDEAL	10000427	CEDIS IDE QUILICURA	Receptado	10033023	08/08/2026 18:46:50	P5T	19	19	0	JKKJ 26/KYLZ 24/CHKL476629
47952	08/08/2026 19:33:46	PLANTA IDEAL	10000427	CEDIS IDE QUILICURA	Receptado	10033023	08/08/2026 20:23:07	BG	504	504	0	JKKJ 26/KYLZ 24/CHKL476645
47952	08/08/2026 19:33:46	PLANTA IDEAL	10000427	CEDIS IDE QUILICURA	Receptado	10033023	08/08/2026 20:23:07	P5T	17	17	0	JKKJ 26/KYLZ 24/CHKL476645
48140	11/08/2026 09:04:38	RANCAGUA	10000032	PLANTA IDEAL	Receptado	10000427	11/08/2026 13:04:30	BCH	279	200	79	DRPH-69/JJ-4819/10534894
48140	11/08/2026 09:04:38	RANCAGUA	10000032	PLANTA IDEAL	Receptado	10000427	11/08/2026 13:04:30	BG	1837	1610	227	DRPH-69/JJ-4819/10534894
48140	11/08/2026 09:04:38	RANCAGUA	10000032	PLANTA IDEAL	Receptado	10000427	11/08/2026 13:04:30	P5T	22	19	3	DRPH-69/JJ-4819/10534894
48307	12/08/2026 13:05:22	CEDIS IDE QUILICURA	10033023	EL PINAR	Receptado	10300015	13/08/2026 10:18:50	BG	1070	1070	0	TVTD89/JF4261/HKOOB37599090
48307	12/08/2026 13:05:22	CEDIS IDE QUILICURA	10033023	EL PINAR	Receptado	10300015	13/08/2026 10:18:50	P5T	16	16	0	TVTD89/JF4261/HKOOB37599090
48308	12/08/2026 13:21:07	CEDIS IDE QUILICURA	10033023	GRANDES CLIENTES	Receptado	10001251	13/08/2026 03:46:26	BCH	1143	1143	0	1/1/CHKO382984
48308	12/08/2026 13:21:07	CEDIS IDE QUILICURA	10033023	GRANDES CLIENTES	Receptado	10001251	13/08/2026 03:46:26	BG	3420	3420	0	1/1/CHKO382984
48308	12/08/2026 13:21:07	CEDIS IDE QUILICURA	10033023	GRANDES CLIENTES	Receptado	10001251	13/08/2026 03:46:26	P5T	59	58	1	1/1/CHKO382984
48309	12/08/2026 13:26:13	PLANTA IDEAL	10000427	CEDIS IDE QUILICURA	Receptado	10000798	12/08/2026 15:09:51	BCH	100	100	0	49/KYLZ24/CHKL476860
48309	12/08/2026 13:26:13	PLANTA IDEAL	10000427	CEDIS IDE QUILICURA	Receptado	10000798	12/08/2026 15:09:51	BG	959	959	0	49/KYLZ24/CHKL476860
48309	12/08/2026 13:26:13	PLANTA IDEAL	10000427	CEDIS IDE QUILICURA	Receptado	10000798	12/08/2026 15:09:51	P5T	14	14	0	49/KYLZ24/CHKL476860
48338	12/08/2026 20:32:13	CEDIS IDE QUILICURA	10000798	GRANDES CLIENTES	Receptado	10001251	13/08/2026 03:47:23	BCH	1929	1929	0	IDEAL/IDEAL/CHKO383006
48338	12/08/2026 20:32:13	CEDIS IDE QUILICURA	10000798	GRANDES CLIENTES	Receptado	10001251	13/08/2026 03:47:23	BG	810	810	0	IDEAL/IDEAL/CHKO383006
48338	12/08/2026 20:32:13	CEDIS IDE QUILICURA	10000798	GRANDES CLIENTES	Receptado	10001251	13/08/2026 03:47:23	P5T	34	34	0	IDEAL/IDEAL/CHKO383006
48342	12/08/2026 20:38:32	PLANTA IDEAL	10033115	CEDIS IDE QUILICURA	Receptado	10000798	12/08/2026 21:09:54	BG	1064	1064	0	49/49/CHKL476928
48342	12/08/2026 20:38:32	PLANTA IDEAL	10033115	CEDIS IDE QUILICURA	Receptado	10000798	12/08/2026 21:09:54	P5T	15	15	0	49/49/CHKL476928
48353	12/08/2026 21:10:05	EL PINAR	10149777	PLANTA IDEAL	Receptado	10001082	13/08/2026 02:04:36	BG	1120	1104	16	ideal/ideal/10535070
48353	12/08/2026 21:10:05	EL PINAR	10149777	PLANTA IDEAL	Receptado	10001082	13/08/2026 02:04:36	P5T	12	14	-2	ideal/ideal/10535070
48354	12/08/2026 21:13:04	EL PINAR	10149777	ECCOFEED SPA	Receptado	10487508	14/08/2026 08:32:55	BCH	27	27	0	ideal/ideal/12573290
48354	12/08/2026 21:13:04	EL PINAR	10149777	ECCOFEED SPA	Receptado	10487508	14/08/2026 08:32:55	BG	195	195	0	ideal/ideal/12573290
48354	12/08/2026 21:13:04	EL PINAR	10149777	ECCOFEED SPA	Receptado	10487508	14/08/2026 08:32:55	P5T	4	4	0	ideal/ideal/12573290
48359	12/08/2026 21:56:12	PLANTA IDEAL	10033115	CEDIS IDE QUILICURA	Receptado	10000798	12/08/2026 22:35:53	BCH	135	135	0	49/49/CHKL476969
48359	12/08/2026 21:56:12	PLANTA IDEAL	10033115	CEDIS IDE QUILICURA	Receptado	10000798	12/08/2026 22:35:53	BG	1084	1084	0	49/49/CHKL476969
48359	12/08/2026 21:56:12	PLANTA IDEAL	10033115	CEDIS IDE QUILICURA	Receptado	10000798	12/08/2026 22:35:53	P5T	10	10	0	49/49/CHKL476969
48360	12/08/2026 22:07:32	PLANTA IDEAL	10033115	CEDIS IDE QUILICURA	Receptado	10000798	12/08/2026 22:36:12	BG	492	492	0	49/49/CHKL476838
48360	12/08/2026 22:07:32	PLANTA IDEAL	10033115	CEDIS IDE QUILICURA	Receptado	10000798	12/08/2026 22:36:12	P5T	12	12	0	49/49/CHKL476838
48365	12/08/2026 22:34:32	CEDIS IDE QUILICURA	10000798	PLANTA IDEAL	Receptado	10001082	13/08/2026 00:47:25	BCH	60	160	-100	IDEAL/IDEAL/IDEAL
48365	12/08/2026 22:34:32	CEDIS IDE QUILICURA	10000798	PLANTA IDEAL	Receptado	10001082	13/08/2026 00:47:25	BG	308	1440	-1132	IDEAL/IDEAL/IDEAL
48365	12/08/2026 22:34:32	CEDIS IDE QUILICURA	10000798	PLANTA IDEAL	Receptado	10001082	13/08/2026 00:47:25	P5T	8	21	-13	IDEAL/IDEAL/IDEAL
48388	13/08/2026 04:40:11	PLANTA IDEAL	10001082	CEDIS IDE QUILICURA	Receptado	10001100	13/08/2026 06:56:31	BG	964	964	0	1/1/CHKL477006
48388	13/08/2026 04:40:11	PLANTA IDEAL	10001082	CEDIS IDE QUILICURA	Receptado	10001100	13/08/2026 06:56:31	P5T	8	8	0	1/1/CHKL477006
48388	13/08/2026 04:40:11	PLANTA IDEAL	10001082	CEDIS IDE QUILICURA	Receptado	10001100	13/08/2026 06:56:31	BCH	400	400	0	1/1/CHKL477006
48390	13/08/2026 05:31:50	PLANTA IDEAL	10001082	CEDIS IDE QUILICURA	Receptado	10033023	13/08/2026 08:51:50	BG	1236	1236	0	1/1/CHKL477007
48390	13/08/2026 05:31:50	PLANTA IDEAL	10001082	CEDIS IDE QUILICURA	Receptado	10033023	13/08/2026 08:51:50	P5T	18	18	0	1/1/CHKL477007
48393	13/08/2026 05:58:46	PLANTA IDEAL	10001082	CEDIS IDE QUILICURA	Receptado	10033023	13/08/2026 08:51:25	BG	1320	1320	0	1/1/CHKL476930
48393	13/08/2026 05:58:46	PLANTA IDEAL	10001082	CEDIS IDE QUILICURA	Receptado	10033023	13/08/2026 08:51:25	P5T	19	19	0	1/1/CHKL476930
48394	13/08/2026 06:05:09	CEDIS IDE QUILICURA	10001100	QUILICURA	Receptado	10397048	13/08/2026 08:56:56	BCH	25	25	0	1/1/1
48394	13/08/2026 06:05:09	CEDIS IDE QUILICURA	10001100	QUILICURA	Receptado	10397048	13/08/2026 08:56:56	BG	2197	2197	0	1/1/1
48394	13/08/2026 06:05:09	CEDIS IDE QUILICURA	10001100	QUILICURA	Receptado	10397048	13/08/2026 08:56:56	P5T	40	40	0	1/1/1
48397	13/08/2026 06:17:39	OSORNO	10012272	ECCOFEED SPA	Receptado	10487508	19/08/2026 10:26:23	BG	220	220	0	PJJV10/HGKF80/0
49704	26/08/2026 07:43:00	CHILLAN	10301699	PLANTA CHILLAN	Cancelado			BG	131	0	131	PGKD18/PWZP17/10535720
49704	26/08/2026 07:43:00	CHILLAN	10301699	PLANTA CHILLAN	Cancelado			P5T	3	0	3	PGKD18/PWZP17/10535720
49713	26/08/2026 08:51:49	CEDIS IDE QUILICURA	10001100	COPIAPO	Receptado	10405300	27/08/2026 08:43:10	BCH	30	30	0	1/1/HKOOB37675853
49713	26/08/2026 08:51:49	CEDIS IDE QUILICURA	10001100	COPIAPO	Receptado	10405300	27/08/2026 08:43:10	BG	1200	1200	0	1/1/HKOOB37675853
49713	26/08/2026 08:51:49	CEDIS IDE QUILICURA	10001100	COPIAPO	Receptado	10405300	27/08/2026 08:43:10	P5T	21	21	0	1/1/HKOOB37675853
49753	26/08/2026 15:11:14	CEDIS IDE QUILICURA	10033023	LO ESPEJO	Receptado	10461749	27/08/2026 04:15:50	BG	718	718	0	STJR25/HXDF12/HKOOB37676189
49753	26/08/2026 15:11:14	CEDIS IDE QUILICURA	10033023	LO ESPEJO	Receptado	10461749	27/08/2026 04:15:50	P5T	15	15	0	STJR25/HXDF12/HKOOB37676189
49754	26/08/2026 15:21:57	PLANTA CHILLAN	10000416	CEDIS IDE QUILICURA	Cancelado			BCH	916	0	916	LXHJ99/PWXK76/10535763
49754	26/08/2026 15:21:57	PLANTA CHILLAN	10000416	CEDIS IDE QUILICURA	Cancelado			BG	490	0	490	LXHJ99/PWXK76/10535763
49754	26/08/2026 15:21:57	PLANTA CHILLAN	10000416	CEDIS IDE QUILICURA	Cancelado			P5T	20	0	20	LXHJ99/PWXK76/10535763
49756	26/08/2026 16:04:13	CEDIS IDE QUILICURA	10033023	PLANTA IDEAL	Receptado	10000427	26/08/2026 16:57:52	BG	1555	1230	325	1/1/1
49756	26/08/2026 16:04:13	CEDIS IDE QUILICURA	10033023	PLANTA IDEAL	Receptado	10000427	26/08/2026 16:57:52	P5T	20	15	5	1/1/1
49758	26/08/2026 16:17:23	PLANTA IDEAL	10000427	CEDIS IDE QUILICURA	Receptado	10033023	26/08/2026 16:33:20	BG	1418	1418	0	DBLS 59/PXJD 32/CHKL477733
49758	26/08/2026 16:17:23	PLANTA IDEAL	10000427	CEDIS IDE QUILICURA	Receptado	10033023	26/08/2026 16:33:20	P5T	22	22	0	DBLS 59/PXJD 32/CHKL477733
49760	26/08/2026 16:21:51	PLANTA IDEAL	10000427	CEDIS IDE QUILICURA	Receptado	10033023	26/08/2026 16:32:44	BG	1320	1320	0	FYLB 83/KYLZ 24/CHKL477765
49760	26/08/2026 16:21:51	PLANTA IDEAL	10000427	CEDIS IDE QUILICURA	Receptado	10033023	26/08/2026 16:32:44	P5T	21	21	0	FYLB 83/KYLZ 24/CHKL477765
49875	27/08/2026 10:34:34	CEDIS IDE QUILICURA	10001100	PUERTO MONTT	Receptado	10001696	28/08/2026 10:41:19	BG	888	888	0	1/1/HKOOB37680775
49875	27/08/2026 10:34:34	CEDIS IDE QUILICURA	10001100	PUERTO MONTT	Receptado	10001696	28/08/2026 10:41:19	P5T	14	14	0	1/1/HKOOB37680775
49881	27/08/2026 11:34:15	LO ESPEJO	10429055	LA LIGUA	Receptado	10006353	28/08/2026 12:30:37	BG	120	120	0	00/00/10535817
49881	27/08/2026 11:34:15	LO ESPEJO	10429055	LA LIGUA	Receptado	10006353	28/08/2026 12:30:37	P5T	1	1	0	00/00/10535817
49891	27/08/2026 12:51:06	LA SERENA	10444394	ECCOFEED SPA	Receptado	10487508	02/09/2026 10:05:35	BG	336	336	0	HXGP47/LWWB80/11479909
49891	27/08/2026 12:51:06	LA SERENA	10444394	ECCOFEED SPA	Receptado	10487508	02/09/2026 10:05:35	P5T	5	5	0	HXGP47/LWWB80/11479909
49894	27/08/2026 13:16:08	CEDIS IDE QUILICURA	10001100	TALCA	Receptado	10000096	28/08/2026 10:58:00	BG	1120	1059	61	1/1/HKOOB37680052
49894	27/08/2026 13:16:08	CEDIS IDE QUILICURA	10001100	TALCA	Receptado	10000096	28/08/2026 10:58:00	P5T	22	0	22	1/1/HKOOB37680052
50108	29/08/2026 03:24:01	PLANTA IDEAL	10033115	CEDIS IDE QUILICURA	Receptado	10032939	29/08/2026 04:24:38	BG	1013	1013	0	50/50/CHKL477859
50108	29/08/2026 03:24:01	PLANTA IDEAL	10033115	CEDIS IDE QUILICURA	Receptado	10032939	29/08/2026 04:24:38	P5T	15	15	0	50/50/CHKL477859
50154	29/08/2026 09:07:57	PLANTA IDEAL	10001082	CEDIS IDE QUILICURA	Receptado	10161182	29/08/2026 10:44:53	BG	1320	1320	0	1/1/CHKL477969
50154	29/08/2026 09:07:57	PLANTA IDEAL	10001082	CEDIS IDE QUILICURA	Receptado	10161182	29/08/2026 10:44:53	P5T	22	22	0	1/1/CHKL477969
50158	29/08/2026 10:25:17	PLANTA IDEAL	10001082	CEDIS IDE QUILICURA	Receptado	10161182	29/08/2026 11:58:11	BG	1044	1044	0	1/1/CHKL477987
50158	29/08/2026 10:25:17	PLANTA IDEAL	10001082	CEDIS IDE QUILICURA	Receptado	10161182	29/08/2026 11:58:11	P5T	18	18	0	1/1/CHKL477987
50579	02/09/2026 11:10:52	VIÑA DEL MAR	10391451	ECCOFEED SPA	Receptado	10005088	04/09/2026 19:53:23	BG	650	650	0	JKHC-71/BVWL-28/12408919-22
50579	02/09/2026 11:10:52	VIÑA DEL MAR	10391451	ECCOFEED SPA	Receptado	10005088	04/09/2026 19:53:23	P5T	9	9	0	JKHC-71/BVWL-28/12408919-22
50582	02/09/2026 11:28:18	PLANTA IDEAL	10000427	CEDIS IDE QUILICURA	Receptado	10033023	02/09/2026 11:52:23	BG	928	928	0	FYLB 83/KYLZ 25/CHKL478251
50582	02/09/2026 11:28:18	PLANTA IDEAL	10000427	CEDIS IDE QUILICURA	Receptado	10033023	02/09/2026 11:52:23	P5T	19	19	0	FYLB 83/KYLZ 25/CHKL478251
50583	02/09/2026 11:36:27	PLANTA IDEAL	10000427	CEDIS IDE QUILICURA	Receptado	10033023	02/09/2026 11:52:09	BG	1064	1064	0	FYLB 83/KYLZ 25/CHKL478286
50583	02/09/2026 11:36:27	PLANTA IDEAL	10000427	CEDIS IDE QUILICURA	Receptado	10033023	02/09/2026 11:52:09	P5T	18	18	0	FYLB 83/KYLZ 25/CHKL478286
50890	04/09/2026 15:35:20	CEDIS IDE QUILICURA	10032939	LO ESPEJO	Receptado	10461749	05/09/2026 04:31:10	BG	952	951	1	1/1/HKOOB37726665
50890	04/09/2026 15:35:20	CEDIS IDE QUILICURA	10032939	LO ESPEJO	Receptado	10461749	05/09/2026 04:31:10	P5T	14	14	0	1/1/HKOOB37726665
51086	07/09/2026 06:14:59	TALCA	10000096	PLANTA IDEAL	Receptado	10033115	07/09/2026 12:52:31	BG	600	600	0	LXHJ 99/KYLH 53/0
51086	07/09/2026 06:14:59	TALCA	10000096	PLANTA IDEAL	Receptado	10033115	07/09/2026 12:52:31	P5T	7	7	0	LXHJ 99/KYLH 53/0
51088	07/09/2026 06:30:11	CHILLAN	10301699	ECCOFEED SPA	Pendiente			BG	81	0	81	PSLY20/PWZH30/10536446
51088	07/09/2026 06:30:11	CHILLAN	10301699	ECCOFEED SPA	Pendiente			P5T	2	0	2	PSLY20/PWZH30/10536446
51092	07/09/2026 06:31:52	LO ESPEJO	10429055	PLANTA IDEAL	Pendiente			BG	672	0	672	10536462/00/00
51092	07/09/2026 06:31:52	LO ESPEJO	10429055	PLANTA IDEAL	Pendiente			P5T	8	0	8	10536462/00/00
51094	07/09/2026 07:16:07	CEDIS IDE QUILICURA	10032939	ARICA	Pendiente			BCH	17	0	17	1/1/HKOOB37737040
51094	07/09/2026 07:16:07	CEDIS IDE QUILICURA	10032939	ARICA	Pendiente			BG	922	0	922	1/1/HKOOB37737040
51094	07/09/2026 07:16:07	CEDIS IDE QUILICURA	10032939	ARICA	Pendiente			P5T	14	0	14	1/1/HKOOB37737040
51095	07/09/2026 07:19:28	RANCAGUA	10000032	PLANTA IDEAL	Receptado	10033115	07/09/2026 12:49:25	BG	200	200	0	CZYT-30/JH-3200/10536467
51095	07/09/2026 07:19:28	RANCAGUA	10000032	PLANTA IDEAL	Receptado	10033115	07/09/2026 12:49:25	P5T	15	15	0	CZYT-30/JH-3200/10536467
51096	07/09/2026 07:22:59	ANTOFAGASTA	10299402	PLANTA IDEAL	Pendiente			BG	676	0	676	HGKB33/X/10536468
51096	07/09/2026 07:22:59	ANTOFAGASTA	10299402	PLANTA IDEAL	Pendiente			P5T	7	0	7	HGKB33/X/10536468
51097	07/09/2026 07:23:13	RANCAGUA	10000032	ECCOFEED SPA	Pendiente			BG	17	0	17	CZYT-30/JH-3200/10536469
51097	07/09/2026 07:23:13	RANCAGUA	10000032	ECCOFEED SPA	Pendiente			P5T	1	0	1	CZYT-30/JH-3200/10536469
51099	07/09/2026 08:03:08	PUERTO MONTT	10001696	ECCOFEED SPA	Pendiente			BG	319	0	319	PGKD-17/PWZH-31/13058860-61
51099	07/09/2026 08:03:08	PUERTO MONTT	10001696	ECCOFEED SPA	Pendiente			P5T	6	0	6	PGKD-17/PWZH-31/13058860-61
51100	07/09/2026 08:09:02	CEDIS IDE QUILICURA	10032939	OSORNO	Pendiente			BCH	6	0	6	1/1/HKOOB37737026
51100	07/09/2026 08:09:02	CEDIS IDE QUILICURA	10032939	OSORNO	Pendiente			BG	1228	0	1228	1/1/HKOOB37737026
51100	07/09/2026 08:09:02	CEDIS IDE QUILICURA	10032939	OSORNO	Pendiente			P5T	23	0	23	1/1/HKOOB37737026
51101	07/09/2026 08:18:04	CEDIS IDE QUILICURA	10032939	ANTOFAGASTA	Pendiente			BCH	62	0	62	1/1/HKOOB37737030
51101	07/09/2026 08:18:04	CEDIS IDE QUILICURA	10032939	ANTOFAGASTA	Pendiente			BG	864	0	864	1/1/HKOOB37737030
51101	07/09/2026 08:18:04	CEDIS IDE QUILICURA	10032939	ANTOFAGASTA	Pendiente			P5T	15	0	15	1/1/HKOOB37737030
51102	07/09/2026 08:18:27	PLANTA CHILLAN	10000416	CEDIS IDE QUILICURA	Pendiente			BG	1440	0	1440	PSLY20/PWZH30/CGAX00044062
51102	07/09/2026 08:18:27	PLANTA CHILLAN	10000416	CEDIS IDE QUILICURA	Pendiente			P5T	24	0	24	PSLY20/PWZH30/CGAX00044062
51107	07/09/2026 10:10:20	CEDIS IDE QUILICURA	10032939	LA SERENA	Receptado	10354846	07/09/2026 17:53:09	BG	480	480	0	1/1/HKOOB37737096
51107	07/09/2026 10:10:20	CEDIS IDE QUILICURA	10032939	LA SERENA	Receptado	10354846	07/09/2026 17:53:09	P5T	8	8	0	1/1/HKOOB37737096
51112	07/09/2026 10:54:26	CEDIS IDE QUILICURA	10032939	LO ESPEJO	Pendiente			BG	732	0	732	1/1/HKOOB37737031
51112	07/09/2026 10:54:26	CEDIS IDE QUILICURA	10032939	LO ESPEJO	Pendiente			P5T	13	0	13	1/1/HKOOB37737031
51118	07/09/2026 12:34:21	CEDIS IDE QUILICURA	10032939	DISTRIBUIDOR CORCORAN	Pendiente			BG	345	0	345	1/1/CHKO384545
51119	07/09/2026 12:29:16	GRANDES CLIENTES	10000772	PLANTA IDEAL	Receptado	10033115	07/09/2026 13:47:19	BCH	600	600	0	PWVX27/PWVX27/10536488
51119	07/09/2026 12:29:16	GRANDES CLIENTES	10000772	PLANTA IDEAL	Receptado	10033115	07/09/2026 13:47:19	BG	840	840	0	PWVX27/PWVX27/10536488
51119	07/09/2026 12:29:16	GRANDES CLIENTES	10000772	PLANTA IDEAL	Receptado	10033115	07/09/2026 13:47:19	P5T	18	18	0	PWVX27/PWVX27/10536488
51120	07/09/2026 12:50:48	CEDIS IDE QUILICURA	10032939	GRANDES CLIENTES	Receptado	10119634	07/09/2026 17:05:46	BCH	1533	1533	0	1/1/CHKO384565
51120	07/09/2026 12:50:48	CEDIS IDE QUILICURA	10032939	GRANDES CLIENTES	Receptado	10119634	07/09/2026 17:05:46	BG	5227	5227	0	1/1/CHKO384565
51120	07/09/2026 12:50:48	CEDIS IDE QUILICURA	10032939	GRANDES CLIENTES	Receptado	10119634	07/09/2026 17:05:46	P5T	50	50	0	1/1/CHKO384565
51138	07/09/2026 16:00:02	PLANTA IDEAL	10001082	CEDIS IDE QUILICURA	Receptado	10161182	07/09/2026 17:46:43	BG	1096	1096	0	1/1/CHKL478552
51138	07/09/2026 16:00:02	PLANTA IDEAL	10001082	CEDIS IDE QUILICURA	Receptado	10161182	07/09/2026 17:46:43	P5T	18	18	0	1/1/CHKL478552
51143	07/09/2026 17:06:15	PLANTA IDEAL	10001082	CEDIS IDE QUILICURA	Receptado	10161182	07/09/2026 17:46:19	BG	1260	1260	0	1/1/CHKL478625
51143	07/09/2026 17:06:15	PLANTA IDEAL	10001082	CEDIS IDE QUILICURA	Receptado	10161182	07/09/2026 17:46:19	P5T	20	20	0	1/1/CHKL478625
51146	07/09/2026 17:40:50	CEDIS IDE QUILICURA	10161182	VIÑA DEL MAR	Pendiente			BCH	339	0	339	VSRP19/KYPH95/HKOOB37737038
51146	07/09/2026 17:40:50	CEDIS IDE QUILICURA	10161182	VIÑA DEL MAR	Pendiente			BG	794	0	794	VSRP19/KYPH95/HKOOB37737038
51146	07/09/2026 17:40:50	CEDIS IDE QUILICURA	10161182	VIÑA DEL MAR	Pendiente			P5T	19	0	19	VSRP19/KYPH95/HKOOB37737038
51150	07/09/2026 18:04:37	PLANTA IDEAL	10001082	CEDIS IDE QUILICURA	Pendiente			BG	1240	0	1240	1/1/CHKL478645
51150	07/09/2026 18:04:37	PLANTA IDEAL	10001082	CEDIS IDE QUILICURA	Pendiente			P5T	16	0	16	1/1/CHKL478645
49819	27/08/2026 04:09:51	PLANTA IDEAL	10033115	CEDIS IDE QUILICURA	Receptado	10032939	27/08/2026 04:34:32	BG	1212	1212	0	50/50/CHKL477644
49819	27/08/2026 04:09:51	PLANTA IDEAL	10033115	CEDIS IDE QUILICURA	Receptado	10032939	27/08/2026 04:34:32	P5T	19	19	0	50/50/CHKL477644
49822	27/08/2026 04:46:55	CEDIS IDE QUILICURA	10032939	SALON QUILICURA	Receptado	10000981	28/08/2026 10:59:56	BG	34	34	0	1/1/CHKO383888
49822	27/08/2026 04:46:55	CEDIS IDE QUILICURA	10032939	SALON QUILICURA	Receptado	10000981	28/08/2026 10:59:56	P5T	1	0	1	1/1/CHKO383888
50250	31/08/2026 08:54:04	CEDIS IDE QUILICURA	10033023	ARICA	Receptado	10154469	02/09/2026 23:38:25	BG	1371	1371	0	LCTB55/KDHP45/HKOOB37693505
50250	31/08/2026 08:54:04	CEDIS IDE QUILICURA	10033023	ARICA	Receptado	10154469	02/09/2026 23:38:25	P5T	21	21	0	LCTB55/KDHP45/HKOOB37693505
50461	01/09/2026 18:29:58	CEDIS IDE QUILICURA	10032939	TEMUCO	Receptado	10344423	02/09/2026 08:15:28	BCH	77	77	0	1/1/HKOOB37705109
50461	01/09/2026 18:29:58	CEDIS IDE QUILICURA	10032939	TEMUCO	Receptado	10344423	02/09/2026 08:15:28	BG	1213	1253	-40	1/1/HKOOB37705109
50461	01/09/2026 18:29:58	CEDIS IDE QUILICURA	10032939	TEMUCO	Receptado	10344423	02/09/2026 08:15:28	P5T	24	24	0	1/1/HKOOB37705109
50472	01/09/2026 19:54:21	CEDIS IDE QUILICURA	10032939	CONCEPCION	Receptado	10001026	02/09/2026 08:57:55	BCH	72	72	0	1/1/HKOOB37705118
50472	01/09/2026 19:54:21	CEDIS IDE QUILICURA	10032939	CONCEPCION	Receptado	10001026	02/09/2026 08:57:55	BG	1415	1415	0	1/1/HKOOB37705118
50472	01/09/2026 19:54:21	CEDIS IDE QUILICURA	10032939	CONCEPCION	Receptado	10001026	02/09/2026 08:57:55	P5T	24	24	0	1/1/HKOOB37705118
50473	01/09/2026 19:56:58	LO ESPEJO	10458156	ECCOFEED SPA	Receptado	10005088	04/09/2026 19:34:01	BG	360	360	0	IDEAL/IDEAL/IDEAL
50473	01/09/2026 19:56:58	LO ESPEJO	10458156	ECCOFEED SPA	Receptado	10005088	04/09/2026 19:34:01	P5T	6	6	0	IDEAL/IDEAL/IDEAL
50477	01/09/2026 20:24:27	GRANDES CLIENTES	10001302	PLANTA IDEAL	Receptado	10001082	01/09/2026 23:56:04	BCH	2	2	0	NO APLICA/NO APLICA/NO APLICA
50477	01/09/2026 20:24:27	GRANDES CLIENTES	10001302	PLANTA IDEAL	Receptado	10001082	01/09/2026 23:56:04	BG	2145	2145	0	NO APLICA/NO APLICA/NO APLICA
50477	01/09/2026 20:24:27	GRANDES CLIENTES	10001302	PLANTA IDEAL	Receptado	10001082	01/09/2026 23:56:04	P5T	3	3	0	NO APLICA/NO APLICA/NO APLICA
50483	01/09/2026 20:52:36	CEDIS IDE QUILICURA	10032939	VIÑA DEL MAR	Receptado	10001291	02/09/2026 02:16:59	BG	1383	1383	0	1/1/HKOOB37712668
50483	01/09/2026 20:52:36	CEDIS IDE QUILICURA	10032939	VIÑA DEL MAR	Receptado	10001291	02/09/2026 02:16:59	P5T	22	22	0	1/1/HKOOB37712668
50485	01/09/2026 20:57:24	PLANTA IDEAL	10033115	CEDIS IDE QUILICURA	Receptado	10032939	01/09/2026 21:20:47	BG	1056	1056	0	50/50/CHKL478196
50485	01/09/2026 20:57:24	PLANTA IDEAL	10033115	CEDIS IDE QUILICURA	Receptado	10032939	01/09/2026 21:20:47	P5T	16	16	0	50/50/CHKL478196
50518	02/09/2026 02:17:32	VIÑA DEL MAR	10001291	PLANTA IDEAL	Receptado	10001082	02/09/2026 04:43:23	BCH	200	200	0	hvjx-52/gabriel estay/10536199
50518	02/09/2026 02:17:32	VIÑA DEL MAR	10001291	PLANTA IDEAL	Receptado	10001082	02/09/2026 04:43:23	BG	1200	1200	0	hvjx-52/gabriel estay/10536199
50518	02/09/2026 02:17:32	VIÑA DEL MAR	10001291	PLANTA IDEAL	Receptado	10001082	02/09/2026 04:43:23	P5T	11	11	0	hvjx-52/gabriel estay/10536199
50522	02/09/2026 02:56:54	CEDIS IDE QUILICURA	10001100	RANCAGUA	Receptado	10000032	02/09/2026 09:22:03	BG	1188	1188	0	1/1/HKOOB37710044
50522	02/09/2026 02:56:54	CEDIS IDE QUILICURA	10001100	RANCAGUA	Receptado	10000032	02/09/2026 09:22:03	P5T	20	20	0	1/1/HKOOB37710044
50523	02/09/2026 03:11:52	PLANTA IDEAL	10001082	CEDIS IDE QUILICURA	Receptado	10001100	02/09/2026 04:19:10	BG	1320	1320	0	1/1/CHKL478199
50523	02/09/2026 03:11:52	PLANTA IDEAL	10001082	CEDIS IDE QUILICURA	Receptado	10001100	02/09/2026 04:19:10	P5T	10	10	0	1/1/CHKL478199
50524	02/09/2026 03:24:48	CEDIS IDE QUILICURA	10001100	LO ESPEJO	Receptado	10461749	03/09/2026 01:03:05	BG	1146	1146	0	1/1/HKOOB37713343
50524	02/09/2026 03:24:48	CEDIS IDE QUILICURA	10001100	LO ESPEJO	Receptado	10461749	03/09/2026 01:03:05	P5T	21	21	0	1/1/HKOOB37713343
50550	02/09/2026 07:47:05	MELIPILLA	10291937	ECCOFEED SPA	Receptado	10005088	04/09/2026 19:36:56	BG	124	124	0	CKXS60/-/12666922-23
50550	02/09/2026 07:47:05	MELIPILLA	10291937	ECCOFEED SPA	Receptado	10005088	04/09/2026 19:36:56	P5T	3	3	0	CKXS60/-/12666922-23
50551	02/09/2026 07:57:32	PLANTA IDEAL	10000427	CEDIS IDE QUILICURA	Receptado	10033023	02/09/2026 08:01:17	BG	844	844	0	DBLS 59/KYLZ 24/CHKL478215
50551	02/09/2026 07:57:32	PLANTA IDEAL	10000427	CEDIS IDE QUILICURA	Receptado	10033023	02/09/2026 08:01:17	P5T	12	12	0	DBLS 59/KYLZ 24/CHKL478215
50627	02/09/2026 20:31:02	CEDIS IDE QUILICURA	10032939	CHILLAN	Receptado	10301699	03/09/2026 09:56:15	BCH	36	36	0	1/1/HKOOB37710042
50627	02/09/2026 20:31:02	CEDIS IDE QUILICURA	10032939	CHILLAN	Receptado	10301699	03/09/2026 09:56:15	BG	1238	1120	118	1/1/HKOOB37710042
50627	02/09/2026 20:31:02	CEDIS IDE QUILICURA	10032939	CHILLAN	Receptado	10301699	03/09/2026 09:56:15	P5T	21	21	0	1/1/HKOOB37710042
50630	02/09/2026 20:35:42	PLANTA IDEAL	10033115	CEDIS IDE QUILICURA	Cancelado			BG	1040	0	1040	50/50/CHKL478288
50630	02/09/2026 20:35:42	PLANTA IDEAL	10033115	CEDIS IDE QUILICURA	Cancelado			P5T	17	0	17	50/50/CHKL478288
50636	02/09/2026 21:05:48	LO ESPEJO	10458156	PLANTA IDEAL	Receptado	10001082	03/09/2026 01:04:08	BG	1680	1680	0	IDEAL/IDEAL/IDEAL
50636	02/09/2026 21:05:48	LO ESPEJO	10458156	PLANTA IDEAL	Receptado	10001082	03/09/2026 01:04:08	P5T	18	18	0	IDEAL/IDEAL/IDEAL
50650	02/09/2026 22:29:33	PLANTA IDEAL	10033115	CEDIS IDE QUILICURA	Receptado	10032939	02/09/2026 22:48:54	BCH	500	500	0	49/49/CHKL478310
50650	02/09/2026 22:29:33	PLANTA IDEAL	10033115	CEDIS IDE QUILICURA	Receptado	10032939	02/09/2026 22:48:54	BG	768	768	0	49/49/CHKL478310
50650	02/09/2026 22:29:33	PLANTA IDEAL	10033115	CEDIS IDE QUILICURA	Receptado	10032939	02/09/2026 22:48:54	P5T	19	19	0	49/49/CHKL478310
51122	07/09/2026 13:14:33	PLANTA IDEAL	10033115	CEDIS IDE QUILICURA	Receptado	10032939	07/09/2026 13:35:38	BCH	900	900	0	50/50/CHKL478585
51122	07/09/2026 13:14:33	PLANTA IDEAL	10033115	CEDIS IDE QUILICURA	Receptado	10032939	07/09/2026 13:35:38	BG	456	456	0	50/50/CHKL478585
51122	07/09/2026 13:14:33	PLANTA IDEAL	10033115	CEDIS IDE QUILICURA	Receptado	10032939	07/09/2026 13:35:38	P5T	18	18	0	50/50/CHKL478585
49752	26/08/2026 14:59:01	LO ESPEJO	10458156	PLANTA IDEAL	Receptado	10000427	26/08/2026 19:45:38	BG	1848	1848	0	IDEAL/IDEAL/IDEAL
49752	26/08/2026 14:59:01	LO ESPEJO	10458156	PLANTA IDEAL	Receptado	10000427	26/08/2026 19:45:38	P5T	20	20	0	IDEAL/IDEAL/IDEAL
49817	27/08/2026 04:04:42	PLANTA IDEAL	10033115	CEDIS IDE QUILICURA	Receptado	10032939	27/08/2026 04:34:03	BG	1164	1164	0	50/50/CHKL477740
49817	27/08/2026 04:04:42	PLANTA IDEAL	10033115	CEDIS IDE QUILICURA	Receptado	10032939	27/08/2026 04:34:03	P5T	19	19	0	50/50/CHKL477740
49820	27/08/2026 04:13:32	CEDIS IDE QUILICURA	10032939	RANCAGUA	Receptado	10000032	27/08/2026 11:11:02	BCH	106	106	0	1/1/HKOOB37680062
49820	27/08/2026 04:13:32	CEDIS IDE QUILICURA	10032939	RANCAGUA	Receptado	10000032	27/08/2026 11:11:02	BG	1347	1347	0	1/1/HKOOB37680062
49820	27/08/2026 04:13:32	CEDIS IDE QUILICURA	10032939	RANCAGUA	Receptado	10000032	27/08/2026 11:11:02	P5T	18	18	0	1/1/HKOOB37680062
49823	27/08/2026 04:55:56	CEDIS IDE QUILICURA	10032939	SALON LO ESPEJO	Receptado	10000848	31/08/2026 12:52:22	BG	39	37	2	1/1/CHKO383889
49823	27/08/2026 04:55:56	CEDIS IDE QUILICURA	10032939	SALON LO ESPEJO	Receptado	10000848	31/08/2026 12:52:22	P5T	1	0	1	1/1/CHKO383889
49837	27/08/2026 06:19:19	CEDIS IDE QUILICURA	10032939	QUILICURA	Receptado	10397048	31/08/2026 08:50:20	BG	2482	2482	0	1/1/CHKO383886
49837	27/08/2026 06:19:19	CEDIS IDE QUILICURA	10032939	QUILICURA	Receptado	10397048	31/08/2026 08:50:20	P5T	50	50	0	1/1/CHKO383886
49841	27/08/2026 06:51:03	OSORNO	10001704	PLANTA CHILLAN	Receptado	10000416	28/08/2026 11:43:19	BG	750	741	9	LTGY82 /PWZH34/0
49841	27/08/2026 06:51:03	OSORNO	10001704	PLANTA CHILLAN	Receptado	10000416	28/08/2026 11:43:19	P5T	9	9	0	LTGY82 /PWZH34/0
49846	27/08/2026 07:25:24	LOS ANDES	10486010	PLANTA IDEAL	Receptado	10001082	27/08/2026 09:48:07	BG	496	496	0	VSRP-19/VSRP-19/10535802
49846	27/08/2026 07:25:24	LOS ANDES	10486010	PLANTA IDEAL	Receptado	10001082	27/08/2026 09:48:07	P5T	4	4	0	VSRP-19/VSRP-19/10535802
49852	27/08/2026 07:48:15	PUERTO MONTT	10001696	ECCOFEED SPA	Receptado	10487508	02/09/2026 10:38:35	BG	80	80	0	PJJV-11/PWXK-75/13056392-93
49852	27/08/2026 07:48:15	PUERTO MONTT	10001696	ECCOFEED SPA	Receptado	10487508	02/09/2026 10:38:35	P5T	2	2	0	PJJV-11/PWXK-75/13056392-93
49853	27/08/2026 07:54:55	LOS ANGELES	172705782	ECCOFEED SPA	Receptado	10487508	02/09/2026 10:32:02	BG	214	214	0	PJJV29/HGKF99/1
49853	27/08/2026 07:54:55	LOS ANGELES	172705782	ECCOFEED SPA	Receptado	10487508	02/09/2026 10:32:02	P5T	4	4	0	PJJV29/HGKF99/1
49857	27/08/2026 08:04:25	VALDIVIA	10421004	PLANTA CHILLAN	Receptado	10000416	27/08/2026 15:51:56	BCH	60	60	0	PFBS12/PFBS12/0
49857	27/08/2026 08:04:25	VALDIVIA	10421004	PLANTA CHILLAN	Receptado	10000416	27/08/2026 15:51:56	BG	1140	1024	116	PFBS12/PFBS12/0
49857	27/08/2026 08:04:25	VALDIVIA	10421004	PLANTA CHILLAN	Receptado	10000416	27/08/2026 15:51:56	P5T	14	14	0	PFBS12/PFBS12/0
49865	27/08/2026 09:01:17	MELIPILLA	10291937	PLANTA IDEAL	Receptado	10001082	27/08/2026 13:00:26	BCH	7	8	-1	JJ-4817/-/105355784
49865	27/08/2026 09:01:17	MELIPILLA	10291937	PLANTA IDEAL	Receptado	10001082	27/08/2026 13:00:26	BG	1009	1008	1	JJ-4817/-/105355784
49865	27/08/2026 09:01:17	MELIPILLA	10291937	PLANTA IDEAL	Receptado	10001082	27/08/2026 13:00:26	P5T	11	11	0	JJ-4817/-/105355784
49870	27/08/2026 09:09:18	PLANTA IDEAL	10001082	CEDIS IDE QUILICURA	Receptado	10001100	27/08/2026 13:35:52	BG	1187	1187	0	1/1/CHKL477751
49870	27/08/2026 09:09:18	PLANTA IDEAL	10001082	CEDIS IDE QUILICURA	Receptado	10001100	27/08/2026 13:35:52	P5T	19	19	0	1/1/CHKL477751
49888	27/08/2026 12:38:25	LA SERENA	10444394	QUILICURA	Receptado	10397048	31/08/2026 09:08:05	BG	33	33	0	HXGP47/LWWB80/11480283
49888	27/08/2026 12:38:25	LA SERENA	10444394	QUILICURA	Receptado	10397048	31/08/2026 09:08:05	P5T	1	0	1	HXGP47/LWWB80/11480283
49892	27/08/2026 13:00:37	LA SERENA	10444394	PLANTA IDEAL	Receptado	10000427	02/09/2026 10:50:29	BG	1312	1312	0	HXGP47/LWWB80/10535821
49892	27/08/2026 13:00:37	LA SERENA	10444394	PLANTA IDEAL	Receptado	10000427	02/09/2026 10:50:29	P5T	14	14	0	HXGP47/LWWB80/10535821
49895	27/08/2026 13:49:22	CEDIS IDE QUILICURA	10001100	GRANDES CLIENTES	Receptado	10001251	27/08/2026 22:27:04	BCH	390	390	0	1/1/1
49895	27/08/2026 13:49:22	CEDIS IDE QUILICURA	10001100	GRANDES CLIENTES	Receptado	10001251	27/08/2026 22:27:04	BG	5322	5322	0	1/1/1
49895	27/08/2026 13:49:22	CEDIS IDE QUILICURA	10001100	GRANDES CLIENTES	Receptado	10001251	27/08/2026 22:27:04	P5T	102	101	1	1/1/1
49976	28/08/2026 05:09:58	OSORNO	10001704	PLANTA CHILLAN	Receptado	10000416	28/08/2026 16:25:37	BG	278	278	0	PJJV10 /HGKF80/0
49976	28/08/2026 05:09:58	OSORNO	10001704	PLANTA CHILLAN	Receptado	10000416	28/08/2026 16:25:37	P5T	13	13	0	PJJV10 /HGKF80/0
49982	28/08/2026 05:44:08	PLANTA IDEAL	10033115	CEDIS IDE QUILICURA	Receptado	10032939	28/08/2026 06:28:37	BG	899	899	0	50/50/CHKL477818
49982	28/08/2026 05:44:08	PLANTA IDEAL	10033115	CEDIS IDE QUILICURA	Receptado	10032939	28/08/2026 06:28:37	P5T	16	16	0	50/50/CHKL477818
49984	28/08/2026 06:25:21	PLANTA IDEAL	10033115	CEDIS IDE QUILICURA	Receptado	10032939	28/08/2026 06:28:51	P5T	6	6	0	56/56/CHKL477851
49992	28/08/2026 08:00:10	TEMUCO	10344423	ECCOFEED SPA	Receptado	10487508	02/09/2026 10:34:16	BG	148	148	0	LTGY83 /PWZP18 /10535887
49992	28/08/2026 08:00:10	TEMUCO	10344423	ECCOFEED SPA	Receptado	10487508	02/09/2026 10:34:16	P5T	3	3	0	LTGY83 /PWZP18 /10535887
49999	28/08/2026 08:20:43	RANCAGUA	10000032	PLANTA IDEAL	Receptado	10001082	28/08/2026 11:12:30	BCH	15	15	0	DRPH-69/JJ-4819/10535890
49999	28/08/2026 08:20:43	RANCAGUA	10000032	PLANTA IDEAL	Receptado	10001082	28/08/2026 11:12:30	BG	1114	1104	10	DRPH-69/JJ-4819/10535890
49999	28/08/2026 08:20:43	RANCAGUA	10000032	PLANTA IDEAL	Receptado	10001082	28/08/2026 11:12:30	P5T	28	28	0	DRPH-69/JJ-4819/10535890
50005	28/08/2026 09:11:05	DISTRIBUIDOR CORCORAN	10487508	PLANTA IDEAL	Receptado	10487508	28/08/2026 09:23:53	BG	1680	1680	0	0/0/0
50005	28/08/2026 09:11:05	DISTRIBUIDOR CORCORAN	10487508	PLANTA IDEAL	Receptado	10487508	28/08/2026 09:23:53	P5T	14	14	0	0/0/0
50010	28/08/2026 09:40:06	PLANTA IDEAL	10001082	CEDIS IDE QUILICURA	Receptado	10001100	28/08/2026 13:57:44	BG	1272	1272	0	1/1/CHKL477761
50010	28/08/2026 09:40:06	PLANTA IDEAL	10001082	CEDIS IDE QUILICURA	Receptado	10001100	28/08/2026 13:57:44	P5T	19	19	0	1/1/CHKL477761
50036	28/08/2026 13:21:09	GRANDES CLIENTES	10001302	PLANTA IDEAL	Receptado	10033115	29/08/2026 03:22:01	BCH	400	400	0	JF4261/JF4261/10535943
50036	28/08/2026 13:21:09	GRANDES CLIENTES	10001302	PLANTA IDEAL	Receptado	10033115	29/08/2026 03:22:01	BG	840	840	0	JF4261/JF4261/10535943
50036	28/08/2026 13:21:09	GRANDES CLIENTES	10001302	PLANTA IDEAL	Receptado	10033115	29/08/2026 03:22:01	P5T	54	54	0	JF4261/JF4261/10535943
50037	28/08/2026 13:31:52	PLANTA IDEAL	10001082	CEDIS IDE QUILICURA	Receptado	10033023	28/08/2026 15:37:49	BCH	400	400	0	1/1/CHKL477854
50037	28/08/2026 13:31:52	PLANTA IDEAL	10001082	CEDIS IDE QUILICURA	Receptado	10033023	28/08/2026 15:37:49	BG	884	884	0	1/1/CHKL477854
50037	28/08/2026 13:31:52	PLANTA IDEAL	10001082	CEDIS IDE QUILICURA	Receptado	10033023	28/08/2026 15:37:49	P5T	18	18	0	1/1/CHKL477854
50046	28/08/2026 15:00:16	VIÑA DEL MAR	10001291	ECCOFEED SPA	Receptado	10487508	02/09/2026 10:08:34	BG	482	482	0	KDGT-92/64/12406816/17/18
50046	28/08/2026 15:00:16	VIÑA DEL MAR	10001291	ECCOFEED SPA	Receptado	10487508	02/09/2026 10:08:34	P5T	8	8	0	KDGT-92/64/12406816/17/18
50049	28/08/2026 15:14:05	GRANDES CLIENTES	10000772	PLANTA IDEAL	Receptado	10000427	28/08/2026 16:21:38	BG	1200	1200	0	JG4930/JG4930/10535946
50049	28/08/2026 15:14:05	GRANDES CLIENTES	10000772	PLANTA IDEAL	Receptado	10000427	28/08/2026 16:21:38	P5T	10	10	0	JG4930/JG4930/10535946
50053	28/08/2026 16:16:14	CEDIS IDE QUILICURA	10033023	PLANTA IDEAL	Receptado	10001082	31/08/2026 00:03:22	BG	1	1	0	,/,/CHKO383951
50058	28/08/2026 16:37:32	CEDIS IDE QUILICURA	10033023	TALCA	Receptado	10000096	29/08/2026 11:58:17	BCH	67	67	0	PFBS15/PWXK75/HKOOB37685611
50058	28/08/2026 16:37:32	CEDIS IDE QUILICURA	10033023	TALCA	Receptado	10000096	29/08/2026 11:58:17	BG	1181	1170	11	PFBS15/PWXK75/HKOOB37685611
50058	28/08/2026 16:37:32	CEDIS IDE QUILICURA	10033023	TALCA	Receptado	10000096	29/08/2026 11:58:17	P5T	17	17	0	PFBS15/PWXK75/HKOOB37685611
50184	29/08/2026 16:18:15	EL PINAR	10149777	ECCOFEED SPA	Receptado	10487508	02/09/2026 10:13:03	BG	7	7	0	ideal/ideal/12582720
50184	29/08/2026 16:18:15	EL PINAR	10149777	ECCOFEED SPA	Receptado	10487508	02/09/2026 10:13:03	P5T	1	1	0	ideal/ideal/12582720
50186	29/08/2026 16:31:08	TALCA	10395252	PLANTA IDEAL	Receptado	10001082	31/08/2026 02:40:11	BG	420	420	0	PFBS17/PWWC54/0
50186	29/08/2026 16:31:08	TALCA	10395252	PLANTA IDEAL	Receptado	10001082	31/08/2026 02:40:11	P5T	5	5	0	PFBS17/PWWC54/0
50302	31/08/2026 14:29:50	CEDIS IDE QUILICURA	10033023	GRANDES CLIENTES	Receptado	10119634	31/08/2026 16:55:40	BCH	644	644	0	,/,/CHKO384105
50302	31/08/2026 14:29:50	CEDIS IDE QUILICURA	10033023	GRANDES CLIENTES	Receptado	10119634	31/08/2026 16:55:40	BG	4027	4027	0	,/,/CHKO384105
50302	31/08/2026 14:29:50	CEDIS IDE QUILICURA	10033023	GRANDES CLIENTES	Receptado	10119634	31/08/2026 16:55:40	P5T	75	75	0	,/,/CHKO384105
50426	01/09/2026 10:29:41	IQUIQUE	10012419	PLANTA IDEAL	Receptado	10033115	02/09/2026 22:36:15	BG	996	996	0	PSLY-21/PTYJ-59/10536159
50426	01/09/2026 10:29:41	IQUIQUE	10012419	PLANTA IDEAL	Receptado	10033115	02/09/2026 22:36:15	P5T	39	39	0	PSLY-21/PTYJ-59/10536159
50441	01/09/2026 13:32:42	CEDIS IDE QUILICURA	10033023	IQUIQUE	Receptado	10012419	05/09/2026 09:55:53	BCH	10	10	0	VXHL82/PWZX26/HKOOB37707584
50441	01/09/2026 13:32:42	CEDIS IDE QUILICURA	10033023	IQUIQUE	Receptado	10012419	05/09/2026 09:55:53	BG	792	792	0	VXHL82/PWZX26/HKOOB37707584
50441	01/09/2026 13:32:42	CEDIS IDE QUILICURA	10033023	IQUIQUE	Receptado	10012419	05/09/2026 09:55:53	P5T	24	24	0	VXHL82/PWZX26/HKOOB37707584
50443	01/09/2026 14:47:02	VIÑA DEL MAR	10001841	PLANTA IDEAL	Receptado	10033115	01/09/2026 19:12:47	BCH	400	400	0	VRLZ40/KYPH95/10536170
50443	01/09/2026 14:47:02	VIÑA DEL MAR	10001841	PLANTA IDEAL	Receptado	10033115	01/09/2026 19:12:47	BG	1320	1320	0	VRLZ40/KYPH95/10536170
50443	01/09/2026 14:47:02	VIÑA DEL MAR	10001841	PLANTA IDEAL	Receptado	10033115	01/09/2026 19:12:47	P5T	20	20	0	VRLZ40/KYPH95/10536170
49755	26/08/2026 15:27:54	PLANTA CHILLAN	10000416	PLANTA IDEAL	Receptado	10033115	27/08/2026 03:56:20	BCH	916	916	0	LXHJ99/PWXK76/10535763
49755	26/08/2026 15:27:54	PLANTA CHILLAN	10000416	PLANTA IDEAL	Receptado	10033115	27/08/2026 03:56:20	BG	490	490	0	LXHJ99/PWXK76/10535763
49755	26/08/2026 15:27:54	PLANTA CHILLAN	10000416	PLANTA IDEAL	Receptado	10033115	27/08/2026 03:56:20	P5T	20	20	0	LXHJ99/PWXK76/10535763
49787	26/08/2026 20:23:19	PLANTA IDEAL	10000427	CEDIS IDE QUILICURA	Receptado	10033023	26/08/2026 21:11:14	BG	744	744	0	FYLB 83/KYLZ 24/CHKL477642
49787	26/08/2026 20:23:19	PLANTA IDEAL	10000427	CEDIS IDE QUILICURA	Receptado	10033023	26/08/2026 21:11:14	P5T	19	19	0	FYLB 83/KYLZ 24/CHKL477642
49788	26/08/2026 20:33:59	TALCA	10395252	PLANTA IDEAL	Receptado	10001082	27/08/2026 12:02:39	BCH	100	100	0	JTGY87/PXHK97/0
49788	26/08/2026 20:33:59	TALCA	10395252	PLANTA IDEAL	Receptado	10001082	27/08/2026 12:02:39	BG	1680	1744	-64	JTGY87/PXHK97/0
49788	26/08/2026 20:33:59	TALCA	10395252	PLANTA IDEAL	Receptado	10001082	27/08/2026 12:02:39	P5T	20	20	0	JTGY87/PXHK97/0
50573	02/09/2026 10:09:37	CEDIS IDE QUILICURA	10033023	OSORNO	Receptado	10001704	04/09/2026 06:27:20	BCH	40	40	0	PFBS12/PWZH30/HKOOB37710051
50573	02/09/2026 10:09:37	CEDIS IDE QUILICURA	10033023	OSORNO	Receptado	10001704	04/09/2026 06:27:20	BG	1036	1036	0	PFBS12/PWZH30/HKOOB37710051
50573	02/09/2026 10:09:37	CEDIS IDE QUILICURA	10033023	OSORNO	Receptado	10001704	04/09/2026 06:27:20	P5T	17	17	0	PFBS12/PWZH30/HKOOB37710051
50586	02/09/2026 12:31:39	PLANTA IDEAL	10000427	CEDIS IDE QUILICURA	Receptado	10033023	02/09/2026 13:20:08	BG	1188	1188	0	FYLB 83/KYLZ 25/CHKL478252
50586	02/09/2026 12:31:39	PLANTA IDEAL	10000427	CEDIS IDE QUILICURA	Receptado	10033023	02/09/2026 13:20:08	P5T	20	20	0	FYLB 83/KYLZ 25/CHKL478252
50576	02/09/2026 10:40:07	ECCOFEED SPA	10487508	PLANTA IDEAL	Receptado	10000427	02/09/2026 10:49:53	BG	6480	6480	0	0/0/0
50576	02/09/2026 10:40:07	ECCOFEED SPA	10487508	PLANTA IDEAL	Receptado	10000427	02/09/2026 10:49:53	P5T	54	54	0	0/0/0
51127	07/09/2026 13:24:47	PLANTA IDEAL	10033115	CEDIS IDE QUILICURA	Receptado	10032939	07/09/2026 13:42:37	BG	1139	1139	0	50/50/CHKL478550
51127	07/09/2026 13:24:47	PLANTA IDEAL	10033115	CEDIS IDE QUILICURA	Receptado	10032939	07/09/2026 13:42:37	P5T	16	16	0	50/50/CHKL478550
51128	07/09/2026 13:38:54	PLANTA IDEAL	10033115	CEDIS IDE QUILICURA	Receptado	10032939	07/09/2026 13:42:52	BG	940	940	0	50/50/CHKL478588
51128	07/09/2026 13:38:54	PLANTA IDEAL	10033115	CEDIS IDE QUILICURA	Receptado	10032939	07/09/2026 13:42:52	P5T	18	18	0	50/50/CHKL478588
49714	26/08/2026 08:52:58	PUERTO MONTT	10001696	ECCOFEED SPA	Receptado	10487508	02/09/2026 10:38:21	BG	166	166	0	LTGY-83/PWZP-18/13056067-69-70
49714	26/08/2026 08:52:58	PUERTO MONTT	10001696	ECCOFEED SPA	Receptado	10487508	02/09/2026 10:38:21	P5T	3	3	0	LTGY-83/PWZP-18/13056067-69-70
49715	26/08/2026 08:55:09	LA SERENA	10444394	PLANTA IDEAL	Receptado	10000427	26/08/2026 17:56:15	BG	1240	1369	-129	VRYT22 /PXPJ15 /10535746
49715	26/08/2026 08:55:09	LA SERENA	10444394	PLANTA IDEAL	Receptado	10000427	26/08/2026 17:56:15	P5T	12	13	-1	VRYT22 /PXPJ15 /10535746
49716	26/08/2026 09:07:15	LOS ANGELES	172705782	PLANTA CHILLAN	Receptado	10000416	26/08/2026 15:21:36	BG	768	768	0	LXHJ99/PWXK76/1
49716	26/08/2026 09:07:15	LOS ANGELES	172705782	PLANTA CHILLAN	Receptado	10000416	26/08/2026 15:21:36	P5T	6	6	0	LXHJ99/PWXK76/1
49717	26/08/2026 09:13:37	LOS ANGELES	172705782	ECCOFEED SPA	Receptado	10487508	02/09/2026 10:31:50	BG	144	144	0	LXHJ99/PWXK76/1
49717	26/08/2026 09:13:37	LOS ANGELES	172705782	ECCOFEED SPA	Receptado	10487508	02/09/2026 10:31:50	P5T	3	3	0	LXHJ99/PWXK76/1
49720	26/08/2026 09:21:33	PLANTA IDEAL	10001082	CEDIS IDE QUILICURA	Receptado	10001100	26/08/2026 12:54:19	BG	1128	1128	0	1/1/CHKL477560
49720	26/08/2026 09:21:33	PLANTA IDEAL	10001082	CEDIS IDE QUILICURA	Receptado	10001100	26/08/2026 12:54:19	P5T	17	17	0	1/1/CHKL477560
49779	26/08/2026 19:49:19	ANTOFAGASTA	10299402	CEDIS IDE QUILICURA	Receptado	10161182	29/08/2026 10:59:26	BG	2130	2130	0	PFBS16/KYLG77/10535779
49779	26/08/2026 19:49:19	ANTOFAGASTA	10299402	CEDIS IDE QUILICURA	Receptado	10161182	29/08/2026 10:59:26	P5T	24	24	0	PFBS16/KYLG77/10535779
49780	26/08/2026 19:50:11	GRANDES CLIENTES	10001302	PLANTA IDEAL	Receptado	10000427	26/08/2026 21:13:36	BCH	600	600	0	PWVX27/PWVX27/10535781
49780	26/08/2026 19:50:11	GRANDES CLIENTES	10001302	PLANTA IDEAL	Receptado	10000427	26/08/2026 21:13:36	BG	840	840	0	PWVX27/PWVX27/10535781
49780	26/08/2026 19:50:11	GRANDES CLIENTES	10001302	PLANTA IDEAL	Receptado	10000427	26/08/2026 21:13:36	P5T	57	57	0	PWVX27/PWVX27/10535781
49783	26/08/2026 20:15:04	LO ESPEJO	10450102	PLANTA IDEAL	Receptado	10000427	26/08/2026 21:53:17	BG	1680	1680	0	IDEAL/IDEAL/10535782
49783	26/08/2026 20:15:04	LO ESPEJO	10450102	PLANTA IDEAL	Receptado	10000427	26/08/2026 21:53:17	P5T	18	18	0	IDEAL/IDEAL/10535782
49784	26/08/2026 20:20:10	LO ESPEJO	10458156	ECCOFEED SPA	Receptado	10487508	27/08/2026 10:19:20	BG	420	420	0	IDEAL/IDEAL/IDEAL
49784	26/08/2026 20:20:10	LO ESPEJO	10458156	ECCOFEED SPA	Receptado	10487508	27/08/2026 10:19:20	P5T	7	7	0	IDEAL/IDEAL/IDEAL
49902	27/08/2026 16:35:31	GRANDES CLIENTES	10001302	PLANTA IDEAL	Receptado	10000427	27/08/2026 17:23:54	BG	1200	1200	0	JG4930/JG4930/10535852
49902	27/08/2026 16:35:31	GRANDES CLIENTES	10001302	PLANTA IDEAL	Receptado	10000427	27/08/2026 17:23:54	P5T	19	19	0	JG4930/JG4930/10535852
49904	27/08/2026 17:02:22	PLANTA CHILLAN	10000416	CEDIS IDE QUILICURA	Receptado	10001100	28/08/2026 13:36:12	BG	1440	1440	0	PJJV11/PWXK75/CGAX00043722
49904	27/08/2026 17:02:22	PLANTA CHILLAN	10000416	CEDIS IDE QUILICURA	Receptado	10001100	28/08/2026 13:36:12	P5T	24	24	0	PJJV11/PWXK75/CGAX00043722
49905	27/08/2026 16:51:09	GRANDES CLIENTES	10001302	PLANTA IDEAL	Receptado	10000427	27/08/2026 19:26:06	BG	1200	1320	-120	KYPH95/KYPH95/10535854
49905	27/08/2026 16:51:09	GRANDES CLIENTES	10001302	PLANTA IDEAL	Receptado	10000427	27/08/2026 19:26:06	P5T	64	65	-1	KYPH95/KYPH95/10535854
49907	27/08/2026 17:32:43	PLANTA IDEAL	10000427	CEDIS IDE QUILICURA	Receptado	10033023	27/08/2026 18:40:35	BG	974	974	0	DBLS 59/KYLZ 24/CHKL477813
49907	27/08/2026 17:32:43	PLANTA IDEAL	10000427	CEDIS IDE QUILICURA	Receptado	10033023	27/08/2026 18:40:35	P5T	19	19	0	DBLS 59/KYLZ 24/CHKL477813
49908	27/08/2026 17:38:19	CEDIS IDE QUILICURA	10033023	PLANTA IDEAL	Receptado	10001216	28/08/2026 14:18:54	BG	55	55	0	,/,/CHKO383644 
49908	27/08/2026 17:38:19	CEDIS IDE QUILICURA	10033023	PLANTA IDEAL	Receptado	10001216	28/08/2026 14:18:54	P5T	1	1	0	,/,/CHKO383644 
49913	27/08/2026 17:41:47	CEDIS IDE QUILICURA	10033023	PLANTA IDEAL	Receptado	10001216	28/08/2026 14:19:07	BG	14	14	0	,/,/CHKO383908
49913	27/08/2026 17:41:47	CEDIS IDE QUILICURA	10033023	PLANTA IDEAL	Receptado	10001216	28/08/2026 14:19:07	P5T	1	1	0	,/,/CHKO383908
49927	27/08/2026 20:32:38	PLANTA CHILLAN	10000416	CEDIS IDE QUILICURA	Receptado	10033023	28/08/2026 14:39:39	BG	1440	1440	0	LTGY82 /PWZH34/CGAX00043742
49927	27/08/2026 20:32:38	PLANTA CHILLAN	10000416	CEDIS IDE QUILICURA	Receptado	10033023	28/08/2026 14:39:39	P5T	24	24	0	LTGY82 /PWZH34/CGAX00043742
49929	27/08/2026 21:09:50	PLANTA IDEAL	10000427	CEDIS IDE QUILICURA	Receptado	10033023	27/08/2026 23:47:52	BG	1152	1152	0	DBLS 59/KYLZ 24/CHKL477755
49929	27/08/2026 21:09:50	PLANTA IDEAL	10000427	CEDIS IDE QUILICURA	Receptado	10033023	27/08/2026 23:47:52	P5T	19	19	0	DBLS 59/KYLZ 24/CHKL477755
49930	27/08/2026 21:15:38	LO ESPEJO	10458156	ECCOFEED SPA	Receptado	10487508	02/09/2026 10:10:44	BG	400	400	0	IDEAL/IDEAL/IDEAL
49930	27/08/2026 21:15:38	LO ESPEJO	10458156	ECCOFEED SPA	Receptado	10487508	02/09/2026 10:10:44	P5T	7	7	0	IDEAL/IDEAL/IDEAL
49932	27/08/2026 21:23:16	GRANDES CLIENTES	10143848	PLANTA IDEAL	Receptado	10033115	28/08/2026 00:38:41	BG	1320	1320	0	0/0/10535866
49932	27/08/2026 21:23:16	GRANDES CLIENTES	10143848	PLANTA IDEAL	Receptado	10033115	28/08/2026 00:38:41	P5T	11	11	0	0/0/10535866
49936	27/08/2026 21:48:40	QUILICURA	101196341	GRANDES CLIENTES	Receptado	101196341	27/08/2026 21:49:25	BG	960	960	0	0/0/0
49936	27/08/2026 21:48:40	QUILICURA	101196341	GRANDES CLIENTES	Receptado	101196341	27/08/2026 21:49:25	P5T	8	8	0	0/0/0
49938	27/08/2026 21:53:39	CEDIS IDE QUILICURA	10033023	CONCEPCION	Receptado	10001026	28/08/2026 09:42:02	BG	1423	1423	0	 VJWL64 /PXKH32/HKOOB37680061
49938	27/08/2026 21:53:39	CEDIS IDE QUILICURA	10033023	CONCEPCION	Receptado	10001026	28/08/2026 09:42:02	P5T	26	26	0	 VJWL64 /PXKH32/HKOOB37680061
49943	27/08/2026 22:14:37	QUILICURA	10001353	ECCOFEED SPA	Receptado	10487508	02/09/2026 10:10:58	BG	235	235	0	nn/nn/nn
49943	27/08/2026 22:14:37	QUILICURA	10001353	ECCOFEED SPA	Receptado	10487508	02/09/2026 10:10:58	P5T	4	4	0	nn/nn/nn
49958	28/08/2026 01:49:10	LO ESPEJO	10461749	PLANTA IDEAL	Receptado	10033115	28/08/2026 06:44:08	BG	1848	1848	0	001/001/10535876
49958	28/08/2026 01:49:10	LO ESPEJO	10461749	PLANTA IDEAL	Receptado	10033115	28/08/2026 06:44:08	P5T	22	22	0	001/001/10535876
49960	28/08/2026 01:54:33	PLANTA IDEAL	10033115	CEDIS IDE QUILICURA	Receptado	10032939	28/08/2026 03:02:56	BG	924	924	0	50/50/CHKL477847
49960	28/08/2026 01:54:33	PLANTA IDEAL	10033115	CEDIS IDE QUILICURA	Receptado	10032939	28/08/2026 03:02:56	P5T	17	17	0	50/50/CHKL477847
49988	28/08/2026 07:40:41	CHILLAN	10301699	PLANTA CHILLAN	Receptado	10000416	28/08/2026 11:46:17	BG	840	840	0	PSLY27/PWZP9/10535864
49988	28/08/2026 07:40:41	CHILLAN	10301699	PLANTA CHILLAN	Receptado	10000416	28/08/2026 11:46:17	P5T	9	9	0	PSLY27/PWZP9/10535864
49994	28/08/2026 08:05:03	CONCEPCION	10001026	PLANTA IDEAL	Receptado	10001082	29/08/2026 12:38:05	BCH	95	95	0	PGKD-18/PWZP-17/10535889
49994	28/08/2026 08:05:03	CONCEPCION	10001026	PLANTA IDEAL	Receptado	10001082	29/08/2026 12:38:05	BG	1812	1812	0	PGKD-18/PWZP-17/10535889
49994	28/08/2026 08:05:03	CONCEPCION	10001026	PLANTA IDEAL	Receptado	10001082	29/08/2026 12:38:05	P5T	21	21	0	PGKD-18/PWZP-17/10535889
50004	28/08/2026 08:56:29	PLANTA IDEAL	10001082	CEDIS IDE QUILICURA	Receptado	10001100	28/08/2026 13:57:30	BG	1124	1124	0	1/1/CHKL477793
50004	28/08/2026 08:56:29	PLANTA IDEAL	10001082	CEDIS IDE QUILICURA	Receptado	10001100	28/08/2026 13:57:30	P5T	17	17	0	1/1/CHKL477793
50009	28/08/2026 09:42:34	PUERTO MONTT	10001696	PLANTA CHILLAN	Receptado	10000416	28/08/2026 21:12:01	BG	960	960	0	PGBY-32/PXHK-91/10535897
50009	28/08/2026 09:42:34	PUERTO MONTT	10001696	PLANTA CHILLAN	Receptado	10000416	28/08/2026 21:12:01	P5T	38	38	0	PGBY-32/PXHK-91/10535897
50013	28/08/2026 10:04:40	CEDIS IDE QUILICURA	10001100	LA SERENA	Receptado	10444394	31/08/2026 10:37:00	BG	141	141	0	1/1/HKOOB37685619
50013	28/08/2026 10:04:40	CEDIS IDE QUILICURA	10001100	LA SERENA	Receptado	10444394	31/08/2026 10:37:00	P5T	3	3	0	1/1/HKOOB37685619
50020	28/08/2026 11:20:56	CEDIS IDE QUILICURA	10001100	ANTOFAGASTA	Receptado	10299402	31/08/2026 20:31:01	BG	738	738	0	1/1/HKOOB37685630
50020	28/08/2026 11:20:56	CEDIS IDE QUILICURA	10001100	ANTOFAGASTA	Receptado	10299402	31/08/2026 20:31:01	P5T	11	11	0	1/1/HKOOB37685630
50162	29/08/2026 11:04:35	PLANTA IDEAL	10001082	CEDIS IDE QUILICURA	Receptado	10033023	29/08/2026 14:09:55	BG	1212	1212	0	1/1/CHKL477988
50162	29/08/2026 11:04:35	PLANTA IDEAL	10001082	CEDIS IDE QUILICURA	Receptado	10033023	29/08/2026 14:09:55	P5T	21	21	0	1/1/CHKL477988
50187	29/08/2026 16:57:08	CEDIS IDE QUILICURA	10033023	SAN FERNANDO	Receptado	10004891	03/09/2026 08:08:24	BCH	4	4	0	FHDT82/JJ4817/HKOOB37691154
50187	29/08/2026 16:57:08	CEDIS IDE QUILICURA	10033023	SAN FERNANDO	Receptado	10004891	03/09/2026 08:08:24	BG	1162	1162	0	FHDT82/JJ4817/HKOOB37691154
50187	29/08/2026 16:57:08	CEDIS IDE QUILICURA	10033023	SAN FERNANDO	Receptado	10004891	03/09/2026 08:08:24	P5T	21	21	0	FHDT82/JJ4817/HKOOB37691154
50288	31/08/2026 12:48:23	SALON CEDIS	10000848-1	QUILICURA	Receptado	101196341	31/08/2026 17:16:55	BG	31	31	0	0/0/0
50294	31/08/2026 13:12:31	PLANTA IDEAL	10000427	CEDIS IDE QUILICURA	Receptado	10033023	31/08/2026 13:22:01	BG	1159	1159	0	FYLB 83/KYLZ 25/CHKL478130
50294	31/08/2026 13:12:31	PLANTA IDEAL	10000427	CEDIS IDE QUILICURA	Receptado	10033023	31/08/2026 13:22:01	P5T	21	21	0	FYLB 83/KYLZ 25/CHKL478130
50297	31/08/2026 13:33:51	PLANTA IDEAL	10000427	CEDIS IDE QUILICURA	Receptado	10033023	31/08/2026 13:46:19	BG	940	940	0	FYLB 83/KYLZ 25/CHKL478165
50297	31/08/2026 13:33:51	PLANTA IDEAL	10000427	CEDIS IDE QUILICURA	Receptado	10033023	31/08/2026 13:46:19	P5T	15	15	0	FYLB 83/KYLZ 25/CHKL478165
49757	26/08/2026 16:11:41	PLANTA IDEAL	10000427	CEDIS IDE QUILICURA	Receptado	10033023	26/08/2026 16:33:34	P5T	4	4	0	PGBY 32/PXJF 25/CHKL477640
49790	26/08/2026 20:57:50	PLANTA IDEAL	10000427	CEDIS IDE QUILICURA	Receptado	10033023	26/08/2026 21:10:58	BG	1056	1056	0	FYLB 83/KYLZ 24/CHKL477737
49790	26/08/2026 20:57:50	PLANTA IDEAL	10000427	CEDIS IDE QUILICURA	Receptado	10033023	26/08/2026 21:10:58	P5T	19	19	0	FYLB 83/KYLZ 24/CHKL477737
49792	26/08/2026 21:19:19	CEDIS IDE QUILICURA	10033023	CONCEPCION	Receptado	10001026	27/08/2026 08:00:11	BG	1530	1530	0	 VJWL64 /PXKH32/HKOOB37675833
49792	26/08/2026 21:19:19	CEDIS IDE QUILICURA	10033023	CONCEPCION	Receptado	10001026	27/08/2026 08:00:11	P5T	27	27	0	 VJWL64 /PXKH32/HKOOB37675833
49797	26/08/2026 22:22:11	CEDIS IDE QUILICURA	10000980	GRANDES CLIENTES	Receptado	10001251	27/08/2026 02:44:29	BCH	3950	3950	0	0/0/CHKO383640
49797	26/08/2026 22:22:11	CEDIS IDE QUILICURA	10000980	GRANDES CLIENTES	Receptado	10001251	27/08/2026 02:44:29	BG	362	362	0	0/0/CHKO383640
49797	26/08/2026 22:22:11	CEDIS IDE QUILICURA	10000980	GRANDES CLIENTES	Receptado	10001251	27/08/2026 02:44:29	P5T	81	81	0	0/0/CHKO383640
49798	26/08/2026 22:28:03	VIÑA DEL MAR	10000599	PLANTA IDEAL	Receptado	10033115	27/08/2026 03:56:48	BG	1860	1860	0	499-64/499-64/10535790
49798	26/08/2026 22:28:03	VIÑA DEL MAR	10000599	PLANTA IDEAL	Receptado	10033115	27/08/2026 03:56:48	BCH	293	293	0	499-64/499-64/10535790
49798	26/08/2026 22:28:03	VIÑA DEL MAR	10000599	PLANTA IDEAL	Receptado	10033115	27/08/2026 03:56:48	P5T	39	39	0	499-64/499-64/10535790
49862	27/08/2026 08:50:39	LO ESPEJO	10461749	PLANTA IDEAL	Receptado	10001216	28/08/2026 14:17:32	P5T	91	91	0	001/001/10535811
49863	27/08/2026 08:51:21	IQUIQUE	10012419	ECCOFEED SPA	Receptado	10487508	02/09/2026 09:51:18	BG	178	178	0	PSLY-22/HGKY-40/8420207
49863	27/08/2026 08:51:21	IQUIQUE	10012419	ECCOFEED SPA	Receptado	10487508	02/09/2026 09:51:18	P5T	4	4	0	PSLY-22/HGKY-40/8420207
49880	27/08/2026 11:07:48	ECCOFEED SPA	10487508	PLANTA IDEAL	Receptado	10487508	27/08/2026 11:30:29	BCH	7	7	0	0/0/0
49880	27/08/2026 11:07:48	ECCOFEED SPA	10487508	PLANTA IDEAL	Receptado	10487508	27/08/2026 11:30:29	BG	19673	19673	0	0/0/0
49880	27/08/2026 11:07:48	ECCOFEED SPA	10487508	PLANTA IDEAL	Receptado	10487508	27/08/2026 11:30:29	P5T	446	446	0	0/0/0
49885	27/08/2026 12:10:55	CEDIS IDE QUILICURA	10001100	VALDIVIA	Receptado	10421004	28/08/2026 08:09:42	BCH	23	23	0	1/1/HKOOB37680782
49885	27/08/2026 12:10:55	CEDIS IDE QUILICURA	10001100	VALDIVIA	Receptado	10421004	28/08/2026 08:09:42	BG	1272	1272	0	1/1/HKOOB37680782
49885	27/08/2026 12:10:55	CEDIS IDE QUILICURA	10001100	VALDIVIA	Receptado	10421004	28/08/2026 08:09:42	P5T	19	19	0	1/1/HKOOB37680782
49953	28/08/2026 00:39:14	CEDIS IDE QUILICURA	10033023	TEMUCO	Receptado	10344423	02/09/2026 10:20:11	BG	694	694	0	1/1/HKOOB37685595
49953	28/08/2026 00:39:14	CEDIS IDE QUILICURA	10033023	TEMUCO	Receptado	10344423	02/09/2026 10:20:11	P5T	12	12	0	1/1/HKOOB37685595
49955	28/08/2026 00:56:07	PLANTA IDEAL	10033115	CEDIS IDE QUILICURA	Receptado	10032939	28/08/2026 03:02:04	BG	1068	1068	0	50/50/CHKL477816
49955	28/08/2026 00:56:07	PLANTA IDEAL	10033115	CEDIS IDE QUILICURA	Receptado	10032939	28/08/2026 03:02:04	P5T	17	17	0	50/50/CHKL477816
49972	28/08/2026 04:47:32	VIÑA DEL MAR	10450104	PLANTA IDEAL	Receptado	10001082	28/08/2026 07:38:57	BG	1440	1440	0	STJR25/PXJD32/10535878
49972	28/08/2026 04:47:32	VIÑA DEL MAR	10450104	PLANTA IDEAL	Receptado	10001082	28/08/2026 07:38:57	P5T	12	12	0	STJR25/PXJD32/10535878
49973	28/08/2026 04:50:38	CEDIS IDE QUILICURA	10032939	RANCAGUA	Receptado	10000032	28/08/2026 10:55:31	BG	1133	1133	0	1/1/HKOOB37685608
49973	28/08/2026 04:50:38	CEDIS IDE QUILICURA	10032939	RANCAGUA	Receptado	10000032	28/08/2026 10:55:31	P5T	22	22	0	1/1/HKOOB37685608
49985	28/08/2026 07:16:25	ANTOFAGASTA	10299402	PLANTA IDEAL	Receptado	10033115	29/08/2026 05:24:36	BCH	225	225	0	PFBS17/X/10535881
49985	28/08/2026 07:16:25	ANTOFAGASTA	10299402	PLANTA IDEAL	Receptado	10033115	29/08/2026 05:24:36	BG	2004	2004	0	PFBS17/X/10535881
49985	28/08/2026 07:16:25	ANTOFAGASTA	10299402	PLANTA IDEAL	Receptado	10033115	29/08/2026 05:24:36	P5T	27	27	0	PFBS17/X/10535881
49986	28/08/2026 07:16:50	TALCA	10000096	ECCOFEED SPA	Receptado	10487508	02/09/2026 10:26:34	BG	231	231	0	LZRG 89/PXJF 26/0
49986	28/08/2026 07:16:50	TALCA	10000096	ECCOFEED SPA	Receptado	10487508	02/09/2026 10:26:34	P5T	4	4	0	LZRG 89/PXJF 26/0
49998	28/08/2026 08:11:54	MELIPILLA	10291937	ECCOFEED SPA	Receptado	10487508	02/09/2026 10:36:58	BG	118	118	0	 PXJD-33/-/12665756-57-58
49998	28/08/2026 08:11:54	MELIPILLA	10291937	ECCOFEED SPA	Receptado	10487508	02/09/2026 10:36:58	P5T	3	3	0	 PXJD-33/-/12665756-57-58
50001	28/08/2026 08:27:15	RANCAGUA	10000032	ECCOFEED SPA	Receptado	10487508	02/09/2026 10:15:33	BG	206	206	0	DRPH-69/JJ-4819/10535891
50001	28/08/2026 08:27:15	RANCAGUA	10000032	ECCOFEED SPA	Receptado	10487508	02/09/2026 10:15:33	P5T	4	4	0	DRPH-69/JJ-4819/10535891
50007	28/08/2026 09:26:14	PUERTO MONTT	10001696	ECCOFEED SPA	Receptado	10487508	02/09/2026 10:38:48	BG	94	94	0	PGBY-32/PXHK-91/13056687-88-89
50007	28/08/2026 09:26:14	PUERTO MONTT	10001696	ECCOFEED SPA	Receptado	10487508	02/09/2026 10:38:48	P5T	2	2	0	PGBY-32/PXHK-91/13056687-88-89
50011	28/08/2026 09:57:05	CEDIS IDE QUILICURA	10001100	LA SERENA	Receptado	10444394	31/08/2026 10:36:22	BG	554	554	0	1/1/HKOOB37685619
50011	28/08/2026 09:57:05	CEDIS IDE QUILICURA	10001100	LA SERENA	Receptado	10444394	31/08/2026 10:36:22	P5T	13	13	0	1/1/HKOOB37685619
50029	28/08/2026 12:27:23	CEDIS IDE QUILICURA	10001100	COPIAPO	Receptado	10405300	29/08/2026 06:54:29	BG	928	928	0	1/1/HKOOB37685613
50029	28/08/2026 12:27:23	CEDIS IDE QUILICURA	10001100	COPIAPO	Receptado	10405300	29/08/2026 06:54:29	P5T	18	18	0	1/1/HKOOB37685613
50030	28/08/2026 12:28:51	CEDIS IDE QUILICURA	10001100	TEMUCO	Receptado	10344423	29/08/2026 07:42:21	BCH	16	16	0	1/1/HKOOB37685592
50030	28/08/2026 12:28:51	CEDIS IDE QUILICURA	10001100	TEMUCO	Receptado	10344423	29/08/2026 07:42:21	BG	1511	1511	0	1/1/HKOOB37685592
50030	28/08/2026 12:28:51	CEDIS IDE QUILICURA	10001100	TEMUCO	Receptado	10344423	29/08/2026 07:42:21	P5T	23	23	0	1/1/HKOOB37685592
50033	28/08/2026 12:53:35	CEDIS IDE QUILICURA	10001100	TEMUCO	Receptado	10344423	29/08/2026 07:51:33	BCH	12	12	0	1/1/HKOOB37685594
50033	28/08/2026 12:53:35	CEDIS IDE QUILICURA	10001100	TEMUCO	Receptado	10344423	29/08/2026 07:51:33	BG	1053	1053	0	1/1/HKOOB37685594
50033	28/08/2026 12:53:35	CEDIS IDE QUILICURA	10001100	TEMUCO	Receptado	10344423	29/08/2026 07:51:33	P5T	20	20	0	1/1/HKOOB37685594
50202	29/08/2026 20:38:29	CEDIS IDE QUILICURA	10033023	RANCAGUA	Receptado	10000032	31/08/2026 09:33:39	BCH	57	57	0	DRPH69/JJ4819/HKOOB37693501
50202	29/08/2026 20:38:29	CEDIS IDE QUILICURA	10033023	RANCAGUA	Receptado	10000032	31/08/2026 09:33:39	BG	1165	1165	0	DRPH69/JJ4819/HKOOB37693501
50202	29/08/2026 20:38:29	CEDIS IDE QUILICURA	10033023	RANCAGUA	Receptado	10000032	31/08/2026 09:33:39	P5T	22	22	0	DRPH69/JJ4819/HKOOB37693501
50203	29/08/2026 20:58:32	PLANTA IDEAL	10000427	CEDIS IDE QUILICURA	Receptado	10032939	29/08/2026 22:21:30	BG	864	864	0	FYLB 83/KYLZ 25/CHKL477934
50203	29/08/2026 20:58:32	PLANTA IDEAL	10000427	CEDIS IDE QUILICURA	Receptado	10032939	29/08/2026 22:21:30	P5T	22	22	0	FYLB 83/KYLZ 25/CHKL477934
50525	02/09/2026 03:36:19	CEDIS IDE QUILICURA	10001100	EL PINAR	Receptado	10300015	02/09/2026 10:25:32	BG	754	754	0	1/1/HKOOB37707588
50525	02/09/2026 03:36:19	CEDIS IDE QUILICURA	10001100	EL PINAR	Receptado	10300015	02/09/2026 10:25:32	P5T	14	14	0	1/1/HKOOB37707588
49719	26/08/2026 09:25:28	CEDIS IDE QUILICURA	10001100	COPIAPO	Receptado	10405300	27/08/2026 08:43:32	BG	30	30	0	1/1/CHKO383628
49724	26/08/2026 10:11:07	CEDIS IDE QUILICURA	10001100	VIÑA DEL MAR	Receptado	10001841	26/08/2026 18:40:05	BCH	300	300	0	1/1/HKOOB37676182
49724	26/08/2026 10:11:07	CEDIS IDE QUILICURA	10001100	VIÑA DEL MAR	Receptado	10001841	26/08/2026 18:40:05	BG	900	900	0	1/1/HKOOB37676182
49724	26/08/2026 10:11:07	CEDIS IDE QUILICURA	10001100	VIÑA DEL MAR	Receptado	10001841	26/08/2026 18:40:05	P5T	17	17	0	1/1/HKOOB37676182
49728	26/08/2026 10:44:04	CEDIS IDE QUILICURA	10001100	TEMUCO	Receptado	10344423	27/08/2026 07:24:18	BCH	42	42	0	1/1/HKOOB37675850
49728	26/08/2026 10:44:04	CEDIS IDE QUILICURA	10001100	TEMUCO	Receptado	10344423	27/08/2026 07:24:18	BG	1062	1062	0	1/1/HKOOB37675850
49728	26/08/2026 10:44:04	CEDIS IDE QUILICURA	10001100	TEMUCO	Receptado	10344423	27/08/2026 07:24:18	P5T	19	19	0	1/1/HKOOB37675850
49738	26/08/2026 11:49:58	PLANTA IDEAL	10001082	CEDIS IDE QUILICURA	Receptado	10001100	26/08/2026 12:56:35	P5T	16	16	0	1/1/CHKL477563
49810	27/08/2026 02:43:26	CEDIS IDE QUILICURA	10032939	VIÑA DEL MAR	Receptado	10001841	27/08/2026 10:56:14	BG	1190	966	224	1/1/HKOOB37676185
49810	27/08/2026 02:43:26	CEDIS IDE QUILICURA	10032939	VIÑA DEL MAR	Receptado	10001841	27/08/2026 10:56:14	P5T	19	19	0	1/1/HKOOB37676185
50110	29/08/2026 03:31:05	PLANTA IDEAL	10033115	CEDIS IDE QUILICURA	Receptado	10032939	29/08/2026 04:25:09	BCH	700	700	0	50/50/CHKL477824
50110	29/08/2026 03:31:05	PLANTA IDEAL	10033115	CEDIS IDE QUILICURA	Receptado	10032939	29/08/2026 04:25:09	BG	852	852	0	50/50/CHKL477824
50110	29/08/2026 03:31:05	PLANTA IDEAL	10033115	CEDIS IDE QUILICURA	Receptado	10032939	29/08/2026 04:25:09	P5T	20	20	0	50/50/CHKL477824
50113	29/08/2026 03:36:07	PLANTA IDEAL	10033115	CEDIS IDE QUILICURA	Receptado	10032939	29/08/2026 04:25:52	BG	720	720	0	50/50/CHKL477966
50113	29/08/2026 03:36:07	PLANTA IDEAL	10033115	CEDIS IDE QUILICURA	Receptado	10032939	29/08/2026 04:25:52	P5T	10	10	0	50/50/CHKL477966
50116	29/08/2026 03:39:49	PLANTA IDEAL	10033115	CEDIS IDE QUILICURA	Receptado	10032939	29/08/2026 04:26:36	BCH	242	242	0	50/50/CHKL477927
50116	29/08/2026 03:39:49	PLANTA IDEAL	10033115	CEDIS IDE QUILICURA	Receptado	10032939	29/08/2026 04:26:36	BG	935	935	0	50/50/CHKL477927
50116	29/08/2026 03:39:49	PLANTA IDEAL	10033115	CEDIS IDE QUILICURA	Receptado	10032939	29/08/2026 04:26:36	P5T	17	17	0	50/50/CHKL477927
50199	29/08/2026 20:09:16	CEDIS IDE QUILICURA	10033023	GRANDES CLIENTES	Receptado	10001251	31/08/2026 04:38:30	BG	67	67	0	,/,/CHKO383858
50199	29/08/2026 20:09:16	CEDIS IDE QUILICURA	10033023	GRANDES CLIENTES	Receptado	10001251	31/08/2026 04:38:30	P5T	3	3	0	,/,/CHKO383858
50200	29/08/2026 20:14:39	CEDIS IDE QUILICURA	10033023	CONCEPCION	Receptado	10001026	31/08/2026 08:18:09	BCH	176	176	0	 VJWL64 /PXKH32/HKOOB37691158
50200	29/08/2026 20:14:39	CEDIS IDE QUILICURA	10033023	CONCEPCION	Receptado	10001026	31/08/2026 08:18:09	BG	1469	1469	0	 VJWL64 /PXKH32/HKOOB37691158
50200	29/08/2026 20:14:39	CEDIS IDE QUILICURA	10033023	CONCEPCION	Receptado	10001026	31/08/2026 08:18:09	P5T	31	31	0	 VJWL64 /PXKH32/HKOOB37691158
50201	29/08/2026 20:37:24	PLANTA IDEAL	10000427	CEDIS IDE QUILICURA	Receptado	10033023	29/08/2026 20:48:32	BG	1247	1247	0	FYLB 83/KYLZ 25/CHKL477990
50201	29/08/2026 20:37:24	PLANTA IDEAL	10000427	CEDIS IDE QUILICURA	Receptado	10033023	29/08/2026 20:48:32	P5T	22	22	0	FYLB 83/KYLZ 25/CHKL477990
50367	01/09/2026 04:05:34	CEDIS IDE QUILICURA	10001100	LOS ANDES	Receptado	10486010	05/09/2026 07:30:10	BG	853	840	13	1/1/HKOOB37705121
50367	01/09/2026 04:05:34	CEDIS IDE QUILICURA	10001100	LOS ANDES	Receptado	10486010	05/09/2026 07:30:10	P5T	18	18	0	1/1/HKOOB37705121
50393	01/09/2026 07:45:13	VALDIVIA	10421004	ECCOFEED SPA	Receptado	10487508	05/09/2026 11:54:10	BG	176	176	0	LTGY82/PWZH31/10536141
50393	01/09/2026 07:45:13	VALDIVIA	10421004	ECCOFEED SPA	Receptado	10487508	05/09/2026 11:54:10	P5T	3	3	0	LTGY82/PWZH31/10536141
50408	01/09/2026 08:59:17	TALCA	10000096	ECCOFEED SPA	Cancelado			BG	216	0	216	PFBS 11/PXJF 25/0
50408	01/09/2026 08:59:17	TALCA	10000096	ECCOFEED SPA	Cancelado			P5T	4	0	4	PFBS 11/PXJF 25/0
50409	01/09/2026 08:58:56	LOS ANGELES	172705782	PLANTA CHILLAN	Receptado	10000416	01/09/2026 10:16:42	BG	1024	1024	0	LTYG83/PTYJ59/1
50409	01/09/2026 08:58:56	LOS ANGELES	172705782	PLANTA CHILLAN	Receptado	10000416	01/09/2026 10:16:42	P5T	21	21	0	LTYG83/PTYJ59/1
50410	01/09/2026 09:00:55	LOS ANGELES	172705782	ECCOFEED SPA	Receptado	10487508	05/09/2026 11:51:59	BG	192	192	0	LTYG83/PTYJ59/1
50410	01/09/2026 09:00:55	LOS ANGELES	172705782	ECCOFEED SPA	Receptado	10487508	05/09/2026 11:51:59	P5T	4	4	0	LTYG83/PTYJ59/1
50429	01/09/2026 11:13:24	CEDIS IDE QUILICURA	10033023	LO ESPEJO	Receptado	10461749	02/09/2026 03:22:58	BG	1200	1200	0	VSRP19/PWVX27/HKOOB37707566
50429	01/09/2026 11:13:24	CEDIS IDE QUILICURA	10033023	LO ESPEJO	Receptado	10461749	02/09/2026 03:22:58	P5T	20	20	0	VSRP19/PWVX27/HKOOB37707566
50431	01/09/2026 11:56:01	PLANTA IDEAL	10000427	CEDIS IDE QUILICURA	Receptado	10032939	01/09/2026 14:59:02	BG	1308	1308	0	FYLB 83/KYLZ 25/CHKL478192
50431	01/09/2026 11:56:01	PLANTA IDEAL	10000427	CEDIS IDE QUILICURA	Receptado	10032939	01/09/2026 14:59:02	P5T	16	16	0	FYLB 83/KYLZ 25/CHKL478192
50432	01/09/2026 12:07:08	SALON EL CORTIJO	10000989	QUILICURA	Receptado	10001353	02/09/2026 15:44:43	BG	2	2	0	0/0/0
50526	02/09/2026 03:43:28	PLANTA IDEAL	10001082	CEDIS IDE QUILICURA	Receptado	10033023	02/09/2026 08:02:42	BG	1128	1128	0	1/1/CHKL478143
50528	02/09/2026 04:15:13	PLANTA IDEAL	10001082	CEDIS IDE QUILICURA	Receptado	10033023	02/09/2026 08:02:26	BG	440	440	0	1/1/CHKL478213
50536	02/09/2026 06:03:24	CEDIS IDE QUILICURA	10001100	RANCAGUA	Receptado	10000032	02/09/2026 09:22:22	BCH	30	30	0	1/1/HKOOB37710045
50536	02/09/2026 06:03:24	CEDIS IDE QUILICURA	10001100	RANCAGUA	Receptado	10000032	02/09/2026 09:22:22	BG	888	888	0	1/1/HKOOB37710045
50536	02/09/2026 06:03:24	CEDIS IDE QUILICURA	10001100	RANCAGUA	Receptado	10000032	02/09/2026 09:22:22	P5T	19	19	0	1/1/HKOOB37710045
50537	02/09/2026 06:07:51	PLANTA IDEAL	10001082	CEDIS IDE QUILICURA	Receptado	10033023	02/09/2026 08:01:45	BG	682	682	0	1/1/CHKL478201
50537	02/09/2026 06:07:51	PLANTA IDEAL	10001082	CEDIS IDE QUILICURA	Receptado	10033023	02/09/2026 08:01:45	P5T	13	13	0	1/1/CHKL478201
50559	02/09/2026 08:49:05	RANCAGUA	10000032	ECCOFEED SPA	Receptado	10005088	04/09/2026 19:37:34	BG	230	230	0	CZYT-30/JH-3200/10536214
50559	02/09/2026 08:49:05	RANCAGUA	10000032	ECCOFEED SPA	Receptado	10005088	04/09/2026 19:37:34	P5T	5	5	0	CZYT-30/JH-3200/10536214
50562	02/09/2026 08:55:37	TALCA	10000096	PLANTA IDEAL	Receptado	10033115	02/09/2026 15:49:32	BCH	88	88	0	PGKD 18/PWZP 17/0
50562	02/09/2026 08:55:37	TALCA	10000096	PLANTA IDEAL	Receptado	10033115	02/09/2026 15:49:32	BG	1020	1020	0	PGKD 18/PWZP 17/0
50562	02/09/2026 08:55:37	TALCA	10000096	PLANTA IDEAL	Receptado	10033115	02/09/2026 15:49:32	P5T	12	12	0	PGKD 18/PWZP 17/0
50564	02/09/2026 08:58:01	CONCEPCION	10001026	CEDIS IDE QUILICURA	Receptado	10032939	02/09/2026 19:05:42	BCH	60	60	0	VJWL-64/PXKH-32/10536216
50564	02/09/2026 08:58:01	CONCEPCION	10001026	CEDIS IDE QUILICURA	Receptado	10032939	02/09/2026 19:05:42	BG	2112	2112	0	VJWL-64/PXKH-32/10536216
50564	02/09/2026 08:58:01	CONCEPCION	10001026	CEDIS IDE QUILICURA	Receptado	10032939	02/09/2026 19:05:42	P5T	34	34	0	VJWL-64/PXKH-32/10536216
49722	26/08/2026 09:45:45	CEDIS IDE QUILICURA	10001100	LO ESPEJO	Receptado	10461749	27/08/2026 04:15:01	BG	1060	1060	0	1/1/HKOOB37676187
49722	26/08/2026 09:45:45	CEDIS IDE QUILICURA	10001100	LO ESPEJO	Receptado	10461749	27/08/2026 04:15:01	P5T	17	17	0	1/1/HKOOB37676187
49736	26/08/2026 11:32:10	VIÑA DEL MAR	10001841	PLANTA IDEAL	Cancelado			BCH	200	0	200	LWBV80/HXGP47/10535753
49736	26/08/2026 11:32:10	VIÑA DEL MAR	10001841	PLANTA IDEAL	Cancelado			BG	240	0	240	LWBV80/HXGP47/10535753
49736	26/08/2026 11:32:10	VIÑA DEL MAR	10001841	PLANTA IDEAL	Cancelado			P5T	4	0	4	LWBV80/HXGP47/10535753
49811	27/08/2026 03:00:00	CEDIS IDE QUILICURA	10032939	LO ESPEJO	Receptado	10461749	27/08/2026 04:18:22	BG	924	924	0	1/1/HKOOB37676193
49811	27/08/2026 03:00:00	CEDIS IDE QUILICURA	10032939	LO ESPEJO	Receptado	10461749	27/08/2026 04:18:22	P5T	20	20	0	1/1/HKOOB37676193
50177	29/08/2026 14:41:02	PLANTA IDEAL	10000427	CEDIS IDE QUILICURA	Receptado	10033023	29/08/2026 14:58:41	BG	1320	1320	0	FYLB 83/KYLZ 25/CHKL478007
50177	29/08/2026 14:41:02	PLANTA IDEAL	10000427	CEDIS IDE QUILICURA	Receptado	10033023	29/08/2026 14:58:41	P5T	22	22	0	FYLB 83/KYLZ 25/CHKL478007
50219	30/08/2026 04:36:25	PLANTA IDEAL	10033115	CEDIS IDE QUILICURA	Receptado	10032939	30/08/2026 04:49:52	BG	1188	1188	0	50/50/CHKL478048
50219	30/08/2026 04:36:25	PLANTA IDEAL	10033115	CEDIS IDE QUILICURA	Receptado	10032939	30/08/2026 04:49:52	P5T	21	21	0	50/50/CHKL478048
50220	30/08/2026 04:38:19	PLANTA IDEAL	10033115	CEDIS IDE QUILICURA	Receptado	10032939	30/08/2026 04:50:15	BG	1224	1224	0	50/50/CHKL478049
50220	30/08/2026 04:38:19	PLANTA IDEAL	10033115	CEDIS IDE QUILICURA	Receptado	10032939	30/08/2026 04:50:15	P5T	22	22	0	50/50/CHKL478049
50221	30/08/2026 04:42:06	PLANTA IDEAL	10033115	CEDIS IDE QUILICURA	Receptado	10032939	30/08/2026 04:50:30	BG	1044	1044	0	50/50/CHKL478085
50221	30/08/2026 04:42:06	PLANTA IDEAL	10033115	CEDIS IDE QUILICURA	Receptado	10032939	30/08/2026 04:50:30	P5T	19	19	0	50/50/CHKL478085
50222	30/08/2026 04:44:37	PLANTA IDEAL	10033115	CEDIS IDE QUILICURA	Receptado	10032939	30/08/2026 05:52:33	BG	1296	1296	0	50/50/CHKL478066
50222	30/08/2026 04:44:37	PLANTA IDEAL	10033115	CEDIS IDE QUILICURA	Receptado	10032939	30/08/2026 05:52:33	P5T	22	22	0	50/50/CHKL478066
50312	31/08/2026 17:16:18	GRANDES CLIENTES	10001302	PLANTA IDEAL	Receptado	10487508	01/09/2026 09:03:35	BCH	342	342	0	NO APLICA/NO APLICA/NO APLICA
50312	31/08/2026 17:16:18	GRANDES CLIENTES	10001302	PLANTA IDEAL	Receptado	10487508	01/09/2026 09:03:35	BG	1134	1134	0	NO APLICA/NO APLICA/NO APLICA
50312	31/08/2026 17:16:18	GRANDES CLIENTES	10001302	PLANTA IDEAL	Receptado	10487508	01/09/2026 09:03:35	P5T	1	1	0	NO APLICA/NO APLICA/NO APLICA
50313	31/08/2026 17:17:35	GRANDES CLIENTES	10001302	PLANTA IDEAL	Receptado	10487508	01/09/2026 09:03:06	BG	426	426	0	NO APLICA/NO APLICA/NO APLICA
50396	01/09/2026 07:52:56	CEDIS IDE QUILICURA	10033023	PLANTA IDEAL	Receptado	10000427	01/09/2026 08:40:05	BG	1440	1320	120	,/,/,
50396	01/09/2026 07:52:56	CEDIS IDE QUILICURA	10033023	PLANTA IDEAL	Receptado	10000427	01/09/2026 08:40:05	P5T	12	11	1	,/,/,
50403	01/09/2026 08:22:08	CONCEPCION	10001026	CEDIS IDE QUILICURA	Receptado	10032939	01/09/2026 16:51:38	BG	2156	2156	0	VJWL-64/PXKH-32/10536150
50403	01/09/2026 08:22:08	CONCEPCION	10001026	CEDIS IDE QUILICURA	Receptado	10032939	01/09/2026 16:51:38	P5T	34	34	0	VJWL-64/PXKH-32/10536150
50411	01/09/2026 09:04:49	PLANTA IDEAL	10000427	CEDIS IDE QUILICURA	Receptado	10033023	01/09/2026 09:30:21	BG	920	920	0	FYLB 83/KYLZ 25/CHKL478191
50411	01/09/2026 09:04:49	PLANTA IDEAL	10000427	CEDIS IDE QUILICURA	Receptado	10033023	01/09/2026 09:30:21	P5T	13	13	0	FYLB 83/KYLZ 25/CHKL478191
50415	01/09/2026 09:28:39	COPIAPO	10405300	ECCOFEED SPA	Receptado	10487508	02/09/2026 09:53:36	BG	164	164	0	LCTB56/PTYJ57/8617258
50415	01/09/2026 09:28:39	COPIAPO	10405300	ECCOFEED SPA	Receptado	10487508	02/09/2026 09:53:36	P5T	3	3	0	LCTB56/PTYJ57/8617258
50419	01/09/2026 09:37:24	GRANDES CLIENTES	10143848	PLANTA IDEAL	Receptado	10000427	01/09/2026 10:52:44	BG	1440	1320	120	casa/casa/10536156
50419	01/09/2026 09:37:24	GRANDES CLIENTES	10143848	PLANTA IDEAL	Receptado	10000427	01/09/2026 10:52:44	P5T	12	11	1	casa/casa/10536156
50424	01/09/2026 10:09:36	IQUIQUE	10012419	ECCOFEED SPA	Receptado	10487508	05/09/2026 11:39:03	BG	336	336	0	PSLY-21/PTYS-59/8420841
50424	01/09/2026 10:09:36	IQUIQUE	10012419	ECCOFEED SPA	Receptado	10487508	05/09/2026 11:39:03	P5T	7	7	0	PSLY-21/PTYS-59/8420841
50425	01/09/2026 10:20:56	PLANTA CHILLAN	10000416	CEDIS IDE QUILICURA	Receptado	10001100	03/09/2026 06:53:45	BG	1440	1440	0	LTG83 /PTYJ59/CGAX00043922
50425	01/09/2026 10:20:56	PLANTA CHILLAN	10000416	CEDIS IDE QUILICURA	Receptado	10001100	03/09/2026 06:53:45	P5T	24	24	0	LTG83 /PTYJ59/CGAX00043922
50427	01/09/2026 10:48:56	PLANTA IDEAL	10000427	CEDIS IDE QUILICURA	Receptado	10033023	01/09/2026 11:10:25	BG	1200	1200	0	DBLS 59/KYLZ 24/CHKL478136
49744	26/08/2026 13:02:28	CEDIS IDE QUILICURA	10001100	ANTOFAGASTA	Receptado	10299402	28/08/2026 07:16:04	BG	1500	1500	0	PFBS17/PWWC54/HKOOB37676198
49744	26/08/2026 13:02:28	CEDIS IDE QUILICURA	10001100	ANTOFAGASTA	Receptado	10299402	28/08/2026 07:16:04	P5T	25	25	0	PFBS17/PWWC54/HKOOB37676198
49851	27/08/2026 07:52:22	LOS ANGELES	172705782	PLANTA CHILLAN	Receptado	10000416	27/08/2026 10:59:23	BG	1024	1024	0	PJJV29/HGKF99/1
49851	27/08/2026 07:52:22	LOS ANGELES	172705782	PLANTA CHILLAN	Receptado	10000416	27/08/2026 10:59:23	P5T	19	19	0	PJJV29/HGKF99/1
49854	27/08/2026 08:00:17	CONCEPCION	10001026	CEDIS IDE QUILICURA	Receptado	10033023	27/08/2026 17:13:21	BG	384	384	0	VJWL-64/PXKH-32/10535806
49854	27/08/2026 08:00:17	CONCEPCION	10001026	CEDIS IDE QUILICURA	Receptado	10033023	27/08/2026 17:13:21	P5T	7	7	0	VJWL-64/PXKH-32/10535806
49858	27/08/2026 08:09:03	PLANTA IDEAL	10001082	CEDIS IDE QUILICURA	Receptado	10001100	27/08/2026 13:39:45	BG	1159	1159	0	1/1/CHKL477742
49858	27/08/2026 08:09:03	PLANTA IDEAL	10001082	CEDIS IDE QUILICURA	Receptado	10001100	27/08/2026 13:39:45	P5T	19	19	0	1/1/CHKL477742
49860	27/08/2026 08:14:34	PLANTA IDEAL	10001082	CEDIS IDE QUILICURA	Receptado	10001100	27/08/2026 13:33:49	BG	588	588	0	1/1/CHKL477750
49860	27/08/2026 08:14:34	PLANTA IDEAL	10001082	CEDIS IDE QUILICURA	Receptado	10001100	27/08/2026 13:33:49	P5T	11	11	0	1/1/CHKL477750
49869	27/08/2026 09:27:32	PLANTA CHILLAN	10000416	CEDIS IDE QUILICURA	Receptado	10033023	27/08/2026 17:14:24	BG	1440	1440	0	PSLY27/PWZP19/CGAX00043702
49869	27/08/2026 09:27:32	PLANTA CHILLAN	10000416	CEDIS IDE QUILICURA	Receptado	10033023	27/08/2026 17:14:24	P5T	24	24	0	PSLY27/PWZP19/CGAX00043702
49872	27/08/2026 09:40:58	PLANTA IDEAL	10001082	CEDIS IDE QUILICURA	Receptado	10001100	27/08/2026 13:37:13	BCH	100	100	0	1/1/CHKL477808
49872	27/08/2026 09:40:58	PLANTA IDEAL	10001082	CEDIS IDE QUILICURA	Receptado	10001100	27/08/2026 13:37:13	BG	1200	1200	0	1/1/CHKL477808
49872	27/08/2026 09:40:58	PLANTA IDEAL	10001082	CEDIS IDE QUILICURA	Receptado	10001100	27/08/2026 13:37:13	P5T	17	17	0	1/1/CHKL477808
50191	29/08/2026 17:26:37	PLANTA IDEAL	10000427	CEDIS IDE QUILICURA	Receptado	10033023	29/08/2026 18:05:13	BG	1200	1200	0	DBLS 83/KYLZ 25/CHKL477933
50191	29/08/2026 17:26:37	PLANTA IDEAL	10000427	CEDIS IDE QUILICURA	Receptado	10033023	29/08/2026 18:05:13	P5T	22	22	0	DBLS 83/KYLZ 25/CHKL477933
50557	02/09/2026 08:44:02	RANCAGUA	10000032	PLANTA IDEAL	Receptado	10000427	02/09/2026 11:28:08	BCH	20	20	0	CZYT-30/JH-3200/10536213
50557	02/09/2026 08:44:02	RANCAGUA	10000032	PLANTA IDEAL	Receptado	10000427	02/09/2026 11:28:08	BG	1536	1536	0	CZYT-30/JH-3200/10536213
50557	02/09/2026 08:44:02	RANCAGUA	10000032	PLANTA IDEAL	Receptado	10000427	02/09/2026 11:28:08	P5T	17	17	0	CZYT-30/JH-3200/10536213
50563	02/09/2026 08:58:01	PLANTA IDEAL	10000427	CEDIS IDE QUILICURA	Receptado	10033023	02/09/2026 09:03:49	BG	1020	1020	0	FYLB 83/KYLZ 25/CHKL478204
50563	02/09/2026 08:58:01	PLANTA IDEAL	10000427	CEDIS IDE QUILICURA	Receptado	10033023	02/09/2026 09:03:49	P5T	18	18	0	FYLB 83/KYLZ 25/CHKL478204
50566	02/09/2026 09:03:47	LOS ANGELES	172705782	ECCOFEED SPA	Receptado	10487508	05/09/2026 11:52:11	BG	187	187	0	PJJV11/KYRC26/1
50566	02/09/2026 09:03:47	LOS ANGELES	172705782	ECCOFEED SPA	Receptado	10487508	05/09/2026 11:52:11	P5T	3	3	0	PJJV11/KYRC26/1
50570	02/09/2026 09:48:42	RANCAGUA	10000032	PLANTA IDEAL	Receptado	10000427	02/09/2026 12:39:04	BG	476	476	0	VRZL-40/HXDF-12/10536222
50570	02/09/2026 09:48:42	RANCAGUA	10000032	PLANTA IDEAL	Receptado	10000427	02/09/2026 12:39:04	P5T	24	24	0	VRZL-40/HXDF-12/10536222
50571	02/09/2026 09:51:11	PLANTA IDEAL	10000427	CEDIS IDE QUILICURA	Receptado	10033023	02/09/2026 11:53:06	BG	1156	1156	0	FYLB 83/KULAZ 25/CHKL478285
50571	02/09/2026 09:51:11	PLANTA IDEAL	10000427	CEDIS IDE QUILICURA	Receptado	10033023	02/09/2026 11:53:06	P5T	14	14	0	FYLB 83/KULAZ 25/CHKL478285
50574	02/09/2026 10:30:44	PLANTA IDEAL	10000427	CEDIS IDE QUILICURA	Receptado	10033023	02/09/2026 11:52:51	BG	661	661	0	DBLS 59/KYLZ 24/CHKL478250
50574	02/09/2026 10:30:44	PLANTA IDEAL	10000427	CEDIS IDE QUILICURA	Receptado	10033023	02/09/2026 11:52:51	P5T	12	12	0	DBLS 59/KYLZ 24/CHKL478250
50590	02/09/2026 13:13:47	LO ESPEJO	10458156	PLANTA IDEAL	Receptado	10033115	02/09/2026 21:49:55	BG	504	504	0	IDEAL/IDEAL/IDEAL
50590	02/09/2026 13:13:47	LO ESPEJO	10458156	PLANTA IDEAL	Receptado	10033115	02/09/2026 21:49:55	P5T	54	54	0	IDEAL/IDEAL/IDEAL
50591	02/09/2026 13:18:04	PLANTA IDEAL	10000427	CEDIS IDE QUILICURA	Receptado	10033023	02/09/2026 13:22:44	BG	984	984	0	FYLB 83/KYLZ 25/CHKL478253
50591	02/09/2026 13:18:04	PLANTA IDEAL	10000427	CEDIS IDE QUILICURA	Receptado	10033023	02/09/2026 13:22:44	P5T	16	16	0	FYLB 83/KYLZ 25/CHKL478253
50634	02/09/2026 21:00:02	CEDIS IDE QUILICURA	10032939	VIÑA DEL MAR	Receptado	10001291	03/09/2026 04:56:12	BG	1439	1439	0	1/1/HKOOB37713341
50634	02/09/2026 21:00:02	CEDIS IDE QUILICURA	10032939	VIÑA DEL MAR	Receptado	10001291	03/09/2026 04:56:12	P5T	25	25	0	1/1/HKOOB37713341
50645	02/09/2026 21:59:23	CEDIS IDE QUILICURA	10032939	TALCA	Receptado	10000096	03/09/2026 14:01:13	BCH	106	106	0	1/1/HKOOB37710055
50645	02/09/2026 21:59:23	CEDIS IDE QUILICURA	10032939	TALCA	Receptado	10000096	03/09/2026 14:01:13	BG	811	811	0	1/1/HKOOB37710055
50645	02/09/2026 21:59:23	CEDIS IDE QUILICURA	10032939	TALCA	Receptado	10000096	03/09/2026 14:01:13	P5T	14	14	0	1/1/HKOOB37710055
50668	03/09/2026 01:49:42	PLANTA IDEAL	10001082	CEDIS IDE QUILICURA	Receptado	10001100	03/09/2026 06:55:50	BG	938	938	0	1/1/CHKL478313
50668	03/09/2026 01:49:42	PLANTA IDEAL	10001082	CEDIS IDE QUILICURA	Receptado	10001100	03/09/2026 06:55:50	P5T	20	20	0	1/1/CHKL478313
50668	03/09/2026 01:49:42	PLANTA IDEAL	10001082	CEDIS IDE QUILICURA	Receptado	10001100	03/09/2026 06:55:50	BCH	50	50	0	1/1/CHKL478313
50741	03/09/2026 12:46:57	GRANDES CLIENTES	10001302	PLANTA IDEAL	Receptado	10033115	03/09/2026 17:16:09	BCH	600	600	0	PXJD32/PXJD32/10536296
50741	03/09/2026 12:46:57	GRANDES CLIENTES	10001302	PLANTA IDEAL	Receptado	10033115	03/09/2026 17:16:09	BG	840	840	0	PXJD32/PXJD32/10536296
49734	26/08/2026 11:28:24	SALON CEDIS	10000848-1	QUILICURA	Receptado	101196341	26/08/2026 21:50:16	BG	46	46	0	0/0/0
49735	26/08/2026 11:31:48	CEDIS IDE QUILICURA	10001100	CONCEPCION	Receptado	10001288	26/08/2026 19:48:10	BCH	95	95	0	1/1/HKOOB37675832
49735	26/08/2026 11:31:48	CEDIS IDE QUILICURA	10001100	CONCEPCION	Receptado	10001288	26/08/2026 19:48:10	BG	1275	1275	0	1/1/HKOOB37675832
49735	26/08/2026 11:31:48	CEDIS IDE QUILICURA	10001100	CONCEPCION	Receptado	10001288	26/08/2026 19:48:10	P5T	24	24	0	1/1/HKOOB37675832
49765	26/08/2026 17:51:55	PLANTA IDEAL	10000427	CEDIS IDE QUILICURA	Receptado	10033023	26/08/2026 19:45:09	BG	1308	1308	0	FYLB 83/KYLZ 24/CHKL477746
49765	26/08/2026 17:51:55	PLANTA IDEAL	10000427	CEDIS IDE QUILICURA	Receptado	10033023	26/08/2026 19:45:09	P5T	22	22	0	FYLB 83/KYLZ 24/CHKL477746
49772	26/08/2026 19:09:55	CONCEPCION	10001288	ECCOFEED SPA	Receptado	10487508	02/09/2026 10:29:31	BG	280	280	0	CPGF97/PXFW98/10001288
49772	26/08/2026 19:09:55	CONCEPCION	10001288	ECCOFEED SPA	Receptado	10487508	02/09/2026 10:29:31	P5T	5	5	0	CPGF97/PXFW98/10001288
49776	26/08/2026 19:36:45	PLANTA CHILLAN	10000416	CEDIS IDE QUILICURA	Receptado	10001100	27/08/2026 13:31:13	BG	600	600	0	HVJX52 /JP3260/CGAX00043647
49776	26/08/2026 19:36:45	PLANTA CHILLAN	10000416	CEDIS IDE QUILICURA	Receptado	10001100	27/08/2026 13:31:13	P5T	10	10	0	HVJX52 /JP3260/CGAX00043647
49793	26/08/2026 21:41:27	CEDIS IDE QUILICURA	10033023	VIÑA DEL MAR	Receptado	10450104	27/08/2026 04:04:22	BCH	345	345	0	VRZL40/KDGT92/HKOOB37675835
49793	26/08/2026 21:41:27	CEDIS IDE QUILICURA	10033023	VIÑA DEL MAR	Receptado	10450104	27/08/2026 04:04:22	BG	1045	1048	-3	VRZL40/KDGT92/HKOOB37675835
49793	26/08/2026 21:41:27	CEDIS IDE QUILICURA	10033023	VIÑA DEL MAR	Receptado	10450104	27/08/2026 04:04:22	P5T	22	22	0	VRZL40/KDGT92/HKOOB37675835
49975	28/08/2026 05:03:37	OSORNO	10001704	ECCOFEED SPA	Receptado	10005088	04/09/2026 19:20:59	BG	116	116	0	PJJV10 /HGKF80/0
49975	28/08/2026 05:03:37	OSORNO	10001704	ECCOFEED SPA	Receptado	10005088	04/09/2026 19:20:59	P5T	2	2	0	PJJV10 /HGKF80/0
49980	28/08/2026 05:32:36	PLANTA IDEAL	10033115	CEDIS IDE QUILICURA	Receptado	10032939	28/08/2026 06:24:11	BG	1061	1061	0	50/50/CHKL477885
49980	28/08/2026 05:32:36	PLANTA IDEAL	10033115	CEDIS IDE QUILICURA	Receptado	10032939	28/08/2026 06:24:11	P5T	20	20	0	50/50/CHKL477885
49981	28/08/2026 05:45:07	CEDIS IDE QUILICURA	10032939	LO ESPEJO	Receptado	10461749	29/08/2026 06:05:10	BG	1200	1200	0	1/1/HKOOB37687544
49981	28/08/2026 05:45:07	CEDIS IDE QUILICURA	10032939	LO ESPEJO	Receptado	10461749	29/08/2026 06:05:10	P5T	20	20	0	1/1/HKOOB37687544
50237	31/08/2026 07:30:08	TEMUCO	10344423	PLANTA CHILLAN	Cancelado			BG	214	0	214	PSLY22 /HGKY40/10536029
50237	31/08/2026 07:30:08	TEMUCO	10344423	PLANTA CHILLAN	Cancelado			P5T	4	0	4	PSLY22 /HGKY40/10536029
50238	31/08/2026 07:30:20	MELIPILLA	10291937	PLANTA IDEAL	Receptado	10000427	31/08/2026 10:29:26	BCH	8	8	0	KDGT-92/-/10535999
50238	31/08/2026 07:30:20	MELIPILLA	10291937	PLANTA IDEAL	Receptado	10000427	31/08/2026 10:29:26	BG	179	179	0	KDGT-92/-/10535999
50238	31/08/2026 07:30:20	MELIPILLA	10291937	PLANTA IDEAL	Receptado	10000427	31/08/2026 10:29:26	P5T	2	2	0	KDGT-92/-/10535999
50239	31/08/2026 07:33:05	TEMUCO	10344423	ECCOFEED SPA	Receptado	10487508	02/09/2026 10:33:13	BG	214	214	0	PSLY22 /HGKY40 /10536029
50239	31/08/2026 07:33:05	TEMUCO	10344423	ECCOFEED SPA	Receptado	10487508	02/09/2026 10:33:13	P5T	4	4	0	PSLY22 /HGKY40 /10536029
50240	31/08/2026 07:34:03	MELIPILLA	10291937	ECCOFEED SPA	Receptado	10487508	02/09/2026 10:37:23	BG	27	27	0	KDGT-92/-/12666219
50240	31/08/2026 07:34:03	MELIPILLA	10291937	ECCOFEED SPA	Receptado	10487508	02/09/2026 10:37:23	P5T	1	1	0	KDGT-92/-/12666219
50247	31/08/2026 08:21:26	PLANTA IDEAL	10000427	CEDIS IDE QUILICURA	Receptado	10033023	31/08/2026 08:41:35	BG	1320	1320	0	DBLS 59/KYLZ 24/CHKL478053
50247	31/08/2026 08:21:26	PLANTA IDEAL	10000427	CEDIS IDE QUILICURA	Receptado	10033023	31/08/2026 08:41:35	P5T	21	21	0	DBLS 59/KYLZ 24/CHKL478053
50259	31/08/2026 10:09:40	LOS ANGELES	172705782	ECCOFEED SPA	Receptado	10487508	02/09/2026 10:30:44	BG	228	228	0	PFBS11/KDGH62/1
50259	31/08/2026 10:09:40	LOS ANGELES	172705782	ECCOFEED SPA	Receptado	10487508	02/09/2026 10:30:44	P5T	4	4	0	PFBS11/KDGH62/1
50300	31/08/2026 13:57:15	PLANTA IDEAL	10000427	CEDIS IDE QUILICURA	Receptado	10000798	31/08/2026 17:09:33	BG	1136	1136	0	fylb 83/kylz 25/CHKL478166
50300	31/08/2026 13:57:15	PLANTA IDEAL	10000427	CEDIS IDE QUILICURA	Receptado	10000798	31/08/2026 17:09:33	P5T	18	18	0	fylb 83/kylz 25/CHKL478166
50304	31/08/2026 15:31:30	VIÑA DEL MAR	10001841	PLANTA IDEAL	Receptado	10033115	31/08/2026 20:57:26	BG	1440	1440	0	VSRP19/PXJD33/10536071
50304	31/08/2026 15:31:30	VIÑA DEL MAR	10001841	PLANTA IDEAL	Receptado	10033115	31/08/2026 20:57:26	P5T	24	24	0	VSRP19/PXJD33/10536071
50306	31/08/2026 15:58:31	CEDIS IDE QUILICURA	10000798	LOS ANGELES	Receptado	172705782	01/09/2026 08:58:45	BCH	69	69	0	LTYG83/PTYJ59/HKOOB37693497
50306	31/08/2026 15:58:31	CEDIS IDE QUILICURA	10000798	LOS ANGELES	Receptado	172705782	01/09/2026 08:58:45	BG	1324	1324	0	LTYG83/PTYJ59/HKOOB37693497
50306	31/08/2026 15:58:31	CEDIS IDE QUILICURA	10000798	LOS ANGELES	Receptado	172705782	01/09/2026 08:58:45	P5T	22	22	0	LTYG83/PTYJ59/HKOOB37693497
50309	31/08/2026 16:35:35	GRANDES CLIENTES	10119634	PLANTA IDEAL	Receptado	10000427	01/09/2026 09:17:30	BG	9360	9360	0	0/0/0
50309	31/08/2026 16:35:35	GRANDES CLIENTES	10119634	PLANTA IDEAL	Receptado	10000427	01/09/2026 09:17:30	P5T	76	76	0	0/0/0
50357	01/09/2026 01:23:40	PLANTA IDEAL	10001082	CEDIS IDE QUILICURA	Receptado	10001100	01/09/2026 03:15:12	BG	744	744	0	1/1/CHKL478190
50357	01/09/2026 01:23:40	PLANTA IDEAL	10001082	CEDIS IDE QUILICURA	Receptado	10001100	01/09/2026 03:15:12	P5T	14	14	0	1/1/CHKL478190
50357	01/09/2026 01:23:40	PLANTA IDEAL	10001082	CEDIS IDE QUILICURA	Receptado	10001100	01/09/2026 03:15:12	BCH	400	400	0	1/1/CHKL478190
50360	01/09/2026 02:08:02	PLANTA IDEAL	10001082	CEDIS IDE QUILICURA	Receptado	10001100	01/09/2026 06:08:00	BCH	463	463	0	1/1/CHKL478150
50360	01/09/2026 02:08:02	PLANTA IDEAL	10001082	CEDIS IDE QUILICURA	Receptado	10001100	01/09/2026 06:08:00	BG	700	700	0	1/1/CHKL478150
50360	01/09/2026 02:08:02	PLANTA IDEAL	10001082	CEDIS IDE QUILICURA	Receptado	10001100	01/09/2026 06:08:00	P5T	16	16	0	1/1/CHKL478150
50381	01/09/2026 05:54:53	OSORNO	10012272	PLANTA CHILLAN	Receptado	10000416	01/09/2026 18:04:14	BCH	63	63	0	PFBS17/PWWC54/0
50381	01/09/2026 05:54:53	OSORNO	10012272	PLANTA CHILLAN	Receptado	10000416	01/09/2026 18:04:14	BG	1027	1027	0	PFBS17/PWWC54/0
50381	01/09/2026 05:54:53	OSORNO	10012272	PLANTA CHILLAN	Receptado	10000416	01/09/2026 18:04:14	P5T	23	23	0	PFBS17/PWWC54/0
50382	01/09/2026 06:00:51	OSORNO	10012272	ECCOFEED SPA	Receptado	10487508	05/09/2026 11:55:31	BG	207	207	0	PFBS17/PWWC54/0
50382	01/09/2026 06:00:51	OSORNO	10012272	ECCOFEED SPA	Receptado	10487508	05/09/2026 11:55:31	P5T	4	4	0	PFBS17/PWWC54/0
50385	01/09/2026 06:22:17	PLANTA IDEAL	10001082	CEDIS IDE QUILICURA	Receptado	10033023	01/09/2026 07:07:18	BCH	62	62	0	1/1/CHKL478153
50385	01/09/2026 06:22:17	PLANTA IDEAL	10001082	CEDIS IDE QUILICURA	Receptado	10033023	01/09/2026 07:07:18	BG	916	916	0	1/1/CHKL478153
50385	01/09/2026 06:22:17	PLANTA IDEAL	10001082	CEDIS IDE QUILICURA	Receptado	10033023	01/09/2026 07:07:18	P5T	17	17	0	1/1/CHKL478153
50400	01/09/2026 08:07:01	RANCAGUA	10000032	PLANTA IDEAL	Receptado	10000427	01/09/2026 11:39:33	BCH	137	100	37	UF-2968/JJ-4819/10536145
50400	01/09/2026 08:07:01	RANCAGUA	10000032	PLANTA IDEAL	Receptado	10000427	01/09/2026 11:39:33	BG	1691	1310	381	UF-2968/JJ-4819/10536145
50400	01/09/2026 08:07:01	RANCAGUA	10000032	PLANTA IDEAL	Receptado	10000427	01/09/2026 11:39:33	P5T	19	12	7	UF-2968/JJ-4819/10536145
50406	01/09/2026 08:50:07	ECCOFEED SPA	10005088	PLANTA IDEAL	Receptado	10487508	01/09/2026 09:04:17	BG	1440	1440	0	0/0/0
50406	01/09/2026 08:50:07	ECCOFEED SPA	10005088	PLANTA IDEAL	Receptado	10487508	01/09/2026 09:04:17	P5T	12	12	0	0/0/0
50413	01/09/2026 09:15:32	CEDIS IDE QUILICURA	10033023	LO ESPEJO	Receptado	10461749	02/09/2026 03:22:41	BG	1108	1108	0	VRZL40/HXDF11/HKOOB37707565
50413	01/09/2026 09:15:32	CEDIS IDE QUILICURA	10033023	LO ESPEJO	Receptado	10461749	02/09/2026 03:22:41	P5T	19	19	0	VRZL40/HXDF11/HKOOB37707565
50414	01/09/2026 09:23:13	COPIAPO	10405300	PLANTA IDEAL	Receptado	10033115	01/09/2026 22:25:09	BCH	100	100	0	LCTB56/PTYJ57/10536154
50414	01/09/2026 09:23:13	COPIAPO	10405300	PLANTA IDEAL	Receptado	10033115	01/09/2026 22:25:09	BG	872	872	0	LCTB56/PTYJ57/10536154
50414	01/09/2026 09:23:13	COPIAPO	10405300	PLANTA IDEAL	Receptado	10033115	01/09/2026 22:25:09	P5T	21	21	0	LCTB56/PTYJ57/10536154
50417	01/09/2026 09:30:51	LOS ANDES	10486010	PLANTA IDEAL	Receptado	10000427	01/09/2026 12:37:21	BCH	3	3	0	JKHC-71/JKHC-71/10536155
50417	01/09/2026 09:30:51	LOS ANDES	10486010	PLANTA IDEAL	Receptado	10000427	01/09/2026 12:37:21	BG	11	11	0	JKHC-71/JKHC-71/10536155
50417	01/09/2026 09:30:51	LOS ANDES	10486010	PLANTA IDEAL	Receptado	10000427	01/09/2026 12:37:21	P5T	22	22	0	JKHC-71/JKHC-71/10536155
50423	01/09/2026 09:54:49	PLANTA IDEAL	10000427	CEDIS IDE QUILICURA	Receptado	10033023	01/09/2026 11:10:38	BG	1272	1272	0	FYLB 83/KYLZ 25/CHKL478155
50423	01/09/2026 09:54:49	PLANTA IDEAL	10000427	CEDIS IDE QUILICURA	Receptado	10033023	01/09/2026 11:10:38	P5T	18	18	0	FYLB 83/KYLZ 25/CHKL478155
50427	01/09/2026 10:48:56	PLANTA IDEAL	10000427	CEDIS IDE QUILICURA	Receptado	10033023	01/09/2026 11:10:25	P5T	17	17	0	DBLS 59/KYLZ 24/CHKL478136
50430	01/09/2026 11:31:26	CEDIS IDE QUILICURA	10033023	ANTOFAGASTA	Receptado	10299402	02/09/2026 18:23:44	BCH	138	138	0	PSLY22/HGKY40/HKOOB37707576
50430	01/09/2026 11:31:26	CEDIS IDE QUILICURA	10033023	ANTOFAGASTA	Receptado	10299402	02/09/2026 18:23:44	BG	1022	1022	0	PSLY22/HGKY40/HKOOB37707576
50430	01/09/2026 11:31:26	CEDIS IDE QUILICURA	10033023	ANTOFAGASTA	Receptado	10299402	02/09/2026 18:23:44	P5T	17	17	0	PSLY22/HGKY40/HKOOB37707576
51137	07/09/2026 15:27:40	PLANTA IDEAL	10001082	CEDIS IDE QUILICURA	Receptado	10161182	07/09/2026 16:40:29	BG	900	900	0	1/1/CHKL478551
51137	07/09/2026 15:27:40	PLANTA IDEAL	10001082	CEDIS IDE QUILICURA	Receptado	10161182	07/09/2026 16:40:29	P5T	17	17	0	1/1/CHKL478551
50147	29/08/2026 08:40:45	COPIAPO	10405300	PLANTA IDEAL	Receptado	10033115	30/08/2026 05:15:37	BCH	100	100	0	LTGY82/PWVG98/10535980
50147	29/08/2026 08:40:45	COPIAPO	10405300	PLANTA IDEAL	Receptado	10033115	30/08/2026 05:15:37	BG	1142	1142	0	LTGY82/PWVG98/10535980
50147	29/08/2026 08:40:45	COPIAPO	10405300	PLANTA IDEAL	Receptado	10033115	30/08/2026 05:15:37	P5T	10	10	0	LTGY82/PWVG98/10535980
50148	29/08/2026 08:43:44	COPIAPO	10405300	ECCOFEED SPA	Receptado	10487508	02/09/2026 09:53:13	BG	227	227	0	LTGY82/PWVG98/8617112
50148	29/08/2026 08:43:44	COPIAPO	10405300	ECCOFEED SPA	Receptado	10487508	02/09/2026 09:53:13	P5T	3	3	0	LTGY82/PWVG98/8617112
50150	29/08/2026 08:53:01	GRANDES CLIENTES	10143848	PLANTA IDEAL	Receptado	10001082	29/08/2026 10:16:23	BG	1440	1440	0	VRZL-40/VRZL-40/82623500-4
50150	29/08/2026 08:53:01	GRANDES CLIENTES	10143848	PLANTA IDEAL	Receptado	10001082	29/08/2026 10:16:23	P5T	12	12	0	VRZL-40/VRZL-40/82623500-4
50152	29/08/2026 08:57:47	RANCAGUA	10000032	ECCOFEED SPA	Receptado	10487508	02/09/2026 10:15:46	BG	180	180	0	DRPH-69/JJ-4819/10535983
50152	29/08/2026 08:57:47	RANCAGUA	10000032	ECCOFEED SPA	Receptado	10487508	02/09/2026 10:15:46	P5T	3	3	0	DRPH-69/JJ-4819/10535983
50156	29/08/2026 10:11:06	CEDIS IDE QUILICURA	10161182	LOS ANGELES	Receptado	172705782	31/08/2026 10:30:13	BCH	12	12	0	PFBS11/KDGH62/HKOOB37691157
50156	29/08/2026 10:11:06	CEDIS IDE QUILICURA	10161182	LOS ANGELES	Receptado	172705782	31/08/2026 10:30:13	BG	1172	1172	0	PFBS11/KDGH62/HKOOB37691157
50156	29/08/2026 10:11:06	CEDIS IDE QUILICURA	10161182	LOS ANGELES	Receptado	172705782	31/08/2026 10:30:13	P5T	14	14	0	PFBS11/KDGH62/HKOOB37691157
50456	01/09/2026 16:44:13	PLANTA IDEAL	10033115	CEDIS IDE QUILICURA	Receptado	10032939	01/09/2026 17:49:35	BG	1180	1180	0	50/50/CHKL478246
50456	01/09/2026 16:44:13	PLANTA IDEAL	10033115	CEDIS IDE QUILICURA	Receptado	10032939	01/09/2026 17:49:35	P5T	10	10	0	50/50/CHKL478246
50457	01/09/2026 16:48:48	CEDIS IDE QUILICURA	10032939	LO ESPEJO	Receptado	10461749	02/09/2026 03:23:14	BG	840	840	0	1/1/HKOOB37707567
50457	01/09/2026 16:48:48	CEDIS IDE QUILICURA	10032939	LO ESPEJO	Receptado	10461749	02/09/2026 03:23:14	P5T	12	12	0	1/1/HKOOB37707567
50671	03/09/2026 02:59:41	PLANTA IDEAL	10001082	CEDIS IDE QUILICURA	Receptado	10001100	03/09/2026 06:56:21	BG	948	948	0	1/1/CHKL478314
50671	03/09/2026 02:59:41	PLANTA IDEAL	10001082	CEDIS IDE QUILICURA	Receptado	10001100	03/09/2026 06:56:21	P5T	14	14	0	1/1/CHKL478314
50741	03/09/2026 12:46:57	GRANDES CLIENTES	10001302	PLANTA IDEAL	Receptado	10033115	03/09/2026 17:16:09	P5T	59	59	0	PXJD32/PXJD32/10536296
50745	03/09/2026 13:20:09	CEDIS IDE QUILICURA	10033023	VALDIVIA	Receptado	10421004	04/09/2026 10:11:52	BCH	71	65	6	PSLY27/PWZP19/HKOOB37720979
50745	03/09/2026 13:20:09	CEDIS IDE QUILICURA	10033023	VALDIVIA	Receptado	10421004	04/09/2026 10:11:52	BG	1043	1043	0	PSLY27/PWZP19/HKOOB37720979
50745	03/09/2026 13:20:09	CEDIS IDE QUILICURA	10033023	VALDIVIA	Receptado	10421004	04/09/2026 10:11:52	P5T	17	17	0	PSLY27/PWZP19/HKOOB37720979
50747	03/09/2026 13:26:32	PLANTA CHILLAN	10000416	CEDIS IDE QUILICURA	Receptado	10001100	04/09/2026 00:42:09	BG	1440	1440	0	RFZY99 /PTYJ58/CGAX00044022
50747	03/09/2026 13:26:32	PLANTA CHILLAN	10000416	CEDIS IDE QUILICURA	Receptado	10001100	04/09/2026 00:42:09	P5T	24	24	0	RFZY99 /PTYJ58/CGAX00044022
50751	03/09/2026 15:44:48	PLANTA CHILLAN	10000416	CEDIS IDE QUILICURA	Receptado	10033023	04/09/2026 10:36:14	BG	660	660	0	PFBS12/PWZH30/CGAX00044023
50751	03/09/2026 15:44:48	PLANTA CHILLAN	10000416	CEDIS IDE QUILICURA	Receptado	10033023	04/09/2026 10:36:14	P5T	11	11	0	PFBS12/PWZH30/CGAX00044023
50761	03/09/2026 17:26:41	ANTOFAGASTA	10299402	CEDIS IDE QUILICURA	Receptado	10033023	05/09/2026 10:02:13	BCH	52	52	0	RHDS13/X/10536315
50761	03/09/2026 17:26:41	ANTOFAGASTA	10299402	CEDIS IDE QUILICURA	Receptado	10033023	05/09/2026 10:02:13	BG	305	305	0	RHDS13/X/10536315
50761	03/09/2026 17:26:41	ANTOFAGASTA	10299402	CEDIS IDE QUILICURA	Receptado	10033023	05/09/2026 10:02:13	P5T	21	21	0	RHDS13/X/10536315
50802	04/09/2026 01:07:30	CEDIS IDE QUILICURA	10001100	LO ESPEJO	Receptado	10461749	04/09/2026 05:11:22	BG	1001	1001	0	1/1/HKOOB37724594
50802	04/09/2026 01:07:30	CEDIS IDE QUILICURA	10001100	LO ESPEJO	Receptado	10461749	04/09/2026 05:11:22	P5T	15	15	0	1/1/HKOOB37724594
50814	04/09/2026 03:35:05	PLANTA IDEAL	10001082	CEDIS IDE QUILICURA	Receptado	10001100	04/09/2026 06:45:01	BG	1280	1280	0	1/1/CHKL478322
50814	04/09/2026 03:35:05	PLANTA IDEAL	10001082	CEDIS IDE QUILICURA	Receptado	10001100	04/09/2026 06:45:01	P5T	19	19	0	1/1/CHKL478322
50817	04/09/2026 04:12:06	PLANTA IDEAL	10001082	CEDIS IDE QUILICURA	Receptado	10001100	04/09/2026 06:45:25	BG	1140	1140	0	1/1/CHKL478323
50817	04/09/2026 04:12:06	PLANTA IDEAL	10001082	CEDIS IDE QUILICURA	Receptado	10001100	04/09/2026 06:45:25	P5T	19	19	0	1/1/CHKL478323
50820	04/09/2026 04:36:31	PLANTA IDEAL	10001082	CEDIS IDE QUILICURA	Receptado	10001100	04/09/2026 06:45:42	BG	852	852	0	1/1/CHKL478300
50820	04/09/2026 04:36:31	PLANTA IDEAL	10001082	CEDIS IDE QUILICURA	Receptado	10001100	04/09/2026 06:45:42	P5T	14	14	0	1/1/CHKL478300
50840	04/09/2026 07:45:09	MELIPILLA	10291937	PLANTA IDEAL	Receptado	10001082	05/09/2026 00:28:06	BCH	25	25	0	FXRL-17/-/10536322
50840	04/09/2026 07:45:09	MELIPILLA	10291937	PLANTA IDEAL	Receptado	10001082	05/09/2026 00:28:06	BG	899	899	0	FXRL-17/-/10536322
50840	04/09/2026 07:45:09	MELIPILLA	10291937	PLANTA IDEAL	Receptado	10001082	05/09/2026 00:28:06	P5T	11	11	0	FXRL-17/-/10536322
50845	04/09/2026 08:03:10	PLANTA IDEAL	10000427	CEDIS IDE QUILICURA	Receptado	10033023	04/09/2026 08:40:55	BG	1136	1136	0	VSRP 19/KYLZ 25/CHKL478426
50845	04/09/2026 08:03:10	PLANTA IDEAL	10000427	CEDIS IDE QUILICURA	Receptado	10033023	04/09/2026 08:40:55	P5T	17	17	0	VSRP 19/KYLZ 25/CHKL478426
50882	04/09/2026 15:00:57	SALON PEDRO DE VALDIVIA	10000349	QUILICURA	Receptado	101196341	04/09/2026 18:43:33	BG	14	14	0	0/0/0
50912	04/09/2026 20:11:21	CEDIS IDE QUILICURA	10032939	EL PINAR	Receptado	10149777	04/09/2026 23:31:00	BG	780	780	0	1/1/HKOOB37726711
50912	04/09/2026 20:11:21	CEDIS IDE QUILICURA	10032939	EL PINAR	Receptado	10149777	04/09/2026 23:31:00	P5T	11	11	0	1/1/HKOOB37726711
50930	04/09/2026 23:33:09	EL PINAR	10149777	PLANTA IDEAL	Receptado	10001082	05/09/2026 01:05:57	BG	1584	1584	0	ideal/ideal/10536402
50930	04/09/2026 23:33:09	EL PINAR	10149777	PLANTA IDEAL	Receptado	10001082	05/09/2026 01:05:57	P5T	18	18	0	ideal/ideal/10536402
50932	04/09/2026 23:41:29	EL PINAR	10149777	PLANTA IDEAL	Receptado	10001082	05/09/2026 01:05:30	BG	180	180	0	ideal/ideal/10536402
50932	04/09/2026 23:41:29	EL PINAR	10149777	PLANTA IDEAL	Receptado	10001082	05/09/2026 01:05:30	P5T	2	2	0	ideal/ideal/10536402
50943	05/09/2026 01:36:59	PLANTA IDEAL	10001082	CEDIS IDE QUILICURA	Receptado	10001100	05/09/2026 06:39:45	BCH	400	400	0	1/1/CHKL478469
50943	05/09/2026 01:36:59	PLANTA IDEAL	10001082	CEDIS IDE QUILICURA	Receptado	10001100	05/09/2026 06:39:45	BG	1080	1080	0	1/1/CHKL478469
50060	28/08/2026 17:10:05	GRANDES CLIENTES	10001302	PLANTA IDEAL	Receptado	10000427	28/08/2026 19:18:26	BCH	200	200	0	KYPH94/KYPH94/10535951
50060	28/08/2026 17:10:05	GRANDES CLIENTES	10001302	PLANTA IDEAL	Receptado	10000427	28/08/2026 19:18:26	BG	1200	1200	0	KYPH94/KYPH94/10535951
50060	28/08/2026 17:10:05	GRANDES CLIENTES	10001302	PLANTA IDEAL	Receptado	10000427	28/08/2026 19:18:26	P5T	21	21	0	KYPH94/KYPH94/10535951
50061	28/08/2026 17:27:32	PLANTA IDEAL	10000427	CEDIS IDE QUILICURA	Receptado	10033023	28/08/2026 17:32:21	BG	1036	1036	0	DBLS 59/KYLZ 24/CHKL477798
50061	28/08/2026 17:27:32	PLANTA IDEAL	10000427	CEDIS IDE QUILICURA	Receptado	10033023	28/08/2026 17:32:21	P5T	19	19	0	DBLS 59/KYLZ 24/CHKL477798
50062	28/08/2026 17:29:14	CEDIS IDE QUILICURA	10033023	GRANDES CLIENTES	Receptado	10001251	29/08/2026 02:45:00	BCH	45	45	0	,/,/CHKO383952
50062	28/08/2026 17:29:14	CEDIS IDE QUILICURA	10033023	GRANDES CLIENTES	Receptado	10001251	29/08/2026 02:45:00	BG	30	30	0	,/,/CHKO383952
50062	28/08/2026 17:29:14	CEDIS IDE QUILICURA	10033023	GRANDES CLIENTES	Receptado	10001251	29/08/2026 02:45:00	P5T	2	2	0	,/,/CHKO383952
50077	28/08/2026 20:20:28	GRANDES CLIENTES	10001302	PLANTA IDEAL	Receptado	10000427	28/08/2026 21:07:00	BCH	200	200	0	KYPH95/KYPH95/10535958
50077	28/08/2026 20:20:28	GRANDES CLIENTES	10001302	PLANTA IDEAL	Receptado	10000427	28/08/2026 21:07:00	BG	1200	1200	0	KYPH95/KYPH95/10535958
50077	28/08/2026 20:20:28	GRANDES CLIENTES	10001302	PLANTA IDEAL	Receptado	10000427	28/08/2026 21:07:00	P5T	11	11	0	KYPH95/KYPH95/10535958
50090	28/08/2026 22:38:22	LA SERENA	10470904	PLANTA IDEAL	Receptado	10001082	29/08/2026 08:41:47	BCH	100	100	0	PFBS-11/KDGH-62/10535967
50090	28/08/2026 22:38:22	LA SERENA	10470904	PLANTA IDEAL	Receptado	10001082	29/08/2026 08:41:47	BG	994	984	10	PFBS-11/KDGH-62/10535967
50090	28/08/2026 22:38:22	LA SERENA	10470904	PLANTA IDEAL	Receptado	10001082	29/08/2026 08:41:47	P5T	11	11	0	PFBS-11/KDGH-62/10535967
50136	29/08/2026 07:18:47	PLANTA IDEAL	10001082	CEDIS IDE QUILICURA	Receptado	10161182	29/08/2026 09:05:02	BG	708	708	0	1/1/CHKL477929
50136	29/08/2026 07:18:47	PLANTA IDEAL	10001082	CEDIS IDE QUILICURA	Receptado	10161182	29/08/2026 09:05:02	P5T	18	18	0	1/1/CHKL477929
50136	29/08/2026 07:18:47	PLANTA IDEAL	10001082	CEDIS IDE QUILICURA	Receptado	10161182	29/08/2026 09:05:02	BCH	400	400	0	1/1/CHKL477929
50138	29/08/2026 07:41:46	CHILLAN	10301699	ECCOFEED SPA	Receptado	10487508	02/09/2026 10:28:07	BG	131	131	0	LCTB55/KDHP45/10535962
50138	29/08/2026 07:41:46	CHILLAN	10301699	ECCOFEED SPA	Receptado	10487508	02/09/2026 10:28:07	P5T	3	3	0	LCTB55/KDHP45/10535962
50139	29/08/2026 07:42:28	TEMUCO	10344423	ECCOFEED SPA	Receptado	10487508	02/09/2026 10:33:25	BG	282	282	0	PFBS16 /KYLG77 /10535977
50139	29/08/2026 07:42:28	TEMUCO	10344423	ECCOFEED SPA	Receptado	10487508	02/09/2026 10:33:25	P5T	5	5	0	PFBS16 /KYLG77 /10535977
50142	29/08/2026 08:14:29	LOS ANDES	10486010	PLANTA IDEAL	Receptado	10001082	29/08/2026 10:52:48	BG	1000	1000	0	HVSX-52/HVSX-52/POR DEFINIR
50142	29/08/2026 08:14:29	LOS ANDES	10486010	PLANTA IDEAL	Receptado	10001082	29/08/2026 10:52:48	P5T	8	9	-1	HVSX-52/HVSX-52/POR DEFINIR
50144	29/08/2026 08:22:04	CEDIS IDE QUILICURA	10161182	GRANDES CLIENTES	Receptado	10001251	31/08/2026 04:37:27	BCH	233	233	0	1/1/CHKO384066
50144	29/08/2026 08:22:04	CEDIS IDE QUILICURA	10161182	GRANDES CLIENTES	Receptado	10001251	31/08/2026 04:37:27	P5T	2	2	0	1/1/CHKO384066
50164	29/08/2026 11:34:41	VIÑA DEL MAR	10001291	PLANTA IDEAL	Receptado	10000427	29/08/2026 18:29:25	BG	1440	1440	0	KYPH-95/IDEAL/10535990
50164	29/08/2026 11:34:41	VIÑA DEL MAR	10001291	PLANTA IDEAL	Receptado	10000427	29/08/2026 18:29:25	P5T	16	16	0	KYPH-95/IDEAL/10535990
50167	29/08/2026 11:50:38	PLANTA CHILLAN	10000416	CEDIS IDE QUILICURA	Receptado	10033023	31/08/2026 07:41:48	BG	1326	1326	0	PFBS16/KYLG77/CGAX00043803
50167	29/08/2026 11:50:38	PLANTA CHILLAN	10000416	CEDIS IDE QUILICURA	Receptado	10033023	31/08/2026 07:41:48	P5T	23	23	0	PFBS16/KYLG77/CGAX00043803
50169	29/08/2026 12:08:07	PLANTA IDEAL	10001082	CEDIS IDE QUILICURA	Receptado	10033023	29/08/2026 14:09:40	BG	1120	1120	0	1/1/CHKL478006
50169	29/08/2026 12:08:07	PLANTA IDEAL	10001082	CEDIS IDE QUILICURA	Receptado	10033023	29/08/2026 14:09:40	P5T	22	22	0	1/1/CHKL478006
50169	29/08/2026 12:08:07	PLANTA IDEAL	10001082	CEDIS IDE QUILICURA	Receptado	10033023	29/08/2026 14:09:40	BCH	85	85	0	1/1/CHKL478006
50170	29/08/2026 12:12:21	CEDIS IDE QUILICURA	10161182	TALCA	Receptado	10000096	31/08/2026 12:38:38	BCH	31	31	0	LTGY83/PWZP18/HKOOB37691167
50170	29/08/2026 12:12:21	CEDIS IDE QUILICURA	10161182	TALCA	Receptado	10000096	31/08/2026 12:38:38	BG	1114	1105	9	LTGY83/PWZP18/HKOOB37691167
50170	29/08/2026 12:12:21	CEDIS IDE QUILICURA	10161182	TALCA	Receptado	10000096	31/08/2026 12:38:38	P5T	20	20	0	LTGY83/PWZP18/HKOOB37691167
50175	29/08/2026 14:10:02	CEDIS IDE QUILICURA	10033023	LO ESPEJO	Receptado	10461749	31/08/2026 04:20:41	BG	860	860	0	VSRP19/KYPH94/HKOOB37692488
50175	29/08/2026 14:10:02	CEDIS IDE QUILICURA	10033023	LO ESPEJO	Receptado	10461749	31/08/2026 04:20:41	P5T	16	16	0	VSRP19/KYPH94/HKOOB37692488
50183	29/08/2026 15:52:43	VIÑA DEL MAR	10000599	PLANTA IDEAL	Receptado	10000427	29/08/2026 18:14:16	BG	360	360	0	498/67/498/67/10535997
50183	29/08/2026 15:52:43	VIÑA DEL MAR	10000599	PLANTA IDEAL	Receptado	10000427	29/08/2026 18:14:16	P5T	3	3	0	498/67/498/67/10535997
50350	01/09/2026 00:00:39	PLANTA IDEAL	10001082	CEDIS IDE QUILICURA	Receptado	10001100	01/09/2026 01:55:38	BG	760	760	0	1/1/CHKL478187
50350	01/09/2026 00:00:39	PLANTA IDEAL	10001082	CEDIS IDE QUILICURA	Receptado	10001100	01/09/2026 01:55:38	P5T	14	14	0	1/1/CHKL478187
50350	01/09/2026 00:00:39	PLANTA IDEAL	10001082	CEDIS IDE QUILICURA	Receptado	10001100	01/09/2026 01:55:38	BCH	300	300	0	1/1/CHKL478187
50352	01/09/2026 00:26:01	PLANTA IDEAL	10001082	CEDIS IDE QUILICURA	Receptado	10001100	01/09/2026 01:55:58	BG	328	328	0	1/1/CHKL478149
50352	01/09/2026 00:26:01	PLANTA IDEAL	10001082	CEDIS IDE QUILICURA	Receptado	10001100	01/09/2026 01:55:58	P5T	7	7	0	1/1/CHKL478149
50458	01/09/2026 18:01:32	PLANTA CHILLAN	10000416	PLANTA IDEAL	Receptado	10001082	02/09/2026 04:19:47	BG	78	78	0	PFBS16/KYLG77/10536179
50458	01/09/2026 18:01:32	PLANTA CHILLAN	10000416	PLANTA IDEAL	Receptado	10001082	02/09/2026 04:19:47	P5T	37	37	0	PFBS16/KYLG77/10536179
50458	01/09/2026 18:01:32	PLANTA CHILLAN	10000416	PLANTA IDEAL	Receptado	10001082	02/09/2026 04:19:47	BCH	1119	1119	0	PFBS16/KYLG77/10536179
50462	01/09/2026 18:31:22	PLANTA IDEAL	10033115	CEDIS IDE QUILICURA	Receptado	10032939	01/09/2026 21:17:37	BG	1308	1308	0	50/50/CHKL478209
50462	01/09/2026 18:31:22	PLANTA IDEAL	10033115	CEDIS IDE QUILICURA	Receptado	10032939	01/09/2026 21:17:37	P5T	16	16	0	50/50/CHKL478209
50469	01/09/2026 19:43:24	CEDIS IDE QUILICURA	10032939	CHILLAN	Receptado	10301699	02/09/2026 08:49:54	BG	1076	1076	0	1/1/HKOOB37705107
50469	01/09/2026 19:43:24	CEDIS IDE QUILICURA	10032939	CHILLAN	Receptado	10301699	02/09/2026 08:49:54	P5T	17	17	0	1/1/HKOOB37705107
50495	01/09/2026 21:43:43	CEDIS IDE QUILICURA	10032939	LO ESPEJO	Receptado	10461749	02/09/2026 03:23:31	BG	881	881	0	1/1/HKOOB37707568
50495	01/09/2026 21:43:43	CEDIS IDE QUILICURA	10032939	LO ESPEJO	Receptado	10461749	02/09/2026 03:23:31	P5T	13	13	0	1/1/HKOOB37707568
50496	01/09/2026 22:00:29	CEDIS IDE QUILICURA	10032939	TALCA	Receptado	10000096	02/09/2026 13:33:59	BCH	125	125	0	1/1/HKOOB37705112
50496	01/09/2026 22:00:29	CEDIS IDE QUILICURA	10032939	TALCA	Receptado	10000096	02/09/2026 13:33:59	BG	1235	1201	34	1/1/HKOOB37705112
50496	01/09/2026 22:00:29	CEDIS IDE QUILICURA	10032939	TALCA	Receptado	10000096	02/09/2026 13:33:59	P5T	16	16	0	1/1/HKOOB37705112
50503	01/09/2026 23:41:43	VIÑA DEL MAR	10001291	PLANTA IDEAL	Receptado	10001082	02/09/2026 04:18:47	BG	1440	1440	0	495-64/ideal/10536194
50503	01/09/2026 23:41:43	VIÑA DEL MAR	10001291	PLANTA IDEAL	Receptado	10001082	02/09/2026 04:18:47	P5T	35	36	-1	495-64/ideal/10536194
51139	07/09/2026 16:12:35	CEDIS IDE QUILICURA	10161182	TALCA	Pendiente			BCH	29	0	29	PFBS16/KYLG77/HKOOB37737044
51139	07/09/2026 16:12:35	CEDIS IDE QUILICURA	10161182	TALCA	Pendiente			BG	747	0	747	PFBS16/KYLG77/HKOOB37737044
51139	07/09/2026 16:12:35	CEDIS IDE QUILICURA	10161182	TALCA	Pendiente			P5T	13	0	13	PFBS16/KYLG77/HKOOB37737044
50224	30/08/2026 05:09:57	CEDIS IDE QUILICURA	10032939	LO ESPEJO	Receptado	10461749	31/08/2026 04:21:46	BG	1080	1080	0	1/1/HKOOB37695359
50224	30/08/2026 05:09:57	CEDIS IDE QUILICURA	10032939	LO ESPEJO	Receptado	10461749	31/08/2026 04:21:46	P5T	20	20	0	1/1/HKOOB37695359
50281	31/08/2026 11:43:38	CEDIS IDE QUILICURA	10033023	COPIAPO	Receptado	10405300	01/09/2026 09:22:42	BG	845	845	0	PJJV29/KYLH54/HKOOB37693496
50281	31/08/2026 11:43:38	CEDIS IDE QUILICURA	10033023	COPIAPO	Receptado	10405300	01/09/2026 09:22:42	P5T	13	13	0	PJJV29/KYLH54/HKOOB37693496
50283	31/08/2026 11:56:20	PLANTA IDEAL	10000427	CEDIS IDE QUILICURA	Receptado	10033023	31/08/2026 12:21:38	BG	1104	1104	0	FYLB 8/KYLZ 25/CHKL478129
50283	31/08/2026 11:56:20	PLANTA IDEAL	10000427	CEDIS IDE QUILICURA	Receptado	10033023	31/08/2026 12:21:38	P5T	7	7	0	FYLB 8/KYLZ 25/CHKL478129
50285	31/08/2026 12:12:35	CEDIS IDE QUILICURA	10033023	VIÑA DEL MAR	Receptado	10000599	31/08/2026 18:57:38	BCH	200	220	-20	VRZL40/PXJD34/HKOOB37695368
50285	31/08/2026 12:12:35	CEDIS IDE QUILICURA	10033023	VIÑA DEL MAR	Receptado	10000599	31/08/2026 18:57:38	BG	1386	1461	-75	VRZL40/PXJD34/HKOOB37695368
50285	31/08/2026 12:12:35	CEDIS IDE QUILICURA	10033023	VIÑA DEL MAR	Receptado	10000599	31/08/2026 18:57:38	P5T	24	23	1	VRZL40/PXJD34/HKOOB37695368
50331	31/08/2026 21:05:48	EL PINAR	10149777	ECCOFEED SPA	Receptado	10487508	02/09/2026 10:13:44	BG	130	130	0	ideal/ideal/12583394
50331	31/08/2026 21:05:48	EL PINAR	10149777	ECCOFEED SPA	Receptado	10487508	02/09/2026 10:13:44	P5T	3	3	0	ideal/ideal/12583394
50332	31/08/2026 21:10:21	GRANDES CLIENTES	10001302	PLANTA IDEAL	Receptado	10487508	01/09/2026 09:02:40	BCH	246	246	0	NO APLICA/NO APLICA/NO APLICA
50332	31/08/2026 21:10:21	GRANDES CLIENTES	10001302	PLANTA IDEAL	Receptado	10487508	01/09/2026 09:02:40	BG	1604	1604	0	NO APLICA/NO APLICA/NO APLICA
50332	31/08/2026 21:10:21	GRANDES CLIENTES	10001302	PLANTA IDEAL	Receptado	10487508	01/09/2026 09:02:40	P5T	25	25	0	NO APLICA/NO APLICA/NO APLICA
50334	31/08/2026 21:31:48	CEDIS IDE QUILICURA	10000798	CONCEPCION	Receptado	10001026	01/09/2026 08:22:03	BCH	24	24	0	VJWL64/PXKH32/HKOOB37693518
50334	31/08/2026 21:31:48	CEDIS IDE QUILICURA	10000798	CONCEPCION	Receptado	10001026	01/09/2026 08:22:03	BG	1667	1667	0	VJWL64/PXKH32/HKOOB37693518
50334	31/08/2026 21:31:48	CEDIS IDE QUILICURA	10000798	CONCEPCION	Receptado	10001026	01/09/2026 08:22:03	P5T	30	30	0	VJWL64/PXKH32/HKOOB37693518
50504	01/09/2026 23:45:09	CEDIS IDE QUILICURA	10001100	PLANTA IDEAL	Receptado	10001082	02/09/2026 00:28:29	BG	1820	1820	0	1/1/1
50504	01/09/2026 23:45:09	CEDIS IDE QUILICURA	10001100	PLANTA IDEAL	Receptado	10001082	02/09/2026 00:28:29	P5T	24	27	-3	1/1/1
50506	01/09/2026 23:58:17	PLANTA IDEAL	10001082	CEDIS IDE QUILICURA	Receptado	10001100	02/09/2026 04:24:30	BG	868	868	0	1/1/CHKL478140
50506	01/09/2026 23:58:17	PLANTA IDEAL	10001082	CEDIS IDE QUILICURA	Receptado	10001100	02/09/2026 04:24:30	P5T	11	11	0	1/1/CHKL478140
50507	02/09/2026 00:29:22	PLANTA IDEAL	10001082	CEDIS IDE QUILICURA	Receptado	10001100	02/09/2026 04:22:20	BCH	1700	1700	0	1/1/CHKL478141
50507	02/09/2026 00:29:22	PLANTA IDEAL	10001082	CEDIS IDE QUILICURA	Receptado	10001100	02/09/2026 04:22:20	BG	180	180	0	1/1/CHKL478141
50507	02/09/2026 00:29:22	PLANTA IDEAL	10001082	CEDIS IDE QUILICURA	Receptado	10001100	02/09/2026 04:22:20	P5T	18	18	0	1/1/CHKL478141
50508	02/09/2026 00:37:46	CEDIS IDE QUILICURA	10001100	VIÑA DEL MAR	Receptado	10001291	02/09/2026 07:40:25	BCH	33	33	0	1/1/HKOOB37707580
50508	02/09/2026 00:37:46	CEDIS IDE QUILICURA	10001100	VIÑA DEL MAR	Receptado	10001291	02/09/2026 07:40:25	BG	936	920	16	1/1/HKOOB37707580
50508	02/09/2026 00:37:46	CEDIS IDE QUILICURA	10001100	VIÑA DEL MAR	Receptado	10001291	02/09/2026 07:40:25	P5T	17	17	0	1/1/HKOOB37707580
50509	02/09/2026 00:46:22	CEDIS IDE QUILICURA	10001100	EL PINAR	Receptado	10300015	02/09/2026 10:26:42	BG	1024	1024	0	1/1/HKOOB37707587
50509	02/09/2026 00:46:22	CEDIS IDE QUILICURA	10001100	EL PINAR	Receptado	10300015	02/09/2026 10:26:42	P5T	15	15	0	1/1/HKOOB37707587
50510	02/09/2026 00:58:39	CEDIS IDE QUILICURA	10001100	LO ESPEJO	Receptado	10461749	02/09/2026 03:24:05	BG	960	960	0	1/1/HKOOB37707571
50510	02/09/2026 00:58:39	CEDIS IDE QUILICURA	10001100	LO ESPEJO	Receptado	10461749	02/09/2026 03:24:05	P5T	15	15	0	1/1/HKOOB37707571
50512	02/09/2026 01:00:08	PLANTA IDEAL	10001082	CEDIS IDE QUILICURA	Receptado	10001100	02/09/2026 04:21:24	BG	756	756	0	1/1/CHKL478162
50512	02/09/2026 01:00:08	PLANTA IDEAL	10001082	CEDIS IDE QUILICURA	Receptado	10001100	02/09/2026 04:21:24	P5T	11	11	0	1/1/CHKL478162
50512	02/09/2026 01:00:08	PLANTA IDEAL	10001082	CEDIS IDE QUILICURA	Receptado	10001100	02/09/2026 04:21:24	BCH	100	100	0	1/1/CHKL478162
50531	02/09/2026 05:06:49	CEDIS IDE QUILICURA	10001100	PUERTO MONTT	Receptado	10001696	03/09/2026 10:46:33	BG	173	173	0	1/1/HKOOB37710057
50531	02/09/2026 05:06:49	CEDIS IDE QUILICURA	10001100	PUERTO MONTT	Receptado	10001696	03/09/2026 10:46:33	P5T	3	3	0	1/1/HKOOB37710057
50533	02/09/2026 05:21:48	CEDIS IDE QUILICURA	10001100	LA SERENA	Receptado	10444394	03/09/2026 08:58:34	BCH	125	125	0	1/1/HKOOB37710033
50533	02/09/2026 05:21:48	CEDIS IDE QUILICURA	10001100	LA SERENA	Receptado	10444394	03/09/2026 08:58:34	BG	1425	1425	0	1/1/HKOOB37710033
50533	02/09/2026 05:21:48	CEDIS IDE QUILICURA	10001100	LA SERENA	Receptado	10444394	03/09/2026 08:58:34	P5T	28	28	0	1/1/HKOOB37710033
50587	02/09/2026 12:36:35	GRANDES CLIENTES	10001302	PLANTA IDEAL	Receptado	10000427	02/09/2026 13:01:41	BCH	800	800	0	KYPH94/KYPH94/10536229
50587	02/09/2026 12:36:35	GRANDES CLIENTES	10001302	PLANTA IDEAL	Receptado	10000427	02/09/2026 13:01:41	BG	720	720	0	KYPH94/KYPH94/10536229
50587	02/09/2026 12:36:35	GRANDES CLIENTES	10001302	PLANTA IDEAL	Receptado	10000427	02/09/2026 13:01:41	P5T	68	68	0	KYPH94/KYPH94/10536229
50599	02/09/2026 16:08:29	GRANDES CLIENTES	10001302	PLANTA IDEAL	Receptado	10033115	02/09/2026 16:58:50	BCH	200	200	0	KYPH94/KYPH94/10536236
50599	02/09/2026 16:08:29	GRANDES CLIENTES	10001302	PLANTA IDEAL	Receptado	10033115	02/09/2026 16:58:50	BG	1200	1200	0	KYPH94/KYPH94/10536236
50599	02/09/2026 16:08:29	GRANDES CLIENTES	10001302	PLANTA IDEAL	Receptado	10033115	02/09/2026 16:58:50	P5T	16	16	0	KYPH94/KYPH94/10536236
50600	02/09/2026 16:38:38	CONCEPCION	10001288	ECCOFEED SPA	Receptado	10487508	05/09/2026 11:51:19	BG	430	430	0	DRVC67/JJ8241/10536237
50600	02/09/2026 16:38:38	CONCEPCION	10001288	ECCOFEED SPA	Receptado	10487508	05/09/2026 11:51:19	P5T	7	7	0	DRVC67/JJ8241/10536237
50703	03/09/2026 07:52:27	CHILLAN	10301699	PLANTA CHILLAN	Receptado	10000416	03/09/2026 12:31:03	BG	1076	1076	0	PGKD18/PWZP17/10536252
50703	03/09/2026 07:52:27	CHILLAN	10301699	PLANTA CHILLAN	Receptado	10000416	03/09/2026 12:31:03	BCH	42	42	0	PGKD18/PWZP17/10536252
50703	03/09/2026 07:52:27	CHILLAN	10301699	PLANTA CHILLAN	Receptado	10000416	03/09/2026 12:31:03	P5T	23	23	0	PGKD18/PWZP17/10536252
51144	07/09/2026 17:14:57	CEDIS IDE QUILICURA	10161182	CONCEPCION	Pendiente			BCH	63	0	63	PSLY21/KYRC26/HKOOB37737047
51144	07/09/2026 17:14:57	CEDIS IDE QUILICURA	10161182	CONCEPCION	Pendiente			BG	1342	0	1342	PSLY21/KYRC26/HKOOB37737047
51144	07/09/2026 17:14:57	CEDIS IDE QUILICURA	10161182	CONCEPCION	Pendiente			P5T	22	0	22	PSLY21/KYRC26/HKOOB37737047
50064	28/08/2026 18:13:18	CEDIS IDE QUILICURA	10033023	LO ESPEJO	Receptado	10461749	29/08/2026 06:06:15	BG	776	776	0	VRZL40/PWVX27/HKOOB37687548
50064	28/08/2026 18:13:18	CEDIS IDE QUILICURA	10033023	LO ESPEJO	Receptado	10461749	29/08/2026 06:06:15	P5T	15	15	0	VRZL40/PWVX27/HKOOB37687548
50069	28/08/2026 19:14:31	GRANDES CLIENTES	10001302	PLANTA IDEAL	Receptado	10000427	28/08/2026 20:35:30	BG	1320	1320	0	KYPH94/KYPH94/10535953
50069	28/08/2026 19:14:31	GRANDES CLIENTES	10001302	PLANTA IDEAL	Receptado	10000427	28/08/2026 20:35:30	P5T	11	11	0	KYPH94/KYPH94/10535953
50093	28/08/2026 23:39:48	QUILICURA	10397048	PLANTA IDEAL	Receptado	10033115	29/08/2026 03:23:01	BG	1200	1200	0	00/00/10535969
50093	28/08/2026 23:39:48	QUILICURA	10397048	PLANTA IDEAL	Receptado	10033115	29/08/2026 03:23:01	P5T	10	10	0	00/00/10535969
50118	29/08/2026 04:16:59	VIÑA DEL MAR	10450104	PLANTA IDEAL	Receptado	10001082	29/08/2026 08:12:34	BG	1320	1318	2	VRLZ40/PXJD32/10535974
50118	29/08/2026 04:16:59	VIÑA DEL MAR	10450104	PLANTA IDEAL	Receptado	10001082	29/08/2026 08:12:34	P5T	47	49	-2	VRLZ40/PXJD32/10535974
50121	29/08/2026 04:58:54	CEDIS IDE QUILICURA	10032939	LO ESPEJO	Receptado	10461749	29/08/2026 06:06:49	BG	1272	1272	0	1/1/HKOOB37692483
50121	29/08/2026 04:58:54	CEDIS IDE QUILICURA	10032939	LO ESPEJO	Receptado	10461749	29/08/2026 06:06:49	P5T	22	22	0	1/1/HKOOB37692483
50122	29/08/2026 05:32:35	CEDIS IDE QUILICURA	10032939	RANCAGUA	Receptado	10000032	29/08/2026 09:32:08	BCH	67	67	0	1/1/HKOOB37691162
50122	29/08/2026 05:32:35	CEDIS IDE QUILICURA	10032939	RANCAGUA	Receptado	10000032	29/08/2026 09:32:08	BG	1149	1149	0	1/1/HKOOB37691162
50122	29/08/2026 05:32:35	CEDIS IDE QUILICURA	10032939	RANCAGUA	Receptado	10000032	29/08/2026 09:32:08	P5T	17	17	0	1/1/HKOOB37691162
50123	29/08/2026 05:40:19	PLANTA IDEAL	10033115	CEDIS IDE QUILICURA	Receptado	10032939	29/08/2026 05:47:01	BG	1320	1320	0	50/50/CHKL477928
50123	29/08/2026 05:40:19	PLANTA IDEAL	10033115	CEDIS IDE QUILICURA	Receptado	10032939	29/08/2026 05:47:01	P5T	20	20	0	50/50/CHKL477928
50124	29/08/2026 05:41:58	PLANTA IDEAL	10033115	CEDIS IDE QUILICURA	Receptado	10032939	29/08/2026 05:47:12	P5T	4	4	0	50/50/CHKL477863
50130	29/08/2026 06:15:42	CEDIS IDE QUILICURA	10032939	LO ESPEJO	Receptado	10461749	31/08/2026 04:20:10	BG	1140	1140	0	1/1/HKOOB37692485
50130	29/08/2026 06:15:42	CEDIS IDE QUILICURA	10032939	LO ESPEJO	Receptado	10461749	31/08/2026 04:20:10	P5T	18	18	0	1/1/HKOOB37692485
50131	29/08/2026 06:53:19	LOS ANDES	10486010	ECCOFEED SPA	Receptado	10487508	02/09/2026 10:09:47	BG	215	215	0	HVSX-52/HVSX-52/11737063
50131	29/08/2026 06:53:19	LOS ANDES	10486010	ECCOFEED SPA	Receptado	10487508	02/09/2026 10:09:47	P5T	6	6	0	HVSX-52/HVSX-52/11737063
50223	30/08/2026 05:00:03	PLANTA IDEAL	10033115	CEDIS IDE QUILICURA	Receptado	10032939	30/08/2026 05:52:47	BG	1248	1248	0	50/50/CHKL478105
50223	30/08/2026 05:00:03	PLANTA IDEAL	10033115	CEDIS IDE QUILICURA	Receptado	10032939	30/08/2026 05:52:47	P5T	21	21	0	50/50/CHKL478105
50348	31/08/2026 23:52:17	VIÑA DEL MAR	10001291	PLANTA IDEAL	Receptado	10001082	01/09/2026 05:41:38	BG	1980	1980	0	TV TD-89/KY PH-95/10536126
50348	31/08/2026 23:52:17	VIÑA DEL MAR	10001291	PLANTA IDEAL	Receptado	10001082	01/09/2026 05:41:38	P5T	22	22	0	TV TD-89/KY PH-95/10536126
50511	02/09/2026 01:04:32	CEDIS IDE QUILICURA	10001100	PLANTA IDEAL	Receptado	10001082	02/09/2026 05:34:12	BG	660	660	0	1/1/1
50511	02/09/2026 01:04:32	CEDIS IDE QUILICURA	10001100	PLANTA IDEAL	Receptado	10001082	02/09/2026 05:34:12	P5T	30	30	0	1/1/1
50527	02/09/2026 04:14:23	LO ESPEJO	10461749	PLANTA IDEAL	Receptado	10000427	02/09/2026 11:51:00	BG	504	504	0	001/001+/10536201
50527	02/09/2026 04:14:23	LO ESPEJO	10461749	PLANTA IDEAL	Receptado	10000427	02/09/2026 11:51:00	P5T	9	9	0	001/001+/10536201
50530	02/09/2026 05:00:41	CEDIS IDE QUILICURA	10001100	PUERTO MONTT	Receptado	10001696	03/09/2026 10:46:10	BCH	26	26	0	1/1/HKOOB37710057
50530	02/09/2026 05:00:41	CEDIS IDE QUILICURA	10001100	PUERTO MONTT	Receptado	10001696	03/09/2026 10:46:10	BG	797	797	0	1/1/HKOOB37710057
50530	02/09/2026 05:00:41	CEDIS IDE QUILICURA	10001100	PUERTO MONTT	Receptado	10001696	03/09/2026 10:46:10	P5T	15	15	0	1/1/HKOOB37710057
50535	02/09/2026 05:51:37	GRANDES CLIENTES	10001251	PLANTA IDEAL	Receptado	10000427	02/09/2026 07:48:48	BG	1440	1440	0	0/0/10536203
50535	02/09/2026 05:51:37	GRANDES CLIENTES	10001251	PLANTA IDEAL	Receptado	10000427	02/09/2026 07:48:48	P5T	9	9	0	0/0/10536203
50594	02/09/2026 13:35:52	PLANTA CHILLAN	10000416	PLANTA IDEAL	Receptado	10033115	02/09/2026 22:35:48	BCH	183	183	0	PSLY27 /PWZP19/ 10536231
50594	02/09/2026 13:35:52	PLANTA CHILLAN	10000416	PLANTA IDEAL	Receptado	10033115	02/09/2026 22:35:48	BG	1741	1741	0	PSLY27 /PWZP19/ 10536231
49750	26/08/2026 14:04:45	GRANDES CLIENTES	10001302	PLANTA IDEAL	Receptado	10000427	26/08/2026 16:00:49	BG	360	360	0	PWVX27/PWVX27/10535761
49750	26/08/2026 14:04:45	GRANDES CLIENTES	10001302	PLANTA IDEAL	Receptado	10000427	26/08/2026 16:00:49	P5T	54	54	0	PWVX27/PWVX27/10535761
49750	26/08/2026 14:04:45	GRANDES CLIENTES	10001302	PLANTA IDEAL	Receptado	10000427	26/08/2026 16:00:49	BCH	1400	1400	0	PWVX27/PWVX27/10535761
49771	26/08/2026 19:12:26	SALON TOBALABA	10000349-1	QUILICURA	Receptado	101196341	26/08/2026 21:50:07	BG	2	2	0	0/0/0
49773	26/08/2026 19:20:20	SALON PEDRO DE VALDIVIA	10000349	QUILICURA	Receptado	101196341	26/08/2026 21:49:57	BG	11	11	0	0/0/0
49774	26/08/2026 19:35:14	PLANTA IDEAL	10000427	CEDIS IDE QUILICURA	Receptado	10033023	26/08/2026 19:46:11	BG	1122	1122	0	FYLB 83/KYLZ 24/CHKL477734
49774	26/08/2026 19:35:14	PLANTA IDEAL	10000427	CEDIS IDE QUILICURA	Receptado	10033023	26/08/2026 19:46:11	P5T	21	21	0	FYLB 83/KYLZ 24/CHKL477734
49775	26/08/2026 19:38:48	PLANTA IDEAL	10000427	CEDIS IDE QUILICURA	Receptado	10033023	26/08/2026 19:45:55	BG	792	792	0	DBLS 59/PXJD 32/CHKL477664
49775	26/08/2026 19:38:48	PLANTA IDEAL	10000427	CEDIS IDE QUILICURA	Receptado	10033023	26/08/2026 19:45:55	P5T	17	17	0	DBLS 59/PXJD 32/CHKL477664
49778	26/08/2026 19:40:48	CEDIS IDE QUILICURA	10033023	CHILLAN	Receptado	10301699	27/08/2026 09:14:22	BCH	25	79	-54	PSLY27/PWZP19/HKOOB37675854
49778	26/08/2026 19:40:48	CEDIS IDE QUILICURA	10033023	CHILLAN	Receptado	10301699	27/08/2026 09:14:22	BG	1330	1330	0	PSLY27/PWZP19/HKOOB37675854
49778	26/08/2026 19:40:48	CEDIS IDE QUILICURA	10033023	CHILLAN	Receptado	10301699	27/08/2026 09:14:22	P5T	23	23	0	PSLY27/PWZP19/HKOOB37675854
49789	26/08/2026 20:38:08	GRANDES CLIENTES	10001302	PLANTA IDEAL	Receptado	10001082	31/08/2026 00:02:58	BG	1085	1085	0	NO APLICA/NO APLICA/NO APLICA
49791	26/08/2026 21:04:36	GRANDES CLIENTES	10119634	PLANTA IDEAL	Receptado	10000427	26/08/2026 21:47:45	BG	1200	1200	0	Rene Espinoza/0/10535787
49791	26/08/2026 21:04:36	GRANDES CLIENTES	10119634	PLANTA IDEAL	Receptado	10000427	26/08/2026 21:47:45	P5T	10	10	0	Rene Espinoza/0/10535787
50096	29/08/2026 00:28:16	CEDIS IDE QUILICURA	10032939	SALON LO ESPEJO	Receptado	10000848	31/08/2026 12:52:38	BG	24	24	0	1/1/CHKO384028
50096	29/08/2026 00:28:16	CEDIS IDE QUILICURA	10032939	SALON LO ESPEJO	Receptado	10000848	31/08/2026 12:52:38	P5T	1	0	1	1/1/CHKO384028
50347	31/08/2026 23:47:29	CEDIS IDE QUILICURA	10001100	LO ESPEJO	Receptado	10461749	01/09/2026 01:05:13	BCH	8	8	0	1/1/HKOOB37695364
50347	31/08/2026 23:47:29	CEDIS IDE QUILICURA	10001100	LO ESPEJO	Receptado	10461749	01/09/2026 01:05:13	BG	767	767	0	1/1/HKOOB37695364
50347	31/08/2026 23:47:29	CEDIS IDE QUILICURA	10001100	LO ESPEJO	Receptado	10461749	01/09/2026 01:05:13	P5T	17	17	0	1/1/HKOOB37695364
50349	01/09/2026 00:02:35	QUILICURA	10397048	PLANTA IDEAL	Receptado	10001082	01/09/2026 00:56:20	BG	480	480	0	0/0/10536131
50349	01/09/2026 00:02:35	QUILICURA	10397048	PLANTA IDEAL	Receptado	10001082	01/09/2026 00:56:20	P5T	4	4	0	0/0/10536131
50359	01/09/2026 02:15:26	CEDIS IDE QUILICURA	10001100	PUERTO MONTT	Receptado	10001696	02/09/2026 10:24:54	BCH	20	20	0	1/1/HKOOB37705117
50359	01/09/2026 02:15:26	CEDIS IDE QUILICURA	10001100	PUERTO MONTT	Receptado	10001696	02/09/2026 10:24:54	BG	1364	1364	0	1/1/HKOOB37705117
50359	01/09/2026 02:15:26	CEDIS IDE QUILICURA	10001100	PUERTO MONTT	Receptado	10001696	02/09/2026 10:24:54	P5T	22	21	1	1/1/HKOOB37705117
50361	01/09/2026 02:32:46	CEDIS IDE QUILICURA	10001100	MELIPILLA	Receptado	10291937	01/09/2026 09:58:24	BCH	12	15	-3	1/1/HKOOB37705120
50361	01/09/2026 02:32:46	CEDIS IDE QUILICURA	10001100	MELIPILLA	Receptado	10291937	01/09/2026 09:58:24	BG	655	673	-18	1/1/HKOOB37705120
50361	01/09/2026 02:32:46	CEDIS IDE QUILICURA	10001100	MELIPILLA	Receptado	10291937	01/09/2026 09:58:24	P5T	11	13	-2	1/1/HKOOB37705120
50362	01/09/2026 02:46:40	PLANTA IDEAL	10001082	CEDIS IDE QUILICURA	Receptado	10001100	01/09/2026 05:29:51	BG	940	940	0	1/1/CHKL478207
50362	01/09/2026 02:46:40	PLANTA IDEAL	10001082	CEDIS IDE QUILICURA	Receptado	10001100	01/09/2026 05:29:51	P5T	17	17	0	1/1/CHKL478207
50363	01/09/2026 03:11:55	CEDIS IDE QUILICURA	10001100	LO ESPEJO	Receptado	10138605	01/09/2026 14:22:29	BG	1215	1215	0	1/1/HKOOB37707564
50363	01/09/2026 03:11:55	CEDIS IDE QUILICURA	10001100	LO ESPEJO	Receptado	10138605	01/09/2026 14:22:29	P5T	18	18	0	1/1/HKOOB37707564
50366	01/09/2026 03:29:37	PLANTA IDEAL	10001082	CEDIS IDE QUILICURA	Receptado	10001100	01/09/2026 06:17:37	BG	1048	1048	0	1/1/CHKL478133
50366	01/09/2026 03:29:37	PLANTA IDEAL	10001082	CEDIS IDE QUILICURA	Receptado	10001100	01/09/2026 06:17:37	P5T	14	14	0	1/1/CHKL478133
50368	01/09/2026 03:54:48	PLANTA IDEAL	10001082	CEDIS IDE QUILICURA	Receptado	10001100	01/09/2026 06:21:30	BCH	500	500	0	1/1/CHKL478151
50368	01/09/2026 03:54:48	PLANTA IDEAL	10001082	CEDIS IDE QUILICURA	Receptado	10001100	01/09/2026 06:21:30	BG	768	768	0	1/1/CHKL478151
50368	01/09/2026 03:54:48	PLANTA IDEAL	10001082	CEDIS IDE QUILICURA	Receptado	10001100	01/09/2026 06:21:30	P5T	19	19	0	1/1/CHKL478151
50569	02/09/2026 09:42:50	PUERTO MONTT	10001696	PLANTA CHILLAN	Receptado	10000416	03/09/2026 17:04:04	BG	1740	1740	0	LZRG-89/PXJF-27/10536220
50569	02/09/2026 09:42:50	PUERTO MONTT	10001696	PLANTA CHILLAN	Receptado	10000416	03/09/2026 17:04:04	P5T	17	17	0	LZRG-89/PXJF-27/10536220
50580	02/09/2026 11:16:58	CEDIS IDE QUILICURA	10033023	VALDIVIA	Receptado	10421004	04/09/2026 10:08:17	BCH	71	71	0	LCTB56/PTYJ57/HKOOB37710056
50580	02/09/2026 11:16:58	CEDIS IDE QUILICURA	10033023	VALDIVIA	Receptado	10421004	04/09/2026 10:08:17	BG	1067	1067	0	LCTB56/PTYJ57/HKOOB37710056
50580	02/09/2026 11:16:58	CEDIS IDE QUILICURA	10033023	VALDIVIA	Receptado	10421004	04/09/2026 10:08:17	P5T	18	18	0	LCTB56/PTYJ57/HKOOB37710056
50617	02/09/2026 18:28:23	PLANTA IDEAL	10033115	CEDIS IDE QUILICURA	Receptado	10032939	02/09/2026 18:50:26	BG	1260	1260	0	50/50/CHKL478268
50617	02/09/2026 18:28:23	PLANTA IDEAL	10033115	CEDIS IDE QUILICURA	Receptado	10032939	02/09/2026 18:50:26	P5T	15	15	0	50/50/CHKL478268
50707	03/09/2026 08:03:16	TEMUCO	10344423	PLANTA CHILLAN	Receptado	10000416	03/09/2026 13:13:15	BCH	89	89	0	RFZY99 /PTYJ58 /10536273
50707	03/09/2026 08:03:16	TEMUCO	10344423	PLANTA CHILLAN	Receptado	10000416	03/09/2026 13:13:15	BG	1674	1604	70	RFZY99 /PTYJ58 /10536273
50707	03/09/2026 08:03:16	TEMUCO	10344423	PLANTA CHILLAN	Receptado	10000416	03/09/2026 13:13:15	P5T	36	36	0	RFZY99 /PTYJ58 /10536273
50713	03/09/2026 09:12:47	PLANTA IDEAL	10000427	CEDIS IDE QUILICURA	Receptado	10033023	03/09/2026 09:41:01	BG	900	900	0	FYLB 83/KYLZ 25/CHKL478365
50714	03/09/2026 09:14:42	PLANTA IDEAL	10000427	CEDIS IDE QUILICURA	Receptado	10033023	03/09/2026 09:40:46	BG	1112	1112	0	FYLB 83/KYLZ 25/CHKL478223
50722	03/09/2026 09:37:58	CEDIS IDE QUILICURA	10033023	GRANDES CLIENTES	Receptado	10119634	03/09/2026 16:31:12	BCH	1182	1182	0	,/,/CHKO384308
50722	03/09/2026 09:37:58	CEDIS IDE QUILICURA	10033023	GRANDES CLIENTES	Receptado	10119634	03/09/2026 16:31:12	BG	1913	1913	0	,/,/CHKO384308
50722	03/09/2026 09:37:58	CEDIS IDE QUILICURA	10033023	GRANDES CLIENTES	Receptado	10119634	03/09/2026 16:31:12	P5T	44	44	0	,/,/CHKO384308
50723	03/09/2026 09:40:59	PLANTA IDEAL	10000427	CEDIS IDE QUILICURA	Receptado	10033023	03/09/2026 14:22:40	BG	1044	1044	0	FYLB 83/KYLZ 25/CHKL478293
50723	03/09/2026 09:40:59	PLANTA IDEAL	10000427	CEDIS IDE QUILICURA	Receptado	10033023	03/09/2026 14:22:40	P5T	16	16	0	FYLB 83/KYLZ 25/CHKL478293
50725	03/09/2026 09:50:48	GRANDES CLIENTES	10143848	PLANTA IDEAL	Receptado	10000427	04/09/2026 10:50:25	BG	600	600	0	S/I/S/I/10536285
50769	03/09/2026 20:15:43	MELIPILLA	10469278	QUILICURA	Pendiente			BG	16	0	16	Quilicura/Quilicura/N°12667649
50076	28/08/2026 20:13:48	GRANDES CLIENTES	10001302	PLANTA IDEAL	Receptado	10000427	03/09/2026 12:41:55	BCH	225	225	0	NO APLICA/NO APLICA/NO APLICA
50076	28/08/2026 20:13:48	GRANDES CLIENTES	10001302	PLANTA IDEAL	Receptado	10000427	03/09/2026 12:41:55	BG	1638	1638	0	NO APLICA/NO APLICA/NO APLICA
50076	28/08/2026 20:13:48	GRANDES CLIENTES	10001302	PLANTA IDEAL	Receptado	10000427	03/09/2026 12:41:55	P5T	23	23	0	NO APLICA/NO APLICA/NO APLICA
50594	02/09/2026 13:35:52	PLANTA CHILLAN	10000416	PLANTA IDEAL	Receptado	10033115	02/09/2026 22:35:48	P5T	24	24	0	PSLY27 /PWZP19/ 10536231
50602	02/09/2026 17:02:52	GRANDES CLIENTES	10001302	PLANTA IDEAL	Receptado	10033115	02/09/2026 18:57:41	BG	1320	1320	0	KYPH94/KYPH94/10536241
50602	02/09/2026 17:02:52	GRANDES CLIENTES	10001302	PLANTA IDEAL	Receptado	10033115	02/09/2026 18:57:41	P5T	11	11	0	KYPH94/KYPH94/10536241
50609	02/09/2026 17:57:08	PLANTA IDEAL	10033115	CEDIS IDE QUILICURA	Receptado	10032939	02/09/2026 18:08:15	BG	1256	1256	0	50/50/CHKL478216
50609	02/09/2026 17:57:08	PLANTA IDEAL	10033115	CEDIS IDE QUILICURA	Receptado	10032939	02/09/2026 18:08:15	P5T	19	19	0	50/50/CHKL478216
50610	02/09/2026 17:58:23	PLANTA IDEAL	10033115	CEDIS IDE QUILICURA	Receptado	10032939	02/09/2026 18:08:28	BG	801	801	0	50/50/CHKL478217
50610	02/09/2026 17:58:23	PLANTA IDEAL	10033115	CEDIS IDE QUILICURA	Receptado	10032939	02/09/2026 18:08:28	P5T	16	16	0	50/50/CHKL478217
50615	02/09/2026 18:22:27	GRANDES CLIENTES	10001302	PLANTA IDEAL	Receptado	10000427	03/09/2026 12:42:43	BG	600	600	0	NO APLICA/NO APLICA/1007650
50615	02/09/2026 18:22:27	GRANDES CLIENTES	10001302	PLANTA IDEAL	Receptado	10000427	03/09/2026 12:42:43	P5T	10	10	0	NO APLICA/NO APLICA/1007650
50616	02/09/2026 18:23:50	ANTOFAGASTA	10299402	LA SERENA	Receptado	10444394	04/09/2026 09:40:37	BG	100	100	0	PSLY22/HGKY40/12282655
50616	02/09/2026 18:23:50	ANTOFAGASTA	10299402	LA SERENA	Receptado	10444394	04/09/2026 09:40:37	P5T	1	1	0	PSLY22/HGKY40/12282655
50702	03/09/2026 07:43:06	VALDIVIA	10421004	ECCOFEED SPA	Pendiente			BG	185	0	185	LCTB56/PTYJ57/10536272
50702	03/09/2026 07:43:06	VALDIVIA	10421004	ECCOFEED SPA	Pendiente			P5T	3	0	3	LCTB56/PTYJ57/10536272
50708	03/09/2026 08:10:06	PUERTO MONTT	10001696	ECCOFEED SPA	Pendiente			BG	111	0	111	PFBS-11/PXJF-26/13058118-19-20
50708	03/09/2026 08:10:06	PUERTO MONTT	10001696	ECCOFEED SPA	Pendiente			P5T	2	0	2	PFBS-11/PXJF-26/13058118-19-20
50739	03/09/2026 12:20:42	CEDIS IDE QUILICURA	10033023	PUERTO MONTT	Receptado	10001696	04/09/2026 12:57:05	BCH	34	34	0	PSLY21/PTYJ59/HKOOB37720980
50739	03/09/2026 12:20:42	CEDIS IDE QUILICURA	10033023	PUERTO MONTT	Receptado	10001696	04/09/2026 12:57:05	BG	555	555	0	PSLY21/PTYJ59/HKOOB37720980
50739	03/09/2026 12:20:42	CEDIS IDE QUILICURA	10033023	PUERTO MONTT	Receptado	10001696	04/09/2026 12:57:05	P5T	9	9	0	PSLY21/PTYJ59/HKOOB37720980
50740	03/09/2026 12:34:34	CEDIS IDE QUILICURA	10033023	PUERTO MONTT	Receptado	10001696	04/09/2026 12:57:47	BG	272	272	0	PSLY21/PSLY21/HKOOB37720980
50740	03/09/2026 12:34:34	CEDIS IDE QUILICURA	10033023	PUERTO MONTT	Receptado	10001696	04/09/2026 12:57:47	P5T	6	6	0	PSLY21/PSLY21/HKOOB37720980
50742	03/09/2026 12:56:07	PLANTA IDEAL	10000427	CEDIS IDE QUILICURA	Receptado	10032939	03/09/2026 18:10:24	P5T	3	3	0	DBLS 59/DBLS 59/CHKL478366
50743	03/09/2026 13:01:16	PLANTA IDEAL	10000427	CEDIS IDE QUILICURA	Receptado	10033023	03/09/2026 15:44:29	BG	1278	1278	0	FYLB 83/KYLZ 25/CHKL478316
50743	03/09/2026 13:01:16	PLANTA IDEAL	10000427	CEDIS IDE QUILICURA	Receptado	10033023	03/09/2026 15:44:29	P5T	19	19	0	FYLB 83/KYLZ 25/CHKL478316
50748	03/09/2026 13:33:25	CEDIS IDE QUILICURA	10033023	PLANTA IDEAL	Receptado	10001082	04/09/2026 02:06:23	BG	894	1232	-338	,/,/,
50748	03/09/2026 13:33:25	CEDIS IDE QUILICURA	10033023	PLANTA IDEAL	Receptado	10001082	04/09/2026 02:06:23	P5T	14	19	-5	,/,/,
50756	03/09/2026 17:00:34	GRANDES CLIENTES	10001302	PLANTA IDEAL	Receptado	10033115	03/09/2026 20:07:28	BCH	800	800	0	HXDF11/HXDF11/10536310
50756	03/09/2026 17:00:34	GRANDES CLIENTES	10001302	PLANTA IDEAL	Receptado	10033115	03/09/2026 20:07:28	BG	720	720	0	HXDF11/HXDF11/10536310
50756	03/09/2026 17:00:34	GRANDES CLIENTES	10001302	PLANTA IDEAL	Receptado	10033115	03/09/2026 20:07:28	P5T	44	44	0	HXDF11/HXDF11/10536310
50763	03/09/2026 18:17:29	ANTOFAGASTA	10299402	PLANTA IDEAL	Receptado	10033115	04/09/2026 21:30:01	BCH	138	138	0	PGKD17/X/10536318
50763	03/09/2026 18:17:29	ANTOFAGASTA	10299402	PLANTA IDEAL	Receptado	10033115	04/09/2026 21:30:01	BG	1345	1345	0	PGKD17/X/10536318
50763	03/09/2026 18:17:29	ANTOFAGASTA	10299402	PLANTA IDEAL	Receptado	10033115	04/09/2026 21:30:01	P5T	18	18	0	PGKD17/X/10536318
50765	03/09/2026 18:31:49	CEDIS IDE QUILICURA	10032939	ARICA	Receptado	10154469	07/09/2026 05:28:47	BG	528	528	0	1/1/HKOOB37722857
50765	03/09/2026 18:31:49	CEDIS IDE QUILICURA	10032939	ARICA	Receptado	10154469	07/09/2026 05:28:47	P5T	9	9	0	1/1/HKOOB37722857
50766	03/09/2026 19:36:21	GRANDES CLIENTES	10001302	PLANTA IDEAL	Receptado	10033115	03/09/2026 20:24:40	BG	1320	1320	0	PXJD32/PXJD32/10536321
50766	03/09/2026 19:36:21	GRANDES CLIENTES	10001302	PLANTA IDEAL	Receptado	10033115	03/09/2026 20:24:40	P5T	11	11	0	PXJD32/PXJD32/10536321
50773	03/09/2026 20:27:24	GRANDES CLIENTES	10001302	PLANTA IDEAL	Receptado	10033115	03/09/2026 21:27:41	BG	1320	1320	0	PXJD32/PXJD32/10536323
50773	03/09/2026 20:27:24	GRANDES CLIENTES	10001302	PLANTA IDEAL	Receptado	10033115	03/09/2026 21:27:41	P5T	11	11	0	PXJD32/PXJD32/10536323
50042	28/08/2026 14:39:46	CEDIS IDE QUILICURA	10033023	LO ESPEJO	Receptado	10461749	29/08/2026 06:06:01	BG	590	590	0	VRZL40/PWVW35/HKOOB37687547
50042	28/08/2026 14:39:46	CEDIS IDE QUILICURA	10033023	LO ESPEJO	Receptado	10461749	29/08/2026 06:06:01	P5T	14	14	0	VRZL40/PWVW35/HKOOB37687547
50074	28/08/2026 20:04:22	LO ESPEJO	10458156	PLANTA IDEAL	Receptado	10001082	31/08/2026 00:02:17	BG	599	599	0	IDEAL/IDEAL/IDEAL
50074	28/08/2026 20:04:22	LO ESPEJO	10458156	PLANTA IDEAL	Receptado	10001082	31/08/2026 00:02:17	P5T	6	6	0	IDEAL/IDEAL/IDEAL
50502	01/09/2026 23:40:46	PLANTA IDEAL	10001082	CEDIS IDE QUILICURA	Receptado	10001100	02/09/2026 04:25:09	BG	672	672	0	1/1/CHKL478139
50502	01/09/2026 23:40:46	PLANTA IDEAL	10001082	CEDIS IDE QUILICURA	Receptado	10001100	02/09/2026 04:25:09	P5T	17	17	0	1/1/CHKL478139
50505	01/09/2026 23:45:58	GRANDES CLIENTES	10001251	PLANTA IDEAL	Receptado	10001082	02/09/2026 01:13:54	BG	1200	1200	0	0/0/10536195
50505	01/09/2026 23:45:58	GRANDES CLIENTES	10001251	PLANTA IDEAL	Receptado	10001082	02/09/2026 01:13:54	P5T	10	10	0	0/0/10536195
50769	03/09/2026 20:15:43	MELIPILLA	10469278	QUILICURA	Pendiente			P5T	1	0	1	Quilicura/Quilicura/N°12667649
50772	03/09/2026 20:26:50	PLANTA IDEAL	10033115	CEDIS IDE QUILICURA	Receptado	10032939	03/09/2026 21:36:44	BG	1161	1161	0	50/50/CHKL478368
50772	03/09/2026 20:26:50	PLANTA IDEAL	10033115	CEDIS IDE QUILICURA	Receptado	10032939	03/09/2026 21:36:44	P5T	15	15	0	50/50/CHKL478368
50775	03/09/2026 20:29:32	CEDIS IDE QUILICURA	10032939	PLANTA CHILLAN	Receptado	10000416	05/09/2026 12:00:49	P5T	15	15	0	1/1/PLANTA CHILLAN PP
50778	03/09/2026 20:35:26	PLANTA IDEAL	10033115	CEDIS IDE QUILICURA	Receptado	10032939	03/09/2026 21:13:08	BG	1080	1080	0	49/49/CHKL478349
50778	03/09/2026 20:35:26	PLANTA IDEAL	10033115	CEDIS IDE QUILICURA	Receptado	10032939	03/09/2026 21:13:08	P5T	17	17	0	49/49/CHKL478349
50780	03/09/2026 20:48:34	QUILICURA	101196341	GRANDES CLIENTES	Receptado	101196341	03/09/2026 20:50:03	BG	2040	2040	0	0/0/0
50780	03/09/2026 20:48:34	QUILICURA	101196341	GRANDES CLIENTES	Receptado	101196341	03/09/2026 20:50:03	P5T	17	17	0	0/0/0
50780	03/09/2026 20:48:34	QUILICURA	101196341	GRANDES CLIENTES	Receptado	101196341	03/09/2026 20:50:03	BCH	62	62	0	0/0/0
50783	03/09/2026 21:11:21	LO ESPEJO	10458156	PLANTA IDEAL	Receptado	10033115	06/09/2026 10:23:58	BG	1585	1585	0	IDEAL/IDEAL/IDEAL
50783	03/09/2026 21:11:21	LO ESPEJO	10458156	PLANTA IDEAL	Receptado	10033115	06/09/2026 10:23:58	P5T	9	9	0	IDEAL/IDEAL/IDEAL
50783	03/09/2026 21:11:21	LO ESPEJO	10458156	PLANTA IDEAL	Receptado	10033115	06/09/2026 10:23:58	BCH	12	12	0	IDEAL/IDEAL/IDEAL
50787	03/09/2026 21:21:03	PLANTA IDEAL	10033115	CEDIS IDE QUILICURA	Receptado	10032939	03/09/2026 22:07:43	BG	1118	1118	0	50/50/CHKL478370
50787	03/09/2026 21:21:03	PLANTA IDEAL	10033115	CEDIS IDE QUILICURA	Receptado	10032939	03/09/2026 22:07:43	P5T	11	11	0	50/50/CHKL478370
50790	03/09/2026 21:32:20	CEDIS IDE QUILICURA	10032939	EL PINAR	Receptado	10300015	04/09/2026 14:14:42	BG	944	944	0	1/1/HKOOB37720950
50790	03/09/2026 21:32:20	CEDIS IDE QUILICURA	10032939	EL PINAR	Receptado	10300015	04/09/2026 14:14:42	P5T	14	14	0	1/1/HKOOB37720950
50797	03/09/2026 23:49:06	PLANTA IDEAL	10001082	CEDIS IDE QUILICURA	Receptado	10001100	04/09/2026 00:43:50	BG	1296	1296	0	1/1/CHKL478373
50797	03/09/2026 23:49:06	PLANTA IDEAL	10001082	CEDIS IDE QUILICURA	Receptado	10001100	04/09/2026 00:43:50	P5T	19	19	0	1/1/CHKL478373
50943	05/09/2026 01:36:59	PLANTA IDEAL	10001082	CEDIS IDE QUILICURA	Receptado	10001100	05/09/2026 06:39:45	P5T	21	21	0	1/1/CHKL478469
50944	05/09/2026 01:44:57	CEDIS IDE QUILICURA	10001100	CONCEPCION	Receptado	10001026	07/09/2026 08:01:16	BG	1064	1064	0	1/1/HKOOB37731234
50944	05/09/2026 01:44:57	CEDIS IDE QUILICURA	10001100	CONCEPCION	Receptado	10001026	07/09/2026 08:01:16	P5T	12	12	0	1/1/HKOOB37731234
50945	05/09/2026 01:47:46	QUILICURA	10397048	PLANTA IDEAL	Receptado	10001082	05/09/2026 03:11:25	BG	720	720	0	000000/000000/10536409
50945	05/09/2026 01:47:46	QUILICURA	10397048	PLANTA IDEAL	Receptado	10001082	05/09/2026 03:11:25	P5T	6	6	0	000000/000000/10536409
50971	05/09/2026 05:55:49	CEDIS IDE QUILICURA	10001100	ANTOFAGASTA	Receptado	10299402	07/09/2026 06:08:44	BCH	80	80	0	1/1/HKOOB37731240
50971	05/09/2026 05:55:49	CEDIS IDE QUILICURA	10001100	ANTOFAGASTA	Receptado	10299402	07/09/2026 06:08:44	BG	1366	1366	0	1/1/HKOOB37731240
50971	05/09/2026 05:55:49	CEDIS IDE QUILICURA	10001100	ANTOFAGASTA	Receptado	10299402	07/09/2026 06:08:44	P5T	21	21	0	1/1/HKOOB37731240
50984	05/09/2026 07:42:20	CHILLAN	10301699	ECCOFEED SPA	Pendiente			BG	136	0	136	PJJV29/KYLH54/10536398
50984	05/09/2026 07:42:20	CHILLAN	10301699	ECCOFEED SPA	Pendiente			P5T	3	0	3	PJJV29/KYLH54/10536398
50987	05/09/2026 08:10:47	CEDIS IDE QUILICURA	10033023	LO ESPEJO	Receptado	10458156	05/09/2026 15:57:26	BG	996	996	0	VRZL40/JG5632/HKOOB37731252
50987	05/09/2026 08:10:47	CEDIS IDE QUILICURA	10033023	LO ESPEJO	Receptado	10458156	05/09/2026 15:57:26	P5T	16	16	0	VRZL40/JG5632/HKOOB37731252
50989	05/09/2026 08:43:40	COPIAPO	10405300	ECCOFEED SPA	Pendiente			BG	245	0	245	PJJV10/HGKF80/8617733
50989	05/09/2026 08:43:40	COPIAPO	10405300	ECCOFEED SPA	Pendiente			P5T	4	0	4	PJJV10/HGKF80/8617733
50990	05/09/2026 08:58:09	RANCAGUA	10000032	PLANTA IDEAL	Receptado	10000427	05/09/2026 12:19:43	BCH	83	83	0	DRPH-69/JJ-4819/10536418
50990	05/09/2026 08:58:09	RANCAGUA	10000032	PLANTA IDEAL	Receptado	10000427	05/09/2026 12:19:43	BG	1518	1518	0	DRPH-69/JJ-4819/10536418
50990	05/09/2026 08:58:09	RANCAGUA	10000032	PLANTA IDEAL	Receptado	10000427	05/09/2026 12:19:43	P5T	18	18	0	DRPH-69/JJ-4819/10536418
50991	05/09/2026 09:13:38	RANCAGUA	10000032	ECCOFEED SPA	Receptado	10487508	06/09/2026 10:45:08	BG	235	235	0	DRPH-69/JJ-4819/10536419
50991	05/09/2026 09:13:38	RANCAGUA	10000032	ECCOFEED SPA	Receptado	10487508	06/09/2026 10:45:08	P5T	4	4	0	DRPH-69/JJ-4819/10536419
50992	05/09/2026 09:19:08	LOS ANDES	10486010	PLANTA IDEAL	Receptado	10000427	05/09/2026 11:52:39	BCH	100	100	0	JKHC-71/JKHC-71/10536420
50992	05/09/2026 09:19:08	LOS ANDES	10486010	PLANTA IDEAL	Receptado	10000427	05/09/2026 11:52:39	BG	1248	1248	0	JKHC-71/JKHC-71/10536420
50992	05/09/2026 09:19:08	LOS ANDES	10486010	PLANTA IDEAL	Receptado	10000427	05/09/2026 11:52:39	P5T	12	12	0	JKHC-71/JKHC-71/10536420
50993	05/09/2026 09:35:13	PLANTA CHILLAN	10000416	CEDIS IDE QUILICURA	Pendiente			BG	1440	0	1440	PJJV29 /KYLH54/CGAX00044042
50993	05/09/2026 09:35:13	PLANTA CHILLAN	10000416	CEDIS IDE QUILICURA	Pendiente			P5T	24	0	24	PJJV29 /KYLH54/CGAX00044042
50994	05/09/2026 09:45:58	PLANTA IDEAL	10000427	CEDIS IDE QUILICURA	Receptado	10033023	05/09/2026 09:52:12	BG	1224	1224	0	FYLB 83/KYLZ 24/CHKL478485
50994	05/09/2026 09:45:58	PLANTA IDEAL	10000427	CEDIS IDE QUILICURA	Receptado	10033023	05/09/2026 09:52:12	P5T	20	20	0	FYLB 83/KYLZ 24/CHKL478485
49748	26/08/2026 13:48:40	CEDIS IDE QUILICURA	10001100	LOS ANGELES	Receptado	172705782	27/08/2026 07:51:09	BCH	119	119	0	PJJV29/HGKF99/HKOOB37675845
49748	26/08/2026 13:48:40	CEDIS IDE QUILICURA	10001100	LOS ANGELES	Receptado	172705782	27/08/2026 07:51:09	BG	1116	1116	0	PJJV29/HGKF99/HKOOB37675845
49748	26/08/2026 13:48:40	CEDIS IDE QUILICURA	10001100	LOS ANGELES	Receptado	172705782	27/08/2026 07:51:09	P5T	21	21	0	PJJV29/HGKF99/HKOOB37675845
50073	28/08/2026 19:58:08	PLANTA IDEAL	10000427	CEDIS IDE QUILICURA	Receptado	10033023	28/08/2026 20:55:41	BCH	1300	1300	0	DBLS 59/KYLZ 24/CHKL477858
50073	28/08/2026 19:58:08	PLANTA IDEAL	10000427	CEDIS IDE QUILICURA	Receptado	10033023	28/08/2026 20:55:41	BG	528	528	0	DBLS 59/KYLZ 24/CHKL477858
50073	28/08/2026 19:58:08	PLANTA IDEAL	10000427	CEDIS IDE QUILICURA	Receptado	10033023	28/08/2026 20:55:41	P5T	21	21	0	DBLS 59/KYLZ 24/CHKL477858
50075	28/08/2026 20:04:53	CONCEPCION	10001288	PLANTA IDEAL	Receptado	10001082	31/08/2026 01:54:28	BG	2028	2028	0	FWKB83/PXDV76/10535957
50075	28/08/2026 20:04:53	CONCEPCION	10001288	PLANTA IDEAL	Receptado	10001082	31/08/2026 01:54:28	BCH	97	97	0	FWKB83/PXDV76/10535957
50075	28/08/2026 20:04:53	CONCEPCION	10001288	PLANTA IDEAL	Receptado	10001082	31/08/2026 01:54:28	P5T	31	31	0	FWKB83/PXDV76/10535957
50078	28/08/2026 20:18:21	PLANTA IDEAL	10000427	CEDIS IDE QUILICURA	Receptado	10033023	28/08/2026 20:55:23	BCH	200	200	0	FYLB 83/KYLZ25/CHKL477945
50078	28/08/2026 20:18:21	PLANTA IDEAL	10000427	CEDIS IDE QUILICURA	Receptado	10033023	28/08/2026 20:55:23	BG	1140	1140	0	FYLB 83/KYLZ25/CHKL477945
50078	28/08/2026 20:18:21	PLANTA IDEAL	10000427	CEDIS IDE QUILICURA	Receptado	10033023	28/08/2026 20:55:23	P5T	19	19	0	FYLB 83/KYLZ25/CHKL477945
50542	02/09/2026 06:53:29	CEDIS IDE QUILICURA	10001100	SALON TOBALABA	Receptado	10000349-1	04/09/2026 15:08:58	BG	2	3	-1	1/1/1
50542	02/09/2026 06:53:29	CEDIS IDE QUILICURA	10001100	SALON TOBALABA	Receptado	10000349-1	04/09/2026 15:08:58	P5T	1	0	1	1/1/1
50618	02/09/2026 18:30:34	GRANDES CLIENTES	10001302	PLANTA IDEAL	Receptado	10033115	02/09/2026 19:38:53	BG	1320	1320	0	KYPH94/KYPH94/10536248
50618	02/09/2026 18:30:34	GRANDES CLIENTES	10001302	PLANTA IDEAL	Receptado	10033115	02/09/2026 19:38:53	P5T	11	11	0	KYPH94/KYPH94/10536248
50638	02/09/2026 21:14:03	MELIPILLA	10469278	QUILICURA	Receptado	101196341	03/09/2026 20:48:30	BG	22	22	0	Quilicura/Quilicura/N°12667286
50638	02/09/2026 21:14:03	MELIPILLA	10469278	QUILICURA	Receptado	101196341	03/09/2026 20:48:30	P5T	1	1	0	Quilicura/Quilicura/N°12667286
50639	02/09/2026 21:18:22	TALCA	10395252	PLANTA IDEAL	Receptado	10001082	03/09/2026 03:41:01	BG	2160	2156	4	PFBS17/PWWC54/0
50639	02/09/2026 21:18:22	TALCA	10395252	PLANTA IDEAL	Receptado	10001082	03/09/2026 03:41:01	P5T	24	24	0	PFBS17/PWWC54/0
50776	03/09/2026 20:29:38	PLANTA IDEAL	10033115	CEDIS IDE QUILICURA	Receptado	10032939	03/09/2026 21:37:10	BG	1140	1140	0	49/49/CHKL478295
50776	03/09/2026 20:29:38	PLANTA IDEAL	10033115	CEDIS IDE QUILICURA	Receptado	10032939	03/09/2026 21:37:10	P5T	17	17	0	49/49/CHKL478295
50791	03/09/2026 21:37:57	CEDIS IDE QUILICURA	10032939	CONCEPCION	Receptado	10001026	04/09/2026 08:25:30	BCH	6	6	0	1/1/HKOOB37720957
50791	03/09/2026 21:37:57	CEDIS IDE QUILICURA	10032939	CONCEPCION	Receptado	10001026	04/09/2026 08:25:30	BG	1289	1289	0	1/1/HKOOB37720957
50791	03/09/2026 21:37:57	CEDIS IDE QUILICURA	10032939	CONCEPCION	Receptado	10001026	04/09/2026 08:25:30	P5T	22	22	0	1/1/HKOOB37720957
50793	03/09/2026 21:52:27	CEDIS IDE QUILICURA	10032939	LOS ANGELES	Receptado	172705782	04/09/2026 08:49:15	BCH	53	53	0	1/1/HKOOB37720953
50793	03/09/2026 21:52:27	CEDIS IDE QUILICURA	10032939	LOS ANGELES	Receptado	172705782	04/09/2026 08:49:15	BG	915	915	0	1/1/HKOOB37720953
50793	03/09/2026 21:52:27	CEDIS IDE QUILICURA	10032939	LOS ANGELES	Receptado	172705782	04/09/2026 08:49:15	P5T	14	14	0	1/1/HKOOB37720953
50794	03/09/2026 22:01:17	PLANTA IDEAL	10033115	CEDIS IDE QUILICURA	Receptado	10032939	03/09/2026 22:08:34	P5T	3	3	0	50/50/CHKL478297
50796	03/09/2026 22:29:20	CEDIS IDE QUILICURA	10032939	CHILLAN	Receptado	10301699	05/09/2026 09:29:57	BCH	18	48	-30	1/1/HKOOB37720955
50796	03/09/2026 22:29:20	CEDIS IDE QUILICURA	10032939	CHILLAN	Receptado	10301699	05/09/2026 09:29:57	BG	758	758	0	1/1/HKOOB37720955
50796	03/09/2026 22:29:20	CEDIS IDE QUILICURA	10032939	CHILLAN	Receptado	10301699	05/09/2026 09:29:57	P5T	13	13	0	1/1/HKOOB37720955
50801	04/09/2026 00:53:49	PLANTA IDEAL	10001082	CEDIS IDE QUILICURA	Receptado	10001100	04/09/2026 06:43:34	BG	1148	1148	0	1/1/CHKL478386
50801	04/09/2026 00:53:49	PLANTA IDEAL	10001082	CEDIS IDE QUILICURA	Receptado	10001100	04/09/2026 06:43:34	P5T	14	14	0	1/1/CHKL478386
50806	04/09/2026 02:13:17	CEDIS IDE QUILICURA	10001100	EL PINAR	Receptado	10300015	04/09/2026 14:14:58	BG	694	694	0	1/1/HKOOB37726704
50806	04/09/2026 02:13:17	CEDIS IDE QUILICURA	10001100	EL PINAR	Receptado	10300015	04/09/2026 14:14:58	P5T	17	17	0	1/1/HKOOB37726704
50807	04/09/2026 02:14:18	SAN FERNANDO	10005031	PLANTA IDEAL	Receptado	10001082	04/09/2026 06:22:08	BG	864	993	-129	FHDT-82/JJ-4817 /10536328
50807	04/09/2026 02:14:18	SAN FERNANDO	10005031	PLANTA IDEAL	Receptado	10001082	04/09/2026 06:22:08	P5T	11	13	-2	FHDT-82/JJ-4817 /10536328
50811	04/09/2026 03:01:16	PLANTA IDEAL	10001082	CEDIS IDE QUILICURA	Receptado	10001100	04/09/2026 06:44:38	BG	880	880	0	1/1/CHKL478321
50811	04/09/2026 03:01:16	PLANTA IDEAL	10001082	CEDIS IDE QUILICURA	Receptado	10001100	04/09/2026 06:44:38	P5T	17	17	0	1/1/CHKL478321
50822	04/09/2026 04:57:50	CEDIS IDE QUILICURA	10001100	MELIPILLA	Receptado	10291937	04/09/2026 10:42:58	BG	934	840	94	1/1/HKOOB37722858
50822	04/09/2026 04:57:50	CEDIS IDE QUILICURA	10001100	MELIPILLA	Receptado	10291937	04/09/2026 10:42:58	P5T	16	13	3	1/1/HKOOB37722858
50824	04/09/2026 05:26:38	CEDIS IDE QUILICURA	10001100	RANCAGUA	Receptado	10000032	04/09/2026 11:05:05	BG	1088	1088	0	1/1/HKOOB37722853
50824	04/09/2026 05:26:38	CEDIS IDE QUILICURA	10001100	RANCAGUA	Receptado	10000032	04/09/2026 11:05:05	P5T	15	15	0	1/1/HKOOB37722853
50826	04/09/2026 05:38:17	VIÑA DEL MAR	10001291	PLANTA IDEAL	Receptado	10000427	04/09/2026 10:09:49	BG	1440	1440	0	VRZL-40/IDEAL/10536332
50826	04/09/2026 05:38:17	VIÑA DEL MAR	10001291	PLANTA IDEAL	Receptado	10000427	04/09/2026 10:09:49	P5T	12	12	0	VRZL-40/IDEAL/10536332
50831	04/09/2026 06:18:03	OSORNO	10001704	ECCOFEED SPA	Pendiente			BG	120	0	120	LTGY83 /PWZP18/0
50831	04/09/2026 06:18:03	OSORNO	10001704	ECCOFEED SPA	Pendiente			P5T	2	0	2	LTGY83 /PWZP18/0
50834	04/09/2026 07:05:47	TALCA	10000096	ECCOFEED SPA	Receptado	10487508	05/09/2026 11:48:30	BG	536	536	0	CZYT 30/JH 32 00/0
50834	04/09/2026 07:05:47	TALCA	10000096	ECCOFEED SPA	Receptado	10487508	05/09/2026 11:48:30	P5T	9	9	0	CZYT 30/JH 32 00/0
50836	04/09/2026 07:17:43	CHILLAN	10301699	ECCOFEED SPA	Pendiente			BG	106	0	106	SVLV54/PXBK15/10635325
50836	04/09/2026 07:17:43	CHILLAN	10301699	ECCOFEED SPA	Pendiente			P5T	2	0	2	SVLV54/PXBK15/10635325
50838	04/09/2026 07:38:50	TEMUCO	10344423	ECCOFEED SPA	Pendiente			BG	233	0	233	LZRG89 /PXJF27  /10536339
50838	04/09/2026 07:38:50	TEMUCO	10344423	ECCOFEED SPA	Pendiente			P5T	4	0	4	LZRG89 /PXJF27  /10536339
50841	04/09/2026 07:46:25	PLANTA IDEAL	10000427	CEDIS IDE QUILICURA	Receptado	10033023	04/09/2026 08:40:41	BG	1296	1296	0	fylb 83/kylz 24/CHKL478425
50841	04/09/2026 07:46:25	PLANTA IDEAL	10000427	CEDIS IDE QUILICURA	Receptado	10033023	04/09/2026 08:40:41	P5T	18	18	0	fylb 83/kylz 24/CHKL478425
50844	04/09/2026 07:54:23	VALDIVIA	10421004	PLANTA CHILLAN	Receptado	10000416	04/09/2026 16:57:27	BCH	44	44	0	PSLY27/PWZP19/0
50844	04/09/2026 07:54:23	VALDIVIA	10421004	PLANTA CHILLAN	Receptado	10000416	04/09/2026 16:57:27	BG	480	480	0	PSLY27/PWZP19/0
50844	04/09/2026 07:54:23	VALDIVIA	10421004	PLANTA CHILLAN	Receptado	10000416	04/09/2026 16:57:27	P5T	7	7	0	PSLY27/PWZP19/0
50851	04/09/2026 08:58:40	PLANTA IDEAL	10000427	CEDIS IDE QUILICURA	Receptado	10033023	04/09/2026 10:31:39	BG	864	864	0	JKKJ 26/KYLZ 25/CHKL478428
50851	04/09/2026 08:58:40	PLANTA IDEAL	10000427	CEDIS IDE QUILICURA	Receptado	10033023	04/09/2026 10:31:39	P5T	16	16	0	JKKJ 26/KYLZ 25/CHKL478428
49729	26/08/2026 10:50:05	PLANTA IDEAL	10001082	CEDIS IDE QUILICURA	Receptado	10001100	26/08/2026 12:56:12	BG	1206	1206	0	1/1/CHKL477561
49729	26/08/2026 10:50:05	PLANTA IDEAL	10001082	CEDIS IDE QUILICURA	Receptado	10001100	26/08/2026 12:56:12	P5T	17	17	0	1/1/CHKL477561
50180	29/08/2026 15:04:05	QUILICURA	101196341	ECCOFEED SPA	Receptado	10487508	02/09/2026 10:12:50	BG	3	3	0	0/0/0
50181	29/08/2026 15:11:00	PLANTA IDEAL	10000427	CEDIS IDE QUILICURA	Receptado	10033023	29/08/2026 16:59:24	BG	1218	1218	0	FYLB 83/KYLZ 25/CHKL477931
50181	29/08/2026 15:11:00	PLANTA IDEAL	10000427	CEDIS IDE QUILICURA	Receptado	10033023	29/08/2026 16:59:24	P5T	21	21	0	FYLB 83/KYLZ 25/CHKL477931
50995	05/09/2026 09:47:31	PLANTA IDEAL	10000427	CEDIS IDE QUILICURA	Receptado	10033023	05/09/2026 09:51:59	BG	1172	1172	0	DBLS 59/HYLZ 25/CHKL478505
50995	05/09/2026 09:47:31	PLANTA IDEAL	10000427	CEDIS IDE QUILICURA	Receptado	10033023	05/09/2026 09:51:59	P5T	19	19	0	DBLS 59/HYLZ 25/CHKL478505
50996	05/09/2026 09:49:19	PLANTA IDEAL	10000427	CEDIS IDE QUILICURA	Receptado	10033023	05/09/2026 09:51:46	BG	828	828	0	FYLB 83/KYLZ 24/CHKL478486
50996	05/09/2026 09:49:19	PLANTA IDEAL	10000427	CEDIS IDE QUILICURA	Receptado	10033023	05/09/2026 09:51:46	P5T	20	20	0	FYLB 83/KYLZ 24/CHKL478486
50997	05/09/2026 09:48:44	CEDIS IDE QUILICURA	10033023	TEMUCO	Receptado	10344423	05/09/2026 09:55:33	BG	176	176	0	,/,/,
50997	05/09/2026 09:48:44	CEDIS IDE QUILICURA	10033023	TEMUCO	Receptado	10344423	05/09/2026 09:55:33	P5T	3	3	0	,/,/,
50998	05/09/2026 09:50:16	PLANTA IDEAL	10000427	CEDIS IDE QUILICURA	Receptado	10033023	05/09/2026 09:51:32	BG	1212	1212	0	DBLS 59/KYLZ 25/CHKL478506
50998	05/09/2026 09:50:16	PLANTA IDEAL	10000427	CEDIS IDE QUILICURA	Receptado	10033023	05/09/2026 09:51:32	P5T	17	17	0	DBLS 59/KYLZ 25/CHKL478506
50999	05/09/2026 09:51:01	COPIAPO	10405300	PLANTA IDEAL	Receptado	10001082	06/09/2026 01:01:07	BCH	50	50	0	PJJV10/HGKF80/10536422
50999	05/09/2026 09:51:01	COPIAPO	10405300	PLANTA IDEAL	Receptado	10001082	06/09/2026 01:01:07	BG	1092	1092	0	PJJV10/HGKF80/10536422
50999	05/09/2026 09:51:01	COPIAPO	10405300	PLANTA IDEAL	Receptado	10001082	06/09/2026 01:01:07	P5T	27	27	0	PJJV10/HGKF80/10536422
51000	05/09/2026 09:56:41	IQUIQUE	10012419	ECCOFEED SPA	Pendiente			BG	220	0	220	PFBS-17/PWWC-54/8421480
51000	05/09/2026 09:56:41	IQUIQUE	10012419	ECCOFEED SPA	Pendiente			P5T	4	0	4	PFBS-17/PWWC-54/8421480
51001	05/09/2026 09:59:38	IQUIQUE	10012419	PLANTA IDEAL	Receptado	10000427	07/09/2026 01:59:38	BG	1588	1588	0	PFBS-17/PWWC-54/10536423
51001	05/09/2026 09:59:38	IQUIQUE	10012419	PLANTA IDEAL	Receptado	10000427	07/09/2026 01:59:38	P5T	48	48	0	PFBS-17/PWWC-54/10536423
51002	05/09/2026 10:14:10	PLANTA CHILLAN	10000416	CEDIS IDE QUILICURA	Pendiente			BG	1440	0	1440	PSLY22/HGKY40/CGAX00044043
51002	05/09/2026 10:14:10	PLANTA CHILLAN	10000416	CEDIS IDE QUILICURA	Pendiente			P5T	24	0	24	PSLY22/HGKY40/CGAX00044043
51007	05/09/2026 11:38:55	PLANTA IDEAL	10000427	CEDIS IDE QUILICURA	Receptado	10033023	05/09/2026 12:04:15	BCH	100	100	0	DBLS 59/KYLZ 25/CHKL478436
51007	05/09/2026 11:38:55	PLANTA IDEAL	10000427	CEDIS IDE QUILICURA	Receptado	10033023	05/09/2026 12:04:15	BG	1062	1062	0	DBLS 59/KYLZ 25/CHKL478436
51007	05/09/2026 11:38:55	PLANTA IDEAL	10000427	CEDIS IDE QUILICURA	Receptado	10033023	05/09/2026 12:04:15	P5T	19	19	0	DBLS 59/KYLZ 25/CHKL478436
51013	05/09/2026 12:57:50	CEDIS IDE QUILICURA	10033023	GRANDES CLIENTES	Receptado	10000772	05/09/2026 15:42:24	BCH	248	248	0	,/,/CHKO384488
51013	05/09/2026 12:57:50	CEDIS IDE QUILICURA	10033023	GRANDES CLIENTES	Receptado	10000772	05/09/2026 15:42:24	BG	728	728	0	,/,/CHKO384488
51013	05/09/2026 12:57:50	CEDIS IDE QUILICURA	10033023	GRANDES CLIENTES	Receptado	10000772	05/09/2026 15:42:24	P5T	25	25	0	,/,/CHKO384488
49963	28/08/2026 03:10:51	CEDIS IDE QUILICURA	10032939	EL PINAR	Receptado	10300015	28/08/2026 13:14:50	BG	617	617	0	1/1/HKOOB37685604
49963	28/08/2026 03:10:51	CEDIS IDE QUILICURA	10032939	EL PINAR	Receptado	10300015	28/08/2026 13:14:50	P5T	13	13	0	1/1/HKOOB37685604
49964	28/08/2026 03:21:20	CEDIS IDE QUILICURA	10032939	VIÑA DEL MAR	Receptado	10001291	28/08/2026 11:47:58	BG	1488	1428	60	1/1/HKOOB37687539
49964	28/08/2026 03:21:20	CEDIS IDE QUILICURA	10032939	VIÑA DEL MAR	Receptado	10001291	28/08/2026 11:47:58	P5T	22	23	-1	1/1/HKOOB37687539
49965	28/08/2026 03:28:15	CEDIS IDE QUILICURA	10032939	TALCA	Receptado	10000096	28/08/2026 10:55:07	BG	1012	1012	0	1/1/HKOOB37685610
49965	28/08/2026 03:28:15	CEDIS IDE QUILICURA	10032939	TALCA	Receptado	10000096	28/08/2026 10:55:07	P5T	16	16	0	1/1/HKOOB37685610
49966	28/08/2026 03:42:13	CEDIS IDE QUILICURA	10032939	CONCEPCION	Receptado	10001026	28/08/2026 13:15:56	BCH	100	100	0	1/1/HKOOB37685615
49966	28/08/2026 03:42:13	CEDIS IDE QUILICURA	10032939	CONCEPCION	Receptado	10001026	28/08/2026 13:15:56	BG	1155	1155	0	1/1/HKOOB37685615
49966	28/08/2026 03:42:13	CEDIS IDE QUILICURA	10032939	CONCEPCION	Receptado	10001026	28/08/2026 13:15:56	P5T	18	18	0	1/1/HKOOB37685615
49967	28/08/2026 04:01:29	PLANTA IDEAL	10033115	CEDIS IDE QUILICURA	Receptado	10032939	28/08/2026 04:59:08	BG	1280	1280	0	50/50/CHKL477848
49967	28/08/2026 04:01:29	PLANTA IDEAL	10033115	CEDIS IDE QUILICURA	Receptado	10032939	28/08/2026 04:59:08	P5T	20	20	0	50/50/CHKL477848
49968	28/08/2026 04:05:02	PLANTA IDEAL	10033115	CEDIS IDE QUILICURA	Receptado	10032939	28/08/2026 04:59:26	BG	1312	1312	0	50/50/CHKL477758
49968	28/08/2026 04:05:02	PLANTA IDEAL	10033115	CEDIS IDE QUILICURA	Receptado	10032939	28/08/2026 04:59:26	P5T	20	20	0	50/50/CHKL477758
49969	28/08/2026 04:06:30	PLANTA IDEAL	10033115	CEDIS IDE QUILICURA	Receptado	10032939	28/08/2026 04:59:46	BG	1316	1316	0	50/50/CHKL477849
49969	28/08/2026 04:06:30	PLANTA IDEAL	10033115	CEDIS IDE QUILICURA	Receptado	10032939	28/08/2026 04:59:46	P5T	19	19	0	50/50/CHKL477849
49970	28/08/2026 04:07:54	PLANTA IDEAL	10033115	CEDIS IDE QUILICURA	Receptado	10032939	28/08/2026 05:01:40	BG	896	896	0	50/50/CHKL477850
49970	28/08/2026 04:07:54	PLANTA IDEAL	10033115	CEDIS IDE QUILICURA	Receptado	10032939	28/08/2026 05:01:40	P5T	17	17	0	50/50/CHKL477850
50178	29/08/2026 14:54:24	CEDIS IDE QUILICURA	10033023	LO ESPEJO	Receptado	10461749	31/08/2026 04:20:58	BG	1116	1116	0	VSRP19/HXDF11/HKOOB37692489
50178	29/08/2026 14:54:24	CEDIS IDE QUILICURA	10033023	LO ESPEJO	Receptado	10461749	31/08/2026 04:20:58	P5T	18	18	0	VSRP19/HXDF11/HKOOB37692489
50179	29/08/2026 15:02:27	QUILICURA	101196341	GRANDES CLIENTES	Receptado	101196341	29/08/2026 15:03:57	BG	240	240	0	0/0/0
50179	29/08/2026 15:02:27	QUILICURA	101196341	GRANDES CLIENTES	Receptado	101196341	29/08/2026 15:03:57	P5T	2	2	0	0/0/0
50225	30/08/2026 05:48:21	PLANTA IDEAL	10033115	CEDIS IDE QUILICURA	Receptado	10032939	30/08/2026 05:53:03	BG	900	900	0	50/50/CHKL478050
50225	30/08/2026 05:48:21	PLANTA IDEAL	10033115	CEDIS IDE QUILICURA	Receptado	10032939	30/08/2026 05:53:03	P5T	16	16	0	50/50/CHKL478050
50227	30/08/2026 05:53:04	PLANTA IDEAL	10033115	CEDIS IDE QUILICURA	Receptado	10032939	30/08/2026 06:00:04	BG	1320	1320	0	50/50/CHKL478125
50227	30/08/2026 05:53:04	PLANTA IDEAL	10033115	CEDIS IDE QUILICURA	Receptado	10032939	30/08/2026 06:00:04	P5T	22	22	0	50/50/CHKL478125
50228	30/08/2026 05:54:53	PLANTA IDEAL	10033115	CEDIS IDE QUILICURA	Receptado	10032939	30/08/2026 06:35:31	BG	1164	1164	0	50/50/CHKL478086
50228	30/08/2026 05:54:53	PLANTA IDEAL	10033115	CEDIS IDE QUILICURA	Receptado	10032939	30/08/2026 06:35:31	P5T	19	19	0	50/50/CHKL478086
50454	01/09/2026 16:19:12	GRANDES CLIENTES	10001302	PLANTA IDEAL	Receptado	10033115	01/09/2026 18:07:50	BCH	800	800	0	JG4930/JG4930/10536176
50454	01/09/2026 16:19:12	GRANDES CLIENTES	10001302	PLANTA IDEAL	Receptado	10033115	01/09/2026 18:07:50	BG	756	756	0	JG4930/JG4930/10536176
50454	01/09/2026 16:19:12	GRANDES CLIENTES	10001302	PLANTA IDEAL	Receptado	10033115	01/09/2026 18:07:50	P5T	30	30	0	JG4930/JG4930/10536176
50729	03/09/2026 10:07:16	LA LIGUA	10005088	CEDIS IDE QUILICURA	Receptado	10033023	04/09/2026 07:10:50	BG	2400	2400	0	9/9/9
50729	03/09/2026 10:07:16	LA LIGUA	10005088	CEDIS IDE QUILICURA	Receptado	10033023	04/09/2026 07:10:50	P5T	32	32	0	9/9/9
50736	03/09/2026 11:49:17	CEDIS IDE QUILICURA	10033023	IQUIQUE	Receptado	10012419	05/09/2026 09:56:21	BCH	69	69	0	PFBS17/PWWC54/HKOOB37720963
50736	03/09/2026 11:49:17	CEDIS IDE QUILICURA	10033023	IQUIQUE	Receptado	10012419	05/09/2026 09:56:21	BG	1140	1140	0	PFBS17/PWWC54/HKOOB37720963
50736	03/09/2026 11:49:17	CEDIS IDE QUILICURA	10033023	IQUIQUE	Receptado	10012419	05/09/2026 09:56:21	P5T	16	16	0	PFBS17/PWWC54/HKOOB37720963
50737	03/09/2026 12:10:25	COPIAPO	10405300	PLANTA IDEAL	Receptado	10000427	04/09/2026 11:21:40	BG	1739	1739	0	VXTG20/PXHK31/10536294
50737	03/09/2026 12:10:25	COPIAPO	10405300	PLANTA IDEAL	Receptado	10000427	04/09/2026 11:21:40	P5T	16	15	1	VXTG20/PXHK31/10536294
50738	03/09/2026 12:21:34	SALON EL CORTIJO	10000989	QUILICURA	Receptado	101196341	03/09/2026 20:48:12	BG	73	73	0	0/0/0
50744	03/09/2026 13:02:23	PLANTA IDEAL	10000427	CEDIS IDE QUILICURA	Receptado	10033023	03/09/2026 15:44:42	BG	1039	1039	0	FYLB 83/KYLZ 25/CHKL478348
50744	03/09/2026 13:02:23	PLANTA IDEAL	10000427	CEDIS IDE QUILICURA	Receptado	10033023	03/09/2026 15:44:42	P5T	16	16	0	FYLB 83/KYLZ 25/CHKL478348
50746	03/09/2026 13:31:33	CEDIS IDE QUILICURA	10033023	PLANTA IDEAL	Receptado	10033115	03/09/2026 17:21:01	BG	1294	1294	0	,/,/,
50746	03/09/2026 13:31:33	CEDIS IDE QUILICURA	10033023	PLANTA IDEAL	Receptado	10033115	03/09/2026 17:21:01	P5T	18	18	0	,/,/,
50855	04/09/2026 10:19:17	PUERTO MONTT	10001696	ECCOFEED SPA	Pendiente			BG	118	0	118	PSLY-21/PTYJ-59/13058434-35-36
50855	04/09/2026 10:19:17	PUERTO MONTT	10001696	ECCOFEED SPA	Pendiente			P5T	2	0	2	PSLY-21/PTYJ-59/13058434-35-36
50858	04/09/2026 10:28:44	LOS ANGELES	172705782	PLANTA CHILLAN	Receptado	10000416	04/09/2026 11:09:56	BG	896	896	0	PFBS16/KYLG77/1
50858	04/09/2026 10:28:44	LOS ANGELES	172705782	PLANTA CHILLAN	Receptado	10000416	04/09/2026 11:09:56	P5T	7	7	0	PFBS16/KYLG77/1
50859	04/09/2026 10:30:41	LOS ANGELES	172705782	ECCOFEED SPA	Pendiente			BG	167	0	167	PFBS16/KYLG77/1
50859	04/09/2026 10:30:41	LOS ANGELES	172705782	ECCOFEED SPA	Pendiente			P5T	3	0	3	PFBS16/KYLG77/1
50861	04/09/2026 10:42:59	CEDIS IDE QUILICURA	10033023	LA SERENA	Receptado	10354846	05/09/2026 01:55:03	BG	821	821	0	LXHJ99/PWXK76/HKOOB37722849
50861	04/09/2026 10:42:59	CEDIS IDE QUILICURA	10033023	LA SERENA	Receptado	10354846	05/09/2026 01:55:03	P5T	12	12	0	LXHJ99/PWXK76/HKOOB37722849
50865	04/09/2026 11:03:26	QUILICURA	10397048	PLANTA IDEAL	Receptado	10000427	04/09/2026 13:12:26	P5T	84	84	0	PXJD-33/PXJD-33/ 10536359
50867	04/09/2026 11:16:15	PLANTA IDEAL	10000427	CEDIS IDE QUILICURA	Receptado	10033023	04/09/2026 13:31:57	BG	648	648	0	FYLB 83/KYLZ 24/CHKL478413
50867	04/09/2026 11:16:15	PLANTA IDEAL	10000427	CEDIS IDE QUILICURA	Receptado	10033023	04/09/2026 13:31:57	P5T	12	12	0	FYLB 83/KYLZ 24/CHKL478413
50870	04/09/2026 11:57:29	PLANTA IDEAL	10000427	CEDIS IDE QUILICURA	Receptado	10033023	04/09/2026 13:31:44	BG	1164	1164	0	FYLB 83/KYLZ 24/CHKL478430
50870	04/09/2026 11:57:29	PLANTA IDEAL	10000427	CEDIS IDE QUILICURA	Receptado	10033023	04/09/2026 13:31:44	P5T	17	17	0	FYLB 83/KYLZ 24/CHKL478430
50877	04/09/2026 13:07:05	CEDIS IDE QUILICURA	10033023	LO ESPEJO	Receptado	10461749	05/09/2026 04:29:55	BG	776	776	0	RZVS88/PWVX27/HKOOB37726663
50877	04/09/2026 13:07:05	CEDIS IDE QUILICURA	10033023	LO ESPEJO	Receptado	10461749	05/09/2026 04:29:55	P5T	9	9	0	RZVS88/PWVX27/HKOOB37726663
49801	26/08/2026 23:16:35	GRANDES CLIENTES	10001251	PLANTA IDEAL	Receptado	10033115	27/08/2026 03:53:44	BG	1200	1200	0	0/0/10535792
49801	26/08/2026 23:16:35	GRANDES CLIENTES	10001251	PLANTA IDEAL	Receptado	10033115	27/08/2026 03:53:44	P5T	10	10	0	0/0/10535792
49802	26/08/2026 23:23:29	EL PINAR	10149777	PLANTA IDEAL	Receptado	10033115	27/08/2026 06:13:32	BG	880	880	0	ideal/ideal/10535793
49802	26/08/2026 23:23:29	EL PINAR	10149777	PLANTA IDEAL	Receptado	10033115	27/08/2026 06:13:32	P5T	10	10	0	ideal/ideal/10535793
49803	26/08/2026 23:24:30	EL PINAR	10149777	ECCOFEED SPA	Receptado	10487508	27/08/2026 10:20:00	BG	147	147	0	ideal/ideal/12580951
49803	26/08/2026 23:24:30	EL PINAR	10149777	ECCOFEED SPA	Receptado	10487508	27/08/2026 10:20:00	P5T	3	3	0	ideal/ideal/12580951
49804	26/08/2026 23:40:12	CEDIS IDE QUILICURA	10032939	LO ESPEJO	Receptado	10461749	27/08/2026 04:17:21	BG	1427	1427	0	1/1/HKOOB37676191
49804	26/08/2026 23:40:12	CEDIS IDE QUILICURA	10032939	LO ESPEJO	Receptado	10461749	27/08/2026 04:17:21	P5T	21	21	0	1/1/HKOOB37676191
49805	27/08/2026 00:04:03	CEDIS IDE QUILICURA	10032939	RANCAGUA	Receptado	10000032	27/08/2026 11:10:32	BG	1020	1020	0	1/1/HKOOB37680063
49805	27/08/2026 00:04:03	CEDIS IDE QUILICURA	10032939	RANCAGUA	Receptado	10000032	27/08/2026 11:10:32	P5T	17	17	0	1/1/HKOOB37680063
50455	01/09/2026 16:41:53	PLANTA IDEAL	10033115	CEDIS IDE QUILICURA	Receptado	10032939	01/09/2026 17:46:50	BG	1312	1312	0	50/50/CHKL478137
50455	01/09/2026 16:41:53	PLANTA IDEAL	10033115	CEDIS IDE QUILICURA	Receptado	10032939	01/09/2026 17:46:50	P5T	12	12	0	50/50/CHKL478137
50463	01/09/2026 18:33:11	PLANTA IDEAL	10033115	CEDIS IDE QUILICURA	Receptado	10032939	01/09/2026 21:17:53	BG	945	945	0	50/50/CHKL478247
50463	01/09/2026 18:33:11	PLANTA IDEAL	10033115	CEDIS IDE QUILICURA	Receptado	10032939	01/09/2026 21:17:53	P5T	16	16	0	50/50/CHKL478247
50466	01/09/2026 19:07:27	GRANDES CLIENTES	10001302	PLANTA IDEAL	Receptado	10033115	01/09/2026 20:31:10	BG	1740	1740	0	JG4930/JG4930/10536182
50466	01/09/2026 19:07:27	GRANDES CLIENTES	10001302	PLANTA IDEAL	Receptado	10033115	01/09/2026 20:31:10	P5T	10	10	0	JG4930/JG4930/10536182
50471	01/09/2026 19:53:28	ANTOFAGASTA	10299402	CEDIS IDE QUILICURA	Receptado	10033023	04/09/2026 07:12:12	BG	2140	2140	0	PXJK76/VSDB35/10536184
50471	01/09/2026 19:53:28	ANTOFAGASTA	10299402	CEDIS IDE QUILICURA	Receptado	10033023	04/09/2026 07:12:12	P5T	24	24	0	PXJK76/VSDB35/10536184
50475	01/09/2026 20:17:50	GRANDES CLIENTES	10001302	PLANTA IDEAL	Receptado	10033115	01/09/2026 21:15:15	BG	1320	1320	0	PXJD33/PXJD33/10536185
50475	01/09/2026 20:17:50	GRANDES CLIENTES	10001302	PLANTA IDEAL	Receptado	10033115	01/09/2026 21:15:15	P5T	18	18	0	PXJD33/PXJD33/10536185
50480	01/09/2026 20:30:59	QUILICURA	10325722	GRANDES CLIENTES	Receptado	10325722	01/09/2026 20:36:54	BG	1200	1200	0	0/0/0
50480	01/09/2026 20:30:59	QUILICURA	10325722	GRANDES CLIENTES	Receptado	10325722	01/09/2026 20:36:54	P5T	10	10	0	0/0/0
50494	01/09/2026 21:38:17	EL PINAR	10149777	ECCOFEED SPA	Receptado	10005088	04/09/2026 19:35:35	BG	142	142	0	ideal/ideal/12584113
50494	01/09/2026 21:38:17	EL PINAR	10149777	ECCOFEED SPA	Receptado	10005088	04/09/2026 19:35:35	P5T	3	3	0	ideal/ideal/12584113
50501	01/09/2026 22:54:41	LA SERENA	10354846	PLANTA IDEAL	Receptado	10000427	02/09/2026 10:30:06	BCH	300	300	0	DPDT-12/PXDK-69/10536193
50501	01/09/2026 22:54:41	LA SERENA	10354846	PLANTA IDEAL	Receptado	10000427	02/09/2026 10:30:06	BG	1860	1860	0	DPDT-12/PXDK-69/10536193
50501	01/09/2026 22:54:41	LA SERENA	10354846	PLANTA IDEAL	Receptado	10000427	02/09/2026 10:30:06	P5T	23	23	0	DPDT-12/PXDK-69/10536193
50730	03/09/2026 10:39:07	PLANTA IDEAL	10000427	CEDIS IDE QUILICURA	Receptado	10033023	03/09/2026 14:22:57	BG	959	959	0	FYLB 83/KYLZ 25/CHKL478346
50730	03/09/2026 10:39:07	PLANTA IDEAL	10000427	CEDIS IDE QUILICURA	Receptado	10033023	03/09/2026 14:22:57	P5T	17	17	0	FYLB 83/KYLZ 25/CHKL478346
50750	03/09/2026 14:40:35	CEDIS IDE QUILICURA	10033023	OSORNO	Receptado	10001704	04/09/2026 06:27:39	BCH	20	20	0	LTGY83/PTYJ59/HKOOB37720961
50750	03/09/2026 14:40:35	CEDIS IDE QUILICURA	10033023	OSORNO	Receptado	10001704	04/09/2026 06:27:39	BG	920	920	0	LTGY83/PTYJ59/HKOOB37720961
50750	03/09/2026 14:40:35	CEDIS IDE QUILICURA	10033023	OSORNO	Receptado	10001704	04/09/2026 06:27:39	P5T	16	16	0	LTGY83/PTYJ59/HKOOB37720961
51019	05/09/2026 15:11:30	GRANDES CLIENTES	10000772	ECCOFEED SPA	Pendiente			BG	17	0	17	1/1/13160024
51019	05/09/2026 15:11:30	GRANDES CLIENTES	10000772	ECCOFEED SPA	Pendiente			P5T	2	0	2	1/1/13160024
51021	05/09/2026 15:50:30	SALON LO ESPEJO	10000848	LO ESPEJO	Receptado	10461749	07/09/2026 03:56:58	BG	49	49	0	0/0/0
51041	05/09/2026 20:56:00	PLANTA IDEAL	10033115	CEDIS IDE QUILICURA	Receptado	10032939	05/09/2026 20:59:07	BCH	100	100	0	50/50/CHKL478509
51041	05/09/2026 20:56:00	PLANTA IDEAL	10033115	CEDIS IDE QUILICURA	Receptado	10032939	05/09/2026 20:59:07	BG	1260	1260	0	50/50/CHKL478509
51041	05/09/2026 20:56:00	PLANTA IDEAL	10033115	CEDIS IDE QUILICURA	Receptado	10032939	05/09/2026 20:59:07	P5T	12	12	0	50/50/CHKL478509
51045	05/09/2026 21:00:33	CEDIS IDE QUILICURA	10032939	MELIPILLA	Pendiente			BCH	14	0	14	1/1/HKOOB37731261
51045	05/09/2026 21:00:33	CEDIS IDE QUILICURA	10032939	MELIPILLA	Pendiente			BG	864	0	864	1/1/HKOOB37731261
51045	05/09/2026 21:00:33	CEDIS IDE QUILICURA	10032939	MELIPILLA	Pendiente			P5T	14	0	14	1/1/HKOOB37731261
51047	05/09/2026 21:03:38	PLANTA IDEAL	10033115	CEDIS IDE QUILICURA	Receptado	10032939	05/09/2026 21:20:22	BG	776	776	0	50/50/CHKL478510
51047	05/09/2026 21:03:38	PLANTA IDEAL	10033115	CEDIS IDE QUILICURA	Receptado	10032939	05/09/2026 21:20:22	P5T	17	17	0	50/50/CHKL478510
51048	05/09/2026 21:09:07	PLANTA IDEAL	10033115	CEDIS IDE QUILICURA	Receptado	10032939	05/09/2026 21:20:36	P5T	3	3	0	50/50/CHKL478453
51049	05/09/2026 21:15:04	PLANTA IDEAL	10033115	CEDIS IDE QUILICURA	Receptado	10032939	05/09/2026 21:20:51	BG	1226	1226	0	50/50/CHKL478454
51049	05/09/2026 21:15:04	PLANTA IDEAL	10033115	CEDIS IDE QUILICURA	Receptado	10032939	05/09/2026 21:20:51	P5T	22	22	0	50/50/CHKL478454
51051	05/09/2026 21:20:00	PLANTA IDEAL	10033115	CEDIS IDE QUILICURA	Receptado	10032939	05/09/2026 21:21:23	BG	1071	1071	0	50/50/CHKL478439
51051	05/09/2026 21:20:00	PLANTA IDEAL	10033115	CEDIS IDE QUILICURA	Receptado	10032939	05/09/2026 21:21:23	P5T	21	21	0	50/50/CHKL478439
51052	05/09/2026 21:21:39	PLANTA IDEAL	10033115	CEDIS IDE QUILICURA	Receptado	10032939	05/09/2026 21:37:50	BG	1180	1180	0	50/50/CHKL478440
51052	05/09/2026 21:21:39	PLANTA IDEAL	10033115	CEDIS IDE QUILICURA	Receptado	10032939	05/09/2026 21:37:50	P5T	21	21	0	50/50/CHKL478440
51054	05/09/2026 21:25:33	PLANTA IDEAL	10033115	CEDIS IDE QUILICURA	Receptado	10032939	05/09/2026 21:38:49	BG	240	240	0	50/50/CHKL478473
51054	05/09/2026 21:25:33	PLANTA IDEAL	10033115	CEDIS IDE QUILICURA	Receptado	10032939	05/09/2026 21:38:49	P5T	13	13	0	50/50/CHKL478473
51055	05/09/2026 21:27:05	PLANTA IDEAL	10033115	CEDIS IDE QUILICURA	Receptado	10032939	05/09/2026 21:39:04	BG	816	816	0	50/50/CHKL478441
51055	05/09/2026 21:27:05	PLANTA IDEAL	10033115	CEDIS IDE QUILICURA	Receptado	10032939	05/09/2026 21:39:04	P5T	20	20	0	50/50/CHKL478441
51056	05/09/2026 23:08:01	PLANTA IDEAL	10001082	CEDIS IDE QUILICURA	Receptado	10001100	05/09/2026 23:45:21	BG	529	529	0	1/1/CHKL478442
51056	05/09/2026 23:08:01	PLANTA IDEAL	10001082	CEDIS IDE QUILICURA	Receptado	10001100	05/09/2026 23:45:21	P5T	15	15	0	1/1/CHKL478442
51073	06/09/2026 10:37:38	QUILICURA	101196341	GRANDES CLIENTES	Receptado	101196341	06/09/2026 10:41:12	BG	1200	1200	0	0/0/0
51073	06/09/2026 10:37:38	QUILICURA	101196341	GRANDES CLIENTES	Receptado	101196341	06/09/2026 10:41:12	P5T	10	10	0	0/0/0
49725	26/08/2026 10:18:16	QUILICURA	10397048	PLANTA IDEAL	Receptado	10001082	26/08/2026 10:58:13	P5T	44	44	0	casa/casa/10535750
49876	27/08/2026 10:48:26	PLANTA CHILLAN	10000416	CEDIS IDE QUILICURA	Receptado	10001100	28/08/2026 13:34:19	BG	1200	1200	0	PJJV29/HGKF99/CGAX00043703
49876	27/08/2026 10:48:26	PLANTA CHILLAN	10000416	CEDIS IDE QUILICURA	Receptado	10001100	28/08/2026 13:34:19	P5T	21	21	0	PJJV29/HGKF99/CGAX00043703
50232	31/08/2026 00:47:57	PLANTA IDEAL	10001082	CEDIS IDE QUILICURA	Receptado	10001100	31/08/2026 01:41:08	BCH	160	160	0	1/1/CHKL478051
50232	31/08/2026 00:47:57	PLANTA IDEAL	10001082	CEDIS IDE QUILICURA	Receptado	10001100	31/08/2026 01:41:08	BG	589	589	0	1/1/CHKL478051
50232	31/08/2026 00:47:57	PLANTA IDEAL	10001082	CEDIS IDE QUILICURA	Receptado	10001100	31/08/2026 01:41:08	P5T	13	13	0	1/1/CHKL478051
50280	31/08/2026 11:35:58	CEDIS IDE QUILICURA	10033023	LA SERENA	Receptado	10444394	01/09/2026 06:55:27	BCH	40	40	0	PJJV29/KYLH54/HKOOB37693496
50280	31/08/2026 11:35:58	CEDIS IDE QUILICURA	10033023	LA SERENA	Receptado	10444394	01/09/2026 06:55:27	BG	458	458	0	PJJV29/KYLH54/HKOOB37693496
50280	31/08/2026 11:35:58	CEDIS IDE QUILICURA	10033023	LA SERENA	Receptado	10444394	01/09/2026 06:55:27	P5T	9	9	0	PJJV29/KYLH54/HKOOB37693496
50291	31/08/2026 12:59:57	SALON LO ESPEJO	10000848	LO ESPEJO	Receptado	10138605	31/08/2026 19:27:07	BG	38	38	0	0/0/0
50293	31/08/2026 13:09:49	PLANTA IDEAL	10000427	CEDIS IDE QUILICURA	Receptado	10033023	31/08/2026 13:22:15	BG	1104	1104	0	fylb 83/kylz 25/CHKL478129
50293	31/08/2026 13:09:49	PLANTA IDEAL	10000427	CEDIS IDE QUILICURA	Receptado	10033023	31/08/2026 13:22:15	P5T	14	14	0	fylb 83/kylz 25/CHKL478129
50364	01/09/2026 03:32:35	CEDIS IDE QUILICURA	10001100	GRANDES CLIENTES	Receptado	10001251	01/09/2026 04:00:36	BG	240	240	0	1/1/1
50364	01/09/2026 03:32:35	CEDIS IDE QUILICURA	10001100	GRANDES CLIENTES	Receptado	10001251	01/09/2026 04:00:36	P5T	9	9	0	1/1/1
50446	01/09/2026 15:16:57	CEDIS IDE QUILICURA	10032939	TEMUCO	Receptado	10344423	02/09/2026 10:26:16	BCH	90	90	0	1/1/HKOOB37705108
50446	01/09/2026 15:16:57	CEDIS IDE QUILICURA	10032939	TEMUCO	Receptado	10344423	02/09/2026 10:26:16	BG	928	924	4	1/1/HKOOB37705108
50446	01/09/2026 15:16:57	CEDIS IDE QUILICURA	10032939	TEMUCO	Receptado	10344423	02/09/2026 10:26:16	P5T	13	13	0	1/1/HKOOB37705108
50449	01/09/2026 15:27:19	CEDIS IDE QUILICURA	10032939	LOS ANGELES	Receptado	172705782	02/09/2026 08:44:08	BG	1033	1033	0	1/1/HKOOB37705113
50449	01/09/2026 15:27:19	CEDIS IDE QUILICURA	10032939	LOS ANGELES	Receptado	172705782	02/09/2026 08:44:08	P5T	21	21	0	1/1/HKOOB37705113
50757	03/09/2026 17:01:56	CEDIS IDE QUILICURA	10033023	PUERTO MONTT	Receptado	10001696	04/09/2026 13:06:25	BG	352	352	0	1/1/HKOOB37720981
50757	03/09/2026 17:01:56	CEDIS IDE QUILICURA	10033023	PUERTO MONTT	Receptado	10001696	04/09/2026 13:06:25	P5T	3	3	0	1/1/HKOOB37720981
50758	03/09/2026 17:17:20	GRANDES CLIENTES	10001302	PLANTA IDEAL	Receptado	10033115	03/09/2026 20:08:13	BG	1320	1320	0	PXJD32/PXJD32/10536312
50758	03/09/2026 17:17:20	GRANDES CLIENTES	10001302	PLANTA IDEAL	Receptado	10033115	03/09/2026 20:08:13	P5T	11	11	0	PXJD32/PXJD32/10536312
50760	03/09/2026 17:23:15	PLANTA CHILLAN	10000416	PLANTA IDEAL	Receptado	10000427	04/09/2026 11:44:43	BG	375	375	0	PFBS11/PXJF26/10536313
50760	03/09/2026 17:23:15	PLANTA CHILLAN	10000416	PLANTA IDEAL	Receptado	10000427	04/09/2026 11:44:43	P5T	17	17	0	PFBS11/PXJF26/10536313
50760	03/09/2026 17:23:15	PLANTA CHILLAN	10000416	PLANTA IDEAL	Receptado	10000427	04/09/2026 11:44:43	BCH	276	276	0	PFBS11/PXJF26/10536313
50805	04/09/2026 01:56:29	PLANTA IDEAL	10001082	CEDIS IDE QUILICURA	Receptado	10001100	04/09/2026 06:44:06	BG	939	939	0	1/1/CHKL478320
50805	04/09/2026 01:56:29	PLANTA IDEAL	10001082	CEDIS IDE QUILICURA	Receptado	10001100	04/09/2026 06:44:06	P5T	20	20	0	1/1/CHKL478320
50809	04/09/2026 02:27:40	CEDIS IDE QUILICURA	10001100	GRANDES CLIENTES	Receptado	10001251	04/09/2026 02:30:26	BCH	20	20	0	1/1/1
50809	04/09/2026 02:27:40	CEDIS IDE QUILICURA	10001100	GRANDES CLIENTES	Receptado	10001251	04/09/2026 02:30:26	BG	60	60	0	1/1/1
50809	04/09/2026 02:27:40	CEDIS IDE QUILICURA	10001100	GRANDES CLIENTES	Receptado	10001251	04/09/2026 02:30:26	P5T	1	1	0	1/1/1
49741	26/08/2026 12:25:51	CEDIS IDE QUILICURA	10001100	RANCAGUA	Receptado	10000032	29/08/2026 09:47:48	BG	390	390	0	1/1/HKOOB37644495
49741	26/08/2026 12:25:51	CEDIS IDE QUILICURA	10001100	RANCAGUA	Receptado	10000032	29/08/2026 09:47:48	P5T	7	7	0	1/1/HKOOB37644495
49743	26/08/2026 12:45:45	PLANTA IDEAL	10001082	CEDIS IDE QUILICURA	Receptado	10033023	26/08/2026 14:32:47	BG	588	588	0	1/1/CHKL477731
49743	26/08/2026 12:45:45	PLANTA IDEAL	10001082	CEDIS IDE QUILICURA	Receptado	10033023	26/08/2026 14:32:47	P5T	12	12	0	1/1/CHKL477731
49745	26/08/2026 13:17:48	PLANTA IDEAL	10001082	CEDIS IDE QUILICURA	Receptado	10033023	26/08/2026 14:32:32	BG	1080	1080	0	1/1/CHKL477564
49745	26/08/2026 13:17:48	PLANTA IDEAL	10001082	CEDIS IDE QUILICURA	Receptado	10033023	26/08/2026 14:32:32	P5T	18	18	0	1/1/CHKL477564
49746	26/08/2026 13:27:32	CEDIS IDE QUILICURA	10001100	TALCA	Receptado	10000096	27/08/2026 12:29:31	BCH	103	93	10	JTGY87/PXHK97/HKOOB37675847
49746	26/08/2026 13:27:32	CEDIS IDE QUILICURA	10001100	TALCA	Receptado	10000096	27/08/2026 12:29:31	BG	1226	1226	0	JTGY87/PXHK97/HKOOB37675847
49746	26/08/2026 13:27:32	CEDIS IDE QUILICURA	10001100	TALCA	Receptado	10000096	27/08/2026 12:29:31	P5T	23	23	0	JTGY87/PXHK97/HKOOB37675847
49800	26/08/2026 22:52:41	CEDIS IDE QUILICURA	10033023	LA SERENA	Receptado	10444394	27/08/2026 14:41:05	BCH	87	87	0	LWBV80/HXGP47/HKOOB37675839
49800	26/08/2026 22:52:41	CEDIS IDE QUILICURA	10033023	LA SERENA	Receptado	10444394	27/08/2026 14:41:05	BG	1047	1047	0	LWBV80/HXGP47/HKOOB37675839
49800	26/08/2026 22:52:41	CEDIS IDE QUILICURA	10033023	LA SERENA	Receptado	10444394	27/08/2026 14:41:05	P5T	18	18	0	LWBV80/HXGP47/HKOOB37675839
50109	29/08/2026 03:29:22	PLANTA IDEAL	10033115	CEDIS IDE QUILICURA	Receptado	10032939	29/08/2026 04:24:54	BCH	600	600	0	56/56/CHKL477823
50109	29/08/2026 03:29:22	PLANTA IDEAL	10033115	CEDIS IDE QUILICURA	Receptado	10032939	29/08/2026 04:24:54	BG	948	948	0	56/56/CHKL477823
50109	29/08/2026 03:29:22	PLANTA IDEAL	10033115	CEDIS IDE QUILICURA	Receptado	10032939	29/08/2026 04:24:54	P5T	19	19	0	56/56/CHKL477823
50112	29/08/2026 03:34:33	PLANTA IDEAL	10033115	CEDIS IDE QUILICURA	Receptado	10032939	29/08/2026 04:25:39	BCH	200	200	0	50/50/CHKL477965
50112	29/08/2026 03:34:33	PLANTA IDEAL	10033115	CEDIS IDE QUILICURA	Receptado	10032939	29/08/2026 04:25:39	BG	1080	1080	0	50/50/CHKL477965
50112	29/08/2026 03:34:33	PLANTA IDEAL	10033115	CEDIS IDE QUILICURA	Receptado	10032939	29/08/2026 04:25:39	P5T	20	20	0	50/50/CHKL477965
50114	29/08/2026 03:37:22	PLANTA IDEAL	10033115	CEDIS IDE QUILICURA	Receptado	10032939	29/08/2026 04:26:05	BG	972	972	0	50/50/CHKL477860
50114	29/08/2026 03:37:22	PLANTA IDEAL	10033115	CEDIS IDE QUILICURA	Receptado	10032939	29/08/2026 04:26:05	P5T	16	16	0	50/50/CHKL477860
50125	29/08/2026 05:45:15	CEDIS IDE QUILICURA	10032939	TALCA	Receptado	10000096	31/08/2026 12:39:23	BCH	85	85	0	1/1/HKOOB37691168
50125	29/08/2026 05:45:15	CEDIS IDE QUILICURA	10032939	TALCA	Receptado	10000096	31/08/2026 12:39:23	BG	1166	1166	0	1/1/HKOOB37691168
50125	29/08/2026 05:45:15	CEDIS IDE QUILICURA	10032939	TALCA	Receptado	10000096	31/08/2026 12:39:23	P5T	22	21	1	1/1/HKOOB37691168
50168	29/08/2026 11:52:59	CEDIS IDE QUILICURA	10161182	VIÑA DEL MAR	Receptado	10001291	29/08/2026 11:57:31	BG	1238	1198	40	1/1/HKOOB37692492
50168	29/08/2026 11:52:59	CEDIS IDE QUILICURA	10161182	VIÑA DEL MAR	Receptado	10001291	29/08/2026 11:57:31	P5T	21	21	0	1/1/HKOOB37692492
50565	02/09/2026 08:44:42	LOS ANGELES	172705782	PLANTA CHILLAN	Receptado	10000416	02/09/2026 12:04:02	BG	1152	1152	0	PJJV11/KYRC26/1
50565	02/09/2026 08:44:42	LOS ANGELES	172705782	PLANTA CHILLAN	Receptado	10000416	02/09/2026 12:04:02	P5T	9	9	0	PJJV11/KYRC26/1
50567	02/09/2026 09:22:56	PLANTA IDEAL	10000427	CEDIS IDE QUILICURA	Receptado	10033023	02/09/2026 11:53:20	BG	1116	1116	0	DBLS 59/KYLZ 24/CHKL478266
50567	02/09/2026 09:22:56	PLANTA IDEAL	10000427	CEDIS IDE QUILICURA	Receptado	10033023	02/09/2026 11:53:20	P5T	7	7	0	DBLS 59/KYLZ 24/CHKL478266
50568	02/09/2026 09:36:28	PUERTO MONTT	10001696	ECCOFEED SPA	Receptado	10487508	05/09/2026 11:55:00	BG	263	263	0	LZRG-89/PXJF-27/13057826-27-28
50568	02/09/2026 09:36:28	PUERTO MONTT	10001696	ECCOFEED SPA	Receptado	10487508	05/09/2026 11:55:00	P5T	4	4	0	LZRG-89/PXJF-27/13057826-27-28
50572	02/09/2026 10:08:03	PLANTA CHILLAN	10000416	CEDIS IDE QUILICURA	Receptado	10033023	02/09/2026 13:19:50	BG	1440	1440	0	LTGY83 /PWZP18/CGAX00043943
50572	02/09/2026 10:08:03	PLANTA CHILLAN	10000416	CEDIS IDE QUILICURA	Receptado	10033023	02/09/2026 13:19:50	P5T	24	24	0	LTGY83 /PWZP18/CGAX00043943
50589	02/09/2026 12:57:40	PLANTA CHILLAN	10000416	CEDIS IDE QUILICURA	Receptado	10001100	04/09/2026 00:41:41	BG	629	629	0	PJJV11 /KYRC26/CGAX00043962
50589	02/09/2026 12:57:40	PLANTA CHILLAN	10000416	CEDIS IDE QUILICURA	Receptado	10001100	04/09/2026 00:41:41	P5T	11	11	0	PJJV11 /KYRC26/CGAX00043962
50632	02/09/2026 20:46:47	GRANDES CLIENTES	10001302	PLANTA IDEAL	Receptado	10033115	02/09/2026 21:48:44	BG	1320	1320	0	KYPH94/KYPH94/10536254
50632	02/09/2026 20:46:47	GRANDES CLIENTES	10001302	PLANTA IDEAL	Receptado	10033115	02/09/2026 21:48:44	P5T	11	11	0	KYPH94/KYPH94/10536254
50661	03/09/2026 00:16:57	CEDIS IDE QUILICURA	10001100	LO ESPEJO	Receptado	10461749	03/09/2026 01:04:51	BG	888	888	0	1/1/HKOOB37713352
50661	03/09/2026 00:16:57	CEDIS IDE QUILICURA	10001100	LO ESPEJO	Receptado	10461749	03/09/2026 01:04:51	P5T	15	15	0	1/1/HKOOB37713352
49739	26/08/2026 12:07:08	LO ESPEJO	10429055	LA LIGUA	Receptado	10006353	28/08/2026 12:29:47	BG	350	350	0	00/00/10535754
49740	26/08/2026 12:10:05	PLANTA IDEAL	10001082	CEDIS IDE QUILICURA	Receptado	10033023	26/08/2026 14:33:01	BG	1073	1073	0	1/1/CHKL477562
49740	26/08/2026 12:10:05	PLANTA IDEAL	10001082	CEDIS IDE QUILICURA	Receptado	10033023	26/08/2026 14:33:01	P5T	20	20	0	1/1/CHKL477562
50893	04/09/2026 16:37:36	GRANDES CLIENTES	10001302	PLANTA IDEAL	Receptado	10033115	04/09/2026 17:26:56	BCH	200	200	0	HXDF11/HXDF11/10536387
50893	04/09/2026 16:37:36	GRANDES CLIENTES	10001302	PLANTA IDEAL	Receptado	10033115	04/09/2026 17:26:56	BG	1080	1080	0	HXDF11/HXDF11/10536387
50893	04/09/2026 16:37:36	GRANDES CLIENTES	10001302	PLANTA IDEAL	Receptado	10033115	04/09/2026 17:26:56	P5T	41	41	0	HXDF11/HXDF11/10536387
50894	04/09/2026 16:44:18	SAN FERNANDO	10004891	PLANTA IDEAL	Pendiente			BG	920	0	920	FHDT-82/JJ-4817/10536328
50894	04/09/2026 16:44:18	SAN FERNANDO	10004891	PLANTA IDEAL	Pendiente			P5T	24	0	24	FHDT-82/JJ-4817/10536328
50896	04/09/2026 16:58:13	PLANTA CHILLAN	10000416	PLANTA IDEAL	Pendiente			BCH	128	0	128	PSLY27/PWZP19/10536388
50896	04/09/2026 16:58:13	PLANTA CHILLAN	10000416	PLANTA IDEAL	Pendiente			BG	2188	0	2188	PSLY27/PWZP19/10536388
50896	04/09/2026 16:58:13	PLANTA CHILLAN	10000416	PLANTA IDEAL	Pendiente			P5T	24	0	24	PSLY27/PWZP19/10536388
50907	04/09/2026 18:27:36	CEDIS IDE QUILICURA	10032939	CHILLAN	Receptado	10301699	05/09/2026 09:31:13	BCH	12	12	0	1/1/HKOOB37722854
50907	04/09/2026 18:27:36	CEDIS IDE QUILICURA	10032939	CHILLAN	Receptado	10301699	05/09/2026 09:31:13	BG	1087	1087	0	1/1/HKOOB37722854
50907	04/09/2026 18:27:36	CEDIS IDE QUILICURA	10032939	CHILLAN	Receptado	10301699	05/09/2026 09:31:13	P5T	19	19	0	1/1/HKOOB37722854
50913	04/09/2026 20:48:04	CEDIS IDE QUILICURA	10032939	GRANDES CLIENTES	Receptado	10454172	05/09/2026 04:05:39	BCH	1238	1238	0	1/1/CHKO384466
50913	04/09/2026 20:48:04	CEDIS IDE QUILICURA	10032939	GRANDES CLIENTES	Receptado	10454172	05/09/2026 04:05:39	BG	391	391	0	1/1/CHKO384466
50913	04/09/2026 20:48:04	CEDIS IDE QUILICURA	10032939	GRANDES CLIENTES	Receptado	10454172	05/09/2026 04:05:39	P5T	15	15	0	1/1/CHKO384466
50922	04/09/2026 21:10:03	LO ESPEJO	10458156	PLANTA IDEAL	Receptado	10001082	04/09/2026 23:56:49	BG	1680	1680	0	IDEAL/IDEAL/IDEAL
50922	04/09/2026 21:10:03	LO ESPEJO	10458156	PLANTA IDEAL	Receptado	10001082	04/09/2026 23:56:49	P5T	20	20	0	IDEAL/IDEAL/IDEAL
50933	04/09/2026 23:49:52	CEDIS IDE QUILICURA	10001100	EL PINAR	Pendiente			BG	594	0	594	1/1/HKOOB37731262
50933	04/09/2026 23:49:52	CEDIS IDE QUILICURA	10001100	EL PINAR	Pendiente			P5T	12	0	12	1/1/HKOOB37731262
50939	05/09/2026 00:45:59	CEDIS IDE QUILICURA	10001100	VIÑA DEL MAR	Receptado	10001291	05/09/2026 04:46:58	BG	991	993	-2	1/1/HKOOB37731263
50939	05/09/2026 00:45:59	CEDIS IDE QUILICURA	10001100	VIÑA DEL MAR	Receptado	10001291	05/09/2026 04:46:58	P5T	20	20	0	1/1/HKOOB37731263
50940	05/09/2026 00:52:04	PLANTA IDEAL	10001082	CEDIS IDE QUILICURA	Receptado	10001100	05/09/2026 06:37:09	BG	1068	1068	0	1/1/CHKL478449
50940	05/09/2026 00:52:04	PLANTA IDEAL	10001082	CEDIS IDE QUILICURA	Receptado	10001100	05/09/2026 06:37:09	P5T	14	14	0	1/1/CHKL478449
50947	05/09/2026 01:48:50	PLANTA IDEAL	10001082	CEDIS IDE QUILICURA	Receptado	10001100	05/09/2026 06:40:12	BCH	400	400	0	1/1/CHKL478380
50947	05/09/2026 01:48:50	PLANTA IDEAL	10001082	CEDIS IDE QUILICURA	Receptado	10001100	05/09/2026 06:40:12	BG	689	689	0	1/1/CHKL478380
50947	05/09/2026 01:48:50	PLANTA IDEAL	10001082	CEDIS IDE QUILICURA	Receptado	10001100	05/09/2026 06:40:12	P5T	15	15	0	1/1/CHKL478380
50957	05/09/2026 03:27:47	PLANTA IDEAL	10001082	CEDIS IDE QUILICURA	Receptado	10001100	05/09/2026 06:41:28	BG	1243	1243	0	1/1/CHKL478433
50957	05/09/2026 03:27:47	PLANTA IDEAL	10001082	CEDIS IDE QUILICURA	Receptado	10001100	05/09/2026 06:41:28	P5T	22	22	0	1/1/CHKL478433
50959	05/09/2026 03:39:04	LO ESPEJO	10461749	PLANTA IDEAL	Receptado	10001082	05/09/2026 05:36:54	BG	1680	1680	0	001/001/10536410
50959	05/09/2026 03:39:04	LO ESPEJO	10461749	PLANTA IDEAL	Receptado	10001082	05/09/2026 05:36:54	P5T	20	19	1	001/001/10536410
50961	05/09/2026 03:41:55	PLANTA IDEAL	10001082	CEDIS IDE QUILICURA	Receptado	10001100	05/09/2026 06:41:56	BG	1012	1012	0	1/1/CHKL478470
50961	05/09/2026 03:41:55	PLANTA IDEAL	10001082	CEDIS IDE QUILICURA	Receptado	10001100	05/09/2026 06:41:56	P5T	18	18	0	1/1/CHKL478470
50961	05/09/2026 03:41:55	PLANTA IDEAL	10001082	CEDIS IDE QUILICURA	Receptado	10001100	05/09/2026 06:41:56	BCH	100	100	0	1/1/CHKL478470
50963	05/09/2026 04:21:31	CEDIS IDE QUILICURA	10001100	PUERTO MONTT	Receptado	10001696	07/09/2026 10:11:19	BG	80	80	0	1/1/HKOOB37731238
50963	05/09/2026 04:21:31	CEDIS IDE QUILICURA	10001100	PUERTO MONTT	Receptado	10001696	07/09/2026 10:11:19	P5T	3	3	0	1/1/HKOOB37731238
50965	05/09/2026 04:45:00	CEDIS IDE QUILICURA	10001100	TEMUCO	Receptado	10344423	07/09/2026 05:28:19	BCH	62	62	0	1/1/HKOOB37731243
50965	05/09/2026 04:45:00	CEDIS IDE QUILICURA	10001100	TEMUCO	Receptado	10344423	07/09/2026 05:28:19	BG	963	963	0	1/1/HKOOB37731243
50965	05/09/2026 04:45:00	CEDIS IDE QUILICURA	10001100	TEMUCO	Receptado	10344423	07/09/2026 05:28:19	P5T	16	16	0	1/1/HKOOB37731243
50966	05/09/2026 04:52:46	PLANTA IDEAL	10001082	CEDIS IDE QUILICURA	Receptado	10001100	05/09/2026 06:42:12	BG	776	776	0	1/1/CHKL478382
50966	05/09/2026 04:52:46	PLANTA IDEAL	10001082	CEDIS IDE QUILICURA	Receptado	10001100	05/09/2026 06:42:12	P5T	15	15	0	1/1/CHKL478382
50967	05/09/2026 05:08:07	CEDIS IDE QUILICURA	10001100	IQUIQUE	Receptado	10012419	07/09/2026 15:25:23	BCH	16	16	0	1/1/HKOOB37731259
50967	05/09/2026 05:08:07	CEDIS IDE QUILICURA	10001100	IQUIQUE	Receptado	10012419	07/09/2026 15:25:23	BG	1082	1082	0	1/1/HKOOB37731259
50967	05/09/2026 05:08:07	CEDIS IDE QUILICURA	10001100	IQUIQUE	Receptado	10012419	07/09/2026 15:25:23	P5T	18	18	0	1/1/HKOOB37731259
49742	26/08/2026 12:28:48	PLANTA CHILLAN	10000416	CEDIS IDE QUILICURA	Receptado	10001100	27/08/2026 13:30:55	BG	1440	1440	0	LCTB56/PTYJ57/CGAX00043646
49742	26/08/2026 12:28:48	PLANTA CHILLAN	10000416	CEDIS IDE QUILICURA	Receptado	10001100	27/08/2026 13:30:55	P5T	24	24	0	LCTB56/PTYJ57/CGAX00043646
50444	01/09/2026 14:59:37	CEDIS IDE QUILICURA	10032939	QUILICURA	Receptado	10397048	03/09/2026 09:57:36	BG	152	152	0	1/1/CHKO384245
50444	01/09/2026 14:59:37	CEDIS IDE QUILICURA	10032939	QUILICURA	Receptado	10397048	03/09/2026 09:57:36	P5T	1	1	0	1/1/CHKO384245
50445	01/09/2026 15:06:51	PLANTA IDEAL	10033115	CEDIS IDE QUILICURA	Receptado	10032939	01/09/2026 16:00:51	BG	1216	1216	0	50/50/CHKL478245
50445	01/09/2026 15:06:51	PLANTA IDEAL	10033115	CEDIS IDE QUILICURA	Receptado	10032939	01/09/2026 16:00:51	P5T	13	13	0	50/50/CHKL478245
50447	01/09/2026 15:17:27	PLANTA IDEAL	10033115	CEDIS IDE QUILICURA	Receptado	10032939	01/09/2026 16:21:45	BG	1216	1216	0	50/50/CHKL478157
50447	01/09/2026 15:17:27	PLANTA IDEAL	10033115	CEDIS IDE QUILICURA	Receptado	10032939	01/09/2026 16:21:45	P5T	13	13	0	50/50/CHKL478157
50448	01/09/2026 15:20:18	PLANTA IDEAL	10033115	CEDIS IDE QUILICURA	Cancelado			BG	1176	0	1176	50/50/CHKL478157
50448	01/09/2026 15:20:18	PLANTA IDEAL	10033115	CEDIS IDE QUILICURA	Cancelado			P5T	17	0	17	50/50/CHKL478157
50694	03/09/2026 06:43:34	CEDIS IDE QUILICURA	10001100	SALON PEDRO DE VALDIVIA	Receptado	10000349	04/09/2026 15:00:39	BG	14	14	0	1/1/1
50694	03/09/2026 06:43:34	CEDIS IDE QUILICURA	10001100	SALON PEDRO DE VALDIVIA	Receptado	10000349	04/09/2026 15:00:39	P5T	1	0	1	1/1/1
50754	03/09/2026 16:54:39	PLANTA CHILLAN	10000416	PLANTA IDEAL	Receptado	10001082	04/09/2026 02:05:52	BG	2160	2100	60	LCTB56/PTYJ57/10536309
50754	03/09/2026 16:54:39	PLANTA CHILLAN	10000416	PLANTA IDEAL	Receptado	10001082	04/09/2026 02:05:52	P5T	24	24	0	LCTB56/PTYJ57/10536309
50798	03/09/2026 23:48:00	EL PINAR	10149777	ECCOFEED SPA	Cancelado			BG	171	0	171	00/00/12585664-12585665
50798	03/09/2026 23:48:00	EL PINAR	10149777	ECCOFEED SPA	Cancelado			P5T	3	0	3	00/00/12585664-12585665
50883	04/09/2026 15:04:03	CONCEPCION	10001288	ECCOFEED SPA	Pendiente			BG	370	0	370	RFZY99/PTYJ58/10536375
50883	04/09/2026 15:04:03	CONCEPCION	10001288	ECCOFEED SPA	Pendiente			P5T	6	0	6	RFZY99/PTYJ58/10536375
50889	04/09/2026 15:30:05	VIÑA DEL MAR	10000599	PLANTA IDEAL	Receptado	10033115	04/09/2026 18:13:34	BG	1200	1200	0	rzvs-88/rzvs88/10536380
50889	04/09/2026 15:30:05	VIÑA DEL MAR	10000599	PLANTA IDEAL	Receptado	10033115	04/09/2026 18:13:34	BCH	200	200	0	rzvs-88/rzvs88/10536380
50889	04/09/2026 15:30:05	VIÑA DEL MAR	10000599	PLANTA IDEAL	Receptado	10033115	04/09/2026 18:13:34	P5T	63	63	0	rzvs-88/rzvs88/10536380
50900	04/09/2026 18:18:29	PLANTA IDEAL	10033115	CEDIS IDE QUILICURA	Receptado	10032939	04/09/2026 18:25:55	BG	880	880	0	50/50/CHKL478415
50900	04/09/2026 18:18:29	PLANTA IDEAL	10033115	CEDIS IDE QUILICURA	Receptado	10032939	04/09/2026 18:25:55	P5T	7	7	0	50/50/CHKL478415
50920	04/09/2026 21:05:00	CEDIS IDE QUILICURA	10032939	VIÑA DEL MAR	Receptado	10001291	05/09/2026 03:01:32	BCH	261	261	0	1/1/CHKO383491
50920	04/09/2026 21:05:00	CEDIS IDE QUILICURA	10032939	VIÑA DEL MAR	Receptado	10001291	05/09/2026 03:01:32	BG	852	853	-1	1/1/CHKO383491
50920	04/09/2026 21:05:00	CEDIS IDE QUILICURA	10032939	VIÑA DEL MAR	Receptado	10001291	05/09/2026 03:01:32	P5T	17	17	0	1/1/CHKO383491
50928	04/09/2026 23:04:59	GRANDES CLIENTES	10454172	PLANTA IDEAL	Receptado	10001082	04/09/2026 23:56:31	BG	1200	1200	0	0000/0000/10536401
50928	04/09/2026 23:04:59	GRANDES CLIENTES	10454172	PLANTA IDEAL	Receptado	10001082	04/09/2026 23:56:31	P5T	10	10	0	0000/0000/10536401
50936	04/09/2026 23:58:15	QUILICURA	10397048	PLANTA IDEAL	Receptado	10001082	05/09/2026 01:47:16	BG	1200	1200	0	00000/00000/10536405
50936	04/09/2026 23:58:15	QUILICURA	10397048	PLANTA IDEAL	Receptado	10001082	05/09/2026 01:47:16	P5T	10	10	0	00000/00000/10536405
50948	05/09/2026 02:09:18	CEDIS IDE QUILICURA	10001100	QUILICURA	Receptado	101196341	06/09/2026 06:32:46	BCH	1	1	0	1/1/1
50948	05/09/2026 02:09:18	CEDIS IDE QUILICURA	10001100	QUILICURA	Receptado	101196341	06/09/2026 06:32:46	BG	1494	1494	0	1/1/1
50948	05/09/2026 02:09:18	CEDIS IDE QUILICURA	10001100	QUILICURA	Receptado	101196341	06/09/2026 06:32:46	P5T	27	27	0	1/1/1
51084	07/09/2026 06:13:00	TEMUCO	10344423	ECCOFEED SPA	Pendiente			BG	184	0	184	PGBY32 /HGKF99 /10536461
51084	07/09/2026 06:13:00	TEMUCO	10344423	ECCOFEED SPA	Pendiente			P5T	3	0	3	PGBY32 /HGKF99 /10536461
51090	07/09/2026 06:34:09	MELIPILLA	10291937	ECCOFEED SPA	Pendiente			BG	6	0	6	STJR-25/-/12668045
51090	07/09/2026 06:34:09	MELIPILLA	10291937	ECCOFEED SPA	Pendiente			P5T	1	0	1	STJR-25/-/12668045
51104	07/09/2026 08:53:58	CEDIS IDE QUILICURA	10032939	PUERTO MONTT	Pendiente			BCH	156	0	156	1/1/HKOOB37737028
51104	07/09/2026 08:53:58	CEDIS IDE QUILICURA	10032939	PUERTO MONTT	Pendiente			BG	815	0	815	1/1/HKOOB37737028
51104	07/09/2026 08:53:58	CEDIS IDE QUILICURA	10032939	PUERTO MONTT	Pendiente			P5T	15	0	15	1/1/HKOOB37737028
51113	07/09/2026 10:54:24	PLANTA CHILLAN	10000416	CEDIS IDE QUILICURA	Pendiente			BG	1440	0	1440	PGBY32/HGKF99/CGAX00044082
51113	07/09/2026 10:54:24	PLANTA CHILLAN	10000416	CEDIS IDE QUILICURA	Pendiente			P5T	24	0	24	PGBY32/HGKF99/CGAX00044082
49859	27/08/2026 08:24:32	PUERTO MONTT	10001696	PLANTA CHILLAN	Receptado	10000416	28/08/2026 11:44:02	BCH	200	200	0	PJJV-11/PWXK-75/10535809
49859	27/08/2026 08:24:32	PUERTO MONTT	10001696	PLANTA CHILLAN	Receptado	10000416	28/08/2026 11:44:02	BG	1020	1020	0	PJJV-11/PWXK-75/10535809
49859	27/08/2026 08:24:32	PUERTO MONTT	10001696	PLANTA CHILLAN	Receptado	10000416	28/08/2026 11:44:02	P5T	30	29	1	PJJV-11/PWXK-75/10535809
49868	27/08/2026 09:22:23	CEDIS IDE QUILICURA	10001100	LO ESPEJO	Receptado	10461749	28/08/2026 01:52:04	BG	900	900	0	1/1/HKOOB37682198
49868	27/08/2026 09:22:23	CEDIS IDE QUILICURA	10001100	LO ESPEJO	Receptado	10461749	28/08/2026 01:52:04	P5T	16	16	0	1/1/HKOOB37682198
49871	27/08/2026 09:37:08	IQUIQUE	10012419	PLANTA IDEAL	Receptado	10033115	29/08/2026 03:21:31	BG	1188	1188	0	PSLY-22/HGKY-40/10535813
49871	27/08/2026 09:37:08	IQUIQUE	10012419	PLANTA IDEAL	Receptado	10033115	29/08/2026 03:21:31	P5T	41	41	0	PSLY-22/HGKY-40/10535813
50226	30/08/2026 05:53:10	CEDIS IDE QUILICURA	10032939	LO ESPEJO	Receptado	10461749	31/08/2026 04:22:24	BG	1192	1192	0	1/1/HKOOB37695360
50226	30/08/2026 05:53:10	CEDIS IDE QUILICURA	10032939	LO ESPEJO	Receptado	10461749	31/08/2026 04:22:24	P5T	16	16	0	1/1/HKOOB37695360
50229	30/08/2026 23:08:56	ARICA	10154469	PLANTA IDEAL	Receptado	10033115	01/09/2026 22:29:57	BG	909	909	0	PFBS12/PWZH30/10536020
50229	30/08/2026 23:08:56	ARICA	10154469	PLANTA IDEAL	Receptado	10033115	01/09/2026 22:29:57	P5T	11	11	0	PFBS12/PWZH30/10536020
50287	31/08/2026 12:45:38	PLANTA CHILLAN	10000416	CEDIS IDE QUILICURA	Receptado	10033023	01/09/2026 09:49:36	BG	1440	1440	0	PSLY22/HGKY40/CGAX00043882
50287	31/08/2026 12:45:38	PLANTA CHILLAN	10000416	CEDIS IDE QUILICURA	Receptado	10033023	01/09/2026 09:49:36	P5T	24	24	0	PSLY22/HGKY40/CGAX00043882
50453	01/09/2026 15:59:29	CEDIS IDE QUILICURA	10032939	PLANTA IDEAL	Receptado	10000427	02/09/2026 10:51:47	BG	12	12	0	1/1/ CHKO384173
50688	03/09/2026 05:52:25	CEDIS IDE QUILICURA	10001100	SALON QUILICURA	Receptado	10000981	04/09/2026 13:21:45	BG	59	64	-5	1/1/1
50688	03/09/2026 05:52:25	CEDIS IDE QUILICURA	10001100	SALON QUILICURA	Receptado	10000981	04/09/2026 13:21:45	P5T	2	0	2	1/1/1
50692	03/09/2026 06:34:31	CEDIS IDE QUILICURA	10001100	EL PINAR	Receptado	10300015	04/09/2026 14:18:14	BG	822	822	0	1/1/HKOOB37720949
50692	03/09/2026 06:34:31	CEDIS IDE QUILICURA	10001100	EL PINAR	Receptado	10300015	04/09/2026 14:18:14	P5T	12	12	0	1/1/HKOOB37720949
50696	03/09/2026 06:52:06	OSORNO	10001704	PLANTA CHILLAN	Receptado	10000416	03/09/2026 15:52:41	BCH	19	15	4	PSLY20 /PWZH30/0
50696	03/09/2026 06:52:06	OSORNO	10001704	PLANTA CHILLAN	Receptado	10000416	03/09/2026 15:52:41	BG	722	616	106	PSLY20 /PWZH30/0
50696	03/09/2026 06:52:06	OSORNO	10001704	PLANTA CHILLAN	Receptado	10000416	03/09/2026 15:52:41	P5T	12	10	2	PSLY20 /PWZH30/0
50753	03/09/2026 16:44:15	LA SERENA	10444394	ECCOFEED SPA	Receptado	10487508	05/09/2026 11:41:54	BG	386	386	0	VJWK65/PXKH33/11482210
50753	03/09/2026 16:44:15	LA SERENA	10444394	ECCOFEED SPA	Receptado	10487508	05/09/2026 11:41:54	P5T	8	8	0	VJWK65/PXKH33/11482210
50755	03/09/2026 16:59:15	CEDIS IDE QUILICURA	10033023	PUERTO MONTT	Receptado	10001696	04/09/2026 13:05:14	BCH	609	517	92	1/1/HKOOB37720981
50755	03/09/2026 16:59:15	CEDIS IDE QUILICURA	10033023	PUERTO MONTT	Receptado	10001696	04/09/2026 13:05:14	BG	574	600	-26	1/1/HKOOB37720981
50755	03/09/2026 16:59:15	CEDIS IDE QUILICURA	10033023	PUERTO MONTT	Receptado	10001696	04/09/2026 13:05:14	P5T	16	16	0	1/1/HKOOB37720981
50759	03/09/2026 17:23:27	ANTOFAGASTA	10299402	ECCOFEED SPA	Receptado	10487508	05/09/2026 11:39:43	BG	744	744	0	RHDS13/X/10536314
50759	03/09/2026 17:23:27	ANTOFAGASTA	10299402	ECCOFEED SPA	Receptado	10487508	05/09/2026 11:39:43	P5T	16	16	0	RHDS13/X/10536314
50762	03/09/2026 18:10:30	CEDIS IDE QUILICURA	10032939	TEMUCO	Receptado	10344423	05/09/2026 09:37:27	BG	1104	1035	69	1/1/HKOOB37720965
50762	03/09/2026 18:10:30	CEDIS IDE QUILICURA	10032939	TEMUCO	Receptado	10344423	05/09/2026 09:37:27	P5T	15	0	15	1/1/HKOOB37720965
50799	04/09/2026 00:03:35	QUILICURA	101196341	ECCOFEED SPA	Receptado	10487508	05/09/2026 11:43:53	BG	312	312	0	0/0/0
50799	04/09/2026 00:03:35	QUILICURA	101196341	ECCOFEED SPA	Receptado	10487508	05/09/2026 11:43:53	P5T	6	6	0	0/0/0
50800	04/09/2026 00:05:06	PLANTA IDEAL	10001082	CEDIS IDE QUILICURA	Receptado	10001100	04/09/2026 06:42:35	BG	1032	1032	0	1/1/CHKL478298
50800	04/09/2026 00:05:06	PLANTA IDEAL	10001082	CEDIS IDE QUILICURA	Receptado	10001100	04/09/2026 06:42:35	P5T	15	15	0	1/1/CHKL478298
50888	04/09/2026 15:13:13	GRANDES CLIENTES	10000772	PLANTA IDEAL	Receptado	10033115	04/09/2026 17:02:07	BCH	1200	1200	0	JF4261/JF4261/10536379
50888	04/09/2026 15:13:13	GRANDES CLIENTES	10000772	PLANTA IDEAL	Receptado	10033115	04/09/2026 17:02:07	BG	360	360	0	JF4261/JF4261/10536379
50888	04/09/2026 15:13:13	GRANDES CLIENTES	10000772	PLANTA IDEAL	Receptado	10033115	04/09/2026 17:02:07	P5T	12	12	0	JF4261/JF4261/10536379
50891	04/09/2026 15:59:49	LO ESPEJO	10138605	PLANTA IDEAL	Receptado	10033115	04/09/2026 21:34:09	BG	504	504	0	PLANTA IDEAL/PLANTA IDEAL/10536383
50891	04/09/2026 15:59:49	LO ESPEJO	10138605	PLANTA IDEAL	Receptado	10033115	04/09/2026 21:34:09	P5T	4	4	0	PLANTA IDEAL/PLANTA IDEAL/10536383
50918	04/09/2026 21:00:54	GRANDES CLIENTES	10001302	ECCOFEED SPA	Receptado	10487508	05/09/2026 11:44:06	BG	236	236	0	NO APLICA/NO APLICA/13159903-04
50918	04/09/2026 21:00:54	GRANDES CLIENTES	10001302	ECCOFEED SPA	Receptado	10487508	05/09/2026 11:44:06	P5T	7	7	0	NO APLICA/NO APLICA/13159903-04
50924	04/09/2026 21:45:40	QUILICURA	101196341	GRANDES CLIENTES	Receptado	101196341	04/09/2026 21:46:32	BG	600	600	0	0/0/0
50924	04/09/2026 21:45:40	QUILICURA	101196341	GRANDES CLIENTES	Receptado	101196341	04/09/2026 21:46:32	P5T	5	5	0	0/0/0
50931	04/09/2026 23:38:27	VIÑA DEL MAR	10001291	PLANTA IDEAL	Receptado	10000427	05/09/2026 09:52:02	BCH	200	150	50	TV TD-89/KYPH-95/10536403
50931	04/09/2026 23:38:27	VIÑA DEL MAR	10001291	PLANTA IDEAL	Receptado	10000427	05/09/2026 09:52:02	BG	2040	1440	600	TV TD-89/KYPH-95/10536403
50931	04/09/2026 23:38:27	VIÑA DEL MAR	10001291	PLANTA IDEAL	Receptado	10000427	05/09/2026 09:52:02	P5T	24	20	4	TV TD-89/KYPH-95/10536403
50935	04/09/2026 23:54:00	CEDIS IDE QUILICURA	10001100	GRANDES CLIENTES	Receptado	10454172	05/09/2026 04:06:04	BCH	100	100	0	1/1/1
50935	04/09/2026 23:54:00	CEDIS IDE QUILICURA	10001100	GRANDES CLIENTES	Receptado	10454172	05/09/2026 04:06:04	BG	21	21	0	1/1/1
50935	04/09/2026 23:54:00	CEDIS IDE QUILICURA	10001100	GRANDES CLIENTES	Receptado	10454172	05/09/2026 04:06:04	P5T	1	1	0	1/1/1
50937	05/09/2026 00:02:19	QUILICURA	101196341	ECCOFEED SPA	Pendiente			BG	319	0	319	0/0/0
50937	05/09/2026 00:02:19	QUILICURA	101196341	ECCOFEED SPA	Pendiente			P5T	6	0	6	0/0/0
50968	05/09/2026 05:07:31	VIÑA DEL MAR	10001291	ECCOFEED SPA	Receptado	10487508	06/09/2026 10:46:34	BG	604	604	0	lwvb-80/hxgp-47/12412841-12411890
50968	05/09/2026 05:07:31	VIÑA DEL MAR	10001291	ECCOFEED SPA	Receptado	10487508	06/09/2026 10:46:34	P5T	11	11	0	lwvb-80/hxgp-47/12412841-12411890
50969	05/09/2026 05:16:22	PLANTA IDEAL	10001082	CEDIS IDE QUILICURA	Receptado	10033023	05/09/2026 07:15:27	BG	961	961	0	1/1/CHKL478434
50969	05/09/2026 05:16:22	PLANTA IDEAL	10001082	CEDIS IDE QUILICURA	Receptado	10033023	05/09/2026 07:15:27	P5T	18	18	0	1/1/CHKL478434
50970	05/09/2026 05:50:29	VIÑA DEL MAR	10001291	PLANTA IDEAL	Receptado	10000427	05/09/2026 09:53:44	BCH	200	200	0	tvtd-89/ideal/10536412
50970	05/09/2026 05:50:29	VIÑA DEL MAR	10001291	PLANTA IDEAL	Receptado	10000427	05/09/2026 09:53:44	BG	1200	1200	0	tvtd-89/ideal/10536412
50970	05/09/2026 05:50:29	VIÑA DEL MAR	10001291	PLANTA IDEAL	Receptado	10000427	05/09/2026 09:53:44	P5T	69	69	0	tvtd-89/ideal/10536412
50050	28/08/2026 15:19:37	PLANTA CHILLAN	10000416	CEDIS IDE QUILICURA	Receptado	10032939	29/08/2026 03:29:47	BG	1427	1427	0	LTGY83/PWZP18/CGAX00043802
50050	28/08/2026 15:19:37	PLANTA CHILLAN	10000416	CEDIS IDE QUILICURA	Receptado	10032939	29/08/2026 03:29:47	P5T	24	24	0	LTGY83/PWZP18/CGAX00043802
50051	28/08/2026 15:29:53	PLANTA IDEAL	10000427	CEDIS IDE QUILICURA	Receptado	10033023	28/08/2026 15:38:33	BG	864	864	0	FYLB 83/KYLZ 25/CHKL477855
50051	28/08/2026 15:29:53	PLANTA IDEAL	10000427	CEDIS IDE QUILICURA	Receptado	10033023	28/08/2026 15:38:33	P5T	13	13	0	FYLB 83/KYLZ 25/CHKL477855
50052	28/08/2026 16:02:21	LO ESPEJO	10458156	PLANTA IDEAL	Receptado	10000427	28/08/2026 17:07:49	BG	1680	1680	0	IDEAL/IDEAL/IDEAL
50052	28/08/2026 16:02:21	LO ESPEJO	10458156	PLANTA IDEAL	Receptado	10000427	28/08/2026 17:07:49	P5T	19	19	0	IDEAL/IDEAL/IDEAL
50066	28/08/2026 18:33:31	PLANTA IDEAL	10000427	CEDIS IDE QUILICURA	Receptado	10033023	28/08/2026 19:02:58	BG	1236	1236	0	DBLS 59/KYLZ 24/CHKL477856
50066	28/08/2026 18:33:31	PLANTA IDEAL	10000427	CEDIS IDE QUILICURA	Receptado	10033023	28/08/2026 19:02:58	P5T	21	21	0	DBLS 59/KYLZ 24/CHKL477856
51123	07/09/2026 13:15:18	CEDIS IDE QUILICURA	10032939	TEMUCO	Pendiente			BCH	118	0	118	1/1/HKOOB37737043
51123	07/09/2026 13:15:18	CEDIS IDE QUILICURA	10032939	TEMUCO	Pendiente			BG	1198	0	1198	1/1/HKOOB37737043
51123	07/09/2026 13:15:18	CEDIS IDE QUILICURA	10032939	TEMUCO	Pendiente			P5T	22	0	22	1/1/HKOOB37737043
51124	07/09/2026 13:16:32	PLANTA IDEAL	10033115	CEDIS IDE QUILICURA	Receptado	10032939	07/09/2026 13:35:53	BCH	200	200	0	50/50/CHKL478605
51124	07/09/2026 13:16:32	PLANTA IDEAL	10033115	CEDIS IDE QUILICURA	Receptado	10032939	07/09/2026 13:35:53	BG	1244	1244	0	50/50/CHKL478605
51124	07/09/2026 13:16:32	PLANTA IDEAL	10033115	CEDIS IDE QUILICURA	Receptado	10032939	07/09/2026 13:35:53	P5T	21	21	0	50/50/CHKL478605
51132	07/09/2026 14:35:19	GRANDES CLIENTES	10000772	PLANTA IDEAL	Receptado	10001082	07/09/2026 15:51:48	BCH	400	400	0	HXDF11/HXDF11/10536489
51132	07/09/2026 14:35:19	GRANDES CLIENTES	10000772	PLANTA IDEAL	Receptado	10001082	07/09/2026 15:51:48	BG	960	960	0	HXDF11/HXDF11/10536489
51132	07/09/2026 14:35:19	GRANDES CLIENTES	10000772	PLANTA IDEAL	Receptado	10001082	07/09/2026 15:51:48	P5T	45	45	0	HXDF11/HXDF11/10536489
51135	07/09/2026 15:19:50	CEDIS IDE QUILICURA	10161182	CHILLAN	Pendiente			BG	1212	0	1212	LXHJ99/PWXK76/HKOOB37737051
51135	07/09/2026 15:19:50	CEDIS IDE QUILICURA	10161182	CHILLAN	Pendiente			P5T	19	0	19	LXHJ99/PWXK76/HKOOB37737051
49962	28/08/2026 02:18:44	CEDIS IDE QUILICURA	10033023	LO ESPEJO	Receptado	10461749	29/08/2026 06:04:37	BG	746	746	0	1/1/HKOOB37682200
49962	28/08/2026 02:18:44	CEDIS IDE QUILICURA	10033023	LO ESPEJO	Receptado	10461749	29/08/2026 06:04:37	P5T	16	16	0	1/1/HKOOB37682200
50070	28/08/2026 19:19:29	LO ESPEJO	10458156	PLANTA IDEAL	Receptado	10000427	28/08/2026 20:35:05	BG	1680	1680	0	IDEAL/IDEAL/IDEAL
50070	28/08/2026 19:19:29	LO ESPEJO	10458156	PLANTA IDEAL	Receptado	10000427	28/08/2026 20:35:05	P5T	19	19	0	IDEAL/IDEAL/IDEAL
50080	28/08/2026 20:42:36	GRANDES CLIENTES	10001302	PLANTA IDEAL	Receptado	10033115	29/08/2026 03:22:33	BG	1320	1320	0	KYPH94/KYPH94/10535961
50080	28/08/2026 20:42:36	GRANDES CLIENTES	10001302	PLANTA IDEAL	Receptado	10033115	29/08/2026 03:22:33	P5T	11	11	0	KYPH94/KYPH94/10535961
50091	28/08/2026 22:37:44	CEDIS IDE QUILICURA	10032939	LO ESPEJO	Receptado	10461749	29/08/2026 06:06:32	BG	606	606	0	1/1/HKOOB37687549
50091	28/08/2026 22:37:44	CEDIS IDE QUILICURA	10032939	LO ESPEJO	Receptado	10461749	29/08/2026 06:06:32	P5T	13	13	0	1/1/HKOOB37687549
50161	29/08/2026 10:59:31	CEDIS IDE QUILICURA	10161182	PLANTA IDEAL	Receptado	10000427	02/09/2026 10:51:33	BG	2130	2130	0	1/1/1
50161	29/08/2026 10:59:31	CEDIS IDE QUILICURA	10161182	PLANTA IDEAL	Receptado	10000427	02/09/2026 10:51:33	P5T	24	24	0	1/1/1
50163	29/08/2026 11:34:21	CEDIS IDE QUILICURA	10161182	IQUIQUE	Receptado	10012419	01/09/2026 08:26:09	BCH	11	11	0	PSLY21/PTYJ59/HKOOB37692500
50163	29/08/2026 11:34:21	CEDIS IDE QUILICURA	10161182	IQUIQUE	Receptado	10012419	01/09/2026 08:26:09	BG	1274	1274	0	PSLY21/PTYJ59/HKOOB37692500
50163	29/08/2026 11:34:21	CEDIS IDE QUILICURA	10161182	IQUIQUE	Receptado	10012419	01/09/2026 08:26:09	P5T	17	17	0	PSLY21/PTYJ59/HKOOB37692500
50165	29/08/2026 11:37:46	VIÑA DEL MAR	10001291	ECCOFEED SPA	Receptado	10487508	02/09/2026 10:08:49	BG	322	322	0	KYPH-95/IDEAL/12407811-10-09
50165	29/08/2026 11:37:46	VIÑA DEL MAR	10001291	ECCOFEED SPA	Receptado	10487508	02/09/2026 10:08:49	P5T	6	6	0	KYPH-95/IDEAL/12407811-10-09
50173	29/08/2026 12:51:55	CEDIS IDE QUILICURA	10161182	GRANDES CLIENTES	Receptado	10001251	31/08/2026 04:37:43	BCH	2189	2189	0	1/1/CHKO383854
50173	29/08/2026 12:51:55	CEDIS IDE QUILICURA	10161182	GRANDES CLIENTES	Receptado	10001251	31/08/2026 04:37:43	BG	5207	5207	0	1/1/CHKO383854
50173	29/08/2026 12:51:55	CEDIS IDE QUILICURA	10161182	GRANDES CLIENTES	Receptado	10001251	31/08/2026 04:37:43	P5T	116	116	0	1/1/CHKO383854
50513	02/09/2026 01:24:37	PLANTA IDEAL	10001082	CEDIS IDE QUILICURA	Receptado	10001100	02/09/2026 04:22:03	BCH	100	100	0	1/1/CHKL478142
50513	02/09/2026 01:24:37	PLANTA IDEAL	10001082	CEDIS IDE QUILICURA	Receptado	10001100	02/09/2026 04:22:03	BG	800	800	0	1/1/CHKL478142
50513	02/09/2026 01:24:37	PLANTA IDEAL	10001082	CEDIS IDE QUILICURA	Receptado	10001100	02/09/2026 04:22:03	P5T	15	15	0	1/1/CHKL478142
50514	02/09/2026 01:36:58	CEDIS IDE QUILICURA	10001100	GRANDES CLIENTES	Receptado	10001251	02/09/2026 08:37:20	BCH	100	100	0	1/1/1
50514	02/09/2026 01:36:58	CEDIS IDE QUILICURA	10001100	GRANDES CLIENTES	Receptado	10001251	02/09/2026 08:37:20	BG	250	250	0	1/1/1
50514	02/09/2026 01:36:58	CEDIS IDE QUILICURA	10001100	GRANDES CLIENTES	Receptado	10001251	02/09/2026 08:37:20	P5T	4	4	0	1/1/1
50515	02/09/2026 01:40:25	PLANTA IDEAL	10001082	CEDIS IDE QUILICURA	Receptado	10001100	02/09/2026 04:20:43	BCH	900	900	0	1/1/CHKL478198
50515	02/09/2026 01:40:25	PLANTA IDEAL	10001082	CEDIS IDE QUILICURA	Receptado	10001100	02/09/2026 04:20:43	BG	480	480	0	1/1/CHKL478198
50515	02/09/2026 01:40:25	PLANTA IDEAL	10001082	CEDIS IDE QUILICURA	Receptado	10001100	02/09/2026 04:20:43	P5T	15	15	0	1/1/CHKL478198
50516	02/09/2026 02:10:57	CEDIS IDE QUILICURA	10001100	VIÑA DEL MAR	Receptado	10391451	02/09/2026 10:55:47	BG	1380	1224	156	1/1/HKOOB37713339
50516	02/09/2026 02:10:57	CEDIS IDE QUILICURA	10001100	VIÑA DEL MAR	Receptado	10391451	02/09/2026 10:55:47	P5T	24	24	0	1/1/HKOOB37713339
50517	02/09/2026 02:18:36	CEDIS IDE QUILICURA	10001100	SALON LO ESPEJO	Receptado	10000848	04/09/2026 12:41:44	BG	28	28	0	1/1/1
50517	02/09/2026 02:18:36	CEDIS IDE QUILICURA	10001100	SALON LO ESPEJO	Receptado	10000848	04/09/2026 12:41:44	P5T	1	0	1	1/1/1
50519	02/09/2026 02:20:18	PLANTA IDEAL	10001082	CEDIS IDE QUILICURA	Receptado	10001100	02/09/2026 04:19:42	BCH	100	100	0	1/1/CHKL478249
50519	02/09/2026 02:20:18	PLANTA IDEAL	10001082	CEDIS IDE QUILICURA	Receptado	10001100	02/09/2026 04:19:42	BG	876	876	0	1/1/CHKL478249
50519	02/09/2026 02:20:18	PLANTA IDEAL	10001082	CEDIS IDE QUILICURA	Receptado	10001100	02/09/2026 04:19:42	P5T	15	15	0	1/1/CHKL478249
50520	02/09/2026 02:36:49	CEDIS IDE QUILICURA	10001100	QUILICURA	Receptado	10397048	03/09/2026 09:57:53	BG	2291	2291	0	1/1/1
50520	02/09/2026 02:36:49	CEDIS IDE QUILICURA	10001100	QUILICURA	Receptado	10397048	03/09/2026 09:57:53	P5T	41	41	0	1/1/1
50823	04/09/2026 04:58:34	LO ESPEJO	10461749	PLANTA IDEAL	Receptado	10000427	04/09/2026 11:45:08	BG	1680	1680	0	001/001/10536331
50823	04/09/2026 04:58:34	LO ESPEJO	10461749	PLANTA IDEAL	Receptado	10000427	04/09/2026 11:45:08	P5T	20	20	0	001/001/10536331
50972	05/09/2026 05:46:28	PLANTA IDEAL	10001082	CEDIS IDE QUILICURA	Receptado	10033023	05/09/2026 07:15:13	BG	988	988	0	1/1/CHKL478384
50972	05/09/2026 05:46:28	PLANTA IDEAL	10001082	CEDIS IDE QUILICURA	Receptado	10033023	05/09/2026 07:15:13	P5T	18	18	0	1/1/CHKL478384
50979	05/09/2026 07:22:41	LOS ANDES	10486010	ECCOFEED SPA	Receptado	10487508	06/09/2026 10:45:51	BG	205	205	0	JKHC-71/JKHC-71/11738497
50979	05/09/2026 07:22:41	LOS ANDES	10486010	ECCOFEED SPA	Receptado	10487508	06/09/2026 10:45:51	P5T	5	5	0	JKHC-71/JKHC-71/11738497
50985	05/09/2026 07:45:37	CEDIS IDE QUILICURA	10033023	LO ESPEJO	Receptado	10458156	05/09/2026 15:58:25	BG	1000	1000	0	VRZL40/HXDF12/HKOOB37731250
50985	05/09/2026 07:45:37	CEDIS IDE QUILICURA	10033023	LO ESPEJO	Receptado	10458156	05/09/2026 15:58:25	P5T	14	14	0	VRZL40/HXDF12/HKOOB37731250
50988	05/09/2026 08:32:27	CONCEPCION	10001026	CEDIS IDE QUILICURA	Receptado	10032939	05/09/2026 16:41:24	BCH	220	220	0	VJWL-64/PXKH-32/10536417
50988	05/09/2026 08:32:27	CONCEPCION	10001026	CEDIS IDE QUILICURA	Receptado	10032939	05/09/2026 16:41:24	BG	1876	1876	0	VJWL-64/PXKH-32/10536417
50988	05/09/2026 08:32:27	CONCEPCION	10001026	CEDIS IDE QUILICURA	Receptado	10032939	05/09/2026 16:41:24	P5T	31	31	0	VJWL-64/PXKH-32/10536417
51003	05/09/2026 10:18:02	PLANTA IDEAL	10000427	CEDIS IDE QUILICURA	Receptado	10033023	05/09/2026 12:05:03	BG	1140	1140	0	FYLB 83/KYLZ 24/CHKL478487
51003	05/09/2026 10:18:02	PLANTA IDEAL	10000427	CEDIS IDE QUILICURA	Receptado	10033023	05/09/2026 12:05:03	P5T	18	18	0	FYLB 83/KYLZ 24/CHKL478487
51004	05/09/2026 10:34:42	CEDIS IDE QUILICURA	10033023	VIÑA DEL MAR	Receptado	10000599	05/09/2026 15:56:08	BCH	100	100	0	HVJX52/JP3260/HKOOB37731265
51004	05/09/2026 10:34:42	CEDIS IDE QUILICURA	10033023	VIÑA DEL MAR	Receptado	10000599	05/09/2026 15:56:08	BG	1452	1458	-6	HVJX52/JP3260/HKOOB37731265
51004	05/09/2026 10:34:42	CEDIS IDE QUILICURA	10033023	VIÑA DEL MAR	Receptado	10000599	05/09/2026 15:56:08	P5T	18	18	0	HVJX52/JP3260/HKOOB37731265
51008	05/09/2026 11:45:05	PLANTA CHILLAN	10000416	CEDIS IDE QUILICURA	Pendiente			BG	1454	0	1454	PFBS11/PXJF26/CGAX00044027
51008	05/09/2026 11:45:05	PLANTA CHILLAN	10000416	CEDIS IDE QUILICURA	Pendiente			P5T	24	0	24	PFBS11/PXJF26/CGAX00044027
51009	05/09/2026 11:55:52	ECCOFEED SPA	10487508	PLANTA IDEAL	Receptado	10487508	05/09/2026 11:58:42	BG	3240	3240	0	0/0/0
51009	05/09/2026 11:55:52	ECCOFEED SPA	10487508	PLANTA IDEAL	Receptado	10487508	05/09/2026 11:58:42	P5T	27	27	0	0/0/0
51011	05/09/2026 12:24:52	CEDIS IDE QUILICURA	10033023	ANTOFAGASTA	Receptado	10299402	07/09/2026 18:47:37	BG	862	862	0	RHDS13/PXKH-30/HKOOB37731241
51011	05/09/2026 12:24:52	CEDIS IDE QUILICURA	10033023	ANTOFAGASTA	Receptado	10299402	07/09/2026 18:47:37	P5T	17	17	0	RHDS13/PXKH-30/HKOOB37731241
51012	05/09/2026 12:32:39	PLANTA CHILLAN	10000416	ECCOFEED SPA	Cancelado			BG	1100	0	1100	PFBS13/PWZP17/10536429
49761	26/08/2026 16:41:09	PLANTA IDEAL	10000427	CEDIS IDE QUILICURA	Receptado	10033023	26/08/2026 19:45:23	BG	1196	1196	0	fylb 83/KYLZ 24/CHKL477641
49761	26/08/2026 16:41:09	PLANTA IDEAL	10000427	CEDIS IDE QUILICURA	Receptado	10033023	26/08/2026 19:45:23	P5T	20	20	0	fylb 83/KYLZ 24/CHKL477641
49762	26/08/2026 17:07:39	CEDIS IDE QUILICURA	10033023	PLANTA IDEAL	Receptado	10000427	26/08/2026 19:45:53	BCH	101	101	0	,/,/,
49762	26/08/2026 17:07:39	CEDIS IDE QUILICURA	10033023	PLANTA IDEAL	Receptado	10000427	26/08/2026 19:45:53	BG	779	779	0	,/,/,
49762	26/08/2026 17:07:39	CEDIS IDE QUILICURA	10033023	PLANTA IDEAL	Receptado	10000427	26/08/2026 19:45:53	P5T	16	16	0	,/,/,
49906	27/08/2026 16:42:56	CEDIS IDE QUILICURA	10033023	TEMUCO	Receptado	10344423	28/08/2026 08:13:07	BG	1167	1167	0	LTGY83/PWZP18/HKOOB37680057
49906	27/08/2026 16:42:56	CEDIS IDE QUILICURA	10033023	TEMUCO	Receptado	10344423	28/08/2026 08:13:07	P5T	19	19	0	LTGY83/PWZP18/HKOOB37680057
49947	27/08/2026 23:19:50	EL PINAR	10149777	ECCOFEED SPA	Receptado	10487508	02/09/2026 10:11:11	BG	152	152	0	ideal/ideal/12581725-26
49947	27/08/2026 23:19:50	EL PINAR	10149777	ECCOFEED SPA	Receptado	10487508	02/09/2026 10:11:11	P5T	3	3	0	ideal/ideal/12581725-26
50081	28/08/2026 20:46:33	GRANDES CLIENTES	10001302	ECCOFEED SPA	Receptado	10487508	02/09/2026 10:12:00	BG	361	361	0	NO APLICA /NO APLICA/13157015-16
50081	28/08/2026 20:46:33	GRANDES CLIENTES	10001302	ECCOFEED SPA	Receptado	10487508	02/09/2026 10:12:00	P5T	8	8	0	NO APLICA /NO APLICA/13157015-16
50082	28/08/2026 21:11:50	PLANTA IDEAL	10000427	CEDIS IDE QUILICURA	Receptado	10033023	28/08/2026 21:41:22	BCH	700	700	0	FYLB 83/KYLZ 25/CHKL477946
50082	28/08/2026 21:11:50	PLANTA IDEAL	10000427	CEDIS IDE QUILICURA	Receptado	10033023	28/08/2026 21:41:22	BG	615	615	0	FYLB 83/KYLZ 25/CHKL477946
50082	28/08/2026 21:11:50	PLANTA IDEAL	10000427	CEDIS IDE QUILICURA	Receptado	10033023	28/08/2026 21:41:22	P5T	19	19	0	FYLB 83/KYLZ 25/CHKL477946
50084	28/08/2026 21:19:38	LO ESPEJO	10450102	ECCOFEED SPA	Receptado	10487508	02/09/2026 10:12:13	BG	331	331	0	IDEAL/IDEAL/10190462-63-64
50084	28/08/2026 21:19:38	LO ESPEJO	10450102	ECCOFEED SPA	Receptado	10487508	02/09/2026 10:12:13	P5T	6	6	0	IDEAL/IDEAL/10190462-63-64
50521	02/09/2026 02:43:27	CEDIS IDE QUILICURA	10001100	LO ESPEJO	Receptado	10461749	02/09/2026 03:24:22	BG	504	504	0	1/1/HKOOB37707570
50521	02/09/2026 02:43:27	CEDIS IDE QUILICURA	10001100	LO ESPEJO	Receptado	10461749	02/09/2026 03:24:22	P5T	11	11	0	1/1/HKOOB37707570
50837	04/09/2026 07:35:55	CEDIS IDE QUILICURA	10033023	LO ESPEJO	Receptado	10461749	05/09/2026 04:26:32	BG	1320	1320	0	TVTD89/HXDF12/HKOOB37726630
50837	04/09/2026 07:35:55	CEDIS IDE QUILICURA	10033023	LO ESPEJO	Receptado	10461749	05/09/2026 04:26:32	P5T	20	20	0	TVTD89/HXDF12/HKOOB37726630
50846	04/09/2026 08:25:46	CONCEPCION	10001026	CEDIS IDE QUILICURA	Receptado	10001100	05/09/2026 23:42:54	BCH	64	64	0	VJWL-64/PXKH-32/10536342
50846	04/09/2026 08:25:46	CONCEPCION	10001026	CEDIS IDE QUILICURA	Receptado	10001100	05/09/2026 23:42:54	BG	1936	1936	0	VJWL-64/PXKH-32/10536342
50846	04/09/2026 08:25:46	CONCEPCION	10001026	CEDIS IDE QUILICURA	Receptado	10001100	05/09/2026 23:42:54	P5T	30	30	0	VJWL-64/PXKH-32/10536342
50849	04/09/2026 08:48:22	PLANTA IDEAL	10000427	CEDIS IDE QUILICURA	Receptado	10033023	04/09/2026 10:31:51	BG	936	936	0	JKKJ 26/KYLZ 25/CHKL478427
50849	04/09/2026 08:48:22	PLANTA IDEAL	10000427	CEDIS IDE QUILICURA	Receptado	10033023	04/09/2026 10:31:51	P5T	16	16	0	JKKJ 26/KYLZ 25/CHKL478427
51012	05/09/2026 12:32:39	PLANTA CHILLAN	10000416	ECCOFEED SPA	Cancelado			P5T	20	0	20	PFBS13/PWZP17/10536429
51014	05/09/2026 13:01:22	LOS ANGELES	172705782	PLANTA CHILLAN	Receptado	10000416	05/09/2026 13:18:01	BG	1408	1154	254	1/PSLY-22/1
51028	05/09/2026 17:32:26	CEDIS IDE QUILICURA	10032939	PLANTA IDEAL	Receptado	10033115	05/09/2026 19:59:34	BCH	55	55	0	1/1/CEDIS A PLANTA
51028	05/09/2026 17:32:26	CEDIS IDE QUILICURA	10032939	PLANTA IDEAL	Receptado	10033115	05/09/2026 19:59:34	BG	1152	1152	0	1/1/CEDIS A PLANTA
51028	05/09/2026 17:32:26	CEDIS IDE QUILICURA	10032939	PLANTA IDEAL	Receptado	10033115	05/09/2026 19:59:34	P5T	21	21	0	1/1/CEDIS A PLANTA
51032	05/09/2026 18:59:12	CEDIS IDE QUILICURA	10032939	CONCEPCION	Receptado	10001026	07/09/2026 06:35:46	BCH	77	77	0	1/1/HKOOB37731232
51032	05/09/2026 18:59:12	CEDIS IDE QUILICURA	10032939	CONCEPCION	Receptado	10001026	07/09/2026 06:35:46	BG	1279	1279	0	1/1/HKOOB37731232
51032	05/09/2026 18:59:12	CEDIS IDE QUILICURA	10032939	CONCEPCION	Receptado	10001026	07/09/2026 06:35:46	P5T	27	27	0	1/1/HKOOB37731232
51042	05/09/2026 20:57:28	PLANTA IDEAL	10033115	CEDIS IDE QUILICURA	Receptado	10032939	05/09/2026 20:59:25	BG	865	865	0	50/50/CHKL478472
51042	05/09/2026 20:57:28	PLANTA IDEAL	10033115	CEDIS IDE QUILICURA	Receptado	10032939	05/09/2026 20:59:25	P5T	15	15	0	50/50/CHKL478472
51046	05/09/2026 21:01:36	PLANTA IDEAL	10033115	CEDIS IDE QUILICURA	Receptado	10032939	05/09/2026 21:20:07	BCH	77	77	0	50/50/CHKL478489
51046	05/09/2026 21:01:36	PLANTA IDEAL	10033115	CEDIS IDE QUILICURA	Receptado	10032939	05/09/2026 21:20:07	BG	916	916	0	50/50/CHKL478489
51046	05/09/2026 21:01:36	PLANTA IDEAL	10033115	CEDIS IDE QUILICURA	Receptado	10032939	05/09/2026 21:20:07	P5T	20	20	0	50/50/CHKL478489
51057	05/09/2026 23:43:02	CEDIS IDE QUILICURA	10001100	PLANTA IDEAL	Receptado	10001082	06/09/2026 01:40:47	BG	1037	1037	0	1/1/1
51057	05/09/2026 23:43:02	CEDIS IDE QUILICURA	10001100	PLANTA IDEAL	Receptado	10001082	06/09/2026 01:40:47	P5T	34	34	0	1/1/1
51062	06/09/2026 02:42:39	CEDIS IDE QUILICURA	10001100	VALDIVIA	Pendiente			BCH	36	0	36	1/1/CHKO384475
51062	06/09/2026 02:42:39	CEDIS IDE QUILICURA	10001100	VALDIVIA	Pendiente			BG	1196	0	1196	1/1/CHKO384475
51062	06/09/2026 02:42:39	CEDIS IDE QUILICURA	10001100	VALDIVIA	Pendiente			P5T	22	0	22	1/1/CHKO384475
51063	06/09/2026 02:45:58	PLANTA IDEAL	10001082	CEDIS IDE QUILICURA	Receptado	10001100	06/09/2026 05:34:49	BG	1068	1068	0	1/1/CHKL478444
51063	06/09/2026 02:45:58	PLANTA IDEAL	10001082	CEDIS IDE QUILICURA	Receptado	10001100	06/09/2026 05:34:49	P5T	19	19	0	1/1/CHKL478444
51064	06/09/2026 02:57:58	CEDIS IDE QUILICURA	10001100	LO ESPEJO	Receptado	10461749	07/09/2026 03:57:45	BG	1023	1023	0	1/1/CHKO384525
51064	06/09/2026 02:57:58	CEDIS IDE QUILICURA	10001100	LO ESPEJO	Receptado	10461749	07/09/2026 03:57:45	P5T	18	18	0	1/1/CHKO384525
51065	06/09/2026 03:05:00	PLANTA IDEAL	10001082	CEDIS IDE QUILICURA	Receptado	10001100	06/09/2026 05:49:33	BG	876	876	0	1/1/CHKL478525
51065	06/09/2026 03:05:00	PLANTA IDEAL	10001082	CEDIS IDE QUILICURA	Receptado	10001100	06/09/2026 05:49:33	P5T	16	16	0	1/1/CHKL478525
51066	06/09/2026 03:50:51	PLANTA IDEAL	10001082	CEDIS IDE QUILICURA	Receptado	10001100	06/09/2026 05:31:30	BG	1260	1260	0	1/1/CHKL478456
51066	06/09/2026 03:50:51	PLANTA IDEAL	10001082	CEDIS IDE QUILICURA	Receptado	10001100	06/09/2026 05:31:30	P5T	19	19	0	1/1/CHKL478456
51067	06/09/2026 04:16:49	PLANTA IDEAL	10001082	CEDIS IDE QUILICURA	Receptado	10001100	06/09/2026 05:29:42	BG	544	544	0	1/1/CHKL478474
51067	06/09/2026 04:16:49	PLANTA IDEAL	10001082	CEDIS IDE QUILICURA	Receptado	10001100	06/09/2026 05:29:42	P5T	13	13	0	1/1/CHKL478474
51068	06/09/2026 04:47:18	PLANTA IDEAL	10001082	CEDIS IDE QUILICURA	Pendiente			BG	1104	0	1104	1/1/CHKL478512
51068	06/09/2026 04:47:18	PLANTA IDEAL	10001082	CEDIS IDE QUILICURA	Pendiente			P5T	21	0	21	1/1/CHKL478512
51069	06/09/2026 05:16:59	PLANTA IDEAL	10001082	CEDIS IDE QUILICURA	Pendiente			BG	584	0	584	1/1/CHKL478526
51069	06/09/2026 05:16:59	PLANTA IDEAL	10001082	CEDIS IDE QUILICURA	Pendiente			P5T	16	0	16	1/1/CHKL478526
51070	06/09/2026 05:28:23	CEDIS IDE QUILICURA	10001100	GRANDES CLIENTES	Receptado	10119634	06/09/2026 06:28:38	P5T	7	7	0	1/1/1
51074	06/09/2026 10:59:01	ECCOFEED SPA	10487508	PLANTA IDEAL	Receptado	10487508	06/09/2026 11:03:30	BG	6720	6720	0	0/0/0
51074	06/09/2026 10:59:01	ECCOFEED SPA	10487508	PLANTA IDEAL	Receptado	10487508	06/09/2026 11:03:30	P5T	166	166	0	0/0/0
51075	06/09/2026 22:12:26	ARICA	10154469	PLANTA IDEAL	Pendiente			BCH	67	0	67	LCTB56/PTYJ57/10536458
51075	06/09/2026 22:12:26	ARICA	10154469	PLANTA IDEAL	Pendiente			BG	786	0	786	LCTB56/PTYJ57/10536458
51075	06/09/2026 22:12:26	ARICA	10154469	PLANTA IDEAL	Pendiente			P5T	10	0	10	LCTB56/PTYJ57/10536458
51076	06/09/2026 22:15:00	ARICA	10154469	ECCOFEED SPA	Pendiente			BG	173	0	173	LCTB56/PTYJ57/10536458
51076	06/09/2026 22:15:00	ARICA	10154469	ECCOFEED SPA	Pendiente			P5T	3	0	3	LCTB56/PTYJ57/10536458
51082	07/09/2026 05:05:29	PLANTA IDEAL	10000427	CEDIS IDE QUILICURA	Receptado	10032939	07/09/2026 05:54:00	BG	230	230	0	JKKJ 26/KYLZ 25/CHKL478548
51082	07/09/2026 05:05:29	PLANTA IDEAL	10000427	CEDIS IDE QUILICURA	Receptado	10032939	07/09/2026 05:54:00	P5T	16	16	0	JKKJ 26/KYLZ 25/CHKL478548
51083	07/09/2026 06:09:18	ANTOFAGASTA	10299402	PLANTA IDEAL	Pendiente			BCH	71	0	71	LTGY83/LTGY83/10536460
51083	07/09/2026 06:09:18	ANTOFAGASTA	10299402	PLANTA IDEAL	Pendiente			BG	1193	0	1193	LTGY83/LTGY83/10536460
51083	07/09/2026 06:09:18	ANTOFAGASTA	10299402	PLANTA IDEAL	Pendiente			P5T	42	0	42	LTGY83/LTGY83/10536460
51085	07/09/2026 06:15:07	TEMUCO	10344423	PLANTA CHILLAN	Pendiente			BG	1216	0	1216	PGBY32 /HGKF99 /10536461
51085	07/09/2026 06:15:07	TEMUCO	10344423	PLANTA CHILLAN	Pendiente			P5T	11	0	11	PGBY32 /HGKF99 /10536461
50925	04/09/2026 22:09:42	LO ESPEJO	10458156	PLANTA IDEAL	Receptado	10487508	05/09/2026 12:00:23	P5T	8	8	0	IDEAL/IDEAL/IDEAL
50925	04/09/2026 22:09:42	LO ESPEJO	10458156	PLANTA IDEAL	Receptado	10487508	05/09/2026 12:00:23	BCH	1	1	0	IDEAL/IDEAL/IDEAL
50927	04/09/2026 22:47:24	LO ESPEJO	10458156	ECCOFEED SPA	Receptado	10487508	05/09/2026 11:44:18	BG	459	459	0	IDEAL/IDEAL/IDEAL
50927	04/09/2026 22:47:24	LO ESPEJO	10458156	ECCOFEED SPA	Receptado	10487508	05/09/2026 11:44:18	P5T	8	8	0	IDEAL/IDEAL/IDEAL
50929	04/09/2026 23:31:32	EL PINAR	10149777	PLANTA IDEAL	Cancelado			BG	1584	0	1584	ideal/ideal/10536402
50929	04/09/2026 23:31:32	EL PINAR	10149777	PLANTA IDEAL	Cancelado			P5T	11	0	11	ideal/ideal/10536402
50934	04/09/2026 23:33:56	PLANTA IDEAL	10001082	CEDIS IDE QUILICURA	Receptado	10001100	05/09/2026 05:57:35	BG	1228	1228	0	1/1/CHKL478432
50934	04/09/2026 23:33:56	PLANTA IDEAL	10001082	CEDIS IDE QUILICURA	Receptado	10001100	05/09/2026 05:57:35	P5T	14	14	0	1/1/CHKL478432
50938	05/09/2026 00:18:43	PLANTA IDEAL	10001082	CEDIS IDE QUILICURA	Receptado	10001100	05/09/2026 05:59:01	BCH	1400	1400	0	1/1/CHKL478468
50938	05/09/2026 00:18:43	PLANTA IDEAL	10001082	CEDIS IDE QUILICURA	Receptado	10001100	05/09/2026 05:59:01	BG	480	480	0	1/1/CHKL478468
50938	05/09/2026 00:18:43	PLANTA IDEAL	10001082	CEDIS IDE QUILICURA	Receptado	10001100	05/09/2026 05:59:01	P5T	21	21	0	1/1/CHKL478468
50941	05/09/2026 01:16:18	CEDIS IDE QUILICURA	10001100	GRANDES CLIENTES	Receptado	10454172	05/09/2026 04:04:26	BCH	100	100	0	1/1/1
50941	05/09/2026 01:16:18	CEDIS IDE QUILICURA	10001100	GRANDES CLIENTES	Receptado	10454172	05/09/2026 04:04:26	P5T	1	1	0	1/1/1
50942	05/09/2026 01:22:12	CEDIS IDE QUILICURA	10001100	LO ESPEJO	Receptado	10458156	05/09/2026 16:00:47	BG	1102	1102	0	1/1/HKOOB37726668
50942	05/09/2026 01:22:12	CEDIS IDE QUILICURA	10001100	LO ESPEJO	Receptado	10458156	05/09/2026 16:00:47	P5T	15	15	0	1/1/HKOOB37726668
50949	05/09/2026 02:28:40	CEDIS IDE QUILICURA	10001100	SALON TOBALABA	Pendiente			BG	5	0	5	1/1/1
50949	05/09/2026 02:28:40	CEDIS IDE QUILICURA	10001100	SALON TOBALABA	Pendiente			P5T	1	0	1	1/1/1
50950	05/09/2026 02:37:29	CEDIS IDE QUILICURA	10001100	SALON CEDIS	Receptado	10000848-1	07/09/2026 14:03:21	BG	93	69	24	1/1/1
50950	05/09/2026 02:37:29	CEDIS IDE QUILICURA	10001100	SALON CEDIS	Receptado	10000848-1	07/09/2026 14:03:21	P5T	3	0	3	1/1/1
50951	05/09/2026 02:44:07	CEDIS IDE QUILICURA	10001100	SALON LO ESPEJO	Pendiente			BG	28	0	28	1/1/1
50951	05/09/2026 02:44:07	CEDIS IDE QUILICURA	10001100	SALON LO ESPEJO	Pendiente			P5T	1	0	1	1/1/1
50952	05/09/2026 02:56:59	CEDIS IDE QUILICURA	10001100	SALON QUILICURA	Receptado	10000981	07/09/2026 14:09:14	BG	69	69	0	1/1/1
50952	05/09/2026 02:56:59	CEDIS IDE QUILICURA	10001100	SALON QUILICURA	Receptado	10000981	07/09/2026 14:09:14	P5T	1	0	1	1/1/1
50954	05/09/2026 02:58:14	CEDIS IDE QUILICURA	10001100	SALON EL CORTIJO	Receptado	10000989	07/09/2026 15:20:07	BG	14	14	0	1/1/1
50954	05/09/2026 02:58:14	CEDIS IDE QUILICURA	10001100	SALON EL CORTIJO	Receptado	10000989	07/09/2026 15:20:07	P5T	1	0	1	1/1/1
50956	05/09/2026 03:24:47	CEDIS IDE QUILICURA	10001100	VIÑA DEL MAR	Receptado	10391451	05/09/2026 10:34:15	BG	1126	1126	0	1/1/HKOOB37731264
50956	05/09/2026 03:24:47	CEDIS IDE QUILICURA	10001100	VIÑA DEL MAR	Receptado	10391451	05/09/2026 10:34:15	P5T	18	18	0	1/1/HKOOB37731264
50958	05/09/2026 03:39:22	CEDIS IDE QUILICURA	10001100	MELIPILLA	Pendiente			BCH	30	0	30	1/1/HKOOB37731235
50958	05/09/2026 03:39:22	CEDIS IDE QUILICURA	10001100	MELIPILLA	Pendiente			BG	775	0	775	1/1/HKOOB37731235
50958	05/09/2026 03:39:22	CEDIS IDE QUILICURA	10001100	MELIPILLA	Pendiente			P5T	11	0	11	1/1/HKOOB37731235
50973	05/09/2026 06:16:39	CEDIS IDE QUILICURA	10001100	RANCAGUA	Receptado	10000032	05/09/2026 10:14:34	BCH	146	146	0	1/1/HKOOB37731237
50973	05/09/2026 06:16:39	CEDIS IDE QUILICURA	10001100	RANCAGUA	Receptado	10000032	05/09/2026 10:14:34	BG	1113	1113	0	1/1/HKOOB37731237
50973	05/09/2026 06:16:39	CEDIS IDE QUILICURA	10001100	RANCAGUA	Receptado	10000032	05/09/2026 10:14:34	P5T	12	12	0	1/1/HKOOB37731237
50974	05/09/2026 06:37:15	CEDIS IDE QUILICURA	10001100	CHILLAN	Receptado	10301699	07/09/2026 08:01:01	BCH	59	55	4	1/1/HKOOB37731245
50974	05/09/2026 06:37:15	CEDIS IDE QUILICURA	10001100	CHILLAN	Receptado	10301699	07/09/2026 08:01:01	BG	1009	1009	0	1/1/HKOOB37731245
50974	05/09/2026 06:37:15	CEDIS IDE QUILICURA	10001100	CHILLAN	Receptado	10301699	07/09/2026 08:01:01	P5T	18	18	0	1/1/HKOOB37731245
50975	05/09/2026 07:10:36	TALCA	10000096	ECCOFEED SPA	Pendiente			BG	238	0	238	PFBS 18/HGKF 81/0
50975	05/09/2026 07:10:36	TALCA	10000096	ECCOFEED SPA	Pendiente			P5T	4	0	4	PFBS 18/HGKF 81/0
50976	05/09/2026 07:11:31	MELIPILLA	10291937	PLANTA IDEAL	Receptado	10033115	07/09/2026 12:51:34	BCH	37	37	0	FXRL-17/-/10536395
50976	05/09/2026 07:11:31	MELIPILLA	10291937	PLANTA IDEAL	Receptado	10033115	07/09/2026 12:51:34	BG	1101	1101	0	FXRL-17/-/10536395
50976	05/09/2026 07:11:31	MELIPILLA	10291937	PLANTA IDEAL	Receptado	10033115	07/09/2026 12:51:34	P5T	13	13	0	FXRL-17/-/10536395
50977	05/09/2026 07:12:56	TALCA	10000096	PLANTA IDEAL	Receptado	10000427	07/09/2026 02:00:12	BG	1440	1440	0	PFBS 18/HGKF 81/0
50977	05/09/2026 07:12:56	TALCA	10000096	PLANTA IDEAL	Receptado	10000427	07/09/2026 02:00:12	P5T	20	20	0	PFBS 18/HGKF 81/0
50978	05/09/2026 07:13:13	MELIPILLA	10291937	ECCOFEED SPA	Pendiente			BG	176	0	176	FXRL-17/-/12668022-23-24
50978	05/09/2026 07:13:13	MELIPILLA	10291937	ECCOFEED SPA	Pendiente			P5T	4	0	4	FXRL-17/-/12668022-23-24
50980	05/09/2026 07:20:54	CEDIS IDE QUILICURA	10033023	GRANDES CLIENTES	Receptado	10000772	05/09/2026 13:55:09	BCH	1597	1597	0	,/,/CHKO384394
50980	05/09/2026 07:20:54	CEDIS IDE QUILICURA	10033023	GRANDES CLIENTES	Receptado	10000772	05/09/2026 13:55:09	BG	2876	2876	0	,/,/CHKO384394
50980	05/09/2026 07:20:54	CEDIS IDE QUILICURA	10033023	GRANDES CLIENTES	Receptado	10000772	05/09/2026 13:55:09	P5T	66	66	0	,/,/CHKO384394
50981	05/09/2026 07:32:00	TEMUCO	10344423	ECCOFEED SPA	Pendiente			BG	184	0	184	PGKD18 /PWZP17 /10536415
50981	05/09/2026 07:32:00	TEMUCO	10344423	ECCOFEED SPA	Pendiente			P5T	3	0	3	PGKD18 /PWZP17 /10536415
50982	05/09/2026 07:33:48	TEMUCO	10344423	PLANTA CHILLAN	Receptado	10000416	05/09/2026 12:40:59	BCH	38	38	0	PGKD18 /PWZP17 /10536415
50982	05/09/2026 07:33:48	TEMUCO	10344423	PLANTA CHILLAN	Receptado	10000416	05/09/2026 12:40:59	BG	1706	1706	0	PGKD18 /PWZP17 /10536415
50982	05/09/2026 07:33:48	TEMUCO	10344423	PLANTA CHILLAN	Receptado	10000416	05/09/2026 12:40:59	P5T	29	29	0	PGKD18 /PWZP17 /10536415
50983	05/09/2026 07:40:06	CHILLAN	10301699	PLANTA CHILLAN	Receptado	10000416	05/09/2026 09:44:32	BG	1110	1110	0	PJJV29/KYLH54/10536397
50983	05/09/2026 07:40:06	CHILLAN	10301699	PLANTA CHILLAN	Receptado	10000416	05/09/2026 09:44:32	BCH	51	51	0	PJJV29/KYLH54/10536397
50983	05/09/2026 07:40:06	CHILLAN	10301699	PLANTA CHILLAN	Receptado	10000416	05/09/2026 09:44:32	P5T	14	14	0	PJJV29/KYLH54/10536397
50986	05/09/2026 08:01:13	CEDIS IDE QUILICURA	10033023	LO ESPEJO	Receptado	10458156	05/09/2026 15:57:57	BG	1056	1056	0	VSRP19/PWVW35/HKOOB37731251
50986	05/09/2026 08:01:13	CEDIS IDE QUILICURA	10033023	LO ESPEJO	Receptado	10458156	05/09/2026 15:57:57	P5T	15	15	0	VSRP19/PWVW35/HKOOB37731251
51005	05/09/2026 10:39:14	PLANTA IDEAL	10000427	CEDIS IDE QUILICURA	Receptado	10033023	05/09/2026 12:04:44	BG	1072	1072	0	DBLS 59/KYTLZ 25/CHKL478471
51005	05/09/2026 10:39:14	PLANTA IDEAL	10000427	CEDIS IDE QUILICURA	Receptado	10033023	05/09/2026 12:04:44	P5T	17	17	0	DBLS 59/KYTLZ 25/CHKL478471
51006	05/09/2026 11:02:42	PLANTA IDEAL	10000427	CEDIS IDE QUILICURA	Receptado	10033023	05/09/2026 12:04:30	BG	1182	1182	0	FYLB 83/KYLZ 24/CHKL478436
51006	05/09/2026 11:02:42	PLANTA IDEAL	10000427	CEDIS IDE QUILICURA	Receptado	10033023	05/09/2026 12:04:30	P5T	22	22	0	FYLB 83/KYLZ 24/CHKL478436
49702	26/08/2026 07:41:49	CHILLAN	10301699	ECCOFEED SPA	Receptado	10487508	02/09/2026 10:27:23	P5T	3	3	0	PGKD18/PWZP17/10535719
49703	26/08/2026 07:40:48	CONCEPCION	10001026	CEDIS IDE QUILICURA	Receptado	10033023	26/08/2026 16:32:08	BCH	76	76	0	VJWL-64/PXKH-32/10535733
49703	26/08/2026 07:40:48	CONCEPCION	10001026	CEDIS IDE QUILICURA	Receptado	10033023	26/08/2026 16:32:08	BG	208	208	0	VJWL-64/PXKH-32/10535733
49703	26/08/2026 07:40:48	CONCEPCION	10001026	CEDIS IDE QUILICURA	Receptado	10033023	26/08/2026 16:32:08	P5T	3	3	0	VJWL-64/PXKH-32/10535733
49705	26/08/2026 07:43:25	LOS ANDES	10486010	ECCOFEED SPA	Receptado	10487508	27/08/2026 10:12:44	BG	66	66	0	FHDT-82/FHDT-82/11736842
49705	26/08/2026 07:43:25	LOS ANDES	10486010	ECCOFEED SPA	Receptado	10487508	27/08/2026 10:12:44	P5T	2	2	0	FHDT-82/FHDT-82/11736842
49706	26/08/2026 07:48:24	TEMUCO	10344423	ECCOFEED SPA	Receptado	10487508	02/09/2026 10:33:50	BG	323	323	0	LCTB56 /PTYJ57 /10535736
49706	26/08/2026 07:48:24	TEMUCO	10344423	ECCOFEED SPA	Receptado	10487508	02/09/2026 10:33:50	P5T	7	7	0	LCTB56 /PTYJ57 /10535736
49709	26/08/2026 07:59:35	PLANTA IDEAL	10001082	CEDIS IDE QUILICURA	Receptado	10001100	26/08/2026 12:54:42	BG	1152	1152	0	1/1/CHKL477714
49709	26/08/2026 07:59:35	PLANTA IDEAL	10001082	CEDIS IDE QUILICURA	Receptado	10001100	26/08/2026 12:54:42	P5T	22	22	0	1/1/CHKL477714
49712	26/08/2026 08:37:03	LA SERENA	10444394	ECCOFEED SPA	Receptado	10487508	27/08/2026 10:10:42	BG	192	192	0	VRYT22  /PXPJ15 /11479493
49712	26/08/2026 08:37:03	LA SERENA	10444394	ECCOFEED SPA	Receptado	10487508	27/08/2026 10:10:42	P5T	3	3	0	VRYT22  /PXPJ15 /11479493
49782	26/08/2026 20:07:39	CEDIS IDE QUILICURA	10033023	VIÑA DEL MAR	Receptado	10450104	27/08/2026 00:30:58	BCH	34	34	0	VSRP19/KYPH95/HKOOB37676183
49782	26/08/2026 20:07:39	CEDIS IDE QUILICURA	10033023	VIÑA DEL MAR	Receptado	10450104	27/08/2026 00:30:58	BG	1147	1147	0	VSRP19/KYPH95/HKOOB37676183
49782	26/08/2026 20:07:39	CEDIS IDE QUILICURA	10033023	VIÑA DEL MAR	Receptado	10450104	27/08/2026 00:30:58	P5T	21	21	0	VSRP19/KYPH95/HKOOB37676183
49910	27/08/2026 18:12:26	PLANTA CHILLAN	10000416	CEDIS IDE QUILICURA	Receptado	10001100	28/08/2026 13:46:05	BG	1440	1440	0	PFBS11/KDGH62/CGAX00043723
49910	27/08/2026 18:12:26	PLANTA CHILLAN	10000416	CEDIS IDE QUILICURA	Receptado	10001100	28/08/2026 13:46:05	P5T	24	24	0	PFBS11/KDGH62/CGAX00043723
49915	27/08/2026 18:51:45	CEDIS IDE QUILICURA	10033023	LOS ANGELES	Receptado	172705782	28/08/2026 11:28:20	BCH	8	8	0	RFZY99/PTYJ58/HKOOB37680056
49915	27/08/2026 18:51:45	CEDIS IDE QUILICURA	10033023	LOS ANGELES	Receptado	172705782	28/08/2026 11:28:20	BG	1279	1279	0	RFZY99/PTYJ58/HKOOB37680056
49915	27/08/2026 18:51:45	CEDIS IDE QUILICURA	10033023	LOS ANGELES	Receptado	172705782	28/08/2026 11:28:20	P5T	19	19	0	RFZY99/PTYJ58/HKOOB37680056
49919	27/08/2026 19:32:33	LO ESPEJO	10458156	PLANTA IDEAL	Receptado	10487508	28/08/2026 09:34:31	BG	1547	1547	0	IDEAL/IDEAL/IDEAL
49919	27/08/2026 19:32:33	LO ESPEJO	10458156	PLANTA IDEAL	Receptado	10487508	28/08/2026 09:34:31	P5T	9	9	0	IDEAL/IDEAL/IDEAL
49919	27/08/2026 19:32:33	LO ESPEJO	10458156	PLANTA IDEAL	Receptado	10487508	28/08/2026 09:34:31	BCH	21	21	0	IDEAL/IDEAL/IDEAL
49937	27/08/2026 21:54:59	EL PINAR	10149777	PLANTA IDEAL	Receptado	10033115	28/08/2026 06:42:46	BG	1056	1056	0	ideal/ideal/10535869
49937	27/08/2026 21:54:59	EL PINAR	10149777	PLANTA IDEAL	Receptado	10033115	28/08/2026 06:42:46	P5T	12	12	0	ideal/ideal/10535869
49944	27/08/2026 22:15:19	CEDIS IDE QUILICURA	10033023	VIÑA DEL MAR	Receptado	10450104	28/08/2026 05:20:57	BG	956	956	0	VSRP19/KDGT92/HKOOB37682202
49944	27/08/2026 22:15:19	CEDIS IDE QUILICURA	10033023	VIÑA DEL MAR	Receptado	10450104	28/08/2026 05:20:57	P5T	15	15	0	VSRP19/KDGT92/HKOOB37682202
49946	27/08/2026 23:00:13	CEDIS IDE QUILICURA	10033023	TALCA	Receptado	10000096	28/08/2026 10:55:38	BG	758	758	0	LZRG89/HGKF-83/HKOOB37580053
49946	27/08/2026 23:00:13	CEDIS IDE QUILICURA	10033023	TALCA	Receptado	10000096	28/08/2026 10:55:38	P5T	12	12	0	LZRG89/HGKF-83/HKOOB37580053
50032	28/08/2026 12:34:10	CEDIS IDE QUILICURA	10001100	VIÑA DEL MAR	Receptado	10000599	28/08/2026 16:33:26	BCH	79	80	-1	1/1/HKOOB37687540
50032	28/08/2026 12:34:10	CEDIS IDE QUILICURA	10001100	VIÑA DEL MAR	Receptado	10000599	28/08/2026 16:33:26	BG	1039	1156	-117	1/1/HKOOB37687540
50032	28/08/2026 12:34:10	CEDIS IDE QUILICURA	10001100	VIÑA DEL MAR	Receptado	10000599	28/08/2026 16:33:26	P5T	23	20	3	1/1/HKOOB37687540
50034	28/08/2026 12:50:22	PLANTA IDEAL	10001082	CEDIS IDE QUILICURA	Receptado	10033023	28/08/2026 15:38:07	BCH	1459	1459	0	1/1/CHKL477797
50034	28/08/2026 12:50:22	PLANTA IDEAL	10001082	CEDIS IDE QUILICURA	Receptado	10033023	28/08/2026 15:38:07	BG	350	350	0	1/1/CHKL477797
50034	28/08/2026 12:50:22	PLANTA IDEAL	10001082	CEDIS IDE QUILICURA	Receptado	10033023	28/08/2026 15:38:07	P5T	20	20	0	1/1/CHKL477797
50035	28/08/2026 13:17:20	LO ESPEJO	10458156	PLANTA IDEAL	Receptado	10000427	28/08/2026 14:38:57	BG	1120	1120	0	IDEAL/IDEAL/IDEAL
50035	28/08/2026 13:17:20	LO ESPEJO	10458156	PLANTA IDEAL	Receptado	10000427	28/08/2026 14:38:57	P5T	13	13	0	IDEAL/IDEAL/IDEAL
50038	28/08/2026 13:33:12	CEDIS IDE QUILICURA	10001100	GRANDES CLIENTES	Receptado	10001251	29/08/2026 02:44:47	BCH	225	225	0	1/1/1
50038	28/08/2026 13:33:12	CEDIS IDE QUILICURA	10001100	GRANDES CLIENTES	Receptado	10001251	29/08/2026 02:44:47	BG	1122	1122	0	1/1/1
50038	28/08/2026 13:33:12	CEDIS IDE QUILICURA	10001100	GRANDES CLIENTES	Receptado	10001251	29/08/2026 02:44:47	P5T	19	19	0	1/1/1
50039	28/08/2026 13:34:04	PLANTA IDEAL	10001082	CEDIS IDE QUILICURA	Receptado	10033023	28/08/2026 15:37:31	P5T	3	3	0	1/1/CHKL477905
50040	28/08/2026 13:43:07	SALON EL CORTIJO	10000989	QUILICURA	Receptado	101196341	28/08/2026 18:09:50	BG	71	71	0	0/0/0
50041	28/08/2026 13:46:12	CEDIS IDE QUILICURA	10001100	CHILLAN	Receptado	10301699	29/08/2026 09:05:27	BCH	6	26	-20	1/1/HKOOB37685625
50041	28/08/2026 13:46:12	CEDIS IDE QUILICURA	10001100	CHILLAN	Receptado	10301699	29/08/2026 09:05:27	BG	1265	1159	106	1/1/HKOOB37685625
50041	28/08/2026 13:46:12	CEDIS IDE QUILICURA	10001100	CHILLAN	Receptado	10301699	29/08/2026 09:05:27	P5T	18	18	0	1/1/HKOOB37685625
50185	29/08/2026 16:24:59	CEDIS IDE QUILICURA	10033023	ANTOFAGASTA	Receptado	10299402	31/08/2026 16:09:31	BCH	85	85	0	 VJWK65/PXKH33/HKOOB37691143
50185	29/08/2026 16:24:59	CEDIS IDE QUILICURA	10033023	ANTOFAGASTA	Receptado	10299402	31/08/2026 16:09:31	BG	1089	1089	0	 VJWK65/PXKH33/HKOOB37691143
50185	29/08/2026 16:24:59	CEDIS IDE QUILICURA	10033023	ANTOFAGASTA	Receptado	10299402	31/08/2026 16:09:31	P5T	24	24	0	 VJWK65/PXKH33/HKOOB37691143
50435	01/09/2026 12:33:42	QUILICURA	10397048	GRANDES CLIENTES	Receptado	10397048	01/09/2026 12:36:44	BG	1200	1200	0	CASA/CASA/N/A
50435	01/09/2026 12:33:42	QUILICURA	10397048	GRANDES CLIENTES	Receptado	10397048	01/09/2026 12:36:44	P5T	20	20	0	CASA/CASA/N/A
50438	01/09/2026 12:49:34	CEDIS IDE QUILICURA	10033023	LA SERENA	Receptado	10444394	02/09/2026 06:17:29	BG	287	287	0	DPDT12/PXDK69/HKOOB37705106
50438	01/09/2026 12:49:34	CEDIS IDE QUILICURA	10033023	LA SERENA	Receptado	10444394	02/09/2026 06:17:29	P5T	5	5	0	DPDT12/PXDK69/HKOOB37705106
50440	01/09/2026 13:02:45	PLANTA IDEAL	10000427	CEDIS IDE QUILICURA	Receptado	10032939	01/09/2026 14:59:29	BG	1108	1108	0	DBLS 59/KYLZ 24/CHKL478194
50440	01/09/2026 13:02:45	PLANTA IDEAL	10000427	CEDIS IDE QUILICURA	Receptado	10032939	01/09/2026 14:59:29	P5T	16	16	0	DBLS 59/KYLZ 24/CHKL478194
50577	02/09/2026 10:23:25	CEDIS IDE QUILICURA	10033023	CONCEPCION	Receptado	10001288	02/09/2026 21:05:58	BCH	69	69	0	DRVC67/JJ8241/HKOOB37710036
50577	02/09/2026 10:23:25	CEDIS IDE QUILICURA	10033023	CONCEPCION	Receptado	10001288	02/09/2026 21:05:58	BG	1123	1123	0	DRVC67/JJ8241/HKOOB37710036
50577	02/09/2026 10:23:25	CEDIS IDE QUILICURA	10033023	CONCEPCION	Receptado	10001288	02/09/2026 21:05:58	P5T	16	16	0	DRVC67/JJ8241/HKOOB37710036
50578	02/09/2026 11:07:47	VIÑA DEL MAR	10391451	PLANTA IDEAL	Receptado	10033115	02/09/2026 15:49:05	BG	360	360	0	JKHC71/BVWL-28/10536224
50578	02/09/2026 11:07:47	VIÑA DEL MAR	10391451	PLANTA IDEAL	Receptado	10033115	02/09/2026 15:49:05	P5T	42	42	0	JKHC71/BVWL-28/10536224
50879	04/09/2026 13:18:49	CEDIS IDE QUILICURA	10033023	TEMUCO	Receptado	10344423	05/09/2026 09:44:06	BCH	107	107	0	PFBS11/PXJF26/HKOOB37722852
50879	04/09/2026 13:18:49	CEDIS IDE QUILICURA	10033023	TEMUCO	Receptado	10344423	05/09/2026 09:44:06	BG	1039	863	176	PFBS11/PXJF26/HKOOB37722852
50879	04/09/2026 13:18:49	CEDIS IDE QUILICURA	10033023	TEMUCO	Receptado	10344423	05/09/2026 09:44:06	P5T	20	20	0	PFBS11/PXJF26/HKOOB37722852
50964	05/09/2026 04:33:01	CEDIS IDE QUILICURA	10001100	SALON PEDRO DE VALDIVIA	Pendiente			BG	26	0	26	1/1/1
50964	05/09/2026 04:33:01	CEDIS IDE QUILICURA	10001100	SALON PEDRO DE VALDIVIA	Pendiente			P5T	1	0	1	1/1/1
51010	05/09/2026 11:58:20	PLANTA IDEAL	10000427	CEDIS IDE QUILICURA	Receptado	10032939	05/09/2026 13:15:50	BCH	400	400	0	FYLB 83/KYLZ 24/CHKL478437
51010	05/09/2026 11:58:20	PLANTA IDEAL	10000427	CEDIS IDE QUILICURA	Receptado	10032939	05/09/2026 13:15:50	BG	1020	1020	0	FYLB 83/KYLZ 24/CHKL478437
51010	05/09/2026 11:58:20	PLANTA IDEAL	10000427	CEDIS IDE QUILICURA	Receptado	10032939	05/09/2026 13:15:50	P5T	22	22	0	FYLB 83/KYLZ 24/CHKL478437
49806	27/08/2026 00:35:20	CEDIS IDE QUILICURA	10032939	LO ESPEJO	Receptado	10461749	27/08/2026 04:17:45	BG	657	657	0	1/1/HKOOB37676192
49806	27/08/2026 00:35:20	CEDIS IDE QUILICURA	10032939	LO ESPEJO	Receptado	10461749	27/08/2026 04:17:45	P5T	14	14	0	1/1/HKOOB37676192
49807	27/08/2026 01:05:07	SAN FERNANDO	10005031	PLANTA IDEAL	Receptado	10033115	27/08/2026 06:11:05	BG	914	914	0	FHDT-82/JJ-4817 /10535795
49807	27/08/2026 01:05:07	SAN FERNANDO	10005031	PLANTA IDEAL	Receptado	10033115	27/08/2026 06:11:05	P5T	10	10	0	FHDT-82/JJ-4817 /10535795
49808	27/08/2026 01:06:45	SAN FERNANDO	10005031	ECCOFEED SPA	Receptado	10487508	27/08/2026 10:25:24	BG	228	228	0	FHDT-82/JJ-4817/10535795
49808	27/08/2026 01:06:45	SAN FERNANDO	10005031	ECCOFEED SPA	Receptado	10487508	27/08/2026 10:25:24	P5T	4	4	0	FHDT-82/JJ-4817/10535795
49809	27/08/2026 01:18:38	CEDIS IDE QUILICURA	10032939	GRANDES CLIENTES	Receptado	10001251	27/08/2026 02:44:46	BG	120	120	0	1/1/CHKO383846
49809	27/08/2026 01:18:38	CEDIS IDE QUILICURA	10032939	GRANDES CLIENTES	Receptado	10001251	27/08/2026 02:44:46	P5T	1	1	0	1/1/CHKO383846
49818	27/08/2026 04:06:47	PLANTA IDEAL	10033115	CEDIS IDE QUILICURA	Receptado	10032939	27/08/2026 04:34:18	BG	1224	1224	0	50/50/CHKL477785
49818	27/08/2026 04:06:47	PLANTA IDEAL	10033115	CEDIS IDE QUILICURA	Receptado	10032939	27/08/2026 04:34:18	P5T	22	22	0	50/50/CHKL477785
49821	27/08/2026 04:34:37	CEDIS IDE QUILICURA	10032939	LOS ANDES	Receptado	10486010	31/08/2026 07:58:00	BG	433	433	0	1/1/HKOOB37681369
49821	27/08/2026 04:34:37	CEDIS IDE QUILICURA	10032939	LOS ANDES	Receptado	10486010	31/08/2026 07:58:00	P5T	7	7	0	1/1/HKOOB37681369
49825	27/08/2026 05:11:15	PLANTA IDEAL	10033115	CEDIS IDE QUILICURA	Receptado	10032939	27/08/2026 05:48:12	BG	1185	1185	0	50/50/CHKL477786
49825	27/08/2026 05:11:15	PLANTA IDEAL	10033115	CEDIS IDE QUILICURA	Receptado	10032939	27/08/2026 05:48:12	P5T	20	20	0	50/50/CHKL477786
49827	27/08/2026 05:18:13	PLANTA IDEAL	10033115	CEDIS IDE QUILICURA	Receptado	10032939	27/08/2026 05:48:41	BG	1320	1320	0	50/50/CHKL477741
49827	27/08/2026 05:18:13	PLANTA IDEAL	10033115	CEDIS IDE QUILICURA	Receptado	10032939	27/08/2026 05:48:41	P5T	20	20	0	50/50/CHKL477741
49829	27/08/2026 05:20:43	PLANTA IDEAL	10033115	CEDIS IDE QUILICURA	Receptado	10032939	27/08/2026 05:48:56	BG	1224	1224	0	50/50/CHKL477788
49829	27/08/2026 05:20:43	PLANTA IDEAL	10033115	CEDIS IDE QUILICURA	Receptado	10032939	27/08/2026 05:48:56	P5T	19	19	0	50/50/CHKL477788
49832	27/08/2026 05:49:40	CEDIS IDE QUILICURA	10032939	LO ESPEJO	Receptado	10461749	28/08/2026 01:51:48	BG	787	787	0	1/1/HKOOB37676194
49832	27/08/2026 05:49:40	CEDIS IDE QUILICURA	10032939	LO ESPEJO	Receptado	10461749	28/08/2026 01:51:48	P5T	15	15	0	1/1/HKOOB37676194
49833	27/08/2026 05:58:53	CEDIS IDE QUILICURA	10032939	SALON EL CORTIJO	Receptado	10000989	27/08/2026 16:08:01	BG	81	81	0	1/1/CHKO383891
49833	27/08/2026 05:58:53	CEDIS IDE QUILICURA	10032939	SALON EL CORTIJO	Receptado	10000989	27/08/2026 16:08:01	P5T	2	0	2	1/1/CHKO383891
49834	27/08/2026 06:02:06	PLANTA IDEAL	10033115	CEDIS IDE QUILICURA	Receptado	10032939	27/08/2026 06:28:37	BG	1315	1315	0	50/50/CHKL477748
49834	27/08/2026 06:02:06	PLANTA IDEAL	10033115	CEDIS IDE QUILICURA	Receptado	10032939	27/08/2026 06:28:37	P5T	17	17	0	50/50/CHKL477748
49845	27/08/2026 07:25:48	TEMUCO	10344423	PLANTA CHILLAN	Receptado	10000416	27/08/2026 11:54:13	BG	1088	1088	0	LTGY82 /PWZH31 /10535803
49845	27/08/2026 07:25:48	TEMUCO	10344423	PLANTA CHILLAN	Receptado	10000416	27/08/2026 11:54:13	P5T	32	32	0	LTGY82 /PWZH31 /10535803
49856	27/08/2026 08:02:47	VALDIVIA	10421004	ECCOFEED SPA	Receptado	10487508	02/09/2026 10:35:42	BG	184	184	0	PFBS12/PFBS12/10535807
49856	27/08/2026 08:02:47	VALDIVIA	10421004	ECCOFEED SPA	Receptado	10487508	02/09/2026 10:35:42	P5T	3	3	0	PFBS12/PFBS12/10535807
49864	27/08/2026 08:51:10	COPIAPO	10405300	ECCOFEED SPA	Receptado	10487508	02/09/2026 09:53:00	BG	319	319	0	LCTB55/KDHP45/8616902
49864	27/08/2026 08:51:10	COPIAPO	10405300	ECCOFEED SPA	Receptado	10487508	02/09/2026 09:53:00	P5T	5	5	0	LCTB55/KDHP45/8616902
49914	27/08/2026 18:36:45	CEDIS IDE QUILICURA	10033023	PLANTA IDEAL	Receptado	10000427	27/08/2026 20:16:51	BCH	80	79	1	,/,/,
49914	27/08/2026 18:36:45	CEDIS IDE QUILICURA	10033023	PLANTA IDEAL	Receptado	10000427	27/08/2026 20:16:51	BG	970	901	69	,/,/,
49914	27/08/2026 18:36:45	CEDIS IDE QUILICURA	10033023	PLANTA IDEAL	Receptado	10000427	27/08/2026 20:16:51	P5T	16	15	1	,/,/,
49926	27/08/2026 20:35:19	PLANTA IDEAL	10000427	CEDIS IDE QUILICURA	Receptado	10033023	27/08/2026 23:47:38	BG	876	876	0	VRLZ 40/PXJD 32/CHKL477846
49926	27/08/2026 20:35:19	PLANTA IDEAL	10000427	CEDIS IDE QUILICURA	Receptado	10033023	27/08/2026 23:47:38	P5T	17	17	0	VRLZ 40/PXJD 32/CHKL477846
49931	27/08/2026 21:14:10	CEDIS IDE QUILICURA	10033023	LA SERENA	Receptado	10444394	28/08/2026 10:12:13	BCH	35	35	0	CWSV58/KDKY89/HKOOB37685620
49931	27/08/2026 21:14:10	CEDIS IDE QUILICURA	10033023	LA SERENA	Receptado	10444394	28/08/2026 10:12:13	BG	1328	1328	0	CWSV58/KDKY89/HKOOB37685620
49931	27/08/2026 21:14:10	CEDIS IDE QUILICURA	10033023	LA SERENA	Receptado	10444394	28/08/2026 10:12:13	P5T	22	22	0	CWSV58/KDKY89/HKOOB37685620
49977	28/08/2026 04:21:50	PLANTA IDEAL	10033115	CEDIS IDE QUILICURA	Receptado	10032939	28/08/2026 06:06:51	BG	924	924	0	50/50/CHKL477792
49977	28/08/2026 04:21:50	PLANTA IDEAL	10033115	CEDIS IDE QUILICURA	Receptado	10032939	28/08/2026 06:06:51	P5T	17	17	0	50/50/CHKL477792
49978	28/08/2026 05:12:14	PLANTA IDEAL	10033115	CEDIS IDE QUILICURA	Receptado	10032939	28/08/2026 06:23:39	BG	1284	1284	0	50/50/CHKL477759
49978	28/08/2026 05:12:14	PLANTA IDEAL	10033115	CEDIS IDE QUILICURA	Receptado	10032939	28/08/2026 06:23:39	P5T	22	22	0	50/50/CHKL477759
49979	28/08/2026 05:16:52	CEDIS IDE QUILICURA	10032939	LO ESPEJO	Receptado	10461749	29/08/2026 06:04:55	BG	1200	1200	0	1/1/HKOOB37687543
49979	28/08/2026 05:16:52	CEDIS IDE QUILICURA	10032939	LO ESPEJO	Receptado	10461749	29/08/2026 06:04:55	P5T	20	20	0	1/1/HKOOB37687543
49983	28/08/2026 06:24:19	CEDIS IDE QUILICURA	10032939	LO ESPEJO	Receptado	10461749	29/08/2026 06:05:26	BG	1128	1128	0	1/1/HKOOB37687545
49983	28/08/2026 06:24:19	CEDIS IDE QUILICURA	10032939	LO ESPEJO	Receptado	10461749	29/08/2026 06:05:26	P5T	19	19	0	1/1/HKOOB37687545
49991	28/08/2026 07:39:28	PLANTA IDEAL	10001082	CEDIS IDE QUILICURA	Receptado	10001100	28/08/2026 13:56:41	BG	1232	1232	0	1/1/CHKL477886
49991	28/08/2026 07:39:28	PLANTA IDEAL	10001082	CEDIS IDE QUILICURA	Receptado	10001100	28/08/2026 13:56:41	P5T	20	20	0	1/1/CHKL477886
49995	28/08/2026 08:07:48	LO ESPEJO	10429055	PLANTA IDEAL	Receptado	10001216	28/08/2026 14:18:17	BG	560	560	0	00/00/10535888
49995	28/08/2026 08:07:48	LO ESPEJO	10429055	PLANTA IDEAL	Receptado	10001216	28/08/2026 14:18:17	P5T	200	66	134	00/00/10535888
49996	28/08/2026 08:07:29	MELIPILLA	10291937	PLANTA IDEAL	Receptado	10000427	01/09/2026 09:18:29	BCH	40	40	0	PXJD-33/-/105355873
49996	28/08/2026 08:07:29	MELIPILLA	10291937	PLANTA IDEAL	Receptado	10000427	01/09/2026 09:18:29	BG	643	643	0	PXJD-33/-/105355873
49996	28/08/2026 08:07:29	MELIPILLA	10291937	PLANTA IDEAL	Receptado	10000427	01/09/2026 09:18:29	P5T	8	8	0	PXJD-33/-/105355873
50000	28/08/2026 08:24:08	PLANTA IDEAL	10001082	CEDIS IDE QUILICURA	Receptado	10001100	28/08/2026 13:57:11	BG	1180	1180	0	1/1/CHKL477819
50000	28/08/2026 08:24:08	PLANTA IDEAL	10001082	CEDIS IDE QUILICURA	Receptado	10001100	28/08/2026 13:57:11	P5T	17	17	0	1/1/CHKL477819
50003	28/08/2026 08:46:18	LA SERENA	10444394	ECCOFEED SPA	Receptado	10487508	02/09/2026 10:06:08	BG	275	275	0	CWSV58 /KDKY89 /11480287
50003	28/08/2026 08:46:18	LA SERENA	10444394	ECCOFEED SPA	Receptado	10487508	02/09/2026 10:06:08	P5T	4	4	0	CWSV58 /KDKY89 /11480287
50006	28/08/2026 09:25:19	LA SERENA	10444394	PLANTA IDEAL	Receptado	10000427	04/09/2026 10:49:57	BG	740	740	0	DRVC67 /JJ8241 /10535896
50006	28/08/2026 09:25:19	LA SERENA	10444394	PLANTA IDEAL	Receptado	10000427	04/09/2026 10:49:57	P5T	28	28	0	DRVC67 /JJ8241 /10535896
50008	28/08/2026 09:41:10	PLANTA CHILLAN	10000416	CEDIS IDE QUILICURA	Receptado	10032939	29/08/2026 03:30:20	BG	1440	1440	0	PSLY27/PWZP19/CGAX00043762
50008	28/08/2026 09:41:10	PLANTA CHILLAN	10000416	CEDIS IDE QUILICURA	Receptado	10032939	29/08/2026 03:30:20	P5T	24	24	0	PSLY27/PWZP19/CGAX00043762
50012	28/08/2026 10:01:12	CEDIS IDE QUILICURA	10001100	LA SERENA	Receptado	10444394	31/08/2026 10:36:48	BG	187	187	0	1/1/HKOOB37685619
50012	28/08/2026 10:01:12	CEDIS IDE QUILICURA	10001100	LA SERENA	Receptado	10444394	31/08/2026 10:36:48	P5T	4	4	0	1/1/HKOOB37685619
50014	28/08/2026 10:07:52	PLANTA IDEAL	10001082	CEDIS IDE QUILICURA	Receptado	10001100	28/08/2026 13:58:03	BCH	1100	1100	0	1/1/CHKL477760
50014	28/08/2026 10:07:52	PLANTA IDEAL	10001082	CEDIS IDE QUILICURA	Receptado	10001100	28/08/2026 13:58:03	BG	660	660	0	1/1/CHKL477760
50014	28/08/2026 10:07:52	PLANTA IDEAL	10001082	CEDIS IDE QUILICURA	Receptado	10001100	28/08/2026 13:58:03	P5T	22	22	0	1/1/CHKL477760
50016	28/08/2026 10:41:06	CEDIS IDE QUILICURA	10001100	CONCEPCION	Receptado	10001288	28/08/2026 20:00:48	BCH	32	32	0	1/1/HKOOB37685616
50016	28/08/2026 10:41:06	CEDIS IDE QUILICURA	10001100	CONCEPCION	Receptado	10001288	28/08/2026 20:00:48	BG	966	966	0	1/1/HKOOB37685616
50016	28/08/2026 10:41:06	CEDIS IDE QUILICURA	10001100	CONCEPCION	Receptado	10001288	28/08/2026 20:00:48	P5T	16	16	0	1/1/HKOOB37685616
50017	28/08/2026 10:44:05	CEDIS IDE QUILICURA	10001100	CONCEPCION	Cancelado			BCH	32	0	32	1/1/HKOOB37685616
50017	28/08/2026 10:44:05	CEDIS IDE QUILICURA	10001100	CONCEPCION	Cancelado			BG	966	0	966	1/1/HKOOB37685616
50017	28/08/2026 10:44:05	CEDIS IDE QUILICURA	10001100	CONCEPCION	Cancelado			P5T	16	0	16	1/1/HKOOB37685616
50018	28/08/2026 10:45:50	PLANTA IDEAL	10001082	CEDIS IDE QUILICURA	Receptado	10001100	28/08/2026 13:58:20	BCH	1300	1300	0	1/1/CHKL477852
50018	28/08/2026 10:45:50	PLANTA IDEAL	10001082	CEDIS IDE QUILICURA	Receptado	10001100	28/08/2026 13:58:20	BG	464	464	0	1/1/CHKL477852
50018	28/08/2026 10:45:50	PLANTA IDEAL	10001082	CEDIS IDE QUILICURA	Receptado	10001100	28/08/2026 13:58:20	P5T	16	16	0	1/1/CHKL477852
50024	28/08/2026 11:25:59	LOS ANGELES	172705782	ECCOFEED SPA	Receptado	10487508	02/09/2026 10:32:22	BG	181	181	0	RFZY99/PTYJ58/1
50024	28/08/2026 11:25:59	LOS ANGELES	172705782	ECCOFEED SPA	Receptado	10487508	02/09/2026 10:32:22	P5T	3	3	0	RFZY99/PTYJ58/1
50043	28/08/2026 14:43:26	PLANTA CHILLAN	10000416	PLANTA IDEAL	Receptado	10487508	29/08/2026 09:40:43	BCH	200	200	0	1/1/10535595
50043	28/08/2026 14:43:26	PLANTA CHILLAN	10000416	PLANTA IDEAL	Receptado	10487508	29/08/2026 09:40:43	BG	1549	1549	0	1/1/10535595
50043	28/08/2026 14:43:26	PLANTA CHILLAN	10000416	PLANTA IDEAL	Receptado	10487508	29/08/2026 09:40:43	P5T	19	19	0	1/1/10535595
50044	28/08/2026 14:50:01	PLANTA IDEAL	10000427	CEDIS IDE QUILICURA	Receptado	10033023	28/08/2026 15:38:48	BG	1320	1320	0	FYLB 83/KYLZ 25/CHKL477820
50044	28/08/2026 14:50:01	PLANTA IDEAL	10000427	CEDIS IDE QUILICURA	Receptado	10033023	28/08/2026 15:38:48	P5T	22	22	0	FYLB 83/KYLZ 25/CHKL477820
50047	28/08/2026 14:56:13	SALON PEDRO DE VALDIVIA	10000349	QUILICURA	Receptado	101196341	28/08/2026 18:10:05	BG	16	16	0	0/0/0
50054	28/08/2026 16:23:38	PLANTA IDEAL	10000427	CEDIS IDE QUILICURA	Receptado	10033023	28/08/2026 16:53:00	BG	876	876	0	FYLB 83/KYLZ 25/CHKL477906
50054	28/08/2026 16:23:38	PLANTA IDEAL	10000427	CEDIS IDE QUILICURA	Receptado	10033023	28/08/2026 16:53:00	P5T	17	17	0	FYLB 83/KYLZ 25/CHKL477906
51031	05/09/2026 18:50:23	LO ESPEJO	10458156	ECCOFEED SPA	Pendiente			BG	376	0	376	IDEAL/IDEAL/IDEAL
51031	05/09/2026 18:50:23	LO ESPEJO	10458156	ECCOFEED SPA	Pendiente			P5T	7	0	7	IDEAL/IDEAL/IDEAL
51071	06/09/2026 09:25:28	QUILICURA	101196341	CEDIS IDE QUILICURA	Receptado	10001100	06/09/2026 15:28:28	BG	1440	1440	0	0/0/0
51071	06/09/2026 09:25:28	QUILICURA	101196341	CEDIS IDE QUILICURA	Receptado	10001100	06/09/2026 15:28:28	P5T	12	12	0	0/0/0
51098	07/09/2026 07:38:42	CEDIS IDE QUILICURA	10032939	COPIAPO	Pendiente			BCH	37	0	37	1/1/HKOOB37737041
51098	07/09/2026 07:38:42	CEDIS IDE QUILICURA	10032939	COPIAPO	Pendiente			BG	854	0	854	1/1/HKOOB37737041
51098	07/09/2026 07:38:42	CEDIS IDE QUILICURA	10032939	COPIAPO	Pendiente			P5T	18	0	18	1/1/HKOOB37737041
51108	07/09/2026 10:11:24	CEDIS IDE QUILICURA	10032939	COPIAPO	Pendiente			BG	492	0	492	1/1/HKOOB37737096
51108	07/09/2026 10:11:24	CEDIS IDE QUILICURA	10032939	COPIAPO	Pendiente			P5T	8	0	8	1/1/HKOOB37737096
51111	07/09/2026 10:37:14	CEDIS IDE QUILICURA	10032939	PLANTA IDEAL	Pendiente			BG	50	0	50	1/1/CHKO384605
51114	07/09/2026 11:11:21	GRANDES CLIENTES	10143848	PLANTA IDEAL	Receptado	10000772	07/09/2026 12:12:35	P5T	60	60	0	STJR-25/STJR-25/10536484
51134	07/09/2026 15:18:52	GRANDES CLIENTES	10000772	PLANTA IDEAL	Pendiente			BCH	126	0	126	1/1/1
51134	07/09/2026 15:18:52	GRANDES CLIENTES	10000772	PLANTA IDEAL	Pendiente			BG	1681	0	1681	1/1/1
51134	07/09/2026 15:18:52	GRANDES CLIENTES	10000772	PLANTA IDEAL	Pendiente			P5T	3	0	3	1/1/1
51136	07/09/2026 15:22:25	LO ESPEJO	10458156	PLANTA IDEAL	Receptado	10001082	07/09/2026 16:56:08	BG	1512	1568	-56	IDEAL/IDEAL/10536491
51136	07/09/2026 15:22:25	LO ESPEJO	10458156	PLANTA IDEAL	Receptado	10001082	07/09/2026 16:56:08	P5T	23	23	0	IDEAL/IDEAL/10536491
49814	27/08/2026 03:57:40	PLANTA IDEAL	10033115	CEDIS IDE QUILICURA	Receptado	10032939	27/08/2026 04:33:18	BG	1320	1320	0	50/50/CHKL477739
49814	27/08/2026 03:57:40	PLANTA IDEAL	10033115	CEDIS IDE QUILICURA	Receptado	10032939	27/08/2026 04:33:18	P5T	22	22	0	50/50/CHKL477739
49815	27/08/2026 03:59:39	PLANTA IDEAL	10033115	CEDIS IDE QUILICURA	Receptado	10032939	27/08/2026 04:33:34	BG	1308	1308	0	50/50/CHKL477747
49815	27/08/2026 03:59:39	PLANTA IDEAL	10033115	CEDIS IDE QUILICURA	Receptado	10032939	27/08/2026 04:33:34	P5T	22	22	0	50/50/CHKL477747
49816	27/08/2026 04:01:17	PLANTA IDEAL	10033115	CEDIS IDE QUILICURA	Receptado	10032939	27/08/2026 04:33:48	BG	948	948	0	53/53/CHKL477643
49816	27/08/2026 04:01:17	PLANTA IDEAL	10033115	CEDIS IDE QUILICURA	Receptado	10032939	27/08/2026 04:33:48	P5T	18	18	0	53/53/CHKL477643
49909	27/08/2026 17:36:39	PLANTA IDEAL	10000427	CEDIS IDE QUILICURA	Receptado	10033023	27/08/2026 18:40:17	BG	876	876	0	DBLS 59/KYLZ 24/CHKL477754
49909	27/08/2026 17:36:39	PLANTA IDEAL	10000427	CEDIS IDE QUILICURA	Receptado	10033023	27/08/2026 18:40:17	P5T	22	22	0	DBLS 59/KYLZ 24/CHKL477754
49954	28/08/2026 00:50:58	CEDIS IDE QUILICURA	10033023	LA SERENA	Receptado	10444394	28/08/2026 10:12:28	BG	1059	1059	0	1/1/HKOOB37685621
49954	28/08/2026 00:50:58	CEDIS IDE QUILICURA	10033023	LA SERENA	Receptado	10444394	28/08/2026 10:12:28	P5T	19	19	0	1/1/HKOOB37685621
49957	28/08/2026 01:30:00	CEDIS IDE QUILICURA	10033023	EL PINAR	Receptado	10300015	28/08/2026 13:14:18	BG	1006	1006	0	1/1/HKOOB37675860
49957	28/08/2026 01:30:00	CEDIS IDE QUILICURA	10033023	EL PINAR	Receptado	10300015	28/08/2026 13:14:18	P5T	18	18	0	1/1/HKOOB37675860
49971	28/08/2026 04:36:12	CEDIS IDE QUILICURA	10032939	QUILICURA	Receptado	10397048	31/08/2026 08:52:08	BG	1872	1872	0	1/1/CHKO383946
49971	28/08/2026 04:36:12	CEDIS IDE QUILICURA	10032939	QUILICURA	Receptado	10397048	31/08/2026 08:52:08	P5T	40	40	0	1/1/CHKO383946
49987	28/08/2026 07:34:25	VALDIVIA	10421004	ECCOFEED SPA	Receptado	10487508	02/09/2026 10:35:13	BG	120	120	0	PSLY21/PSLY21/10535883
49987	28/08/2026 07:34:25	VALDIVIA	10421004	ECCOFEED SPA	Receptado	10487508	02/09/2026 10:35:13	P5T	2	2	0	PSLY21/PSLY21/10535883
49989	28/08/2026 07:41:50	CHILLAN	10301699	ECCOFEED SPA	Receptado	10487508	02/09/2026 10:27:55	BG	187	187	0	PSLY27/PWZP19/10535865
49989	28/08/2026 07:41:50	CHILLAN	10301699	ECCOFEED SPA	Receptado	10487508	02/09/2026 10:27:55	P5T	3	3	0	PSLY27/PWZP19/10535865
49990	28/08/2026 07:41:41	VALDIVIA	10421004	PLANTA CHILLAN	Receptado	10000416	28/08/2026 16:25:58	BG	480	480	0	PTJ59/PTJ59/0
49990	28/08/2026 07:41:41	VALDIVIA	10421004	PLANTA CHILLAN	Receptado	10000416	28/08/2026 16:25:58	P5T	16	16	0	PTJ59/PTJ59/0
49993	28/08/2026 08:01:45	TEMUCO	10344423	PLANTA CHILLAN	Receptado	10000416	28/08/2026 16:26:30	BCH	53	53	0	LTGY83 /PWZP18 /10535887
49993	28/08/2026 08:01:45	TEMUCO	10344423	PLANTA CHILLAN	Receptado	10000416	28/08/2026 16:26:30	BG	1056	1056	0	LTGY83 /PWZP18 /10535887
49993	28/08/2026 08:01:45	TEMUCO	10344423	PLANTA CHILLAN	Receptado	10000416	28/08/2026 16:26:30	P5T	19	19	0	LTGY83 /PWZP18 /10535887
50015	28/08/2026 10:31:12	PLANTA CHILLAN	10000416	CEDIS IDE QUILICURA	Receptado	10032939	29/08/2026 03:30:03	BG	1440	1440	0	RFZY99/PTYJ59/CGAX00043782
50015	28/08/2026 10:31:12	PLANTA CHILLAN	10000416	CEDIS IDE QUILICURA	Receptado	10032939	29/08/2026 03:30:03	P5T	24	24	0	RFZY99/PTYJ59/CGAX00043782
50155	29/08/2026 09:33:12	GRANDES CLIENTES	10143848	PLANTA IDEAL	Receptado	10001082	29/08/2026 10:32:34	BG	1200	1200	0	STJR-25/STJR-25/10535985
50155	29/08/2026 09:33:12	GRANDES CLIENTES	10143848	PLANTA IDEAL	Receptado	10001082	29/08/2026 10:32:34	P5T	10	10	0	STJR-25/STJR-25/10535985
50159	29/08/2026 10:26:41	CEDIS IDE QUILICURA	10161182	VIÑA DEL MAR	Receptado	10001291	31/08/2026 00:51:05	BG	1344	1266	78	TVTD89/PXJD34/HKOOB37692493
50159	29/08/2026 10:26:41	CEDIS IDE QUILICURA	10161182	VIÑA DEL MAR	Receptado	10001291	31/08/2026 00:51:05	P5T	19	19	0	TVTD89/PXJD34/HKOOB37692493
50248	31/08/2026 08:36:17	CEDIS IDE QUILICURA	10033023	OSORNO	Receptado	10001704	02/09/2026 06:10:37	BCH	10	10	0	PFBS17/PWWC54/HKOOB37693516
50248	31/08/2026 08:36:17	CEDIS IDE QUILICURA	10033023	OSORNO	Receptado	10001704	02/09/2026 06:10:37	BG	1193	1193	0	PFBS17/PWWC54/HKOOB37693516
50248	31/08/2026 08:36:17	CEDIS IDE QUILICURA	10033023	OSORNO	Receptado	10001704	02/09/2026 06:10:37	P5T	24	24	0	PFBS17/PWWC54/HKOOB37693516
50254	31/08/2026 09:38:16	CEDIS IDE QUILICURA	10033023	ARICA	Receptado	10154469	02/09/2026 23:38:41	BG	6	6	0	1/1/CHKO384126
50256	31/08/2026 10:06:13	LA SERENA	10444394	ECCOFEED SPA	Receptado	10005088	04/09/2026 19:23:26	BG	320	320	0	PGKD18 /PWXK76 /11480665
50256	31/08/2026 10:06:13	LA SERENA	10444394	ECCOFEED SPA	Receptado	10005088	04/09/2026 19:23:26	P5T	5	5	0	PGKD18 /PWXK76 /11480665
50257	31/08/2026 10:08:10	LOS ANGELES	172705782	PLANTA CHILLAN	Receptado	10000416	31/08/2026 13:19:00	BG	1152	1152	0	PFBS11/KDGH62/1
50257	31/08/2026 10:08:10	LOS ANGELES	172705782	PLANTA CHILLAN	Receptado	10000416	31/08/2026 13:19:00	P5T	9	9	0	PFBS11/KDGH62/1
50372	01/09/2026 04:32:26	CEDIS IDE QUILICURA	10001100	PLANTA CHILLAN	Receptado	10000416	03/09/2026 17:02:28	P5T	18	18	0	1/1/1
50376	01/09/2026 05:01:42	PLANTA IDEAL	10001082	CEDIS IDE QUILICURA	Receptado	10001100	01/09/2026 06:16:20	BCH	64	64	0	1/1/CHKL478134
50376	01/09/2026 05:01:42	PLANTA IDEAL	10001082	CEDIS IDE QUILICURA	Receptado	10001100	01/09/2026 06:16:20	BG	887	887	0	1/1/CHKL478134
50376	01/09/2026 05:01:42	PLANTA IDEAL	10001082	CEDIS IDE QUILICURA	Receptado	10001100	01/09/2026 06:16:20	P5T	16	16	0	1/1/CHKL478134
50377	01/09/2026 05:28:15	CEDIS IDE QUILICURA	10001100	IQUIQUE	Receptado	10012419	03/09/2026 09:25:49	BG	931	931	0	1/1/HKOOB37707583
50377	01/09/2026 05:28:15	CEDIS IDE QUILICURA	10001100	IQUIQUE	Receptado	10012419	03/09/2026 09:25:49	P5T	16	16	0	1/1/HKOOB37707583
50378	01/09/2026 05:38:14	PLANTA IDEAL	10001082	CEDIS IDE QUILICURA	Receptado	10033023	01/09/2026 09:02:22	BG	95	95	0	1/1/CHKL478152
50378	01/09/2026 05:38:14	PLANTA IDEAL	10001082	CEDIS IDE QUILICURA	Receptado	10033023	01/09/2026 09:02:22	P5T	17	17	0	1/1/CHKL478152
50878	04/09/2026 13:10:30	SALON EL CORTIJO	10000989	QUILICURA	Receptado	101196341	04/09/2026 18:44:51	BG	22	22	0	0/0/0
49766	26/08/2026 17:52:57	PLANTA IDEAL	10000427	CEDIS IDE QUILICURA	Receptado	10033023	26/08/2026 19:44:54	BG	977	977	0	DBLS 59/PXJD 32/CHKL477663
49766	26/08/2026 17:52:57	PLANTA IDEAL	10000427	CEDIS IDE QUILICURA	Receptado	10033023	26/08/2026 19:44:54	P5T	21	21	0	DBLS 59/PXJD 32/CHKL477663
49767	26/08/2026 18:14:01	PLANTA IDEAL	10000427	CEDIS IDE QUILICURA	Receptado	10033023	26/08/2026 19:44:39	BG	1308	1308	0	FYLB 83/KYLZ 24/CHKL477766
49767	26/08/2026 18:14:01	PLANTA IDEAL	10000427	CEDIS IDE QUILICURA	Receptado	10033023	26/08/2026 19:44:39	P5T	22	22	0	FYLB 83/KYLZ 24/CHKL477766
49768	26/08/2026 18:26:11	LO ESPEJO	10458156	PLANTA IDEAL	Receptado	10487508	27/08/2026 11:45:01	BG	2260	2260	0	IDEAL/IDEAL/IDEAL
49768	26/08/2026 18:26:11	LO ESPEJO	10458156	PLANTA IDEAL	Receptado	10487508	27/08/2026 11:45:01	P5T	24	24	0	IDEAL/IDEAL/IDEAL
49769	26/08/2026 18:54:06	CEDIS IDE QUILICURA	10033023	TALCA	Receptado	10000096	27/08/2026 12:28:28	BG	1114	1063	51	RFZY99/PTYJ58/HKOOB37675848
49769	26/08/2026 18:54:06	CEDIS IDE QUILICURA	10033023	TALCA	Receptado	10000096	27/08/2026 12:28:28	P5T	21	21	0	RFZY99/PTYJ58/HKOOB37675848
49770	26/08/2026 19:12:30	CEDIS IDE QUILICURA	10033023	LO ESPEJO	Receptado	10461749	27/08/2026 04:16:19	BG	1356	1356	0	STJR25/KYPH94/HKOOB37676190
49770	26/08/2026 19:12:30	CEDIS IDE QUILICURA	10033023	LO ESPEJO	Receptado	10461749	27/08/2026 04:16:19	P5T	24	24	0	STJR25/KYPH94/HKOOB37676190
49777	26/08/2026 19:42:57	PLANTA IDEAL	10000427	CEDIS IDE QUILICURA	Receptado	10033023	26/08/2026 19:45:41	BG	960	960	0	FYLB 83/KYLZ 24/CHKL477736
49777	26/08/2026 19:42:57	PLANTA IDEAL	10000427	CEDIS IDE QUILICURA	Receptado	10033023	26/08/2026 19:45:41	P5T	21	21	0	FYLB 83/KYLZ 24/CHKL477736
49835	27/08/2026 06:05:25	PLANTA IDEAL	10033115	CEDIS IDE QUILICURA	Receptado	10032939	27/08/2026 06:31:05	BG	1164	1164	0	50/50/CHKL477748
49835	27/08/2026 06:05:25	PLANTA IDEAL	10033115	CEDIS IDE QUILICURA	Receptado	10032939	27/08/2026 06:31:05	P5T	17	17	0	50/50/CHKL477748
49836	27/08/2026 06:06:43	PLANTA IDEAL	10033115	CEDIS IDE QUILICURA	Receptado	10032939	27/08/2026 06:29:10	BG	1315	1315	0	50/50/CHKL477806
49836	27/08/2026 06:06:43	PLANTA IDEAL	10033115	CEDIS IDE QUILICURA	Receptado	10032939	27/08/2026 06:29:10	P5T	21	21	0	50/50/CHKL477806
49842	27/08/2026 06:51:52	RANCAGUA	10000032	ECCOFEED SPA	Receptado	10487508	02/09/2026 10:15:21	BG	84	84	0	CZYT-30/JH-3200/10535798
49842	27/08/2026 06:51:52	RANCAGUA	10000032	ECCOFEED SPA	Receptado	10487508	02/09/2026 10:15:21	P5T	2	2	0	CZYT-30/JH-3200/10535798
49843	27/08/2026 07:10:42	TALCA	10000096	ECCOFEED SPA	Receptado	10487508	02/09/2026 10:26:20	BG	251	251	0	RFZY 99/PTYJ 58/0
49843	27/08/2026 07:10:42	TALCA	10000096	ECCOFEED SPA	Receptado	10487508	02/09/2026 10:26:20	P5T	5	5	0	RFZY 99/PTYJ 58/0
49844	27/08/2026 07:24:28	TEMUCO	10344423	ECCOFEED SPA	Receptado	10487508	02/09/2026 10:34:02	BG	155	155	0	LTGY82 /PWZH31 /10535803
49844	27/08/2026 07:24:28	TEMUCO	10344423	ECCOFEED SPA	Receptado	10487508	02/09/2026 10:34:02	P5T	3	3	0	LTGY82 /PWZH31 /10535803
49849	27/08/2026 07:48:35	CHILLAN	10301699	PLANTA CHILLAN	Receptado	10000416	27/08/2026 11:00:13	BG	936	960	-24	PSLY27/PWZP19/10535785
49849	27/08/2026 07:48:35	CHILLAN	10301699	PLANTA CHILLAN	Receptado	10000416	27/08/2026 11:00:13	P5T	11	11	0	PSLY27/PWZP19/10535785
49855	27/08/2026 07:52:08	PLANTA IDEAL	10001082	CEDIS IDE QUILICURA	Receptado	10001100	27/08/2026 13:31:59	BG	1248	1248	0	1/1/CHKL477807
49855	27/08/2026 07:52:08	PLANTA IDEAL	10001082	CEDIS IDE QUILICURA	Receptado	10001100	27/08/2026 13:31:59	P5T	17	17	0	1/1/CHKL477807
49867	27/08/2026 09:16:35	COPIAPO	10405300	QUILICURA	Receptado	10397048	31/08/2026 09:08:21	BG	85	85	0	LCTB55/KDHP45/8617019
49867	27/08/2026 09:16:35	COPIAPO	10405300	QUILICURA	Receptado	10397048	31/08/2026 09:08:21	P5T	2	2	0	LCTB55/KDHP45/8617019
49877	27/08/2026 10:38:16	PLANTA IDEAL	10001082	CEDIS IDE QUILICURA	Receptado	10001100	27/08/2026 13:37:41	BG	864	864	0	1/1/CHKL477809
49877	27/08/2026 10:38:16	PLANTA IDEAL	10001082	CEDIS IDE QUILICURA	Receptado	10001100	27/08/2026 13:37:41	P5T	16	16	0	1/1/CHKL477809
49878	27/08/2026 10:58:57	CEDIS IDE QUILICURA	10001100	OSORNO	Receptado	10001704	28/08/2026 07:51:17	BG	1059	1059	0	1/1/HKOOB37680783
49878	27/08/2026 10:58:57	CEDIS IDE QUILICURA	10001100	OSORNO	Receptado	10001704	28/08/2026 07:51:17	P5T	27	19	8	1/1/HKOOB37680783
49884	27/08/2026 11:47:37	PLANTA CHILLAN	10000416	CEDIS IDE QUILICURA	Receptado	10001100	28/08/2026 13:35:58	BG	1418	1418	0	PGKD17/PWXK75/CGAX00043704
49884	27/08/2026 11:47:37	PLANTA CHILLAN	10000416	CEDIS IDE QUILICURA	Receptado	10001100	28/08/2026 13:35:58	P5T	24	24	0	PGKD17/PWXK75/CGAX00043704
49956	28/08/2026 00:57:47	PLANTA IDEAL	10033115	CEDIS IDE QUILICURA	Receptado	10032939	28/08/2026 03:02:21	BG	1248	1248	0	50/50/CHKL477817
49956	28/08/2026 00:57:47	PLANTA IDEAL	10033115	CEDIS IDE QUILICURA	Receptado	10032939	28/08/2026 03:02:21	P5T	19	19	0	50/50/CHKL477817
49959	28/08/2026 01:50:05	PLANTA IDEAL	10033115	CEDIS IDE QUILICURA	Receptado	10032939	28/08/2026 03:02:39	BG	1032	1032	0	50/50/CHKL477757
49959	28/08/2026 01:50:05	PLANTA IDEAL	10033115	CEDIS IDE QUILICURA	Receptado	10032939	28/08/2026 03:02:39	P5T	19	19	0	50/50/CHKL477757
49961	28/08/2026 02:02:11	CEDIS IDE QUILICURA	10033023	GRANDES CLIENTES	Receptado	10001251	29/08/2026 02:44:31	BG	57	57	0	1/1/CHKO383966
49961	28/08/2026 02:02:11	CEDIS IDE QUILICURA	10033023	GRANDES CLIENTES	Receptado	10001251	29/08/2026 02:44:31	P5T	2	2	0	1/1/CHKO383966
50095	29/08/2026 00:19:31	CEDIS IDE QUILICURA	10032939	SALON EL CORTIJO	Receptado	10000989	31/08/2026 16:10:47	BG	41	41	0	1/1/CHKO384045
50095	29/08/2026 00:19:31	CEDIS IDE QUILICURA	10032939	SALON EL CORTIJO	Receptado	10000989	31/08/2026 16:10:47	P5T	1	0	1	1/1/CHKO384045
50097	29/08/2026 00:42:42	CEDIS IDE QUILICURA	10032939	PLANTA CHILLAN	Receptado	10000416	03/09/2026 17:01:41	P5T	10	10	0	1/1/CEDIS A CHILLAN
50098	29/08/2026 00:49:26	CEDIS IDE QUILICURA	10032939	SALON QUILICURA	Receptado	10000981	31/08/2026 12:50:42	BG	57	57	0	1/1/CHKO384065
50098	29/08/2026 00:49:26	CEDIS IDE QUILICURA	10032939	SALON QUILICURA	Receptado	10000981	31/08/2026 12:50:42	P5T	2	0	2	1/1/CHKO384065
50099	29/08/2026 00:55:19	CEDIS IDE QUILICURA	10032939	SALON CEDIS	Receptado	10000848-1	31/08/2026 12:46:47	BG	21	21	0	1/1/CHKO384046
50099	29/08/2026 00:55:19	CEDIS IDE QUILICURA	10032939	SALON CEDIS	Receptado	10000848-1	31/08/2026 12:46:47	P5T	1	0	1	1/1/CHKO384046
50100	29/08/2026 01:01:26	CEDIS IDE QUILICURA	10032939	SALON PEDRO DE VALDIVIA	Receptado	10000349	31/08/2026 14:59:49	BG	29	31	-2	1/1/CHKO384029
50100	29/08/2026 01:01:26	CEDIS IDE QUILICURA	10032939	SALON PEDRO DE VALDIVIA	Receptado	10000349	31/08/2026 14:59:49	P5T	1	0	1	1/1/CHKO384029
50101	29/08/2026 01:08:57	CEDIS IDE QUILICURA	10032939	VIÑA DEL MAR	Cancelado	10001291	29/08/2026 11:18:50	BG	1238	1198	40	1/1/HKOOB37692492
50101	29/08/2026 01:08:57	CEDIS IDE QUILICURA	10032939	VIÑA DEL MAR	Cancelado	10001291	29/08/2026 11:18:50	P5T	21	21	0	1/1/HKOOB37692492
50102	29/08/2026 01:52:42	CEDIS IDE QUILICURA	10032939	TEMUCO	Receptado	10344423	31/08/2026 12:36:49	BCH	75	75	0	1/1/HKOOB37691163
50102	29/08/2026 01:52:42	CEDIS IDE QUILICURA	10032939	TEMUCO	Receptado	10344423	31/08/2026 12:36:49	BG	1323	1323	0	1/1/HKOOB37691163
50102	29/08/2026 01:52:42	CEDIS IDE QUILICURA	10032939	TEMUCO	Receptado	10344423	31/08/2026 12:36:49	P5T	20	20	0	1/1/HKOOB37691163
50103	29/08/2026 02:04:28	CEDIS IDE QUILICURA	10032939	PLANTA CHILLAN	Receptado	10000416	03/09/2026 17:01:58	P5T	10	10	0	1/1/CEDIS A CHILLAN
50104	29/08/2026 02:21:02	CEDIS IDE QUILICURA	10032939	GRANDES CLIENTES	Receptado	10001251	29/08/2026 02:45:28	BCH	61	61	0	1/1/CHKO384047
50104	29/08/2026 02:21:02	CEDIS IDE QUILICURA	10032939	GRANDES CLIENTES	Receptado	10001251	29/08/2026 02:45:28	BG	25	25	0	1/1/CHKO384047
50104	29/08/2026 02:21:02	CEDIS IDE QUILICURA	10032939	GRANDES CLIENTES	Receptado	10001251	29/08/2026 02:45:28	P5T	2	2	0	1/1/CHKO384047
50105	29/08/2026 02:31:33	CEDIS IDE QUILICURA	10032939	MELIPILLA	Receptado	10291937	29/08/2026 09:14:02	BG	1201	1010	191	1/1/HKOOB37691153
50105	29/08/2026 02:31:33	CEDIS IDE QUILICURA	10032939	MELIPILLA	Receptado	10291937	29/08/2026 09:14:02	P5T	19	15	4	1/1/HKOOB37691153
50106	29/08/2026 02:56:08	CEDIS IDE QUILICURA	10032939	IQUIQUE	Receptado	10012419	01/09/2026 07:44:50	BG	522	522	0	1/1/HKOOB37692498
50106	29/08/2026 02:56:08	CEDIS IDE QUILICURA	10032939	IQUIQUE	Receptado	10012419	01/09/2026 07:44:50	P5T	8	8	0	1/1/HKOOB37692498
50107	29/08/2026 02:58:01	CEDIS IDE QUILICURA	10032939	PLANTA IDEAL	Receptado	10033115	29/08/2026 05:23:51	BCH	54	54	0	1/1/CEDIS A PLANTA
50107	29/08/2026 02:58:01	CEDIS IDE QUILICURA	10032939	PLANTA IDEAL	Receptado	10033115	29/08/2026 05:23:51	BG	1174	1174	0	1/1/CEDIS A PLANTA
50107	29/08/2026 02:58:01	CEDIS IDE QUILICURA	10032939	PLANTA IDEAL	Receptado	10033115	29/08/2026 05:23:51	P5T	17	17	0	1/1/CEDIS A PLANTA
50188	29/08/2026 16:25:47	PLANTA IDEAL	10000427	CEDIS IDE QUILICURA	Receptado	10033023	29/08/2026 18:05:28	BG	1296	1296	0	FYLB 83/KYLZ 25/CHKL477989
50188	29/08/2026 16:25:47	PLANTA IDEAL	10000427	CEDIS IDE QUILICURA	Receptado	10033023	29/08/2026 18:05:28	P5T	22	22	0	FYLB 83/KYLZ 25/CHKL477989
50190	29/08/2026 17:31:01	LO ESPEJO	10450102	ECCOFEED SPA	Receptado	10487508	02/09/2026 10:13:17	BG	456	456	0	IDEAL/IDEAL/10190867-68
50190	29/08/2026 17:31:01	LO ESPEJO	10450102	ECCOFEED SPA	Receptado	10487508	02/09/2026 10:13:17	P5T	8	8	0	IDEAL/IDEAL/10190867-68
50192	29/08/2026 17:44:43	CEDIS IDE QUILICURA	10033023	LA SERENA	Receptado	10444394	31/08/2026 10:37:20	BCH	109	109	0	PGKD18/PWZP-17/HKOOB37693495
50192	29/08/2026 17:44:43	CEDIS IDE QUILICURA	10033023	LA SERENA	Receptado	10444394	31/08/2026 10:37:20	BG	1367	1367	0	PGKD18/PWZP-17/HKOOB37693495
51077	07/09/2026 01:56:57	PLANTA IDEAL	10000427	CEDIS IDE QUILICURA	Receptado	10032939	07/09/2026 05:52:48	BG	1224	1224	0	JKKJ 26/KYLZ 25/CHKL478457
51077	07/09/2026 01:56:57	PLANTA IDEAL	10000427	CEDIS IDE QUILICURA	Receptado	10032939	07/09/2026 05:52:48	P5T	17	17	0	JKKJ 26/KYLZ 25/CHKL478457
51078	07/09/2026 02:18:48	PLANTA IDEAL	10000427	CEDIS IDE QUILICURA	Receptado	10032939	07/09/2026 05:53:03	BG	372	372	0	JKKJ 26/KYLZ 25/CHKL478545
51078	07/09/2026 02:18:48	PLANTA IDEAL	10000427	CEDIS IDE QUILICURA	Receptado	10032939	07/09/2026 05:53:03	P5T	15	15	0	JKKJ 26/KYLZ 25/CHKL478545
51079	07/09/2026 02:48:49	PLANTA IDEAL	10000427	CEDIS IDE QUILICURA	Receptado	10032939	07/09/2026 05:53:21	BG	153	153	0	jkkj 26/kylz 25/CHKL478546
51079	07/09/2026 02:48:49	PLANTA IDEAL	10000427	CEDIS IDE QUILICURA	Receptado	10032939	07/09/2026 05:53:21	P5T	15	15	0	jkkj 26/kylz 25/CHKL478546
51080	07/09/2026 03:15:07	PLANTA IDEAL	10000427	CEDIS IDE QUILICURA	Receptado	10032939	07/09/2026 05:53:34	BG	727	727	0	JKKJ 26/KYLZ 25/CHKL478547
51080	07/09/2026 03:15:07	PLANTA IDEAL	10000427	CEDIS IDE QUILICURA	Receptado	10032939	07/09/2026 05:53:34	P5T	11	11	0	JKKJ 26/KYLZ 25/CHKL478547
51081	07/09/2026 04:00:53	PLANTA IDEAL	10000427	CEDIS IDE QUILICURA	Receptado	10032939	07/09/2026 05:53:47	BG	1036	1036	0	JKKJ 26/KYLZ 25/CHKL478565
51081	07/09/2026 04:00:53	PLANTA IDEAL	10000427	CEDIS IDE QUILICURA	Receptado	10032939	07/09/2026 05:53:47	P5T	19	19	0	JKKJ 26/KYLZ 25/CHKL478565
49710	26/08/2026 08:07:05	RANCAGUA	10000032	ECCOFEED SPA	Receptado	10487508	27/08/2026 10:22:49	BG	222	222	0	CZYT-30/JH-3200/10535744
49710	26/08/2026 08:07:05	RANCAGUA	10000032	ECCOFEED SPA	Receptado	10487508	27/08/2026 10:22:49	P5T	4	4	0	CZYT-30/JH-3200/10535744
49711	26/08/2026 08:10:39	CEDIS IDE QUILICURA	10001100	VALDIVIA	Receptado	10421004	27/08/2026 08:32:27	BCH	155	155	0	1/1/HKOOB37675840
49711	26/08/2026 08:10:39	CEDIS IDE QUILICURA	10001100	VALDIVIA	Receptado	10421004	27/08/2026 08:32:27	BG	940	940	0	1/1/HKOOB37675840
49711	26/08/2026 08:10:39	CEDIS IDE QUILICURA	10001100	VALDIVIA	Receptado	10421004	27/08/2026 08:32:27	P5T	19	19	0	1/1/HKOOB37675840
49812	27/08/2026 03:16:54	CEDIS IDE QUILICURA	10032939	EL PINAR	Receptado	10300015	27/08/2026 09:35:25	BG	982	982	0	1/1/HKOOB37676200
49812	27/08/2026 03:16:54	CEDIS IDE QUILICURA	10032939	EL PINAR	Receptado	10300015	27/08/2026 09:35:25	P5T	15	15	0	1/1/HKOOB37676200
49813	27/08/2026 03:37:53	CEDIS IDE QUILICURA	10032939	SALON CEDIS	Receptado	10000848-1	31/08/2026 12:46:31	BG	18	16	2	1/1/CHKO383847
49874	27/08/2026 10:32:57	CEDIS IDE QUILICURA	10001100	PUERTO MONTT	Receptado	10001696	28/08/2026 10:40:59	BG	450	450	0	1/1/HKOOB37680775
49874	27/08/2026 10:32:57	CEDIS IDE QUILICURA	10001100	PUERTO MONTT	Receptado	10001696	28/08/2026 10:40:59	P5T	8	8	0	1/1/HKOOB37680775
49879	27/08/2026 11:21:02	PLANTA IDEAL	10001082	CEDIS IDE QUILICURA	Receptado	10001100	27/08/2026 13:38:01	BG	1104	1104	0	1/1/CHKL477825
49879	27/08/2026 11:21:02	PLANTA IDEAL	10001082	CEDIS IDE QUILICURA	Receptado	10001100	27/08/2026 13:38:01	P5T	20	20	0	1/1/CHKL477825
49882	27/08/2026 11:35:54	PLANTA IDEAL	10001082	CEDIS IDE QUILICURA	Receptado	10001100	27/08/2026 13:38:29	BG	1188	1188	0	1/1/CHKL477826
49882	27/08/2026 11:35:54	PLANTA IDEAL	10001082	CEDIS IDE QUILICURA	Receptado	10001100	27/08/2026 13:38:29	P5T	15	15	0	1/1/CHKL477826
50002	28/08/2026 08:44:13	LA SERENA	10444394	PLANTA IDEAL	Receptado	10000427	28/08/2026 17:08:19	BG	1556	1556	0	CWSV58/KDKY89/10535892
50002	28/08/2026 08:44:13	LA SERENA	10444394	PLANTA IDEAL	Receptado	10000427	28/08/2026 17:08:19	P5T	17	17	0	CWSV58/KDKY89/10535892
50019	28/08/2026 11:00:09	SALON QUILICURA	10000981	QUILICURA	Receptado	101196341	28/08/2026 18:09:40	BG	36	36	0	0/0/0
50022	28/08/2026 11:17:14	PLANTA IDEAL	10001082	CEDIS IDE QUILICURA	Receptado	10001100	28/08/2026 13:59:11	BCH	300	300	0	1/1/CHKL477794
50022	28/08/2026 11:17:14	PLANTA IDEAL	10001082	CEDIS IDE QUILICURA	Receptado	10001100	28/08/2026 13:59:11	BG	1060	1060	0	1/1/CHKL477794
50022	28/08/2026 11:17:14	PLANTA IDEAL	10001082	CEDIS IDE QUILICURA	Receptado	10001100	28/08/2026 13:59:11	P5T	21	21	0	1/1/CHKL477794
50023	28/08/2026 11:24:48	LOS ANGELES	172705782	PLANTA CHILLAN	Receptado	10000416	28/08/2026 11:50:44	BG	768	768	0	RFZY99/PTJY58/1
50023	28/08/2026 11:24:48	LOS ANGELES	172705782	PLANTA CHILLAN	Receptado	10000416	28/08/2026 11:50:44	P5T	6	6	0	RFZY99/PTJY58/1
50351	01/09/2026 00:23:45	CEDIS IDE QUILICURA	10001100	EL PINAR	Receptado	10300015	01/09/2026 11:51:02	BCH	24	24	0	1/1/HKOOB37693513
50351	01/09/2026 00:23:45	CEDIS IDE QUILICURA	10001100	EL PINAR	Receptado	10300015	01/09/2026 11:51:02	BG	329	329	0	1/1/HKOOB37693513
50351	01/09/2026 00:23:45	CEDIS IDE QUILICURA	10001100	EL PINAR	Receptado	10300015	01/09/2026 11:51:02	P5T	9	9	0	1/1/HKOOB37693513
50353	01/09/2026 00:31:34	CEDIS IDE QUILICURA	10001100	EL PINAR	Cancelado			BCH	24	0	24	1/1/HKOOB37693513
50353	01/09/2026 00:31:34	CEDIS IDE QUILICURA	10001100	EL PINAR	Cancelado			BG	329	0	329	1/1/HKOOB37693513
50353	01/09/2026 00:31:34	CEDIS IDE QUILICURA	10001100	EL PINAR	Cancelado			P5T	9	0	9	1/1/HKOOB37693513
50354	01/09/2026 00:56:35	PLANTA IDEAL	10001082	CEDIS IDE QUILICURA	Receptado	10001100	01/09/2026 02:17:36	BG	684	684	0	1/1/CHKL478188
50354	01/09/2026 00:56:35	PLANTA IDEAL	10001082	CEDIS IDE QUILICURA	Receptado	10001100	01/09/2026 02:17:36	P5T	14	14	0	1/1/CHKL478188
50354	01/09/2026 00:56:35	PLANTA IDEAL	10001082	CEDIS IDE QUILICURA	Receptado	10001100	01/09/2026 02:17:36	BCH	100	100	0	1/1/CHKL478188
50355	01/09/2026 01:08:20	PLANTA IDEAL	10001082	CEDIS IDE QUILICURA	Receptado	10001100	01/09/2026 01:56:25	BG	1128	1128	0	1/1/CHKL478189
50355	01/09/2026 01:08:20	PLANTA IDEAL	10001082	CEDIS IDE QUILICURA	Receptado	10001100	01/09/2026 01:56:25	P5T	12	12	0	1/1/CHKL478189
50356	01/09/2026 01:13:10	CEDIS IDE QUILICURA	10001100	TALCA	Receptado	10000096	03/09/2026 14:05:41	BG	1032	1032	0	1/1/HKOOOB37705111
50356	01/09/2026 01:13:10	CEDIS IDE QUILICURA	10001100	TALCA	Receptado	10000096	03/09/2026 14:05:41	P5T	16	16	0	1/1/HKOOOB37705111
50395	01/09/2026 07:53:15	GRANDES CLIENTES	10001251	PLANTA IDEAL	Receptado	10000427	01/09/2026 09:03:42	BG	1440	1440	0	0/0/10536142
50395	01/09/2026 07:53:15	GRANDES CLIENTES	10001251	PLANTA IDEAL	Receptado	10000427	01/09/2026 09:03:42	P5T	12	12	0	0/0/10536142
50549	02/09/2026 07:45:53	PLANTA IDEAL	10000427	CEDIS IDE QUILICURA	Receptado	10033023	02/09/2026 08:01:32	BG	1048	1048	0	FYLB 83/KYLZ 25/CHKL478265
50549	02/09/2026 07:45:53	PLANTA IDEAL	10000427	CEDIS IDE QUILICURA	Receptado	10033023	02/09/2026 08:01:32	P5T	15	15	0	FYLB 83/KYLZ 25/CHKL478265
50553	02/09/2026 08:13:05	PLANTA IDEAL	10000427	CEDIS IDE QUILICURA	Receptado	10033023	02/09/2026 08:55:38	BG	1116	1116	0	FYLB 83/KYLZ 25/CHKL478202
50553	02/09/2026 08:13:05	PLANTA IDEAL	10000427	CEDIS IDE QUILICURA	Receptado	10033023	02/09/2026 08:55:38	P5T	18	18	0	FYLB 83/KYLZ 25/CHKL478202
50598	02/09/2026 15:03:33	CEDIS IDE QUILICURA	10032939	COPIAPO	Receptado	10405300	03/09/2026 08:40:46	BCH	28	28	0	1/1/HKOOB37710039
50598	02/09/2026 15:03:33	CEDIS IDE QUILICURA	10032939	COPIAPO	Receptado	10405300	03/09/2026 08:40:46	BG	1172	1172	0	1/1/HKOOB37710039
50598	02/09/2026 15:03:33	CEDIS IDE QUILICURA	10032939	COPIAPO	Receptado	10405300	03/09/2026 08:40:46	P5T	16	16	0	1/1/HKOOB37710039
50614	02/09/2026 18:01:53	PLANTA IDEAL	10033115	CEDIS IDE QUILICURA	Receptado	10032939	02/09/2026 18:27:58	BG	1032	1032	0	50/50/CHKL478325
50614	02/09/2026 18:01:53	PLANTA IDEAL	10033115	CEDIS IDE QUILICURA	Receptado	10032939	02/09/2026 18:27:58	P5T	18	18	0	50/50/CHKL478325
50749	03/09/2026 13:50:58	CEDIS IDE QUILICURA	10033023	GRANDES CLIENTES	Receptado	10119634	03/09/2026 16:31:40	BCH	200	200	0	,/,/CHKO384182
50749	03/09/2026 13:50:58	CEDIS IDE QUILICURA	10033023	GRANDES CLIENTES	Receptado	10119634	03/09/2026 16:31:40	BG	4728	4728	0	,/,/CHKO384182
50749	03/09/2026 13:50:58	CEDIS IDE QUILICURA	10033023	GRANDES CLIENTES	Receptado	10119634	03/09/2026 16:31:40	P5T	27	27	0	,/,/CHKO384182
50764	03/09/2026 18:25:47	CEDIS IDE QUILICURA	10032939	IQUIQUE	Receptado	10012419	05/09/2026 14:41:43	BG	245	245	0	1/1/HKOOB37722857
50764	03/09/2026 18:25:47	CEDIS IDE QUILICURA	10032939	IQUIQUE	Receptado	10012419	05/09/2026 14:41:43	P5T	4	4	0	1/1/HKOOB37722857
50767	03/09/2026 19:37:42	GRANDES CLIENTES	10001302	PLANTA IDEAL	Receptado	10487508	05/09/2026 11:59:30	BG	1200	1200	0	NO APLICA/NO APLICA/NO APLICA
50767	03/09/2026 19:37:42	GRANDES CLIENTES	10001302	PLANTA IDEAL	Receptado	10487508	05/09/2026 11:59:30	P5T	20	20	0	NO APLICA/NO APLICA/NO APLICA
50768	03/09/2026 19:41:44	GRANDES CLIENTES	10001302	PLANTA IDEAL	Receptado	10001082	03/09/2026 23:56:18	BCH	199	199	0	NO APLICA/NO APLICA/NO APLICA
50768	03/09/2026 19:41:44	GRANDES CLIENTES	10001302	PLANTA IDEAL	Receptado	10001082	03/09/2026 23:56:18	BG	1968	1968	0	NO APLICA/NO APLICA/NO APLICA
50768	03/09/2026 19:41:44	GRANDES CLIENTES	10001302	PLANTA IDEAL	Receptado	10001082	03/09/2026 23:56:18	P5T	13	13	0	NO APLICA/NO APLICA/NO APLICA
50781	03/09/2026 21:02:18	LO ESPEJO	10450102	PLANTA IDEAL	Receptado	10001082	04/09/2026 00:36:46	BG	1428	1484	-56	TVTD89/TVTD89/10536326
50781	03/09/2026 21:02:18	LO ESPEJO	10450102	PLANTA IDEAL	Receptado	10001082	04/09/2026 00:36:46	P5T	29	29	0	TVTD89/TVTD89/10536326
50781	03/09/2026 21:02:18	LO ESPEJO	10450102	PLANTA IDEAL	Receptado	10001082	04/09/2026 00:36:46	BCH	50	50	0	TVTD89/TVTD89/10536326
50786	03/09/2026 21:19:23	PLANTA IDEAL	10033115	CEDIS IDE QUILICURA	Receptado	10032939	03/09/2026 22:01:37	BG	846	846	0	50/50/CHKL478318
50786	03/09/2026 21:19:23	PLANTA IDEAL	10033115	CEDIS IDE QUILICURA	Receptado	10032939	03/09/2026 22:01:37	P5T	14	14	0	50/50/CHKL478318
50789	03/09/2026 21:23:33	PLANTA IDEAL	10033115	CEDIS IDE QUILICURA	Receptado	10032939	03/09/2026 22:08:13	BG	1104	1104	0	50/50/CHKL478406
50789	03/09/2026 21:23:33	PLANTA IDEAL	10033115	CEDIS IDE QUILICURA	Receptado	10032939	03/09/2026 22:08:13	P5T	17	17	0	50/50/CHKL478406
50812	04/09/2026 03:11:43	LO ESPEJO	10461749	PLANTA IDEAL	Receptado	10001082	04/09/2026 05:57:41	BG	1680	1626	54	001/001/10536329
49749	26/08/2026 13:58:54	CEDIS IDE QUILICURA	10001100	GRANDES CLIENTES	Receptado	10001302	26/08/2026 14:23:49	BCH	421	421	0	1/1/CHKO383638
49749	26/08/2026 13:58:54	CEDIS IDE QUILICURA	10001100	GRANDES CLIENTES	Receptado	10001302	26/08/2026 14:23:49	BG	3356	3356	0	1/1/CHKO383638
49749	26/08/2026 13:58:54	CEDIS IDE QUILICURA	10001100	GRANDES CLIENTES	Receptado	10001302	26/08/2026 14:23:49	P5T	63	63	0	1/1/CHKO383638
50192	29/08/2026 17:44:43	CEDIS IDE QUILICURA	10033023	LA SERENA	Receptado	10444394	31/08/2026 10:37:20	P5T	24	24	0	PGKD18/PWZP-17/HKOOB37693495
50195	29/08/2026 18:26:22	CEDIS IDE QUILICURA	10033023	PLANTA IDEAL	Receptado	10000427	29/08/2026 19:45:04	BCH	1600	1600	0	,/,/,
50195	29/08/2026 18:26:22	CEDIS IDE QUILICURA	10033023	PLANTA IDEAL	Receptado	10000427	29/08/2026 19:45:04	BG	240	240	0	,/,/,
50195	29/08/2026 18:26:22	CEDIS IDE QUILICURA	10033023	PLANTA IDEAL	Receptado	10000427	29/08/2026 19:45:04	P5T	9	9	0	,/,/,
50217	30/08/2026 02:59:12	CEDIS IDE QUILICURA	10032939	VALDIVIA	Receptado	10421004	01/09/2026 07:52:35	BCH	117	107	10	1/1/HKOOB37693511
50217	30/08/2026 02:59:12	CEDIS IDE QUILICURA	10032939	VALDIVIA	Receptado	10421004	01/09/2026 07:52:35	BG	1332	1332	0	1/1/HKOOB37693511
50217	30/08/2026 02:59:12	CEDIS IDE QUILICURA	10032939	VALDIVIA	Receptado	10421004	01/09/2026 07:52:35	P5T	22	22	0	1/1/HKOOB37693511
50277	31/08/2026 10:20:40	PLANTA IDEAL	10000427	CEDIS IDE QUILICURA	Receptado	10033023	31/08/2026 10:40:10	BG	1248	1248	0	49/KYLZ24/CHKL478128
50277	31/08/2026 10:20:40	PLANTA IDEAL	10000427	CEDIS IDE QUILICURA	Receptado	10033023	31/08/2026 10:40:10	P5T	16	16	0	49/KYLZ24/CHKL478128
50278	31/08/2026 10:33:52	CEDIS IDE QUILICURA	10033023	PUERTO MONTT	Receptado	10001696	01/09/2026 11:08:20	BCH	3	3	0	LXHJ99/PWXK76/HKOOB37693514
50278	31/08/2026 10:33:52	CEDIS IDE QUILICURA	10033023	PUERTO MONTT	Receptado	10001696	01/09/2026 11:08:20	BG	1127	1127	0	LXHJ99/PWXK76/HKOOB37693514
50278	31/08/2026 10:33:52	CEDIS IDE QUILICURA	10033023	PUERTO MONTT	Receptado	10001696	01/09/2026 11:08:20	P5T	19	19	0	LXHJ99/PWXK76/HKOOB37693514
50365	01/09/2026 03:36:56	CEDIS IDE QUILICURA	10001100	VIÑA DEL MAR	Receptado	10391451	01/09/2026 12:42:11	BG	130	127	3	1/1/HKOOB37707577
50365	01/09/2026 03:36:56	CEDIS IDE QUILICURA	10001100	VIÑA DEL MAR	Receptado	10391451	01/09/2026 12:42:11	P5T	4	3	1	1/1/HKOOB37707577
50369	01/09/2026 04:19:56	LO ESPEJO	10461749	PLANTA IDEAL	Receptado	10001082	01/09/2026 05:40:34	BG	1848	1845	3	001/001/10536134
50369	01/09/2026 04:19:56	LO ESPEJO	10461749	PLANTA IDEAL	Receptado	10001082	01/09/2026 05:40:34	P5T	22	22	0	001/001/10536134
50370	01/09/2026 04:22:01	CEDIS IDE QUILICURA	10001100	EL PINAR	Receptado	10300015	01/09/2026 11:51:19	BG	552	552	0	1/1/HKOOB37707586
50370	01/09/2026 04:22:01	CEDIS IDE QUILICURA	10001100	EL PINAR	Receptado	10300015	01/09/2026 11:51:19	P5T	11	11	0	1/1/HKOOB37707586
50371	01/09/2026 04:12:36	PLANTA IDEAL	10001082	CEDIS IDE QUILICURA	Receptado	10001100	01/09/2026 06:21:45	BG	732	732	0	1/1/CHKL478225
50371	01/09/2026 04:12:36	PLANTA IDEAL	10001082	CEDIS IDE QUILICURA	Receptado	10001100	01/09/2026 06:21:45	P5T	18	18	0	1/1/CHKL478225
50379	01/09/2026 05:42:44	CEDIS IDE QUILICURA	10001100	QUILICURA	Receptado	10397048	01/09/2026 09:50:54	BCH	4	4	0	1/1/1
50379	01/09/2026 05:42:44	CEDIS IDE QUILICURA	10001100	QUILICURA	Receptado	10397048	01/09/2026 09:50:54	BG	2004	2004	0	1/1/1
50379	01/09/2026 05:42:44	CEDIS IDE QUILICURA	10001100	QUILICURA	Receptado	10397048	01/09/2026 09:50:54	P5T	38	38	0	1/1/1
50388	01/09/2026 07:21:31	TEMUCO	10344423	PLANTA CHILLAN	Receptado	10000416	01/09/2026 13:30:54	BCH	161	161	0	PJJV10 /PXJF27 /10536139
50388	01/09/2026 07:21:31	TEMUCO	10344423	PLANTA CHILLAN	Receptado	10000416	01/09/2026 13:30:54	BG	1632	1632	0	PJJV10 /PXJF27 /10536139
50388	01/09/2026 07:21:31	TEMUCO	10344423	PLANTA CHILLAN	Receptado	10000416	01/09/2026 13:30:54	P5T	40	40	0	PJJV10 /PXJF27 /10536139
50389	01/09/2026 07:38:53	CHILLAN	10301699	PLANTA CHILLAN	Receptado	10000416	01/09/2026 13:31:43	BG	1860	1680	180	PGKD18/PWXK76/10536115
50389	01/09/2026 07:38:53	CHILLAN	10301699	PLANTA CHILLAN	Receptado	10000416	01/09/2026 13:31:43	BCH	90	90	0	PGKD18/PWXK76/10536115
50389	01/09/2026 07:38:53	CHILLAN	10301699	PLANTA CHILLAN	Receptado	10000416	01/09/2026 13:31:43	P5T	20	20	0	PGKD18/PWXK76/10536115
50390	01/09/2026 07:41:53	CEDIS IDE QUILICURA	10033023	PLANTA IDEAL	Receptado	10000427	01/09/2026 09:03:25	BG	950	950	0	,/,/,
50390	01/09/2026 07:41:53	CEDIS IDE QUILICURA	10033023	PLANTA IDEAL	Receptado	10000427	01/09/2026 09:03:25	P5T	10	10	0	,/,/,
50392	01/09/2026 07:41:12	CHILLAN	10301699	ECCOFEED SPA	Receptado	10487508	02/09/2026 10:28:25	BG	106	106	0	PGKD18/PWKX76/10536006
50392	01/09/2026 07:41:12	CHILLAN	10301699	ECCOFEED SPA	Receptado	10487508	02/09/2026 10:28:25	P5T	2	2	0	PGKD18/PWKX76/10536006
50394	01/09/2026 07:50:19	TALCA	10000096	PLANTA IDEAL	Receptado	10000427	01/09/2026 13:01:32	BCH	100	100	0	PJJV 11/KYRC26/0
50394	01/09/2026 07:50:19	TALCA	10000096	PLANTA IDEAL	Receptado	10000427	01/09/2026 13:01:32	BG	2100	2100	0	PJJV 11/KYRC26/0
50394	01/09/2026 07:50:19	TALCA	10000096	PLANTA IDEAL	Receptado	10000427	01/09/2026 13:01:32	P5T	24	24	0	PJJV 11/KYRC26/0
50397	01/09/2026 07:57:58	MELIPILLA	10291937	PLANTA IDEAL	Receptado	10000427	01/09/2026 11:49:59	BCH	26	20	6	KDGT-92/-/10536107
50397	01/09/2026 07:57:58	MELIPILLA	10291937	PLANTA IDEAL	Receptado	10000427	01/09/2026 11:49:59	BG	1044	1010	34	KDGT-92/-/10536107
50397	01/09/2026 07:57:58	MELIPILLA	10291937	PLANTA IDEAL	Receptado	10000427	01/09/2026 11:49:59	P5T	10	10	0	KDGT-92/-/10536107
50399	01/09/2026 08:04:48	PLANTA IDEAL	10000427	CEDIS IDE QUILICURA	Receptado	10033023	01/09/2026 09:02:36	BG	1164	1164	0	FYLB 83/KYLZ 25/CHKL478208
50399	01/09/2026 08:04:48	PLANTA IDEAL	10000427	CEDIS IDE QUILICURA	Receptado	10033023	01/09/2026 09:02:36	P5T	16	16	0	FYLB 83/KYLZ 25/CHKL478208
50401	01/09/2026 08:09:54	PLANTA IDEAL	10000427	CEDIS IDE QUILICURA	Receptado	10033023	01/09/2026 09:02:54	BCH	300	300	0	FYLB 83/KYLZ 25/CHKL478154
50401	01/09/2026 08:09:54	PLANTA IDEAL	10000427	CEDIS IDE QUILICURA	Receptado	10033023	01/09/2026 09:02:54	BG	768	768	0	FYLB 83/KYLZ 25/CHKL478154
50401	01/09/2026 08:09:54	PLANTA IDEAL	10000427	CEDIS IDE QUILICURA	Receptado	10033023	01/09/2026 09:02:54	P5T	8	8	0	FYLB 83/KYLZ 25/CHKL478154
50402	01/09/2026 08:16:24	RANCAGUA	10000032	ECCOFEED SPA	Receptado	10487508	02/09/2026 10:16:16	BG	127	127	0	UF-2968/JJ-4819/10536149
50402	01/09/2026 08:16:24	RANCAGUA	10000032	ECCOFEED SPA	Receptado	10487508	02/09/2026 10:16:16	P5T	2	2	0	UF-2968/JJ-4819/10536149
50404	01/09/2026 08:31:33	RANCAGUA	10000032	ECCOFEED SPA	Receptado	10487508	02/09/2026 10:15:01	BG	3	3	0	UF-2968/JJ-4819/10536151
50404	01/09/2026 08:31:33	RANCAGUA	10000032	ECCOFEED SPA	Receptado	10487508	02/09/2026 10:15:01	P5T	1	1	0	UF-2968/JJ-4819/10536151
50405	01/09/2026 08:43:05	PUERTO MONTT	10001696	ECCOFEED SPA	Receptado	10487508	05/09/2026 11:54:48	BG	85	85	0	PFBS-16/KYLG-77/13057431-33
50405	01/09/2026 08:43:05	PUERTO MONTT	10001696	ECCOFEED SPA	Receptado	10487508	05/09/2026 11:54:48	P5T	2	2	0	PFBS-16/KYLG-77/13057431-33
50407	01/09/2026 08:54:03	PUERTO MONTT	10001696	PLANTA CHILLAN	Receptado	10000416	01/09/2026 18:07:49	BCH	400	400	0	PFBS-16/KYLG-77/10536152
50407	01/09/2026 08:54:03	PUERTO MONTT	10001696	PLANTA CHILLAN	Receptado	10000416	01/09/2026 18:07:49	BG	1228	1228	0	PFBS-16/KYLG-77/10536152
50407	01/09/2026 08:54:03	PUERTO MONTT	10001696	PLANTA CHILLAN	Receptado	10000416	01/09/2026 18:07:49	P5T	19	19	0	PFBS-16/KYLG-77/10536152
50412	01/09/2026 09:06:41	PLANTA IDEAL	10000427	CEDIS IDE QUILICURA	Receptado	10033023	01/09/2026 09:30:02	BG	728	728	0	DBLS 59/KYLZ 24/CHKL478135
50412	01/09/2026 09:06:41	PLANTA IDEAL	10000427	CEDIS IDE QUILICURA	Receptado	10033023	01/09/2026 09:30:02	P5T	17	17	0	DBLS 59/KYLZ 24/CHKL478135
50416	01/09/2026 09:29:41	PLANTA IDEAL	10000427	CEDIS IDE QUILICURA	Receptado	10033023	01/09/2026 09:43:31	BG	977	977	0	FYLB 83/KYLZ 25/CHKL478227
50416	01/09/2026 09:29:41	PLANTA IDEAL	10000427	CEDIS IDE QUILICURA	Receptado	10033023	01/09/2026 09:43:31	P5T	21	21	0	FYLB 83/KYLZ 25/CHKL478227
50418	01/09/2026 09:35:00	PLANTA IDEAL	10000427	CEDIS IDE QUILICURA	Receptado	10033023	01/09/2026 09:43:15	BG	977	977	0	FYLB 83/KYLZ 24/12124542
50418	01/09/2026 09:35:00	PLANTA IDEAL	10000427	CEDIS IDE QUILICURA	Receptado	10033023	01/09/2026 09:43:15	P5T	21	21	0	FYLB 83/KYLZ 24/12124542
50420	01/09/2026 09:40:38	PLANTA IDEAL	10000427	CEDIS IDE QUILICURA	Receptado	10033023	01/09/2026 09:42:55	BG	977	977	0	FYLB 833/KYLZ 25/CHKL478227
50420	01/09/2026 09:40:38	PLANTA IDEAL	10000427	CEDIS IDE QUILICURA	Receptado	10033023	01/09/2026 09:42:55	P5T	21	21	0	FYLB 833/KYLZ 25/CHKL478227
50421	01/09/2026 09:38:25	CEDIS IDE QUILICURA	10033023	VIÑA DEL MAR	Receptado	10001291	02/09/2026 07:42:42	BCH	100	100	0	VRZL40/KYPH94/HKOOB37707578
50421	01/09/2026 09:38:25	CEDIS IDE QUILICURA	10033023	VIÑA DEL MAR	Receptado	10001291	02/09/2026 07:42:42	BG	1380	1380	0	VRZL40/KYPH94/HKOOB37707578
51043	05/09/2026 20:58:47	PLANTA IDEAL	10033115	CEDIS IDE QUILICURA	Receptado	10032939	05/09/2026 21:19:32	BG	1317	1317	0	50/50/CHKL478451
51043	05/09/2026 20:58:47	PLANTA IDEAL	10033115	CEDIS IDE QUILICURA	Receptado	10032939	05/09/2026 21:19:32	P5T	17	17	0	50/50/CHKL478451
51044	05/09/2026 21:00:13	PLANTA IDEAL	10033115	CEDIS IDE QUILICURA	Receptado	10032939	05/09/2026 21:19:51	BG	1320	1320	0	50/50/CHKL478452
51044	05/09/2026 21:00:13	PLANTA IDEAL	10033115	CEDIS IDE QUILICURA	Receptado	10032939	05/09/2026 21:19:51	P5T	14	14	0	50/50/CHKL478452
51131	07/09/2026 14:09:25	SALON QUILICURA	10000981	QUILICURA	Receptado	101196341	07/09/2026 18:32:54	BG	52	52	0	0/0/0
50308	31/08/2026 16:31:16	GRANDES CLIENTES	10119634	CEDIS IDE QUILICURA	Receptado	10033023	01/09/2026 09:04:19	BCH	1600	1600	0	0/0/0
50308	31/08/2026 16:31:16	GRANDES CLIENTES	10119634	CEDIS IDE QUILICURA	Receptado	10033023	01/09/2026 09:04:19	BG	1320	1320	0	0/0/0
50308	31/08/2026 16:31:16	GRANDES CLIENTES	10119634	CEDIS IDE QUILICURA	Receptado	10033023	01/09/2026 09:04:19	P5T	20	20	0	0/0/0
50311	31/08/2026 16:58:10	EL PINAR	10149777	PLANTA IDEAL	Receptado	10033115	31/08/2026 18:46:18	BG	1320	1320	0	IDEAL/IDEAL/10536077
50311	31/08/2026 16:58:10	EL PINAR	10149777	PLANTA IDEAL	Receptado	10033115	31/08/2026 18:46:18	P5T	14	14	0	IDEAL/IDEAL/10536077
50314	31/08/2026 17:26:42	QUILICURA	101196341	PLANTA IDEAL	Receptado	10000427	01/09/2026 09:18:02	BG	4680	4680	0	0/0/0
50314	31/08/2026 17:26:42	QUILICURA	101196341	PLANTA IDEAL	Receptado	10000427	01/09/2026 09:18:02	P5T	35	35	0	0/0/0
50460	01/09/2026 18:29:38	PLANTA IDEAL	10033115	CEDIS IDE QUILICURA	Receptado	10032939	01/09/2026 21:17:22	BG	1320	1320	0	50/50/CHKL478195
50460	01/09/2026 18:29:38	PLANTA IDEAL	10033115	CEDIS IDE QUILICURA	Receptado	10032939	01/09/2026 21:17:22	P5T	16	16	0	50/50/CHKL478195
50464	01/09/2026 18:34:36	PLANTA IDEAL	10033115	CEDIS IDE QUILICURA	Receptado	10032939	01/09/2026 21:18:14	BG	1062	1062	0	50/50/CHKL478158
50464	01/09/2026 18:34:36	PLANTA IDEAL	10033115	CEDIS IDE QUILICURA	Receptado	10032939	01/09/2026 21:18:14	P5T	14	14	0	50/50/CHKL478158
50468	01/09/2026 19:28:11	PLANTA IDEAL	10033115	CEDIS IDE QUILICURA	Receptado	10032939	01/09/2026 21:18:35	BG	1316	1316	0	50/50/CHKL478159
50468	01/09/2026 19:28:11	PLANTA IDEAL	10033115	CEDIS IDE QUILICURA	Receptado	10032939	01/09/2026 21:18:35	P5T	19	19	0	50/50/CHKL478159
50474	01/09/2026 20:17:13	PLANTA IDEAL	10033115	CEDIS IDE QUILICURA	Receptado	10032939	01/09/2026 21:20:15	BG	1014	1014	0	50/50/CHKL478210
50474	01/09/2026 20:17:13	PLANTA IDEAL	10033115	CEDIS IDE QUILICURA	Receptado	10032939	01/09/2026 21:20:15	P5T	18	18	0	50/50/CHKL478210
50481	01/09/2026 20:40:49	CEDIS IDE QUILICURA	10032939	LA SERENA	Receptado	10444394	02/09/2026 08:03:56	BCH	32	32	0	1/1/HKOOB37705105
50481	01/09/2026 20:40:49	CEDIS IDE QUILICURA	10032939	LA SERENA	Receptado	10444394	02/09/2026 08:03:56	BG	1011	1011	0	1/1/HKOOB37705105
50481	01/09/2026 20:40:49	CEDIS IDE QUILICURA	10032939	LA SERENA	Receptado	10444394	02/09/2026 08:03:56	P5T	20	20	0	1/1/HKOOB37705105
50487	01/09/2026 21:15:27	PLANTA IDEAL	10033115	CEDIS IDE QUILICURA	Receptado	10032939	01/09/2026 21:21:25	BG	1164	1164	0	50/50/CHKL478211
50487	01/09/2026 21:15:27	PLANTA IDEAL	10033115	CEDIS IDE QUILICURA	Receptado	10032939	01/09/2026 21:21:25	P5T	20	20	0	50/50/CHKL478211
50488	01/09/2026 21:16:58	PLANTA IDEAL	10033115	CEDIS IDE QUILICURA	Receptado	10032939	01/09/2026 21:21:39	BG	1252	1252	0	49/49/CHKL478138
50488	01/09/2026 21:16:58	PLANTA IDEAL	10033115	CEDIS IDE QUILICURA	Receptado	10032939	01/09/2026 21:21:39	P5T	16	16	0	49/49/CHKL478138
50812	04/09/2026 03:11:43	LO ESPEJO	10461749	PLANTA IDEAL	Receptado	10001082	04/09/2026 05:57:41	P5T	20	20	0	001/001/10536329
50835	04/09/2026 07:15:59	CHILLAN	10301699	PLANTA CHILLAN	Receptado	10000416	04/09/2026 08:55:01	BG	1140	1140	0	SVLV54/PXBK15/10536324
50835	04/09/2026 07:15:59	CHILLAN	10301699	PLANTA CHILLAN	Receptado	10000416	04/09/2026 08:55:01	P5T	12	12	0	SVLV54/PXBK15/10536324
50847	04/09/2026 08:36:06	CEDIS IDE QUILICURA	10033023	LO ESPEJO	Receptado	10461749	05/09/2026 04:28:38	BG	696	696	0	VSRP19/JG5632/HKOOB37726658
50847	04/09/2026 08:36:06	CEDIS IDE QUILICURA	10033023	LO ESPEJO	Receptado	10461749	05/09/2026 04:28:38	P5T	11	11	0	VSRP19/JG5632/HKOOB37726658
50848	04/09/2026 08:46:19	PLANTA IDEAL	10000427	CEDIS IDE QUILICURA	Receptado	10033023	04/09/2026 10:32:05	BG	1078	1078	0	FYLB 83/KYLZ 25/CHKL478301
50848	04/09/2026 08:46:19	PLANTA IDEAL	10000427	CEDIS IDE QUILICURA	Receptado	10033023	04/09/2026 10:32:05	P5T	16	16	0	FYLB 83/KYLZ 25/CHKL478301
50850	04/09/2026 08:50:35	TALCA	10000096	PLANTA IDEAL	Receptado	10033115	04/09/2026 15:29:50	BCH	200	200	0	CZYT 30/JH 3200/0
50850	04/09/2026 08:50:35	TALCA	10000096	PLANTA IDEAL	Receptado	10033115	04/09/2026 15:29:50	BG	780	780	0	CZYT 30/JH 3200/0
50850	04/09/2026 08:50:35	TALCA	10000096	PLANTA IDEAL	Receptado	10033115	04/09/2026 15:29:50	P5T	12	12	0	CZYT 30/JH 3200/0
50853	04/09/2026 09:10:55	RANCAGUA	10000032	ECCOFEED SPA	Receptado	10487508	05/09/2026 11:46:59	BG	201	201	0	DRPH-69/JJ-4819/10536347
50853	04/09/2026 09:10:55	RANCAGUA	10000032	ECCOFEED SPA	Receptado	10487508	05/09/2026 11:46:59	P5T	4	4	0	DRPH-69/JJ-4819/10536347
50854	04/09/2026 09:16:54	PLANTA IDEAL	10000427	CEDIS IDE QUILICURA	Receptado	10033023	04/09/2026 10:31:25	P5T	2	2	0	FYLB 83/KYLZ 24/CHKL478429
50915	04/09/2026 20:53:55	PLANTA IDEAL	10033115	CEDIS IDE QUILICURA	Receptado	10032939	04/09/2026 21:36:13	BCH	500	500	0	50/50/CHKL478378
50915	04/09/2026 20:53:55	PLANTA IDEAL	10033115	CEDIS IDE QUILICURA	Receptado	10032939	04/09/2026 21:36:13	BG	480	480	0	50/50/CHKL478378
50915	04/09/2026 20:53:55	PLANTA IDEAL	10033115	CEDIS IDE QUILICURA	Receptado	10032939	04/09/2026 21:36:13	P5T	12	12	0	50/50/CHKL478378
50916	04/09/2026 20:55:32	PLANTA IDEAL	10033115	CEDIS IDE QUILICURA	Receptado	10032939	04/09/2026 21:36:35	BCH	400	400	0	50/50/CHKL478448
50916	04/09/2026 20:55:32	PLANTA IDEAL	10033115	CEDIS IDE QUILICURA	Receptado	10032939	04/09/2026 21:36:35	BG	768	768	0	50/50/CHKL478448
50916	04/09/2026 20:55:32	PLANTA IDEAL	10033115	CEDIS IDE QUILICURA	Receptado	10032939	04/09/2026 21:36:35	P5T	15	15	0	50/50/CHKL478448
50921	04/09/2026 21:07:17	PLANTA IDEAL	10033115	CEDIS IDE QUILICURA	Receptado	10032939	04/09/2026 21:37:27	BCH	700	700	0	49/49/CHKL478431
50921	04/09/2026 21:07:17	PLANTA IDEAL	10033115	CEDIS IDE QUILICURA	Receptado	10032939	04/09/2026 21:37:27	BG	808	808	0	49/49/CHKL478431
50921	04/09/2026 21:07:17	PLANTA IDEAL	10033115	CEDIS IDE QUILICURA	Receptado	10032939	04/09/2026 21:37:27	P5T	20	20	0	49/49/CHKL478431
50926	04/09/2026 22:35:33	PLANTA IDEAL	10001082	CEDIS IDE QUILICURA	Receptado	10001100	05/09/2026 05:18:28	BCH	400	400	0	1/1/CHKL478467
50926	04/09/2026 22:35:33	PLANTA IDEAL	10001082	CEDIS IDE QUILICURA	Receptado	10001100	05/09/2026 05:18:28	BG	924	924	0	1/1/CHKL478467
50926	04/09/2026 22:35:33	PLANTA IDEAL	10001082	CEDIS IDE QUILICURA	Receptado	10001100	05/09/2026 05:18:28	P5T	18	18	0	1/1/CHKL478467
50953	05/09/2026 02:57:27	PLANTA IDEAL	10001082	CEDIS IDE QUILICURA	Receptado	10001100	05/09/2026 06:40:33	BCH	300	300	0	1/1/CHKL478381
50953	05/09/2026 02:57:27	PLANTA IDEAL	10001082	CEDIS IDE QUILICURA	Receptado	10001100	05/09/2026 06:40:33	BG	1002	1002	0	1/1/CHKL478381
50953	05/09/2026 02:57:27	PLANTA IDEAL	10001082	CEDIS IDE QUILICURA	Receptado	10001100	05/09/2026 06:40:33	P5T	21	21	0	1/1/CHKL478381
50955	05/09/2026 03:11:48	CEDIS IDE QUILICURA	10001100	GRANDES CLIENTES	Receptado	10454172	05/09/2026 04:04:48	BCH	1000	1000	0	1/1/1
50955	05/09/2026 03:11:48	CEDIS IDE QUILICURA	10001100	GRANDES CLIENTES	Receptado	10454172	05/09/2026 04:04:48	BG	75	75	0	1/1/1
50955	05/09/2026 03:11:48	CEDIS IDE QUILICURA	10001100	GRANDES CLIENTES	Receptado	10454172	05/09/2026 04:04:48	P5T	11	11	0	1/1/1
51058	06/09/2026 00:54:23	PLANTA IDEAL	10001082	CEDIS IDE QUILICURA	Receptado	10001100	06/09/2026 03:14:18	BG	780	780	0	1/1/CHKL478443
51058	06/09/2026 00:54:23	PLANTA IDEAL	10001082	CEDIS IDE QUILICURA	Receptado	10001100	06/09/2026 03:14:18	P5T	19	19	0	1/1/CHKL478443
51059	06/09/2026 01:07:15	CEDIS IDE QUILICURA	10001100	RANCAGUA	Receptado	10000032	07/09/2026 08:23:13	BCH	73	73	0	1/1/HKOOB37731257
51059	06/09/2026 01:07:15	CEDIS IDE QUILICURA	10001100	RANCAGUA	Receptado	10000032	07/09/2026 08:23:13	BG	1075	1075	0	1/1/HKOOB37731257
51059	06/09/2026 01:07:15	CEDIS IDE QUILICURA	10001100	RANCAGUA	Receptado	10000032	07/09/2026 08:23:13	P5T	17	17	0	1/1/HKOOB37731257
51060	06/09/2026 01:11:04	PLANTA IDEAL	10001082	CEDIS IDE QUILICURA	Receptado	10001100	06/09/2026 03:09:34	BG	1320	1320	0	1/1/CHKL478455
51060	06/09/2026 01:11:04	PLANTA IDEAL	10001082	CEDIS IDE QUILICURA	Receptado	10001100	06/09/2026 03:09:34	P5T	21	21	0	1/1/CHKL478455
51061	06/09/2026 01:21:43	CEDIS IDE QUILICURA	10001100	LO ESPEJO	Receptado	10461749	07/09/2026 03:57:30	BG	1152	1152	0	1/1/CHKO384430
51061	06/09/2026 01:21:43	CEDIS IDE QUILICURA	10001100	LO ESPEJO	Receptado	10461749	07/09/2026 03:57:30	P5T	16	16	0	1/1/CHKO384430
51125	07/09/2026 13:19:46	PLANTA IDEAL	10033115	CEDIS IDE QUILICURA	Receptado	10032939	07/09/2026 13:36:07	BG	576	576	0	50/50/CHKL478606
51125	07/09/2026 13:19:46	PLANTA IDEAL	10033115	CEDIS IDE QUILICURA	Receptado	10032939	07/09/2026 13:36:07	P5T	12	12	0	50/50/CHKL478606
51147	07/09/2026 17:53:13	LA SERENA	10354846	PLANTA IDEAL	Pendiente			BCH	188	0	188	PJJV-29/KYLH-54/10536499
51147	07/09/2026 17:53:13	LA SERENA	10354846	PLANTA IDEAL	Pendiente			BG	948	0	948	PJJV-29/KYLH-54/10536499
51147	07/09/2026 17:53:13	LA SERENA	10354846	PLANTA IDEAL	Pendiente			P5T	14	0	14	PJJV-29/KYLH-54/10536499
51148	07/09/2026 17:56:19	PLANTA CHILLAN	10000416	CEDIS IDE QUILICURA	Pendiente			BG	420	0	420	PGKD17/PWZH31/CGAX00044102
51148	07/09/2026 17:56:19	PLANTA CHILLAN	10000416	CEDIS IDE QUILICURA	Pendiente			P5T	7	0	7	PGKD17/PWZH31/CGAX00044102
51050	05/09/2026 21:16:13	PLANTA IDEAL	10033115	CEDIS IDE QUILICURA	Receptado	10032939	05/09/2026 21:21:08	BG	1071	1071	0	50/50/CHKL478438
51050	05/09/2026 21:16:13	PLANTA IDEAL	10033115	CEDIS IDE QUILICURA	Receptado	10032939	05/09/2026 21:21:08	P5T	21	21	0	50/50/CHKL478438
51053	05/09/2026 21:24:00	PLANTA IDEAL	10033115	CEDIS IDE QUILICURA	Receptado	10032939	05/09/2026 21:38:30	BG	708	708	0	50/50/CHKL478511
51053	05/09/2026 21:24:00	PLANTA IDEAL	10033115	CEDIS IDE QUILICURA	Receptado	10032939	05/09/2026 21:38:30	P5T	18	18	0	50/50/CHKL478511
49847	27/08/2026 07:27:08	PLANTA IDEAL	10001082	CEDIS IDE QUILICURA	Receptado	10001100	27/08/2026 13:31:43	BG	1020	1020	0	1/1/CHKL477749
49847	27/08/2026 07:27:08	PLANTA IDEAL	10001082	CEDIS IDE QUILICURA	Receptado	10001100	27/08/2026 13:31:43	P5T	18	18	0	1/1/CHKL477749
49848	27/08/2026 07:32:56	LOS ANDES	10486010	ECCOFEED SPA	Receptado	10487508	02/09/2026 10:09:23	BG	69	69	0	VSRP-19/VSRP-19/11736847
49848	27/08/2026 07:32:56	LOS ANDES	10486010	ECCOFEED SPA	Receptado	10487508	02/09/2026 10:09:23	P5T	2	2	0	VSRP-19/VSRP-19/11736847
49850	27/08/2026 07:49:42	CHILLAN	10301699	ECCOFEED SPA	Receptado	10487508	02/09/2026 10:27:43	BG	123	123	0	PSLY27/PWZP19/10535788
49850	27/08/2026 07:49:42	CHILLAN	10301699	ECCOFEED SPA	Receptado	10487508	02/09/2026 10:27:43	P5T	2	2	0	PSLY27/PWZP19/10535788
50135	29/08/2026 07:28:01	MELIPILLA	10291937	ECCOFEED SPA	Receptado	10487508	02/09/2026 10:37:11	BG	111	111	0	PXJD-33/-/12666124-25
50135	29/08/2026 07:28:01	MELIPILLA	10291937	ECCOFEED SPA	Receptado	10487508	02/09/2026 10:37:11	P5T	3	3	0	PXJD-33/-/12666124-25
50141	29/08/2026 07:47:06	PLANTA IDEAL	10001082	CEDIS IDE QUILICURA	Receptado	10161182	29/08/2026 09:05:41	BG	1224	1224	0	1/1/CHKL477985
50141	29/08/2026 07:47:06	PLANTA IDEAL	10001082	CEDIS IDE QUILICURA	Receptado	10161182	29/08/2026 09:05:41	P5T	20	20	0	1/1/CHKL477985
50143	29/08/2026 08:18:38	PLANTA IDEAL	10001082	CEDIS IDE QUILICURA	Receptado	10161182	29/08/2026 09:05:54	BCH	60	60	0	1/1/CHKL477968
50143	29/08/2026 08:18:38	PLANTA IDEAL	10001082	CEDIS IDE QUILICURA	Receptado	10161182	29/08/2026 09:05:54	BG	816	816	0	1/1/CHKL477968
50143	29/08/2026 08:18:38	PLANTA IDEAL	10001082	CEDIS IDE QUILICURA	Receptado	10161182	29/08/2026 09:05:54	P5T	19	19	0	1/1/CHKL477968
50174	29/08/2026 14:12:51	PLANTA IDEAL	10000427	CEDIS IDE QUILICURA	Receptado	10033023	29/08/2026 14:16:40	BG	1260	1260	0	DBLS 83/KYLZ 25/CHKL477800
50174	29/08/2026 14:12:51	PLANTA IDEAL	10000427	CEDIS IDE QUILICURA	Receptado	10033023	29/08/2026 14:16:40	P5T	21	21	0	DBLS 83/KYLZ 25/CHKL477800
50235	31/08/2026 06:21:18	ANTOFAGASTA	10299402	CEDIS IDE QUILICURA	Receptado	10033023	02/09/2026 08:03:54	BCH	209	209	0	TKXK11/X/10536027
50235	31/08/2026 06:21:18	ANTOFAGASTA	10299402	CEDIS IDE QUILICURA	Receptado	10033023	02/09/2026 08:03:54	BG	1738	1738	0	TKXK11/X/10536027
50235	31/08/2026 06:21:18	ANTOFAGASTA	10299402	CEDIS IDE QUILICURA	Receptado	10033023	02/09/2026 08:03:54	P5T	48	48	0	TKXK11/X/10536027
50236	31/08/2026 06:43:51	RANCAGUA	10000032	ECCOFEED SPA	Receptado	10487508	02/09/2026 10:15:59	BG	31	31	0	DRPH-69/JJ-4819/10536028
50236	31/08/2026 06:43:51	RANCAGUA	10000032	ECCOFEED SPA	Receptado	10487508	02/09/2026 10:15:59	P5T	1	1	0	DRPH-69/JJ-4819/10536028
50317	31/08/2026 18:21:50	CEDIS IDE QUILICURA	10000798	TEMUCO	Receptado	10344423	01/09/2026 09:38:31	BCH	192	196	-4	PJJV10/PXJF27/HKOOB37693506
50317	31/08/2026 18:21:50	CEDIS IDE QUILICURA	10000798	TEMUCO	Receptado	10344423	01/09/2026 09:38:31	BG	1250	1186	64	PJJV10/PXJF27/HKOOB37693506
50317	31/08/2026 18:21:50	CEDIS IDE QUILICURA	10000798	TEMUCO	Receptado	10344423	01/09/2026 09:38:31	P5T	17	17	0	PJJV10/PXJF27/HKOOB37693506
50358	01/09/2026 01:39:25	PLANTA IDEAL	10001082	CEDIS IDE QUILICURA	Receptado	10001100	01/09/2026 03:15:36	BG	912	912	0	1/1/CHKL478206
50358	01/09/2026 01:39:25	PLANTA IDEAL	10001082	CEDIS IDE QUILICURA	Receptado	10001100	01/09/2026 03:15:36	P5T	14	14	0	1/1/CHKL478206
50373	01/09/2026 04:46:40	CEDIS IDE QUILICURA	10001100	SALON PEDRO DE VALDIVIA	Receptado	10000349	02/09/2026 20:21:18	BG	23	23	0	1/1/1
50374	01/09/2026 04:48:15	CEDIS IDE QUILICURA	10001100	SALON EL CORTIJO	Receptado	10000989	01/09/2026 12:06:54	BG	108	108	0	1/1/1
50374	01/09/2026 04:48:15	CEDIS IDE QUILICURA	10001100	SALON EL CORTIJO	Receptado	10000989	01/09/2026 12:06:54	P5T	2	0	2	1/1/1
50375	01/09/2026 05:01:36	CEDIS IDE QUILICURA	10001100	RANCAGUA	Receptado	10000032	02/09/2026 10:30:23	BCH	139	139	0	1/1/HKOOB37705116
50375	01/09/2026 05:01:36	CEDIS IDE QUILICURA	10001100	RANCAGUA	Receptado	10000032	02/09/2026 10:30:23	BG	1167	1167	0	1/1/HKOOB37705116
50375	01/09/2026 05:01:36	CEDIS IDE QUILICURA	10001100	RANCAGUA	Receptado	10000032	02/09/2026 10:30:23	P5T	22	22	0	1/1/HKOOB37705116
50380	01/09/2026 05:46:46	PLANTA IDEAL	10001082	CEDIS IDE QUILICURA	Receptado	10033023	01/09/2026 07:07:41	BCH	800	800	0	1/1/CHKL478226
50380	01/09/2026 05:46:46	PLANTA IDEAL	10001082	CEDIS IDE QUILICURA	Receptado	10033023	01/09/2026 07:07:41	BG	720	720	0	1/1/CHKL478226
50380	01/09/2026 05:46:46	PLANTA IDEAL	10001082	CEDIS IDE QUILICURA	Receptado	10033023	01/09/2026 07:07:41	P5T	16	16	0	1/1/CHKL478226
50387	01/09/2026 07:20:02	TEMUCO	10344423	ECCOFEED SPA	Receptado	10487508	05/09/2026 11:52:45	BG	124	124	0	PJJV10 /PXJF27 /10536139
50387	01/09/2026 07:20:02	TEMUCO	10344423	ECCOFEED SPA	Receptado	10487508	05/09/2026 11:52:45	P5T	2	2	0	PJJV10 /PXJF27 /10536139
50391	01/09/2026 07:41:45	VALDIVIA	10421004	PLANTA CHILLAN	Receptado	10000416	01/09/2026 15:10:27	BCH	207	207	0	LTGY82/LTGY82/0
50391	01/09/2026 07:41:45	VALDIVIA	10421004	PLANTA CHILLAN	Receptado	10000416	01/09/2026 15:10:27	BG	1260	1260	0	LTGY82/LTGY82/0
50391	01/09/2026 07:41:45	VALDIVIA	10421004	PLANTA CHILLAN	Receptado	10000416	01/09/2026 15:10:27	P5T	35	35	0	LTGY82/LTGY82/0
50421	01/09/2026 09:38:25	CEDIS IDE QUILICURA	10033023	VIÑA DEL MAR	Receptado	10001291	02/09/2026 07:42:42	P5T	18	18	0	VRZL40/KYPH94/HKOOB37707578
50422	01/09/2026 09:47:24	QUILICURA	10397048	PLANTA IDEAL	Receptado	10000427	01/09/2026 10:53:47	BG	1440	1120	320	casa/casa/ 10536157
50422	01/09/2026 09:47:24	QUILICURA	10397048	PLANTA IDEAL	Receptado	10000427	01/09/2026 10:53:47	P5T	12	10	2	casa/casa/ 10536157
50428	01/09/2026 11:11:58	PLANTA IDEAL	10000427	CEDIS IDE QUILICURA	Receptado	10033023	01/09/2026 11:18:48	BG	1320	1320	0	STJR 25/PXDJ 33/CHKL478156
50428	01/09/2026 11:11:58	PLANTA IDEAL	10000427	CEDIS IDE QUILICURA	Receptado	10033023	01/09/2026 11:18:48	P5T	16	16	0	STJR 25/PXDJ 33/CHKL478156
50176	29/08/2026 14:18:33	LO ESPEJO	10450102	PLANTA IDEAL	Receptado	10000427	29/08/2026 15:27:22	BG	448	448	0	RZVS88/RZVS88/10535993
50176	29/08/2026 14:18:33	LO ESPEJO	10450102	PLANTA IDEAL	Receptado	10000427	29/08/2026 15:27:22	P5T	4	4	0	RZVS88/RZVS88/10535993
50182	29/08/2026 15:43:13	PLANTA IDEAL	10000427	CEDIS IDE QUILICURA	Receptado	10033023	29/08/2026 16:59:10	BG	1236	1236	0	FYLB 83/KYLZ 25/CHKL477932
50182	29/08/2026 15:43:13	PLANTA IDEAL	10000427	CEDIS IDE QUILICURA	Receptado	10033023	29/08/2026 16:59:10	P5T	21	21	0	FYLB 83/KYLZ 25/CHKL477932
50189	29/08/2026 17:21:33	CEDIS IDE QUILICURA	10033023	GRANDES CLIENTES	Receptado	10001251	31/08/2026 04:38:18	BCH	234	234	0	1/1/CHKO384030
50189	29/08/2026 17:21:33	CEDIS IDE QUILICURA	10033023	GRANDES CLIENTES	Receptado	10001251	31/08/2026 04:38:18	BG	1074	1074	0	1/1/CHKO384030
50189	29/08/2026 17:21:33	CEDIS IDE QUILICURA	10033023	GRANDES CLIENTES	Receptado	10001251	31/08/2026 04:38:18	P5T	29	29	0	1/1/CHKO384030
50193	29/08/2026 18:02:01	CEDIS IDE QUILICURA	10033023	VIÑA DEL MAR	Receptado	10001841	31/08/2026 09:59:32	BCH	39	41	-2	HVJX52/JP3260/HKOOB37692495
50193	29/08/2026 18:02:01	CEDIS IDE QUILICURA	10033023	VIÑA DEL MAR	Receptado	10001841	31/08/2026 09:59:32	BG	1135	1133	2	HVJX52/JP3260/HKOOB37692495
50193	29/08/2026 18:02:01	CEDIS IDE QUILICURA	10033023	VIÑA DEL MAR	Receptado	10001841	31/08/2026 09:59:32	P5T	20	20	0	HVJX52/JP3260/HKOOB37692495
50196	29/08/2026 18:56:29	CEDIS IDE QUILICURA	10033023	PLANTA IDEAL	Receptado	10000427	29/08/2026 19:45:21	BG	1200	1200	0	,/,,/,
50196	29/08/2026 18:56:29	CEDIS IDE QUILICURA	10033023	PLANTA IDEAL	Receptado	10000427	29/08/2026 19:45:21	P5T	10	10	0	,/,,/,
50197	29/08/2026 19:09:37	CEDIS IDE QUILICURA	10000980	PLANTA IDEAL	Receptado	10000427	29/08/2026 20:54:10	BG	1200	1200	0	0/0/0
50197	29/08/2026 19:09:37	CEDIS IDE QUILICURA	10000980	PLANTA IDEAL	Receptado	10000427	29/08/2026 20:54:10	P5T	10	10	0	0/0/0
50198	29/08/2026 19:25:26	CEDIS IDE QUILICURA	10033023	LO ESPEJO	Receptado	10461749	31/08/2026 04:21:19	BG	1086	1086	0	VSRP19/JG5632/HKOOB37692490
50198	29/08/2026 19:25:26	CEDIS IDE QUILICURA	10033023	LO ESPEJO	Receptado	10461749	31/08/2026 04:21:19	P5T	20	20	0	VSRP19/JG5632/HKOOB37692490
50290	31/08/2026 12:50:40	PLANTA IDEAL	10000427	CEDIS IDE QUILICURA	Receptado	10033023	31/08/2026 13:05:58	BG	1159	1159	0	FYLB 83/KYLZ 25/CHKL478130
50290	31/08/2026 12:50:40	PLANTA IDEAL	10000427	CEDIS IDE QUILICURA	Receptado	10033023	31/08/2026 13:05:58	P5T	21	21	0	FYLB 83/KYLZ 25/CHKL478130
50398	01/09/2026 08:05:13	MELIPILLA	10291937	ECCOFEED SPA	Receptado	10005088	04/09/2026 19:30:31	BG	72	72	0	 KDGT-92/-/12666552-53
50398	01/09/2026 08:05:13	MELIPILLA	10291937	ECCOFEED SPA	Receptado	10005088	04/09/2026 19:30:31	P5T	2	2	0	 KDGT-92/-/12666552-53
50450	01/09/2026 15:43:33	PLANTA CHILLAN	10000416	CEDIS IDE QUILICURA	Receptado	10033023	02/09/2026 12:42:10	BG	1440	1440	0	PGKD17 /PWZH31/CGAX00043942
50450	01/09/2026 15:43:33	PLANTA CHILLAN	10000416	CEDIS IDE QUILICURA	Receptado	10033023	02/09/2026 12:42:10	P5T	24	24	0	PGKD17 /PWZH31/CGAX00043942
50451	01/09/2026 15:50:45	LO ESPEJO	10458156	PLANTA IDEAL	Receptado	10033115	01/09/2026 20:30:43	BG	1624	1624	0	IDEAL/IDEAL/IDEAL
50451	01/09/2026 15:50:45	LO ESPEJO	10458156	PLANTA IDEAL	Receptado	10033115	01/09/2026 20:30:43	P5T	20	20	0	IDEAL/IDEAL/IDEAL
50452	01/09/2026 15:55:21	LO ESPEJO	10458156	PLANTA IDEAL	Receptado	10033115	01/09/2026 20:52:17	BG	1624	1624	0	IDEAL/IDEAL/IDEAL
50452	01/09/2026 15:55:21	LO ESPEJO	10458156	PLANTA IDEAL	Receptado	10033115	01/09/2026 20:52:17	P5T	19	19	0	IDEAL/IDEAL/IDEAL
50465	01/09/2026 18:50:00	GRANDES CLIENTES	10001302	PLANTA IDEAL	Receptado	10033115	01/09/2026 20:32:06	BG	1980	1980	0	PXJD33/PXJD33/10536180
50465	01/09/2026 18:50:00	GRANDES CLIENTES	10001302	PLANTA IDEAL	Receptado	10033115	01/09/2026 20:32:06	P5T	11	11	0	PXJD33/PXJD33/10536180
50482	01/09/2026 20:51:51	MELIPILLA	10469278	QUILICURA	Receptado	10001353	02/09/2026 15:44:30	BG	23	23	0	Quilicura/Quilicura/N°12666921
50482	01/09/2026 20:51:51	MELIPILLA	10469278	QUILICURA	Receptado	10001353	02/09/2026 15:44:30	P5T	1	1	0	Quilicura/Quilicura/N°12666921
50484	01/09/2026 20:55:56	PLANTA IDEAL	10033115	CEDIS IDE QUILICURA	Cancelado			BG	1014	0	1014	49/49/CHKL478210
50484	01/09/2026 20:55:56	PLANTA IDEAL	10033115	CEDIS IDE QUILICURA	Cancelado			P5T	18	0	18	49/49/CHKL478210
50486	01/09/2026 20:58:29	PLANTA IDEAL	10033115	CEDIS IDE QUILICURA	Receptado	10032939	01/09/2026 21:21:05	BG	1214	1214	0	49/49/CHKL478248
50486	01/09/2026 20:58:29	PLANTA IDEAL	10033115	CEDIS IDE QUILICURA	Receptado	10032939	01/09/2026 21:21:05	P5T	19	19	0	49/49/CHKL478248
50489	01/09/2026 21:18:25	PLANTA IDEAL	10033115	CEDIS IDE QUILICURA	Receptado	10032939	01/09/2026 21:21:54	BG	1172	1172	0	50/50/CHKL478160
50489	01/09/2026 21:18:25	PLANTA IDEAL	10033115	CEDIS IDE QUILICURA	Receptado	10032939	01/09/2026 21:21:54	P5T	16	16	0	50/50/CHKL478160
50492	01/09/2026 21:27:02	CEDIS IDE QUILICURA	10032939	GRANDES CLIENTES	Receptado	10001251	01/09/2026 23:47:24	BCH	228	228	0	1/1/CHKO384247
50492	01/09/2026 21:27:02	CEDIS IDE QUILICURA	10032939	GRANDES CLIENTES	Receptado	10001251	01/09/2026 23:47:24	BG	1943	1943	0	1/1/CHKO384247
50492	01/09/2026 21:27:02	CEDIS IDE QUILICURA	10032939	GRANDES CLIENTES	Receptado	10001251	01/09/2026 23:47:24	P5T	40	40	0	1/1/CHKO384247
50852	04/09/2026 09:01:50	RANCAGUA	10000032	PLANTA IDEAL	Receptado	10000427	04/09/2026 11:45:28	BCH	2	2	0	DRPH-69/JJ-4819/10536346
50852	04/09/2026 09:01:50	RANCAGUA	10000032	PLANTA IDEAL	Receptado	10000427	04/09/2026 11:45:28	BG	1553	1553	0	DRPH-69/JJ-4819/10536346
50852	04/09/2026 09:01:50	RANCAGUA	10000032	PLANTA IDEAL	Receptado	10000427	04/09/2026 11:45:28	P5T	18	18	0	DRPH-69/JJ-4819/10536346
51117	07/09/2026 12:12:00	PLANTA CHILLAN	10000416	PLANTA IDEAL	Pendiente			BCH	110	0	110	lctb55/kdhp45/10536487
51117	07/09/2026 12:12:00	PLANTA CHILLAN	10000416	PLANTA IDEAL	Pendiente			BG	324	0	324	lctb55/kdhp45/10536487
51117	07/09/2026 12:12:00	PLANTA CHILLAN	10000416	PLANTA IDEAL	Pendiente			P5T	12	0	12	lctb55/kdhp45/10536487
50137	29/08/2026 07:39:46	CHILLAN	10301699	PLANTA CHILLAN	Receptado	10000416	01/09/2026 18:05:48	BG	899	899	0	LCTB55/KDHP45/10535960
50137	29/08/2026 07:39:46	CHILLAN	10301699	PLANTA CHILLAN	Receptado	10000416	01/09/2026 18:05:48	BCH	46	46	0	LCTB55/KDHP45/10535960
50137	29/08/2026 07:39:46	CHILLAN	10301699	PLANTA CHILLAN	Receptado	10000416	01/09/2026 18:05:48	P5T	21	21	0	LCTB55/KDHP45/10535960
50146	29/08/2026 08:38:11	PLANTA IDEAL	10001082	CEDIS IDE QUILICURA	Receptado	10161182	29/08/2026 11:58:26	BG	1140	1140	0	1/1/CHKL477986
50146	29/08/2026 08:38:11	PLANTA IDEAL	10001082	CEDIS IDE QUILICURA	Receptado	10161182	29/08/2026 11:58:26	P5T	19	19	0	1/1/CHKL477986
50146	29/08/2026 08:38:11	PLANTA IDEAL	10001082	CEDIS IDE QUILICURA	Receptado	10161182	29/08/2026 11:58:26	BCH	100	100	0	1/1/CHKL477986
50149	29/08/2026 08:44:10	RANCAGUA	10000032	PLANTA IDEAL	Receptado	10001082	29/08/2026 11:30:37	BCH	250	253	-3	DRPH-69/JJ-4819/10535981
50149	29/08/2026 08:44:10	RANCAGUA	10000032	PLANTA IDEAL	Receptado	10001082	29/08/2026 11:30:37	BG	1874	1857	17	DRPH-69/JJ-4819/10535981
50149	29/08/2026 08:44:10	RANCAGUA	10000032	PLANTA IDEAL	Receptado	10001082	29/08/2026 11:30:37	P5T	22	24	-2	DRPH-69/JJ-4819/10535981
50151	29/08/2026 08:57:24	CEDIS IDE QUILICURA	10161182	PLANTA CHILLAN	Receptado	10000416	03/09/2026 17:02:14	P5T	4	4	0	LWBV80/HXGP47/1
50383	01/09/2026 06:05:32	CEDIS IDE QUILICURA	10001100	SALON QUILICURA	Receptado	10000981	02/09/2026 13:51:05	BG	44	44	0	1/1/1
50383	01/09/2026 06:05:32	CEDIS IDE QUILICURA	10001100	SALON QUILICURA	Receptado	10000981	02/09/2026 13:51:05	P5T	1	0	1	1/1/1
50384	01/09/2026 06:10:05	CEDIS IDE QUILICURA	10001100	SALON CEDIS	Receptado	10000848-1	04/09/2026 12:22:22	BG	23	23	0	1/1/1
50384	01/09/2026 06:10:05	CEDIS IDE QUILICURA	10001100	SALON CEDIS	Receptado	10000848-1	04/09/2026 12:22:22	P5T	1	0	1	1/1/1
50386	01/09/2026 06:39:49	LOS ANDES	10486010	ECCOFEED SPA	Receptado	10487508	02/09/2026 10:10:01	BG	146	146	0	JKHC-71/JKHC-71/11737635
50386	01/09/2026 06:39:49	LOS ANDES	10486010	ECCOFEED SPA	Receptado	10487508	02/09/2026 10:10:01	P5T	3	3	0	JKHC-71/JKHC-71/11737635
50548	02/09/2026 07:44:36	MELIPILLA	10291937	PLANTA IDEAL	Receptado	10000427	02/09/2026 10:30:29	BCH	11	11	0	CKXS60/--/10536189
50548	02/09/2026 07:44:36	MELIPILLA	10291937	PLANTA IDEAL	Receptado	10000427	02/09/2026 10:30:29	BG	792	792	0	CKXS60/--/10536189
50548	02/09/2026 07:44:36	MELIPILLA	10291937	PLANTA IDEAL	Receptado	10000427	02/09/2026 10:30:29	P5T	9	9	0	CKXS60/--/10536189
50554	02/09/2026 08:04:44	LA SERENA	10444394	ECCOFEED SPA	Receptado	10005088	04/09/2026 19:52:18	BG	504	504	0	GPGJ43/KDHG12/11481070
50554	02/09/2026 08:04:44	LA SERENA	10444394	ECCOFEED SPA	Receptado	10005088	04/09/2026 19:52:18	P5T	8	8	0	GPGJ43/KDHG12/11481070
50555	02/09/2026 08:31:16	QUILICURA	10397048	GRANDES CLIENTES	Receptado	10001251	02/09/2026 08:36:20	BG	1200	1200	0	0/0/0
50556	02/09/2026 08:35:45	LA SERENA	10444394	PLANTA IDEAL	Receptado	10033115	02/09/2026 16:31:25	BG	688	688	0	GPGJ43 /KDHG12/10536212
50556	02/09/2026 08:35:45	LA SERENA	10444394	PLANTA IDEAL	Receptado	10033115	02/09/2026 16:31:25	P5T	9	9	0	GPGJ43 /KDHG12/10536212
50558	02/09/2026 08:40:22	PLANTA IDEAL	10000427	CEDIS IDE QUILICURA	Receptado	10033023	02/09/2026 08:55:23	BG	936	936	0	DBLS 59/KYLZ 24/CHKL478203
50558	02/09/2026 08:40:22	PLANTA IDEAL	10000427	CEDIS IDE QUILICURA	Receptado	10033023	02/09/2026 08:55:23	P5T	13	13	0	DBLS 59/KYLZ 24/CHKL478203
51020	05/09/2026 15:23:45	GRANDES CLIENTES	10000772	PLANTA IDEAL	Receptado	10033115	05/09/2026 20:04:04	BCH	1800	1800	0	HXDF12/HXDF12/10536438
51020	05/09/2026 15:23:45	GRANDES CLIENTES	10000772	PLANTA IDEAL	Receptado	10033115	05/09/2026 20:04:04	BG	120	120	0	HXDF12/HXDF12/10536438
51020	05/09/2026 15:23:45	GRANDES CLIENTES	10000772	PLANTA IDEAL	Receptado	10033115	05/09/2026 20:04:04	P5T	10	10	0	HXDF12/HXDF12/10536438
51027	05/09/2026 16:51:59	CEDIS IDE QUILICURA	10032939	PLANTA IDEAL	Receptado	10033115	05/09/2026 20:01:57	BCH	220	220	0	1/1/CEDIS A PLANTA
51027	05/09/2026 16:51:59	CEDIS IDE QUILICURA	10032939	PLANTA IDEAL	Receptado	10033115	05/09/2026 20:01:57	BG	1568	1568	0	1/1/CEDIS A PLANTA
51027	05/09/2026 16:51:59	CEDIS IDE QUILICURA	10032939	PLANTA IDEAL	Receptado	10033115	05/09/2026 20:01:57	P5T	24	24	0	1/1/CEDIS A PLANTA
51151	07/09/2026 18:41:26	PLANTA IDEAL	10001082	CEDIS IDE QUILICURA	Pendiente			BG	820	0	820	1/1/CHKL478646
51151	07/09/2026 18:41:26	PLANTA IDEAL	10001082	CEDIS IDE QUILICURA	Pendiente			P5T	17	0	17	1/1/CHKL478646
51152	07/09/2026 18:49:48	ANTOFAGASTA	10299402	ECCOFEED SPA	Pendiente			BG	560	0	560	RHDS13/X/10536502
51152	07/09/2026 18:49:48	ANTOFAGASTA	10299402	ECCOFEED SPA	Pendiente			P5T	12	0	12	RHDS13/X/10536502
49890	27/08/2026 12:51:44	CEDIS IDE QUILICURA	10001100	CONCEPCION	Receptado	10001026	28/08/2026 08:04:51	BG	1090	1090	0	1/1/HKOOB37680059
49890	27/08/2026 12:51:44	CEDIS IDE QUILICURA	10001100	CONCEPCION	Receptado	10001026	28/08/2026 08:04:51	P5T	21	21	0	1/1/HKOOB37680059
49893	27/08/2026 13:02:14	PLANTA IDEAL	10001082	CEDIS IDE QUILICURA	Receptado	10033023	27/08/2026 17:12:04	BG	841	841	0	1/1/CHKL477752
49893	27/08/2026 13:02:14	PLANTA IDEAL	10001082	CEDIS IDE QUILICURA	Receptado	10033023	27/08/2026 17:12:04	P5T	12	12	0	1/1/CHKL477752
49897	27/08/2026 15:07:18	PLANTA IDEAL	10000427	CEDIS IDE QUILICURA	Receptado	10033023	27/08/2026 17:11:50	BG	1296	1296	0	DDBLS 59/KYLZ 24/CHKL477753
49897	27/08/2026 15:07:18	PLANTA IDEAL	10000427	CEDIS IDE QUILICURA	Receptado	10033023	27/08/2026 17:11:50	P5T	18	18	0	DDBLS 59/KYLZ 24/CHKL477753
49899	27/08/2026 15:42:06	PLANTA IDEAL	10000427	CEDIS IDE QUILICURA	Receptado	10033023	27/08/2026 17:13:39	BCH	60	60	0	DBLS 59/KYLZ 24/CHKL477811
49899	27/08/2026 15:42:06	PLANTA IDEAL	10000427	CEDIS IDE QUILICURA	Receptado	10033023	27/08/2026 17:13:39	BG	1260	1260	0	DBLS 59/KYLZ 24/CHKL477811
49899	27/08/2026 15:42:06	PLANTA IDEAL	10000427	CEDIS IDE QUILICURA	Receptado	10033023	27/08/2026 17:13:39	P5T	19	19	0	DBLS 59/KYLZ 24/CHKL477811
49901	27/08/2026 16:08:34	PLANTA IDEAL	10000427	CEDIS IDE QUILICURA	Receptado	10033023	27/08/2026 17:12:18	BG	792	792	0	DBLS 59/KYLZ 24/CHKL477790
49901	27/08/2026 16:08:34	PLANTA IDEAL	10000427	CEDIS IDE QUILICURA	Receptado	10033023	27/08/2026 17:12:18	P5T	14	14	0	DBLS 59/KYLZ 24/CHKL477790
50094	29/08/2026 00:12:12	CEDIS IDE QUILICURA	10032939	SALON TOBALABA	Receptado	10005088	06/09/2026 15:24:55	BG	4	4	0	1/1/CHKO384027
50094	29/08/2026 00:12:12	CEDIS IDE QUILICURA	10032939	SALON TOBALABA	Receptado	10005088	06/09/2026 15:24:55	P5T	1	1	0	1/1/CHKO384027
50133	29/08/2026 07:22:11	TALCA	10000096	PLANTA IDEAL	Receptado	10000427	02/09/2026 10:50:49	BCH	96	96	0	PJJV 11/PWXK 75/0
50133	29/08/2026 07:22:11	TALCA	10000096	PLANTA IDEAL	Receptado	10000427	02/09/2026 10:50:49	BG	1860	1860	0	PJJV 11/PWXK 75/0
50133	29/08/2026 07:22:11	TALCA	10000096	PLANTA IDEAL	Receptado	10000427	02/09/2026 10:50:49	P5T	19	19	0	PJJV 11/PWXK 75/0
50134	29/08/2026 07:24:18	MELIPILLA	10291937	PLANTA IDEAL	Receptado	10001082	29/08/2026 10:33:01	BCH	23	24	-1	PXJD-33/-/10535959
50134	29/08/2026 07:24:18	MELIPILLA	10291937	PLANTA IDEAL	Receptado	10001082	29/08/2026 10:33:01	BG	970	940	30	PXJD-33/-/10535959
50134	29/08/2026 07:24:18	MELIPILLA	10291937	PLANTA IDEAL	Receptado	10001082	29/08/2026 10:33:01	P5T	12	13	-1	PXJD-33/-/10535959
50140	29/08/2026 07:43:59	TEMUCO	10344423	PLANTA CHILLAN	Receptado	10000416	01/09/2026 18:06:24	BCH	78	78	0	PFBS16 /KYLG77 /10535977
50140	29/08/2026 07:43:59	TEMUCO	10344423	PLANTA CHILLAN	Receptado	10000416	01/09/2026 18:06:24	BG	1607	1576	31	PFBS16 /KYLG77 /10535977
50140	29/08/2026 07:43:59	TEMUCO	10344423	PLANTA CHILLAN	Receptado	10000416	01/09/2026 18:06:24	P5T	17	17	0	PFBS16 /KYLG77 /10535977
50145	29/08/2026 08:25:15	CEDIS IDE QUILICURA	10161182	PUERTO MONTT	Receptado	10001696	31/08/2026 10:40:06	BCH	192	192	0	PSLY27/PWZP19/HKOOB37691155
50145	29/08/2026 08:25:15	CEDIS IDE QUILICURA	10161182	PUERTO MONTT	Receptado	10001696	31/08/2026 10:40:06	BG	1081	1081	0	PSLY27/PWZP19/HKOOB37691155
50145	29/08/2026 08:25:15	CEDIS IDE QUILICURA	10161182	PUERTO MONTT	Receptado	10001696	31/08/2026 10:40:06	P5T	18	18	0	PSLY27/PWZP19/HKOOB37691155
50166	29/08/2026 11:49:30	CEDIS IDE QUILICURA	10161182	VIÑA DEL MAR	Receptado	10000599	29/08/2026 16:58:21	BCH	100	100	0	VZRL40/PXJD33/HKOOB37692494
50166	29/08/2026 11:49:30	CEDIS IDE QUILICURA	10161182	VIÑA DEL MAR	Receptado	10000599	29/08/2026 16:58:21	BG	1211	1211	0	VZRL40/PXJD33/HKOOB37692494
50166	29/08/2026 11:49:30	CEDIS IDE QUILICURA	10161182	VIÑA DEL MAR	Receptado	10000599	29/08/2026 16:58:21	P5T	20	19	1	VZRL40/PXJD33/HKOOB37692494
50433	01/09/2026 12:09:43	QUILICURA	10397048	GRANDES CLIENTES	Receptado	10397048	01/09/2026 12:16:07	BG	240	240	0	casa/casa/n/a
50434	01/09/2026 12:14:30	GRANDES CLIENTES	10000772	PLANTA IDEAL	Receptado	10033115	01/09/2026 16:05:15	BCH	600	600	0	JG4930/JG4930/10536165
50434	01/09/2026 12:14:30	GRANDES CLIENTES	10000772	PLANTA IDEAL	Receptado	10033115	01/09/2026 16:05:15	BG	840	840	0	JG4930/JG4930/10536165
50434	01/09/2026 12:14:30	GRANDES CLIENTES	10000772	PLANTA IDEAL	Receptado	10033115	01/09/2026 16:05:15	P5T	33	33	0	JG4930/JG4930/10536165
50437	01/09/2026 12:48:11	CEDIS IDE QUILICURA	10033023	LA SERENA	Receptado	10354846	01/09/2026 22:54:34	BCH	10	10	0	DPDT12/PXDK69/HKOOB37705106
50437	01/09/2026 12:48:11	CEDIS IDE QUILICURA	10033023	LA SERENA	Receptado	10354846	01/09/2026 22:54:34	BG	619	619	0	DPDT12/PXDK69/HKOOB37705106
50437	01/09/2026 12:48:11	CEDIS IDE QUILICURA	10033023	LA SERENA	Receptado	10354846	01/09/2026 22:54:34	P5T	13	13	0	DPDT12/PXDK69/HKOOB37705106
50706	03/09/2026 08:01:31	PLANTA IDEAL	10000427	CEDIS IDE QUILICURA	Receptado	10033023	03/09/2026 09:40:16	BG	1264	1264	0	FYLB 83/KYLZ 25/CHKL478292
50706	03/09/2026 08:01:31	PLANTA IDEAL	10000427	CEDIS IDE QUILICURA	Receptado	10033023	03/09/2026 09:40:16	P5T	18	18	0	FYLB 83/KYLZ 25/CHKL478292
50709	03/09/2026 08:26:02	PUERTO MONTT	10001696	PLANTA CHILLAN	Receptado	10000416	03/09/2026 17:19:46	BCH	100	100	0	PFBS-11/PXJF-26/10536278
50709	03/09/2026 08:26:02	PUERTO MONTT	10001696	PLANTA CHILLAN	Receptado	10000416	03/09/2026 17:19:46	BG	1740	1740	0	PFBS-11/PXJF-26/10536278
50709	03/09/2026 08:26:02	PUERTO MONTT	10001696	PLANTA CHILLAN	Receptado	10000416	03/09/2026 17:19:46	P5T	24	24	0	PFBS-11/PXJF-26/10536278
50710	03/09/2026 08:37:01	RANCAGUA	10000032	PLANTA IDEAL	Receptado	10000427	03/09/2026 12:46:11	BCH	138	138	0	TVTD-89/KYPH-94/10536279
50710	03/09/2026 08:37:01	RANCAGUA	10000032	PLANTA IDEAL	Receptado	10000427	03/09/2026 12:46:11	BG	1576	1576	0	TVTD-89/KYPH-94/10536279
50710	03/09/2026 08:37:01	RANCAGUA	10000032	PLANTA IDEAL	Receptado	10000427	03/09/2026 12:46:11	P5T	29	29	0	TVTD-89/KYPH-94/10536279
50711	03/09/2026 08:49:56	CONCEPCION	10001026	CEDIS IDE QUILICURA	Receptado	10032939	03/09/2026 19:04:12	BCH	146	146	0	VJWL-64/PXKH-32/10536280
50711	03/09/2026 08:49:56	CONCEPCION	10001026	CEDIS IDE QUILICURA	Receptado	10032939	03/09/2026 19:04:12	BG	1536	1536	0	VJWL-64/PXKH-32/10536280
50711	03/09/2026 08:49:56	CONCEPCION	10001026	CEDIS IDE QUILICURA	Receptado	10032939	03/09/2026 19:04:12	P5T	25	25	0	VJWL-64/PXKH-32/10536280
50718	03/09/2026 09:22:45	LOS ANGELES	172705782	ECCOFEED SPA	Pendiente			BG	186	0	186	PJJV10/PXJF27/1
50718	03/09/2026 09:22:45	LOS ANGELES	172705782	ECCOFEED SPA	Pendiente			P5T	3	0	3	PJJV10/PXJF27/1
50719	03/09/2026 09:21:22	COPIAPO	10405300	ECCOFEED SPA	Receptado	10487508	05/09/2026 11:40:18	BG	297	297	0	VXTG20/PXHK31/8617499
50719	03/09/2026 09:21:22	COPIAPO	10405300	ECCOFEED SPA	Receptado	10487508	05/09/2026 11:40:18	P5T	5	5	0	VXTG20/PXHK31/8617499
50726	03/09/2026 09:26:39	LA SERENA	10444394	PLANTA IDEAL	Receptado	10033115	03/09/2026 20:06:49	BG	1932	1932	0	JP3260/HVJX52/10536284
50726	03/09/2026 09:26:39	LA SERENA	10444394	PLANTA IDEAL	Receptado	10033115	03/09/2026 20:06:49	P5T	43	43	0	JP3260/HVJX52/10536284
51145	07/09/2026 17:30:00	PLANTA IDEAL	10001082	CEDIS IDE QUILICURA	Receptado	10161182	07/09/2026 18:38:08	BG	948	948	0	1/1/CHKL478591
51145	07/09/2026 17:30:00	PLANTA IDEAL	10001082	CEDIS IDE QUILICURA	Receptado	10161182	07/09/2026 18:38:08	P5T	21	21	0	1/1/CHKL478591
51145	07/09/2026 17:30:00	PLANTA IDEAL	10001082	CEDIS IDE QUILICURA	Receptado	10161182	07/09/2026 18:38:08	BCH	600	600	0	1/1/CHKL478591
51149	07/09/2026 18:09:03	GRANDES CLIENTES	10000772	PLANTA IDEAL	Receptado	10001082	07/09/2026 18:47:50	BG	1200	1200	0	HXDF11/HXDF11/10536500
51149	07/09/2026 18:09:03	GRANDES CLIENTES	10000772	PLANTA IDEAL	Receptado	10001082	07/09/2026 18:47:50	P5T	17	15	2	HXDF11/HXDF11/10536500
50129	29/08/2026 06:06:36	CEDIS IDE QUILICURA	10032939	LO ESPEJO	Receptado	10461749	31/08/2026 04:19:48	BG	932	932	0	1/1/HKOOB37692484
50129	29/08/2026 06:06:36	CEDIS IDE QUILICURA	10032939	LO ESPEJO	Receptado	10461749	31/08/2026 04:19:48	P5T	16	16	0	1/1/HKOOB37692484
50171	29/08/2026 12:29:53	CEDIS IDE QUILICURA	10161182	CHILLAN	Receptado	10301699	31/08/2026 08:18:47	BCH	34	34	0	LZRG89/PXJF26/HKOOB37691156
50171	29/08/2026 12:29:53	CEDIS IDE QUILICURA	10161182	CHILLAN	Receptado	10301699	31/08/2026 08:18:47	BG	1103	1103	0	LZRG89/PXJF26/HKOOB37691156
50171	29/08/2026 12:29:53	CEDIS IDE QUILICURA	10161182	CHILLAN	Receptado	10301699	31/08/2026 08:18:47	P5T	21	21	0	LZRG89/PXJF26/HKOOB37691156
50209	30/08/2026 02:39:47	PLANTA IDEAL	10033115	CEDIS IDE QUILICURA	Receptado	10032939	30/08/2026 02:57:04	BG	1320	1320	0	50/50/CHKL477992
50209	30/08/2026 02:39:47	PLANTA IDEAL	10033115	CEDIS IDE QUILICURA	Receptado	10032939	30/08/2026 02:57:04	P5T	21	21	0	50/50/CHKL477992
50210	30/08/2026 02:41:32	PLANTA IDEAL	10033115	CEDIS IDE QUILICURA	Receptado	10032939	30/08/2026 02:57:17	BG	1284	1284	0	50/50/CHKL477991
50210	30/08/2026 02:41:32	PLANTA IDEAL	10033115	CEDIS IDE QUILICURA	Receptado	10032939	30/08/2026 02:57:17	P5T	18	18	0	50/50/CHKL477991
50211	30/08/2026 02:42:36	PLANTA IDEAL	10033115	CEDIS IDE QUILICURA	Receptado	10032939	30/08/2026 02:57:29	BG	240	240	0	50/50/CHKL478025
50211	30/08/2026 02:42:36	PLANTA IDEAL	10033115	CEDIS IDE QUILICURA	Receptado	10032939	30/08/2026 02:57:29	P5T	9	9	0	50/50/CHKL478025
50212	30/08/2026 02:44:45	PLANTA IDEAL	10033115	CEDIS IDE QUILICURA	Receptado	10032939	30/08/2026 02:57:42	BG	1320	1320	0	50/50/CHKL478026
50212	30/08/2026 02:44:45	PLANTA IDEAL	10033115	CEDIS IDE QUILICURA	Receptado	10032939	30/08/2026 02:57:42	P5T	21	21	0	50/50/CHKL478026
50213	30/08/2026 02:46:01	PLANTA IDEAL	10033115	CEDIS IDE QUILICURA	Receptado	10032939	30/08/2026 02:57:58	BG	1118	1118	0	50/50/CHKL477935
50213	30/08/2026 02:46:01	PLANTA IDEAL	10033115	CEDIS IDE QUILICURA	Receptado	10032939	30/08/2026 02:57:58	P5T	21	21	0	50/50/CHKL477935
50214	30/08/2026 02:47:26	PLANTA IDEAL	10033115	CEDIS IDE QUILICURA	Receptado	10032939	30/08/2026 02:58:32	BG	1272	1272	0	50/50/CHKL478045
50214	30/08/2026 02:47:26	PLANTA IDEAL	10033115	CEDIS IDE QUILICURA	Receptado	10032939	30/08/2026 02:58:32	P5T	22	22	0	50/50/CHKL478045
50215	30/08/2026 02:48:52	PLANTA IDEAL	10033115	CEDIS IDE QUILICURA	Receptado	10032939	30/08/2026 02:58:45	BG	1116	1116	0	50/50/CHKL478046
50215	30/08/2026 02:48:52	PLANTA IDEAL	10033115	CEDIS IDE QUILICURA	Receptado	10032939	30/08/2026 02:58:45	P5T	21	21	0	50/50/CHKL478046
50216	30/08/2026 02:55:37	PLANTA IDEAL	10033115	CEDIS IDE QUILICURA	Receptado	10032939	30/08/2026 02:59:06	BG	1167	1167	0	50/50/CHKL478047
50216	30/08/2026 02:55:37	PLANTA IDEAL	10033115	CEDIS IDE QUILICURA	Receptado	10032939	30/08/2026 02:59:06	P5T	20	20	0	50/50/CHKL478047
50218	30/08/2026 02:56:57	PLANTA IDEAL	10033115	CEDIS IDE QUILICURA	Receptado	10032939	30/08/2026 04:27:16	BG	1044	1044	0	50/50/CHKL478065
50218	30/08/2026 02:56:57	PLANTA IDEAL	10033115	CEDIS IDE QUILICURA	Receptado	10032939	30/08/2026 04:27:16	P5T	19	19	0	50/50/CHKL478065
50436	01/09/2026 12:34:25	PLANTA IDEAL	10000427	CEDIS IDE QUILICURA	Receptado	10032939	01/09/2026 14:59:16	BG	1161	1161	0	FLYB 83/KYLZ 25/CHKL478193
50436	01/09/2026 12:34:25	PLANTA IDEAL	10000427	CEDIS IDE QUILICURA	Receptado	10032939	01/09/2026 14:59:16	P5T	16	16	0	FLYB 83/KYLZ 25/CHKL478193
50442	01/09/2026 13:47:33	CEDIS IDE QUILICURA	10033023	GRANDES CLIENTES	Receptado	10001302	01/09/2026 18:49:50	BCH	1399	1399	0	,/,/CHKO384171
50442	01/09/2026 13:47:33	CEDIS IDE QUILICURA	10033023	GRANDES CLIENTES	Receptado	10001302	01/09/2026 18:49:50	BG	5043	5043	0	,/,/CHKO384171
50442	01/09/2026 13:47:33	CEDIS IDE QUILICURA	10033023	GRANDES CLIENTES	Receptado	10001302	01/09/2026 18:49:50	P5T	97	97	0	,/,/CHKO384171
50592	02/09/2026 13:21:36	CEDIS IDE QUILICURA	10033023	GRANDES CLIENTES	Receptado	10119634	02/09/2026 21:08:36	BG	9	9	0	,/,/CHKO384176
50593	02/09/2026 13:25:08	CEDIS IDE QUILICURA	10033023	ANTOFAGASTA	Receptado	10299402	03/09/2026 17:22:02	BCH	100	100	0	RHDS13/PXKH-30/HKOOB37713354
50593	02/09/2026 13:25:08	CEDIS IDE QUILICURA	10033023	ANTOFAGASTA	Receptado	10299402	03/09/2026 17:22:02	BG	1634	1634	0	RHDS13/PXKH-30/HKOOB37713354
50593	02/09/2026 13:25:08	CEDIS IDE QUILICURA	10033023	ANTOFAGASTA	Receptado	10299402	03/09/2026 17:22:02	P5T	29	29	0	RHDS13/PXKH-30/HKOOB37713354
50596	02/09/2026 13:51:22	SALON QUILICURA	10000981	QUILICURA	Receptado	10001353	02/09/2026 15:43:15	BG	54	54	0	0/0/0
50597	02/09/2026 14:38:14	GRANDES CLIENTES	10000772	PLANTA IDEAL	Receptado	10033115	02/09/2026 15:50:15	BCH	200	200	0	KYPH94/KYPH94/10536233
50597	02/09/2026 14:38:14	GRANDES CLIENTES	10000772	PLANTA IDEAL	Receptado	10033115	02/09/2026 15:50:15	BG	1200	1200	0	KYPH94/KYPH94/10536233
50597	02/09/2026 14:38:14	GRANDES CLIENTES	10000772	PLANTA IDEAL	Receptado	10033115	02/09/2026 15:50:15	P5T	59	59	0	KYPH94/KYPH94/10536233
51106	07/09/2026 08:39:34	PUERTO MONTT	10001696	PLANTA CHILLAN	Pendiente			BCH	100	0	100	PGKD-17/PWZH-31/10536477
51106	07/09/2026 08:39:34	PUERTO MONTT	10001696	PLANTA CHILLAN	Pendiente			BG	1560	0	1560	PGKD-17/PWZH-31/10536477
51106	07/09/2026 08:39:34	PUERTO MONTT	10001696	PLANTA CHILLAN	Pendiente			P5T	18	0	18	PGKD-17/PWZH-31/10536477
51109	07/09/2026 10:26:44	CEDIS IDE QUILICURA	10032939	VALDIVIA	Pendiente			BCH	52	0	52	1/1/HKOOB37737100
51109	07/09/2026 10:26:44	CEDIS IDE QUILICURA	10032939	VALDIVIA	Pendiente			BG	132	0	132	1/1/HKOOB37737100
51109	07/09/2026 10:26:44	CEDIS IDE QUILICURA	10032939	VALDIVIA	Pendiente			P5T	5	0	5	1/1/HKOOB37737100
51110	07/09/2026 10:28:37	CEDIS IDE QUILICURA	10032939	PUERTO MONTT	Pendiente			BG	869	0	869	1/1/HKOOB37737100
51110	07/09/2026 10:28:37	CEDIS IDE QUILICURA	10032939	PUERTO MONTT	Pendiente			P5T	13	0	13	1/1/HKOOB37737100
51115	07/09/2026 11:42:23	CEDIS IDE QUILICURA	10032939	LO ESPEJO	Pendiente			BG	1412	0	1412	1/1/HKOOB37737032
51115	07/09/2026 11:42:23	CEDIS IDE QUILICURA	10032939	LO ESPEJO	Pendiente			P5T	19	0	19	1/1/HKOOB37737032
51116	07/09/2026 11:52:14	CEDIS IDE QUILICURA	10032939	LOS ANGELES	Pendiente			BCH	59	0	59	1/1/HKOOB37737050
51116	07/09/2026 11:52:14	CEDIS IDE QUILICURA	10032939	LOS ANGELES	Pendiente			BG	1002	0	1002	1/1/HKOOB37737050
51116	07/09/2026 11:52:14	CEDIS IDE QUILICURA	10032939	LOS ANGELES	Pendiente			P5T	22	0	22	1/1/HKOOB37737050
50059	28/08/2026 17:10:12	PLANTA IDEAL	10000427	CEDIS IDE QUILICURA	Receptado	10033023	28/08/2026 17:32:34	BG	1272	1272	0	DBLS 59/KYLZ 24/CHKL477907
50059	28/08/2026 17:10:12	PLANTA IDEAL	10000427	CEDIS IDE QUILICURA	Receptado	10033023	28/08/2026 17:32:34	P5T	16	16	0	DBLS 59/KYLZ 24/CHKL477907
50318	31/08/2026 18:41:31	CEDIS IDE QUILICURA	10000798	LO ESPEJO	Receptado	10138605	31/08/2026 19:26:41	BCH	142	142	0	DBLS59/HXDF11/HKOOB37695363
50318	31/08/2026 18:41:31	CEDIS IDE QUILICURA	10000798	LO ESPEJO	Receptado	10138605	31/08/2026 19:26:41	BG	983	983	0	DBLS59/HXDF11/HKOOB37695363
50318	31/08/2026 18:41:31	CEDIS IDE QUILICURA	10000798	LO ESPEJO	Receptado	10138605	31/08/2026 19:26:41	P5T	16	16	0	DBLS59/HXDF11/HKOOB37695363
50323	31/08/2026 20:13:51	CEDIS IDE QUILICURA	10000798	CHILLAN	Receptado	10301699	01/09/2026 11:45:19	BCH	52	52	0	PGKD18/PWXK76/HKOOB37693517
50323	31/08/2026 20:13:51	CEDIS IDE QUILICURA	10000798	CHILLAN	Receptado	10301699	01/09/2026 11:45:19	BG	1253	1201	52	PGKD18/PWXK76/HKOOB37693517
50323	31/08/2026 20:13:51	CEDIS IDE QUILICURA	10000798	CHILLAN	Receptado	10301699	01/09/2026 11:45:19	P5T	18	18	0	PGKD18/PWXK76/HKOOB37693517
50731	03/09/2026 10:35:26	CEDIS IDE QUILICURA	10033023	DISTRIBUIDOR CORCORAN	Pendiente			BG	763	0	763	JYPX11/JL9427/CHKO384307
50732	03/09/2026 10:57:49	PLANTA IDEAL	10000427	CEDIS IDE QUILICURA	Receptado	10033023	03/09/2026 14:23:17	BG	748	748	0	FYLB 83/KYLZ 25/CHKL478294
50732	03/09/2026 10:57:49	PLANTA IDEAL	10000427	CEDIS IDE QUILICURA	Receptado	10033023	03/09/2026 14:23:17	P5T	11	11	0	FYLB 83/KYLZ 25/CHKL478294
50856	04/09/2026 10:21:26	PUERTO MONTT	10001696	PLANTA CHILLAN	Receptado	10000416	04/09/2026 21:39:25	BCH	21	21	0	PSLY-21/PTYJ-59/10536350
50856	04/09/2026 10:21:26	PUERTO MONTT	10001696	PLANTA CHILLAN	Receptado	10000416	04/09/2026 21:39:25	BG	758	758	0	PSLY-21/PTYJ-59/10536350
50856	04/09/2026 10:21:26	PUERTO MONTT	10001696	PLANTA CHILLAN	Receptado	10000416	04/09/2026 21:39:25	P5T	30	30	0	PSLY-21/PTYJ-59/10536350
50862	04/09/2026 10:50:15	PLANTA IDEAL	10000427	CEDIS IDE QUILICURA	Receptado	10033023	04/09/2026 13:32:10	BG	1168	1168	0	FYLB 83/KYLZ 24/CHKL478374
50862	04/09/2026 10:50:15	PLANTA IDEAL	10000427	CEDIS IDE QUILICURA	Receptado	10033023	04/09/2026 13:32:10	P5T	17	17	0	FYLB 83/KYLZ 24/CHKL478374
50863	04/09/2026 10:51:02	CEDIS IDE QUILICURA	10033023	LA SERENA	Receptado	10354846	05/09/2026 01:55:19	BG	70	70	0	LXHJ99/PWXK76/HKOOB37722849
50863	04/09/2026 10:51:02	CEDIS IDE QUILICURA	10033023	LA SERENA	Receptado	10354846	05/09/2026 01:55:19	P5T	2	2	0	LXHJ99/PWXK76/HKOOB37722849
50864	04/09/2026 10:53:09	CEDIS IDE QUILICURA	10033023	LA SERENA	Receptado	10354846	05/09/2026 01:55:42	BG	302	302	0	LXHJ99/PWXK76/HKOOB37722849
50864	04/09/2026 10:53:09	CEDIS IDE QUILICURA	10033023	LA SERENA	Receptado	10354846	05/09/2026 01:55:42	P5T	1	1	0	LXHJ99/PWXK76/HKOOB37722849
51022	05/09/2026 15:51:44	SALON LO ESPEJO	10000848	LO ESPEJO	Receptado	10461749	07/09/2026 03:57:15	BG	43	43	0	0/0/0
51025	05/09/2026 16:00:22	CEDIS IDE QUILICURA	10032939	TALCA	Receptado	10000096	07/09/2026 11:55:31	BCH	148	148	0	1/1/HKOOB37731246
51025	05/09/2026 16:00:22	CEDIS IDE QUILICURA	10032939	TALCA	Receptado	10000096	07/09/2026 11:55:31	BG	916	916	0	1/1/HKOOB37731246
51025	05/09/2026 16:00:22	CEDIS IDE QUILICURA	10032939	TALCA	Receptado	10000096	07/09/2026 11:55:31	P5T	19	19	0	1/1/HKOOB37731246
51026	05/09/2026 16:43:23	CEDIS IDE QUILICURA	10032939	VIÑA DEL MAR	Receptado	10001841	07/09/2026 10:45:47	BCH	113	59	54	1/1/HKOOB37731266
51026	05/09/2026 16:43:23	CEDIS IDE QUILICURA	10032939	VIÑA DEL MAR	Receptado	10001841	07/09/2026 10:45:47	BG	937	890	47	1/1/HKOOB37731266
51026	05/09/2026 16:43:23	CEDIS IDE QUILICURA	10032939	VIÑA DEL MAR	Receptado	10001841	07/09/2026 10:45:47	P5T	17	17	0	1/1/HKOOB37731266
51030	05/09/2026 18:32:07	LO ESPEJO	10458156	PLANTA IDEAL	Receptado	10033115	06/09/2026 10:23:25	BG	1914	1914	0	IDEAL/IDEAL/IDEAL
51030	05/09/2026 18:32:07	LO ESPEJO	10458156	PLANTA IDEAL	Receptado	10033115	06/09/2026 10:23:25	P5T	19	19	0	IDEAL/IDEAL/IDEAL
51030	05/09/2026 18:32:07	LO ESPEJO	10458156	PLANTA IDEAL	Receptado	10033115	06/09/2026 10:23:25	BCH	1	1	0	IDEAL/IDEAL/IDEAL
49747	26/08/2026 13:42:03	VIÑA DEL MAR	10001841	PLANTA IDEAL	Receptado	10033115	27/08/2026 03:54:42	BCH	400	400	0	VRLZ40/PXJD34/10535760
49747	26/08/2026 13:42:03	VIÑA DEL MAR	10001841	PLANTA IDEAL	Receptado	10033115	27/08/2026 03:54:42	BG	240	240	0	VRLZ40/PXJD34/10535760
49747	26/08/2026 13:42:03	VIÑA DEL MAR	10001841	PLANTA IDEAL	Receptado	10033115	27/08/2026 03:54:42	P5T	13	13	0	VRLZ40/PXJD34/10535760
50063	28/08/2026 18:10:21	QUILICURA	101196341	GRANDES CLIENTES	Receptado	101196341	28/08/2026 18:11:36	BG	4200	4200	0	0/0/0
50063	28/08/2026 18:10:21	QUILICURA	101196341	GRANDES CLIENTES	Receptado	101196341	28/08/2026 18:11:36	P5T	35	35	0	0/0/0
50065	28/08/2026 18:30:58	PLANTA IDEAL	10000427	CEDIS IDE QUILICURA	Receptado	10033023	28/08/2026 19:03:16	BG	848	848	0	FYLB 83/KYLZ 25/CHKL477925
50065	28/08/2026 18:30:58	PLANTA IDEAL	10000427	CEDIS IDE QUILICURA	Receptado	10033023	28/08/2026 19:03:16	P5T	19	19	0	FYLB 83/KYLZ 25/CHKL477925
50065	28/08/2026 18:30:58	PLANTA IDEAL	10000427	CEDIS IDE QUILICURA	Receptado	10033023	28/08/2026 19:03:16	BCH	100	100	0	FYLB 83/KYLZ 25/CHKL477925
50194	29/08/2026 18:20:06	PLANTA IDEAL	10000427	CEDIS IDE QUILICURA	Receptado	10033023	29/08/2026 20:48:46	BG	1188	1188	0	luis cuevas/kylz 25/CHKL478008
50194	29/08/2026 18:20:06	PLANTA IDEAL	10000427	CEDIS IDE QUILICURA	Receptado	10033023	29/08/2026 20:48:46	P5T	20	20	0	luis cuevas/kylz 25/CHKL478008
50540	02/09/2026 06:34:54	CEDIS IDE QUILICURA	10001100	PUERTO MONTT	Receptado	10001696	03/09/2026 10:49:56	BG	495	495	0	1/1/HKOOB37710058
50540	02/09/2026 06:34:54	CEDIS IDE QUILICURA	10001100	PUERTO MONTT	Receptado	10001696	03/09/2026 10:49:56	P5T	7	7	0	1/1/HKOOB37710058
50541	02/09/2026 06:49:44	CEDIS IDE QUILICURA	10001100	SALON EL CORTIJO	Receptado	10000989	05/09/2026 16:11:44	BG	32	32	0	1/1/1
50541	02/09/2026 06:49:44	CEDIS IDE QUILICURA	10001100	SALON EL CORTIJO	Receptado	10000989	05/09/2026 16:11:44	P5T	1	0	1	1/1/1
50543	02/09/2026 07:14:47	TALCA	10000096	ECCOFEED SPA	Receptado	10487508	05/09/2026 11:48:42	BG	451	451	0	PGKD 18/PWZP 17/0
50543	02/09/2026 07:14:47	TALCA	10000096	ECCOFEED SPA	Receptado	10487508	05/09/2026 11:48:42	P5T	9	9	0	PGKD 18/PWZP 17/0
50544	02/09/2026 07:29:25	CHILLAN	10301699	PLANTA CHILLAN	Receptado	10000416	02/09/2026 12:00:41	BG	1020	1020	0	LTGY83/PWZP18/10536187
50544	02/09/2026 07:29:25	CHILLAN	10301699	PLANTA CHILLAN	Receptado	10000416	02/09/2026 12:00:41	BCH	30	30	0	LTGY83/PWZP18/10536187
50544	02/09/2026 07:29:25	CHILLAN	10301699	PLANTA CHILLAN	Receptado	10000416	02/09/2026 12:00:41	P5T	25	25	0	LTGY83/PWZP18/10536187
50545	02/09/2026 07:31:14	CHILLAN	10301699	ECCOFEED SPA	Receptado	10487508	05/09/2026 11:50:11	BG	132	132	0	LRGY83/PWZP18/10536116
50545	02/09/2026 07:31:14	CHILLAN	10301699	ECCOFEED SPA	Receptado	10487508	05/09/2026 11:50:11	P5T	3	3	0	LRGY83/PWZP18/10536116
50546	02/09/2026 07:32:49	CHILLAN	10301699	ECCOFEED SPA	Receptado	10487508	05/09/2026 11:50:23	BG	155	155	0	LTGY83/PWZP18/10536188
50546	02/09/2026 07:32:49	CHILLAN	10301699	ECCOFEED SPA	Receptado	10487508	05/09/2026 11:50:23	P5T	3	3	0	LTGY83/PWZP18/10536188
50547	02/09/2026 07:40:27	TEMUCO	10344423	ECCOFEED SPA	Receptado	10487508	05/09/2026 11:53:05	BG	206	206	0	VXHL82 /PWZX26 /10536205
50547	02/09/2026 07:40:27	TEMUCO	10344423	ECCOFEED SPA	Receptado	10487508	05/09/2026 11:53:05	P5T	4	4	0	VXHL82 /PWZX26 /10536205
50601	02/09/2026 16:51:37	CEDIS IDE QUILICURA	10032939	LOS ANGELES	Receptado	172705782	03/09/2026 09:21:02	BCH	25	25	0	PJJV10/PXJF27/HKOOB37710049
50601	02/09/2026 16:51:37	CEDIS IDE QUILICURA	10032939	LOS ANGELES	Receptado	172705782	03/09/2026 09:21:02	BG	1063	1063	0	PJJV10/PXJF27/HKOOB37710049
50601	02/09/2026 16:51:37	CEDIS IDE QUILICURA	10032939	LOS ANGELES	Receptado	172705782	03/09/2026 09:21:02	P5T	17	17	0	PJJV10/PXJF27/HKOOB37710049
50603	02/09/2026 17:29:49	CEDIS IDE QUILICURA	10032939	LO ESPEJO	Receptado	10461749	03/09/2026 01:03:52	BG	1040	1040	0	1/1/HKOOB37713346
50603	02/09/2026 17:29:49	CEDIS IDE QUILICURA	10032939	LO ESPEJO	Receptado	10461749	03/09/2026 01:03:52	P5T	13	13	0	1/1/HKOOB37713346
50605	02/09/2026 17:50:40	PLANTA IDEAL	10033115	CEDIS IDE QUILICURA	Receptado	10032939	02/09/2026 18:07:21	BG	1260	1260	0	50/50/CHKL478306
49751	26/08/2026 14:38:18	CEDIS IDE QUILICURA	10033023	EL PINAR	Receptado	10149777	26/08/2026 17:21:36	BG	1156	1102	54	VSRP19/JG5630/HKOOB37676199
49751	26/08/2026 14:38:18	CEDIS IDE QUILICURA	10033023	EL PINAR	Receptado	10149777	26/08/2026 17:21:36	P5T	13	13	0	VSRP19/JG5630/HKOOB37676199
50071	28/08/2026 19:22:48	PLANTA IDEAL	10000427	CEDIS IDE QUILICURA	Receptado	10033023	28/08/2026 19:58:54	BG	840	840	0	FYLB 83/KYLZ 25/CHKL477857
50071	28/08/2026 19:22:48	PLANTA IDEAL	10000427	CEDIS IDE QUILICURA	Receptado	10033023	28/08/2026 19:58:54	P5T	19	19	0	FYLB 83/KYLZ 25/CHKL477857
50072	28/08/2026 19:48:36	CEDIS IDE QUILICURA	10033023	CONCEPCION	Receptado	10001026	29/08/2026 09:04:54	BCH	45	45	0	 VJWL64 /PXKH32/HKOOB37691160
50072	28/08/2026 19:48:36	CEDIS IDE QUILICURA	10033023	CONCEPCION	Receptado	10001026	29/08/2026 09:04:54	BG	1468	1468	0	 VJWL64 /PXKH32/HKOOB37691160
50072	28/08/2026 19:48:36	CEDIS IDE QUILICURA	10033023	CONCEPCION	Receptado	10001026	29/08/2026 09:04:54	P5T	29	29	0	 VJWL64 /PXKH32/HKOOB37691160
50079	28/08/2026 20:26:23	LO ESPEJO	10458156	ECCOFEED SPA	Receptado	10487508	02/09/2026 10:11:26	BG	331	331	0	IDEAL/IDEAL/IDEAL
50079	28/08/2026 20:26:23	LO ESPEJO	10458156	ECCOFEED SPA	Receptado	10487508	02/09/2026 10:11:26	P5T	7	7	0	IDEAL/IDEAL/IDEAL
50604	02/09/2026 17:48:10	PLANTA IDEAL	10033115	CEDIS IDE QUILICURA	Receptado	10032939	02/09/2026 18:07:05	BG	1294	1294	0	50/50/CHKL478267
50604	02/09/2026 17:48:10	PLANTA IDEAL	10033115	CEDIS IDE QUILICURA	Receptado	10032939	02/09/2026 18:07:05	P5T	20	20	0	50/50/CHKL478267
50606	02/09/2026 17:52:53	CEDIS IDE QUILICURA	10032939	ANTOFAGASTA	Receptado	10299402	03/09/2026 17:29:40	BG	1106	1106	0	1/1/HKOOB37713356
50606	02/09/2026 17:52:53	CEDIS IDE QUILICURA	10032939	ANTOFAGASTA	Receptado	10299402	03/09/2026 17:29:40	P5T	17	17	0	1/1/HKOOB37713356
50607	02/09/2026 17:54:02	PLANTA IDEAL	10033115	CEDIS IDE QUILICURA	Receptado	10032939	02/09/2026 18:07:39	BG	1316	1316	0	50/50/CHKL478287
50607	02/09/2026 17:54:02	PLANTA IDEAL	10033115	CEDIS IDE QUILICURA	Receptado	10032939	02/09/2026 18:07:39	P5T	18	18	0	50/50/CHKL478287
50608	02/09/2026 17:55:52	PLANTA IDEAL	10033115	CEDIS IDE QUILICURA	Receptado	10032939	02/09/2026 18:07:54	BG	1296	1296	0	50/50/CHKL478307
50608	02/09/2026 17:55:52	PLANTA IDEAL	10033115	CEDIS IDE QUILICURA	Receptado	10032939	02/09/2026 18:07:54	P5T	16	16	0	50/50/CHKL478307
50611	02/09/2026 17:59:48	PLANTA IDEAL	10033115	CEDIS IDE QUILICURA	Receptado	10032939	02/09/2026 18:06:51	BG	1188	1188	0	50/50/CHKL478218
50611	02/09/2026 17:59:48	PLANTA IDEAL	10033115	CEDIS IDE QUILICURA	Receptado	10032939	02/09/2026 18:06:51	P5T	18	18	0	50/50/CHKL478218
50612	02/09/2026 18:02:27	CEDIS IDE QUILICURA	10032939	TEMUCO	Cancelado			BCH	85	0	85	1/1/HKOOB37710031
50612	02/09/2026 18:02:27	CEDIS IDE QUILICURA	10032939	TEMUCO	Cancelado			BG	944	0	944	1/1/HKOOB37710031
50612	02/09/2026 18:02:27	CEDIS IDE QUILICURA	10032939	TEMUCO	Cancelado			P5T	16	0	16	1/1/HKOOB37710031
50871	04/09/2026 12:03:53	CEDIS IDE QUILICURA	10033023	GRANDES CLIENTES	Receptado	10001302	04/09/2026 16:37:29	BCH	358	358	0	,/,/CHKO384429
50871	04/09/2026 12:03:53	CEDIS IDE QUILICURA	10033023	GRANDES CLIENTES	Receptado	10001302	04/09/2026 16:37:29	BG	742	742	0	,/,/CHKO384429
50871	04/09/2026 12:03:53	CEDIS IDE QUILICURA	10033023	GRANDES CLIENTES	Receptado	10001302	04/09/2026 16:37:29	P5T	24	24	0	,/,/CHKO384429
50086	28/08/2026 21:50:57	PLANTA CHILLAN	10000416	CEDIS IDE QUILICURA	Receptado	10033023	01/09/2026 09:05:16	BG	540	540	0	LCTB56 /PTYJ57/CGAX00043842
50086	28/08/2026 21:50:57	PLANTA CHILLAN	10000416	CEDIS IDE QUILICURA	Receptado	10033023	01/09/2026 09:05:16	P5T	9	9	0	LCTB56 /PTYJ57/CGAX00043842
50087	28/08/2026 21:53:33	QUILICURA	10001353	ECCOFEED SPA	Receptado	10487508	02/09/2026 10:12:25	BG	250	250	0	NN/NN/NN
50087	28/08/2026 21:53:33	QUILICURA	10001353	ECCOFEED SPA	Receptado	10487508	02/09/2026 10:12:25	P5T	4	4	0	NN/NN/NN
50092	28/08/2026 22:50:30	EL PINAR	10149777	ECCOFEED SPA	Receptado	10487508	02/09/2026 10:12:39	BG	178	178	0	IDEAL/IDEAL/12582490
50092	28/08/2026 22:50:30	EL PINAR	10149777	ECCOFEED SPA	Receptado	10487508	02/09/2026 10:12:39	P5T	3	3	0	IDEAL/IDEAL/12582490
50324	31/08/2026 20:23:42	PLANTA IDEAL	10033115	CEDIS IDE QUILICURA	Receptado	10000798	31/08/2026 21:47:38	BG	1320	1320	0	50/50/ENVIO NRO 1 PLAN B
50324	31/08/2026 20:23:42	PLANTA IDEAL	10033115	CEDIS IDE QUILICURA	Receptado	10000798	31/08/2026 21:47:38	P5T	22	22	0	50/50/ENVIO NRO 1 PLAN B
50325	31/08/2026 20:27:24	PLANTA IDEAL	10033115	CEDIS IDE QUILICURA	Receptado	10000798	31/08/2026 21:47:53	BG	1320	1320	0	50/50/ENVIO NRO 2 PLAN B
50325	31/08/2026 20:27:24	PLANTA IDEAL	10033115	CEDIS IDE QUILICURA	Receptado	10000798	31/08/2026 21:47:53	P5T	22	22	0	50/50/ENVIO NRO 2 PLAN B
50343	31/08/2026 23:22:26	PLANTA IDEAL	10001082	CEDIS IDE QUILICURA	Receptado	10001100	01/09/2026 01:48:35	BG	1320	1320	0	1/1/CHKL478147
50343	31/08/2026 23:22:26	PLANTA IDEAL	10001082	CEDIS IDE QUILICURA	Receptado	10001100	01/09/2026 01:48:35	P5T	22	22	0	1/1/CHKL478147
50344	31/08/2026 23:31:03	LO ESPEJO	10461749	PLANTA IDEAL	Receptado	10001082	01/09/2026 00:25:50	BG	1680	1688	-8	001/001/10536122
50344	31/08/2026 23:31:03	LO ESPEJO	10461749	PLANTA IDEAL	Receptado	10001082	01/09/2026 00:25:50	P5T	20	20	0	001/001/10536122
50345	31/08/2026 23:35:41	QUILICURA	10397048	PLANTA IDEAL	Receptado	10001082	01/09/2026 00:47:14	BG	1200	1200	0	0/0/10536124
50345	31/08/2026 23:35:41	QUILICURA	10397048	PLANTA IDEAL	Receptado	10001082	01/09/2026 00:47:14	P5T	10	10	0	0/0/10536124
50538	02/09/2026 06:16:39	CEDIS IDE QUILICURA	10001100	TALCA	Receptado	10000096	03/09/2026 14:02:50	BG	1024	1024	0	1/1/HKOOB37710053
50538	02/09/2026 06:16:39	CEDIS IDE QUILICURA	10001100	TALCA	Receptado	10000096	03/09/2026 14:02:50	P5T	15	14	1	1/1/HKOOB37710053
50605	02/09/2026 17:50:40	PLANTA IDEAL	10033115	CEDIS IDE QUILICURA	Receptado	10032939	02/09/2026 18:07:21	P5T	12	12	0	50/50/CHKL478306
50613	02/09/2026 18:04:46	CEDIS IDE QUILICURA	10032939	TEMUCO	Receptado	10344423	03/09/2026 11:20:12	BCH	85	95	-10	1/1/HKOOB37710031
50613	02/09/2026 18:04:46	CEDIS IDE QUILICURA	10032939	TEMUCO	Receptado	10344423	03/09/2026 11:20:12	BG	944	944	0	1/1/HKOOB37710031
50613	02/09/2026 18:04:46	CEDIS IDE QUILICURA	10032939	TEMUCO	Receptado	10344423	03/09/2026 11:20:12	P5T	16	16	0	1/1/HKOOB37710031
50622	02/09/2026 19:10:40	PLANTA CHILLAN	10000416	PLANTA IDEAL	Receptado	10000427	03/09/2026 11:37:40	BG	1740	1320	420	LZRG89/PXJF27/10536250
50622	02/09/2026 19:10:40	PLANTA CHILLAN	10000416	PLANTA IDEAL	Receptado	10000427	03/09/2026 11:37:40	P5T	20	15	5	LZRG89/PXJF27/10536250
50625	02/09/2026 20:20:59	CEDIS IDE QUILICURA	10032939	TEMUCO	Receptado	10344423	03/09/2026 11:10:10	BCH	100	100	0	1/1/HKOOB37710032
50625	02/09/2026 20:20:59	CEDIS IDE QUILICURA	10032939	TEMUCO	Receptado	10344423	03/09/2026 11:10:10	BG	1035	1025	10	1/1/HKOOB37710032
50625	02/09/2026 20:20:59	CEDIS IDE QUILICURA	10032939	TEMUCO	Receptado	10344423	03/09/2026 11:10:10	P5T	19	19	0	1/1/HKOOB37710032
50628	02/09/2026 20:33:14	PLANTA IDEAL	10033115	CEDIS IDE QUILICURA	Receptado	10032939	02/09/2026 20:55:50	BG	1040	1040	0	50/50/CHKL478288
50628	02/09/2026 20:33:14	PLANTA IDEAL	10033115	CEDIS IDE QUILICURA	Receptado	10032939	02/09/2026 20:55:50	P5T	17	17	0	50/50/CHKL478288
50633	02/09/2026 20:53:54	QUILICURA	101196341	GRANDES CLIENTES	Receptado	101196341	02/09/2026 20:55:38	BG	3360	3360	0	0/0/0
50633	02/09/2026 20:53:54	QUILICURA	101196341	GRANDES CLIENTES	Receptado	101196341	02/09/2026 20:55:38	P5T	28	28	0	0/0/0
50635	02/09/2026 21:00:24	LO ESPEJO	10458156	PLANTA IDEAL	Receptado	10001082	03/09/2026 03:41:17	BG	1476	1476	0	IDEAL/IDEAL/IDEAL
50635	02/09/2026 21:00:24	LO ESPEJO	10458156	PLANTA IDEAL	Receptado	10001082	03/09/2026 03:41:17	P5T	5	5	0	IDEAL/IDEAL/IDEAL
50640	02/09/2026 21:08:55	CONCEPCION	10001288	PLANTA IDEAL	Receptado	10033115	03/09/2026 17:20:31	BG	1344	1344	0	DRVC67/JJ8241/10536256
50640	02/09/2026 21:08:55	CONCEPCION	10001288	PLANTA IDEAL	Receptado	10033115	03/09/2026 17:20:31	BCH	219	219	0	DRVC67/JJ8241/10536256
50640	02/09/2026 21:08:55	CONCEPCION	10001288	PLANTA IDEAL	Receptado	10033115	03/09/2026 17:20:31	P5T	15	15	0	DRVC67/JJ8241/10536256
50641	02/09/2026 21:51:32	PLANTA IDEAL	10033115	CEDIS IDE QUILICURA	Receptado	10032939	02/09/2026 22:44:59	BG	1104	1104	0	50/50/CHKL478219
50641	02/09/2026 21:51:32	PLANTA IDEAL	10033115	CEDIS IDE QUILICURA	Receptado	10032939	02/09/2026 22:44:59	P5T	19	19	0	50/50/CHKL478219
50646	02/09/2026 22:06:34	CEDIS IDE QUILICURA	10032939	GRANDES CLIENTES	Receptado	10001251	03/09/2026 02:49:09	BCH	1326	1326	0	1/1/CHKO384295
50646	02/09/2026 22:06:34	CEDIS IDE QUILICURA	10032939	GRANDES CLIENTES	Receptado	10001251	03/09/2026 02:49:09	BG	1118	1118	0	1/1/CHKO384295
50646	02/09/2026 22:06:34	CEDIS IDE QUILICURA	10032939	GRANDES CLIENTES	Receptado	10001251	03/09/2026 02:49:09	P5T	40	40	0	1/1/CHKO384295
50647	02/09/2026 22:18:02	CEDIS IDE QUILICURA	10032939	LA SERENA	Receptado	10444394	03/09/2026 08:59:21	BCH	76	76	0	1/1/HKOOB37710034
50647	02/09/2026 22:18:02	CEDIS IDE QUILICURA	10032939	LA SERENA	Receptado	10444394	03/09/2026 08:59:21	BG	933	933	0	1/1/HKOOB37710034
50647	02/09/2026 22:18:02	CEDIS IDE QUILICURA	10032939	LA SERENA	Receptado	10444394	03/09/2026 08:59:21	P5T	21	21	0	1/1/HKOOB37710034
50648	02/09/2026 22:25:31	CEDIS IDE QUILICURA	10032939	CONCEPCION	Receptado	10001026	03/09/2026 08:49:49	BCH	232	232	0	1/1/HKOOB37710038
50648	02/09/2026 22:25:31	CEDIS IDE QUILICURA	10032939	CONCEPCION	Receptado	10001026	03/09/2026 08:49:49	BG	1338	1338	0	1/1/HKOOB37710038
50648	02/09/2026 22:25:31	CEDIS IDE QUILICURA	10032939	CONCEPCION	Receptado	10001026	03/09/2026 08:49:49	P5T	28	28	0	1/1/HKOOB37710038
50649	02/09/2026 22:00:10	PLANTA IDEAL	10033115	CEDIS IDE QUILICURA	Cancelado			BG	388	0	388	50/50/CHKL478310
50649	02/09/2026 22:00:10	PLANTA IDEAL	10033115	CEDIS IDE QUILICURA	Cancelado			P5T	22	0	22	50/50/CHKL478310
50649	02/09/2026 22:00:10	PLANTA IDEAL	10033115	CEDIS IDE QUILICURA	Cancelado			BCH	700	0	700	50/50/CHKL478310
50652	02/09/2026 22:34:51	CEDIS IDE QUILICURA	10032939	CHILLAN	Receptado	10301699	03/09/2026 08:05:01	BG	1065	1100	-35	1/1/CHKO384168
50652	02/09/2026 22:34:51	CEDIS IDE QUILICURA	10032939	CHILLAN	Receptado	10301699	03/09/2026 08:05:01	P5T	15	15	0	1/1/CHKO384168
50665	03/09/2026 01:07:08	PLANTA IDEAL	10001082	CEDIS IDE QUILICURA	Receptado	10001100	03/09/2026 06:55:10	BCH	400	400	0	1/1/CHKL478326
50665	03/09/2026 01:07:08	PLANTA IDEAL	10001082	CEDIS IDE QUILICURA	Receptado	10001100	03/09/2026 06:55:10	BG	774	774	0	1/1/CHKL478326
50665	03/09/2026 01:07:08	PLANTA IDEAL	10001082	CEDIS IDE QUILICURA	Receptado	10001100	03/09/2026 06:55:10	P5T	17	17	0	1/1/CHKL478326
50669	03/09/2026 02:21:55	CEDIS IDE QUILICURA	10001100	PLANTA CHILLAN	Receptado	10000416	03/09/2026 17:01:11	P5T	3	3	0	1/1/1
50670	03/09/2026 02:29:38	PLANTA IDEAL	10001082	CEDIS IDE QUILICURA	Receptado	10001100	03/09/2026 06:56:05	BG	1157	1157	0	1/1/CHKL478290
50670	03/09/2026 02:29:38	PLANTA IDEAL	10001082	CEDIS IDE QUILICURA	Receptado	10001100	03/09/2026 06:56:05	P5T	20	20	0	1/1/CHKL478290
50672	03/09/2026 03:06:30	CEDIS IDE QUILICURA	10001100	LO ESPEJO	Receptado	10461749	04/09/2026 05:08:45	BG	804	804	0	1/1/HKOOB37720967
50672	03/09/2026 03:06:30	CEDIS IDE QUILICURA	10001100	LO ESPEJO	Receptado	10461749	04/09/2026 05:08:45	P5T	16	16	0	1/1/HKOOB37720967
50673	03/09/2026 03:14:19	PLANTA IDEAL	10001082	CEDIS IDE QUILICURA	Receptado	10001100	03/09/2026 06:56:35	BG	1286	1286	0	1/1/CHKL478315
50673	03/09/2026 03:14:19	PLANTA IDEAL	10001082	CEDIS IDE QUILICURA	Receptado	10001100	03/09/2026 06:56:35	P5T	21	21	0	1/1/CHKL478315
50674	03/09/2026 03:45:14	CEDIS IDE QUILICURA	10001100	LO ESPEJO	Receptado	10461749	04/09/2026 05:09:04	BG	425	425	0	1/1/HKOOB37720968
50674	03/09/2026 03:45:14	CEDIS IDE QUILICURA	10001100	LO ESPEJO	Receptado	10461749	04/09/2026 05:09:04	P5T	9	9	0	1/1/HKOOB37720968
50675	03/09/2026 03:53:10	CEDIS IDE QUILICURA	10001100	GRANDES CLIENTES	Receptado	10119634	03/09/2026 16:31:25	BG	105	105	0	1/1/1
50675	03/09/2026 03:53:10	CEDIS IDE QUILICURA	10001100	GRANDES CLIENTES	Receptado	10119634	03/09/2026 16:31:25	P5T	2	2	0	1/1/1
50681	03/09/2026 04:46:38	VIÑA DEL MAR	10001291	PLANTA IDEAL	Receptado	10000427	03/09/2026 10:24:40	BG	1200	1200	0	ST JR-25/IDEAL/10536266
50681	03/09/2026 04:46:38	VIÑA DEL MAR	10001291	PLANTA IDEAL	Receptado	10000427	03/09/2026 10:24:40	P5T	10	10	0	ST JR-25/IDEAL/10536266
50682	03/09/2026 04:49:06	VIÑA DEL MAR	10001291	ECCOFEED SPA	Receptado	10005088	04/09/2026 20:24:25	BG	255	255	0	STPH-25/IDEAL/12410868-67
50682	03/09/2026 04:49:06	VIÑA DEL MAR	10001291	ECCOFEED SPA	Receptado	10005088	04/09/2026 20:24:25	P5T	4	4	0	STPH-25/IDEAL/12410868-67
50684	03/09/2026 05:19:19	CEDIS IDE QUILICURA	10001100	LOS ANDES	Receptado	10486010	03/09/2026 08:46:10	BCH	52	52	0	1/1/HKOOB37720956
50684	03/09/2026 05:19:19	CEDIS IDE QUILICURA	10001100	LOS ANDES	Receptado	10486010	03/09/2026 08:46:10	BG	360	332	28	1/1/HKOOB37720956
50684	03/09/2026 05:19:19	CEDIS IDE QUILICURA	10001100	LOS ANDES	Receptado	10486010	03/09/2026 08:46:10	P5T	8	8	0	1/1/HKOOB37720956
50685	03/09/2026 05:27:43	CEDIS IDE QUILICURA	10001100	LA SERENA	Receptado	10444394	04/09/2026 08:55:21	BCH	111	111	0	1/1/HKOOB37720983
50685	03/09/2026 05:27:43	CEDIS IDE QUILICURA	10001100	LA SERENA	Receptado	10444394	04/09/2026 08:55:21	BG	1114	1114	0	1/1/HKOOB37720983
50685	03/09/2026 05:27:43	CEDIS IDE QUILICURA	10001100	LA SERENA	Receptado	10444394	04/09/2026 08:55:21	P5T	21	21	0	1/1/HKOOB37720983
50691	03/09/2026 06:28:29	CEDIS IDE QUILICURA	10001100	QUILICURA	Receptado	10397048	03/09/2026 09:58:15	BG	1821	1821	0	1/1/1
50341	31/08/2026 22:49:51	PLANTA IDEAL	10001082	CEDIS IDE QUILICURA	Receptado	10033023	01/09/2026 09:03:19	BG	1272	1272	0	1/1/1
50341	31/08/2026 22:49:51	PLANTA IDEAL	10001082	CEDIS IDE QUILICURA	Receptado	10033023	01/09/2026 09:03:19	P5T	20	20	0	1/1/1
50539	02/09/2026 06:30:07	CEDIS IDE QUILICURA	10001100	PUERTO MONTT	Receptado	10001696	03/09/2026 10:49:33	BG	428	428	0	1/1/HKOOB37710058
50539	02/09/2026 06:30:07	CEDIS IDE QUILICURA	10001100	PUERTO MONTT	Receptado	10001696	03/09/2026 10:49:33	P5T	7	7	0	1/1/HKOOB37710058
50619	02/09/2026 18:27:23	ANTOFAGASTA	10299402	PLANTA IDEAL	Receptado	10001082	03/09/2026 23:55:56	BG	1772	1892	-120	PSLY22/HGKY40/10536249
50619	02/09/2026 18:27:23	ANTOFAGASTA	10299402	PLANTA IDEAL	Receptado	10001082	03/09/2026 23:55:56	P5T	35	34	1	PSLY22/HGKY40/10536249
50619	02/09/2026 18:27:23	ANTOFAGASTA	10299402	PLANTA IDEAL	Receptado	10001082	03/09/2026 23:55:56	BCH	79	80	-1	PSLY22/HGKY40/10536249
50623	02/09/2026 19:17:20	CEDIS IDE QUILICURA	10032939	LO ESPEJO	Receptado	10461749	03/09/2026 01:04:21	BG	1140	1140	0	1/1/HKOOB37713349
50623	02/09/2026 19:17:20	CEDIS IDE QUILICURA	10032939	LO ESPEJO	Receptado	10461749	03/09/2026 01:04:21	P5T	17	17	0	1/1/HKOOB37713349
50624	02/09/2026 19:26:02	LO ESPEJO	10458156	PLANTA IDEAL	Receptado	10033115	02/09/2026 21:49:20	BG	1680	1680	0	IDEAL/IDEAL/10536251
50624	02/09/2026 19:26:02	LO ESPEJO	10458156	PLANTA IDEAL	Receptado	10033115	02/09/2026 21:49:20	P5T	18	18	0	IDEAL/IDEAL/10536251
50629	02/09/2026 20:36:05	GRANDES CLIENTES	10001302	PLANTA IDEAL	Receptado	10001082	03/09/2026 03:41:31	BCH	151	151	0	NO APLICA/NO APLICA/NO APLICA
50629	02/09/2026 20:36:05	GRANDES CLIENTES	10001302	PLANTA IDEAL	Receptado	10001082	03/09/2026 03:41:31	BG	1851	1851	0	NO APLICA/NO APLICA/NO APLICA
50629	02/09/2026 20:36:05	GRANDES CLIENTES	10001302	PLANTA IDEAL	Receptado	10001082	03/09/2026 03:41:31	P5T	13	13	0	NO APLICA/NO APLICA/NO APLICA
50644	02/09/2026 21:57:01	PLANTA IDEAL	10033115	CEDIS IDE QUILICURA	Receptado	10032939	02/09/2026 22:46:39	BG	352	352	0	50/50/CHKL478308
50644	02/09/2026 21:57:01	PLANTA IDEAL	10033115	CEDIS IDE QUILICURA	Receptado	10032939	02/09/2026 22:46:39	P5T	18	18	0	50/50/CHKL478308
50644	02/09/2026 21:57:01	PLANTA IDEAL	10033115	CEDIS IDE QUILICURA	Receptado	10032939	02/09/2026 22:46:39	BCH	1200	1200	0	50/50/CHKL478308
51015	05/09/2026 13:12:09	CEDIS IDE QUILICURA	10032939	LA SERENA	Pendiente			BCH	177	0	177	1/1/HKOOB37731248
51015	05/09/2026 13:12:09	CEDIS IDE QUILICURA	10032939	LA SERENA	Pendiente			BG	1377	0	1377	1/1/HKOOB37731248
51015	05/09/2026 13:12:09	CEDIS IDE QUILICURA	10032939	LA SERENA	Pendiente			P5T	27	0	27	1/1/HKOOB37731248
51016	05/09/2026 13:50:30	GRANDES CLIENTES	10000772	PLANTA IDEAL	Receptado	10033115	05/09/2026 20:03:07	P5T	37	37	0	PWVW35/PWVW35/10536432
51018	05/09/2026 14:17:33	CEDIS IDE QUILICURA	10032939	LO ESPEJO	Receptado	10458156	05/09/2026 19:02:41	BG	709	709	0	1/1/HKOOB37731254
51018	05/09/2026 14:17:33	CEDIS IDE QUILICURA	10032939	LO ESPEJO	Receptado	10458156	05/09/2026 19:02:41	P5T	15	15	0	1/1/HKOOB37731254
51130	07/09/2026 14:03:57	SALON CEDIS	10000848-1	QUILICURA	Receptado	101196341	07/09/2026 18:32:44	BG	44	44	0	0/0/0
51133	07/09/2026 15:03:05	PLANTA IDEAL	10001082	CEDIS IDE QUILICURA	Receptado	10161182	07/09/2026 16:02:42	BG	423	423	0	1/1/CHKL478589
51133	07/09/2026 15:03:05	PLANTA IDEAL	10001082	CEDIS IDE QUILICURA	Receptado	10161182	07/09/2026 16:02:42	P5T	12	12	0	1/1/CHKL478589
51141	07/09/2026 16:31:37	PLANTA IDEAL	10001082	CEDIS IDE QUILICURA	Receptado	10161182	07/09/2026 17:46:31	BG	556	556	0	1/1/CHKL478590
51141	07/09/2026 16:31:37	PLANTA IDEAL	10001082	CEDIS IDE QUILICURA	Receptado	10161182	07/09/2026 17:46:31	P5T	15	15	0	1/1/CHKL478590
50132	29/08/2026 07:20:16	TALCA	10000096	ECCOFEED SPA	Receptado	10005088	04/09/2026 19:55:00	BG	216	216	0	PJJV 11/PWXK 75/0
50132	29/08/2026 07:20:16	TALCA	10000096	ECCOFEED SPA	Receptado	10005088	04/09/2026 19:55:00	P5T	4	4	0	PJJV 11/PWXK 75/0
50242	31/08/2026 08:07:39	LO ESPEJO	10138605	PLANTA IDEAL	Receptado	10000427	31/08/2026 12:07:46	BG	504	410	94	PLANTA IDEAL/PLANTA IDEAL/10536031
50242	31/08/2026 08:07:39	LO ESPEJO	10138605	PLANTA IDEAL	Receptado	10000427	31/08/2026 12:07:46	P5T	57	45	12	PLANTA IDEAL/PLANTA IDEAL/10536031
50244	31/08/2026 08:11:36	SAN FERNANDO	10005088	ECCOFEED SPA	Receptado	10487508	02/09/2026 10:16:39	BG	199	199	0	shdt82/jj9817/5392640
50244	31/08/2026 08:11:36	SAN FERNANDO	10005088	ECCOFEED SPA	Receptado	10487508	02/09/2026 10:16:39	P5T	4	4	0	shdt82/jj9817/5392640
50249	31/08/2026 08:54:39	PLANTA IDEAL	10000427	CEDIS IDE QUILICURA	Receptado	10033023	31/08/2026 09:20:11	BG	1236	1236	0	FYLB 83/KYLZ 25/CHKL478069
50249	31/08/2026 08:54:39	PLANTA IDEAL	10000427	CEDIS IDE QUILICURA	Receptado	10033023	31/08/2026 09:20:11	P5T	22	22	0	FYLB 83/KYLZ 25/CHKL478069
50253	31/08/2026 09:32:55	CEDIS IDE QUILICURA	10033023	PUERTO MONTT	Receptado	10001696	01/09/2026 11:03:24	BG	580	580	0	PFBS16/KYLG77/HKOOB37693515
50253	31/08/2026 09:32:55	CEDIS IDE QUILICURA	10033023	PUERTO MONTT	Receptado	10001696	01/09/2026 11:03:24	P5T	10	10	0	PFBS16/KYLG77/HKOOB37693515
50286	31/08/2026 12:39:35	CEDIS IDE QUILICURA	10033023	EL PINAR	Receptado	10300015	01/09/2026 11:45:55	BG	715	715	0	STJR25/JG5630/HKOOB37693512
50286	31/08/2026 12:39:35	CEDIS IDE QUILICURA	10033023	EL PINAR	Receptado	10300015	01/09/2026 11:45:55	P5T	10	10	0	STJR25/JG5630/HKOOB37693512
50298	31/08/2026 13:12:29	GRANDES CLIENTES	10001302	PLANTA IDEAL	Receptado	10033115	31/08/2026 21:02:59	BCH	800	800	0	KYPH95/KYPH95/10536066
50298	31/08/2026 13:12:29	GRANDES CLIENTES	10001302	PLANTA IDEAL	Receptado	10033115	31/08/2026 21:02:59	BG	840	840	0	KYPH95/KYPH95/10536066
50298	31/08/2026 13:12:29	GRANDES CLIENTES	10001302	PLANTA IDEAL	Receptado	10033115	31/08/2026 21:02:59	P5T	14	14	0	KYPH95/KYPH95/10536066
50319	31/08/2026 19:03:52	CEDIS IDE QUILICURA	10000798	TALCA	Receptado	10000096	01/09/2026 13:17:56	BCH	31	19	12	PJW11/KYRC26/HKOOB37693499
50319	31/08/2026 19:03:52	CEDIS IDE QUILICURA	10000798	TALCA	Receptado	10000096	01/09/2026 13:17:56	BG	867	812	55	PJW11/KYRC26/HKOOB37693499
50319	31/08/2026 19:03:52	CEDIS IDE QUILICURA	10000798	TALCA	Receptado	10000096	01/09/2026 13:17:56	P5T	18	18	0	PJW11/KYRC26/HKOOB37693499
50322	31/08/2026 20:02:39	PLANTA CHILLAN	10000416	CEDIS IDE QUILICURA	Receptado	10001100	01/09/2026 02:36:49	BG	1440	1440	0	CGHG65/JH5760/CGAX00043902
50322	31/08/2026 20:02:39	PLANTA CHILLAN	10000416	CEDIS IDE QUILICURA	Receptado	10001100	01/09/2026 02:36:49	P5T	24	24	0	CGHG65/JH5760/CGAX00043902
50552	02/09/2026 08:03:22	TEMUCO	10344423	PLANTA CHILLAN	Receptado	10000416	02/09/2026 13:35:33	BCH	183	183	0	PSLY27 /PWZP19 /10536208
50552	02/09/2026 08:03:22	TEMUCO	10344423	PLANTA CHILLAN	Receptado	10000416	02/09/2026 13:35:33	BG	1867	1827	40	PSLY27 /PWZP19 /10536208
50552	02/09/2026 08:03:22	TEMUCO	10344423	PLANTA CHILLAN	Receptado	10000416	02/09/2026 13:35:33	P5T	42	42	0	PSLY27 /PWZP19 /10536208
50575	02/09/2026 10:31:56	PLANTA IDEAL	10000427	CEDIS IDE QUILICURA	Receptado	10033023	02/09/2026 11:52:38	BG	1059	1059	0	FYLB 83/KYLZ 25/CHKL478144
50575	02/09/2026 10:31:56	PLANTA IDEAL	10000427	CEDIS IDE QUILICURA	Receptado	10033023	02/09/2026 11:52:38	P5T	20	20	0	FYLB 83/KYLZ 25/CHKL478144
50637	02/09/2026 21:13:51	LO ESPEJO	10458156	ECCOFEED SPA	Receptado	10005088	04/09/2026 19:51:40	BG	441	441	0	IDEAL/IDEAL/IDEAL
50637	02/09/2026 21:13:51	LO ESPEJO	10458156	ECCOFEED SPA	Receptado	10005088	04/09/2026 19:51:40	P5T	8	8	0	IDEAL/IDEAL/IDEAL
50642	02/09/2026 21:53:43	PLANTA IDEAL	10033115	CEDIS IDE QUILICURA	Receptado	10032939	02/09/2026 22:45:36	BG	770	770	0	50/50/CHKL478220
50642	02/09/2026 21:53:43	PLANTA IDEAL	10033115	CEDIS IDE QUILICURA	Receptado	10032939	02/09/2026 22:45:36	P5T	13	13	0	50/50/CHKL478220
50678	03/09/2026 04:25:41	CEDIS IDE QUILICURA	10001100	VIÑA DEL MAR	Receptado	10391451	04/09/2026 08:55:10	BG	479	479	0	1/1/HKOOB37713342
50678	03/09/2026 04:25:41	CEDIS IDE QUILICURA	10001100	VIÑA DEL MAR	Receptado	10391451	04/09/2026 08:55:10	P5T	12	12	0	1/1/HKOOB37713342
50679	03/09/2026 04:43:33	CEDIS IDE QUILICURA	10001100	MELIPILLA	Receptado	10291937	03/09/2026 09:11:07	BCH	21	10	11	1/1/HKOOB37720986
50679	03/09/2026 04:43:33	CEDIS IDE QUILICURA	10001100	MELIPILLA	Receptado	10291937	03/09/2026 09:11:07	BG	609	553	56	1/1/HKOOB37720986
50679	03/09/2026 04:43:33	CEDIS IDE QUILICURA	10001100	MELIPILLA	Receptado	10291937	03/09/2026 09:11:07	P5T	12	13	-1	1/1/HKOOB37720986
50680	03/09/2026 04:44:22	CEDIS IDE QUILICURA	10001100	LO ESPEJO	Receptado	10461749	04/09/2026 05:09:20	BG	675	675	0	1/1/HKOOB37720969
50680	03/09/2026 04:44:22	CEDIS IDE QUILICURA	10001100	LO ESPEJO	Receptado	10461749	04/09/2026 05:09:20	P5T	11	11	0	1/1/HKOOB37720969
50683	03/09/2026 05:19:14	PLANTA IDEAL	10001082	CEDIS IDE QUILICURA	Receptado	10001100	03/09/2026 06:57:09	BG	1284	1284	0	1/1/CHKL478221
50683	03/09/2026 05:19:14	PLANTA IDEAL	10001082	CEDIS IDE QUILICURA	Receptado	10001100	03/09/2026 06:57:09	P5T	22	22	0	1/1/CHKL478221
50691	03/09/2026 06:28:29	CEDIS IDE QUILICURA	10001100	QUILICURA	Receptado	10397048	03/09/2026 09:58:15	P5T	33	33	0	1/1/1
50693	03/09/2026 06:37:37	OSORNO	10001704	ECCOFEED SPA	Receptado	10487508	06/09/2026 10:42:11	BG	223	223	0	PSLY20 /PWZH30/0
50693	03/09/2026 06:37:37	OSORNO	10001704	ECCOFEED SPA	Receptado	10487508	06/09/2026 10:42:11	P5T	4	4	0	PSLY20 /PWZH30/0
50697	03/09/2026 07:13:06	MELIPILLA	10291937	PLANTA IDEAL	Receptado	10033115	03/09/2026 17:16:40	BCH	10	10	0	DRJD68/-/10536259
50697	03/09/2026 07:13:06	MELIPILLA	10291937	PLANTA IDEAL	Receptado	10033115	03/09/2026 17:16:40	BG	969	969	0	DRJD68/-/10536259
50697	03/09/2026 07:13:06	MELIPILLA	10291937	PLANTA IDEAL	Receptado	10033115	03/09/2026 17:16:40	P5T	11	11	0	DRJD68/-/10536259
50699	03/09/2026 07:21:08	TALCA	10000096	PLANTA IDEAL	Receptado	10033115	03/09/2026 17:17:14	BG	1200	1200	0	PFBS 165/KYLG 77/0
50699	03/09/2026 07:21:08	TALCA	10000096	PLANTA IDEAL	Receptado	10033115	03/09/2026 17:17:14	P5T	15	15	0	PFBS 165/KYLG 77/0
50700	03/09/2026 07:19:22	LOS ANDES	10486010	ECCOFEED SPA	Receptado	10487508	05/09/2026 11:43:08	BG	209	209	0	KDKD-30/KDKD-30/11737863
50700	03/09/2026 07:19:22	LOS ANDES	10486010	ECCOFEED SPA	Receptado	10487508	05/09/2026 11:43:08	P5T	4	4	0	KDKD-30/KDKD-30/11737863
50701	03/09/2026 07:39:41	VALDIVIA	10421004	PLANTA CHILLAN	Receptado	10000416	03/09/2026 17:05:43	BG	1200	1200	0	LCTB56/PTYJ57/0
50701	03/09/2026 07:39:41	VALDIVIA	10421004	PLANTA CHILLAN	Receptado	10000416	03/09/2026 17:05:43	P5T	14	14	0	LCTB56/PTYJ57/0
50704	03/09/2026 07:54:06	CHILLAN	10301699	ECCOFEED SPA	Receptado	10487508	05/09/2026 11:50:35	BG	100	100	0	PGKD18/PWZP17/10536253
50704	03/09/2026 07:54:06	CHILLAN	10301699	ECCOFEED SPA	Receptado	10487508	05/09/2026 11:50:35	P5T	2	2	0	PGKD18/PWZP17/10536253
50705	03/09/2026 07:50:33	TEMUCO	10344423	ECCOFEED SPA	Receptado	10487508	05/09/2026 11:53:37	BG	236	236	0	RFZY99 /PTYJ58 /10536273
50705	03/09/2026 07:50:33	TEMUCO	10344423	ECCOFEED SPA	Receptado	10487508	05/09/2026 11:53:37	P5T	4	4	0	RFZY99 /PTYJ58 /10536273
50712	03/09/2026 08:49:01	RANCAGUA	10000032	ECCOFEED SPA	Receptado	10487508	05/09/2026 11:47:12	BG	108	108	0	TVTD-89/KYPH-94/10536281
51024	05/09/2026 15:53:34	GRANDES CLIENTES	10000772	PLANTA IDEAL	Receptado	10033115	05/09/2026 20:00:04	BCH	145	145	0	PXJD32/PXJD32/10536440
51024	05/09/2026 15:53:34	GRANDES CLIENTES	10000772	PLANTA IDEAL	Receptado	10033115	05/09/2026 20:00:04	BG	1200	1200	0	PXJD32/PXJD32/10536440
51024	05/09/2026 15:53:34	GRANDES CLIENTES	10000772	PLANTA IDEAL	Receptado	10033115	05/09/2026 20:00:04	P5T	11	11	0	PXJD32/PXJD32/10536440
51029	05/09/2026 18:07:29	CEDIS IDE QUILICURA	10032939	ANTOFAGASTA	Pendiente			BCH	45	0	45	1/1/HKOOB37720973
51029	05/09/2026 18:07:29	CEDIS IDE QUILICURA	10032939	ANTOFAGASTA	Pendiente			BG	1295	0	1295	1/1/HKOOB37720973
51029	05/09/2026 18:07:29	CEDIS IDE QUILICURA	10032939	ANTOFAGASTA	Pendiente			P5T	24	0	24	1/1/HKOOB37720973
49898	27/08/2026 15:24:35	PLANTA CHILLAN	10000416	PLANTA IDEAL	Receptado	10033115	28/08/2026 03:35:42	BCH	160	160	0	PFBS12/PWZH30/10535849
49898	27/08/2026 15:24:35	PLANTA CHILLAN	10000416	PLANTA IDEAL	Receptado	10033115	28/08/2026 03:35:42	P5T	9	9	0	PFBS12/PWZH30/10535849
50279	31/08/2026 11:14:53	CEDIS IDE QUILICURA	10033023	QUILICURA	Receptado	101196341	31/08/2026 17:26:26	BG	356	356	0	,/,/CHKO384127
50279	31/08/2026 11:14:53	CEDIS IDE QUILICURA	10033023	QUILICURA	Receptado	101196341	31/08/2026 17:26:26	P5T	8	8	0	,/,/CHKO384127
50282	31/08/2026 11:53:40	PLANTA IDEAL	10000427	CEDIS IDE QUILICURA	Receptado	10033023	31/08/2026 12:22:29	BG	1237	1237	0	FYLB 83/KYLZ 25/CHKL478146
50282	31/08/2026 11:53:40	PLANTA IDEAL	10000427	CEDIS IDE QUILICURA	Receptado	10033023	31/08/2026 12:22:29	P5T	18	18	0	FYLB 83/KYLZ 25/CHKL478146
50284	31/08/2026 12:08:10	QUILICURA	10397048	PLANTA IDEAL	Receptado	10000427	31/08/2026 13:12:12	P5T	132	132	0	CASA/CASA/10536043
50292	31/08/2026 12:57:57	CEDIS IDE QUILICURA	10033023	ANTOFAGASTA	Receptado	10299402	01/09/2026 19:55:55	BG	864	864	0	VSDB-35/PXJK-76/HKOOB37693493
50292	31/08/2026 12:57:57	CEDIS IDE QUILICURA	10033023	ANTOFAGASTA	Receptado	10299402	01/09/2026 19:55:55	P5T	14	14	0	VSDB-35/PXJK-76/HKOOB37693493
50299	31/08/2026 13:36:36	CEDIS IDE QUILICURA	10033023	COPIAPO	Receptado	10405300	01/09/2026 09:22:55	BCH	57	57	0	LCTB56/PTYJ57/HKOOB37693521
50299	31/08/2026 13:36:36	CEDIS IDE QUILICURA	10033023	COPIAPO	Receptado	10405300	01/09/2026 09:22:55	BG	1077	1077	0	LCTB56/PTYJ57/HKOOB37693521
50299	31/08/2026 13:36:36	CEDIS IDE QUILICURA	10033023	COPIAPO	Receptado	10405300	01/09/2026 09:22:55	P5T	18	18	0	LCTB56/PTYJ57/HKOOB37693521
50320	31/08/2026 19:45:40	PLANTA IDEAL	10033115	CEDIS IDE QUILICURA	Receptado	10000798	31/08/2026 21:46:36	BG	840	840	0	50/50/CHKL478185
50320	31/08/2026 19:45:40	PLANTA IDEAL	10033115	CEDIS IDE QUILICURA	Receptado	10000798	31/08/2026 21:46:36	P5T	10	10	0	50/50/CHKL478185
50321	31/08/2026 19:48:38	PLANTA IDEAL	10033115	CEDIS IDE QUILICURA	Receptado	10000798	31/08/2026 21:46:51	BG	472	472	0	50/50/CHKL478186
50321	31/08/2026 19:48:38	PLANTA IDEAL	10033115	CEDIS IDE QUILICURA	Receptado	10000798	31/08/2026 21:46:51	P5T	3	3	0	50/50/CHKL478186
50327	31/08/2026 20:44:54	MELIPILLA	10469278	QUILICURA	Receptado	10001353	02/09/2026 15:44:14	BG	30	30	0	Quilicura/Quilicura/N°12666549
50327	31/08/2026 20:44:54	MELIPILLA	10469278	QUILICURA	Receptado	10001353	02/09/2026 15:44:14	P5T	1	1	0	Quilicura/Quilicura/N°12666549
50335	31/08/2026 22:09:03	LO ESPEJO	10458156	PLANTA IDEAL	Receptado	10487508	01/09/2026 09:01:53	BG	2874	2874	0	IDEAL/IDEAL/IDEAL
50335	31/08/2026 22:09:03	LO ESPEJO	10458156	PLANTA IDEAL	Receptado	10487508	01/09/2026 09:01:53	P5T	9	9	0	IDEAL/IDEAL/IDEAL
50338	31/08/2026 22:11:40	LO ESPEJO	10458156	PLANTA IDEAL	Receptado	10487508	01/09/2026 09:00:51	BG	2192	2192	0	IDEAL/IDEAL/IDEAL
50338	31/08/2026 22:11:40	LO ESPEJO	10458156	PLANTA IDEAL	Receptado	10487508	01/09/2026 09:00:51	P5T	11	11	0	IDEAL/IDEAL/IDEAL
50724	03/09/2026 09:45:30	PUERTO MONTT	10001696	PLANTA CHILLAN	Receptado	10000416	04/09/2026 09:23:00	BG	180	180	0	PJJV-29/KYLH-54/10536286
50724	03/09/2026 09:45:30	PUERTO MONTT	10001696	PLANTA CHILLAN	Receptado	10000416	04/09/2026 09:23:00	P5T	2	2	0	PJJV-29/KYLH-54/10536286
50734	03/09/2026 11:48:06	PLANTA IDEAL	10000427	CEDIS IDE QUILICURA	Receptado	10033023	03/09/2026 14:23:35	BG	966	966	0	FYLB 83/KYLZ 25/CHKL478347
50734	03/09/2026 11:48:06	PLANTA IDEAL	10000427	CEDIS IDE QUILICURA	Receptado	10033023	03/09/2026 14:23:35	P5T	17	17	0	FYLB 83/KYLZ 25/CHKL478347
50735	03/09/2026 11:49:23	PLANTA CHILLAN	10000416	CEDIS IDE QUILICURA	Receptado	10001100	04/09/2026 00:42:26	BG	1440	1440	0	GXVX73/PXHB97/CGAX00044002
50735	03/09/2026 11:49:23	PLANTA CHILLAN	10000416	CEDIS IDE QUILICURA	Receptado	10001100	04/09/2026 00:42:26	P5T	24	24	0	GXVX73/PXHB97/CGAX00044002
50885	04/09/2026 15:11:30	LA SERENA	10444394	ECCOFEED SPA	Receptado	10487508	06/09/2026 10:44:17	BG	184	184	0	VJWK65/PXKH33/11482250
50885	04/09/2026 15:11:30	LA SERENA	10444394	ECCOFEED SPA	Receptado	10487508	06/09/2026 10:44:17	P5T	4	4	0	VJWK65/PXKH33/11482250
50886	04/09/2026 15:10:46	CONCEPCION	10001288	PLANTA IDEAL	Receptado	10033115	07/09/2026 13:47:47	BG	1128	1128	0	RFZY99/PTYJ58/10536378
50886	04/09/2026 15:10:46	CONCEPCION	10001288	PLANTA IDEAL	Receptado	10033115	07/09/2026 13:47:47	P5T	72	72	0	RFZY99/PTYJ58/10536378
50895	04/09/2026 16:48:45	SAN FERNANDO	10004891	ECCOFEED SPA	Pendiente			BG	200	0	200	FHDT-82/JJ-4817/10536200
50895	04/09/2026 16:48:45	SAN FERNANDO	10004891	ECCOFEED SPA	Pendiente			P5T	4	0	4	FHDT-82/JJ-4817/10536200
50899	04/09/2026 18:17:05	PLANTA IDEAL	10033115	CEDIS IDE QUILICURA	Receptado	10032939	04/09/2026 18:25:34	BG	1312	1312	0	49/49/CHKL478445
50899	04/09/2026 18:17:05	PLANTA IDEAL	10033115	CEDIS IDE QUILICURA	Receptado	10032939	04/09/2026 18:25:34	P5T	16	16	0	49/49/CHKL478445
50902	04/09/2026 18:21:27	LO ESPEJO	10458156	PLANTA IDEAL	Receptado	10033115	04/09/2026 21:10:19	BG	1680	1680	0	IDEAL/IDEAL/IDEAL
50902	04/09/2026 18:21:27	LO ESPEJO	10458156	PLANTA IDEAL	Receptado	10033115	04/09/2026 21:10:19	P5T	20	20	0	IDEAL/IDEAL/IDEAL
50906	04/09/2026 18:26:12	PLANTA IDEAL	10033115	CEDIS IDE QUILICURA	Receptado	10032939	04/09/2026 20:11:15	BCH	1397	1397	0	50/50/CHKL478377
50906	04/09/2026 18:26:12	PLANTA IDEAL	10033115	CEDIS IDE QUILICURA	Receptado	10032939	04/09/2026 20:11:15	BG	480	480	0	50/50/CHKL478377
50906	04/09/2026 18:26:12	PLANTA IDEAL	10033115	CEDIS IDE QUILICURA	Receptado	10032939	04/09/2026 20:11:15	P5T	15	15	0	50/50/CHKL478377
51017	05/09/2026 13:51:13	CEDIS IDE QUILICURA	10032939	TEMUCO	Receptado	10344423	07/09/2026 08:31:02	BCH	48	48	0	1/1/HKOOB37731244
51017	05/09/2026 13:51:13	CEDIS IDE QUILICURA	10032939	TEMUCO	Receptado	10344423	07/09/2026 08:31:02	BG	1135	1135	0	1/1/HKOOB37731244
51017	05/09/2026 13:51:13	CEDIS IDE QUILICURA	10032939	TEMUCO	Receptado	10344423	07/09/2026 08:31:02	P5T	19	19	0	1/1/HKOOB37731244
51072	06/09/2026 09:56:23	QUILICURA	101196341	CEDIS IDE QUILICURA	Receptado	10001100	06/09/2026 15:29:05	BG	2400	2400	0	0/0/0
51072	06/09/2026 09:56:23	QUILICURA	101196341	CEDIS IDE QUILICURA	Receptado	10001100	06/09/2026 15:29:05	P5T	20	20	0	0/0/0
51087	07/09/2026 06:29:06	CHILLAN	10301699	PLANTA CHILLAN	Pendiente			BG	734	0	734	PSLY20/PWZH30/10536445
51087	07/09/2026 06:29:06	CHILLAN	10301699	PLANTA CHILLAN	Pendiente			P5T	21	0	21	PSLY20/PWZH30/10536445
51089	07/09/2026 06:32:02	MELIPILLA	10291937	PLANTA IDEAL	Receptado	10033115	07/09/2026 12:48:31	BG	176	176	0	STJR-25/-/10536447
51089	07/09/2026 06:32:02	MELIPILLA	10291937	PLANTA IDEAL	Receptado	10033115	07/09/2026 12:48:31	P5T	2	2	0	STJR-25/-/10536447
51091	07/09/2026 06:35:58	CONCEPCION	10001026	CEDIS IDE QUILICURA	Pendiente			BG	192	0	192	VJWL-64/PXKH-32/10536464
51091	07/09/2026 06:35:58	CONCEPCION	10001026	CEDIS IDE QUILICURA	Pendiente			P5T	3	0	3	VJWL-64/PXKH-32/10536464
51093	07/09/2026 07:13:04	CEDIS IDE QUILICURA	10032939	ANTOFAGASTA	Pendiente			BCH	62	0	62	1/1/HKOOB37737040
51093	07/09/2026 07:13:04	CEDIS IDE QUILICURA	10032939	ANTOFAGASTA	Pendiente			BG	226	0	226	1/1/HKOOB37737040
51093	07/09/2026 07:13:04	CEDIS IDE QUILICURA	10032939	ANTOFAGASTA	Pendiente			P5T	4	0	4	1/1/HKOOB37737040
51103	07/09/2026 08:35:46	VIÑA DEL MAR	10493513	PLANTA IDEAL	Pendiente			BG	960	0	960	hvjx52/jp3260/10536472
51103	07/09/2026 08:35:46	VIÑA DEL MAR	10493513	PLANTA IDEAL	Pendiente			P5T	26	0	26	hvjx52/jp3260/10536472
51105	07/09/2026 08:55:02	CEDIS IDE QUILICURA	10032939	PUERTO MONTT	Pendiente			BG	102	0	102	1/1/HKOOB37737028
51105	07/09/2026 08:55:02	CEDIS IDE QUILICURA	10032939	PUERTO MONTT	Pendiente			P5T	2	0	2	1/1/HKOOB37737028
51140	07/09/2026 16:06:30	IQUIQUE	10012419	PLANTA IDEAL	Pendiente			BG	1036	0	1036	LZR6-89/PXSF-27/10536495
51140	07/09/2026 16:06:30	IQUIQUE	10012419	PLANTA IDEAL	Pendiente			P5T	28	0	28	LZR6-89/PXSF-27/10536495
51034	05/09/2026 19:50:24	CEDIS IDE QUILICURA	10032939	ANTOFAGASTA	Receptado	10299402	07/09/2026 07:22:52	BCH	137	137	0	1/1/HKOOB37720974
51034	05/09/2026 19:50:24	CEDIS IDE QUILICURA	10032939	ANTOFAGASTA	Receptado	10299402	07/09/2026 07:22:52	BG	1161	1161	0	1/1/HKOOB37720974
51034	05/09/2026 19:50:24	CEDIS IDE QUILICURA	10032939	ANTOFAGASTA	Receptado	10299402	07/09/2026 07:22:52	P5T	21	21	0	1/1/HKOOB37720974
51035	05/09/2026 20:10:10	CEDIS IDE QUILICURA	10032939	TALCA	Receptado	10000096	07/09/2026 11:56:01	BCH	4	4	0	1/1/HKOOB37731247
51035	05/09/2026 20:10:10	CEDIS IDE QUILICURA	10032939	TALCA	Receptado	10000096	07/09/2026 11:56:01	BG	1467	1467	0	1/1/HKOOB37731247
51035	05/09/2026 20:10:10	CEDIS IDE QUILICURA	10032939	TALCA	Receptado	10000096	07/09/2026 11:56:01	P5T	24	24	0	1/1/HKOOB37731247
50712	03/09/2026 08:49:01	RANCAGUA	10000032	ECCOFEED SPA	Receptado	10487508	05/09/2026 11:47:12	P5T	2	2	0	TVTD-89/KYPH-94/10536281
50715	03/09/2026 09:17:10	EL PINAR	10300015	PLANTA IDEAL	Receptado	10000427	03/09/2026 11:57:35	BG	1120	1080	40	495/55/10536282
50715	03/09/2026 09:17:10	EL PINAR	10300015	PLANTA IDEAL	Receptado	10000427	03/09/2026 11:57:35	P5T	13	13	0	495/55/10536282
50716	03/09/2026 09:15:57	LOS ANDES	10486010	PLANTA IDEAL	Receptado	10000427	03/09/2026 10:49:42	BCH	100	100	0	KDKD-30/KDKD-30/10536283
50716	03/09/2026 09:15:57	LOS ANDES	10486010	PLANTA IDEAL	Receptado	10000427	03/09/2026 10:49:42	BG	1376	1120	256	KDKD-30/KDKD-30/10536283
50716	03/09/2026 09:15:57	LOS ANDES	10486010	PLANTA IDEAL	Receptado	10000427	03/09/2026 10:49:42	P5T	50	40	10	KDKD-30/KDKD-30/10536283
50717	03/09/2026 09:21:20	LOS ANGELES	172705782	PLANTA CHILLAN	Receptado	10000416	03/09/2026 12:38:32	BG	1152	1152	0	PJJV10/PXJF27/1
50717	03/09/2026 09:21:20	LOS ANGELES	172705782	PLANTA CHILLAN	Receptado	10000416	03/09/2026 12:38:32	P5T	15	15	0	PJJV10/PXJF27/1
50720	03/09/2026 09:25:56	IQUIQUE	10012419	ECCOFEED SPA	Receptado	10487508	05/09/2026 11:39:16	BG	176	176	0	PGBY-32/HGHF-99/8421244
50720	03/09/2026 09:25:56	IQUIQUE	10012419	ECCOFEED SPA	Receptado	10487508	05/09/2026 11:39:16	P5T	3	3	0	PGBY-32/HGHF-99/8421244
50721	03/09/2026 09:23:58	ECCOFEED SPA	10487508	PLANTA IDEAL	Receptado	10487508	03/09/2026 09:31:36	BG	2400	2400	0	0/0/0
50721	03/09/2026 09:23:58	ECCOFEED SPA	10487508	PLANTA IDEAL	Receptado	10487508	03/09/2026 09:31:36	P5T	145	145	0	0/0/0
50727	03/09/2026 09:50:24	IQUIQUE	10012419	PLANTA IDEAL	Receptado	10001082	05/09/2026 00:28:35	BG	1008	854	154	PGBY-32/HGKF-99/10536287
50727	03/09/2026 09:50:24	IQUIQUE	10012419	PLANTA IDEAL	Receptado	10001082	05/09/2026 00:28:35	P5T	26	26	0	PGBY-32/HGKF-99/10536287
50728	03/09/2026 10:05:07	CEDIS IDE QUILICURA	10033023	PLANTA IDEAL	Receptado	10000427	03/09/2026 11:52:02	BCH	151	100	51	,/,/,
50728	03/09/2026 10:05:07	CEDIS IDE QUILICURA	10033023	PLANTA IDEAL	Receptado	10000427	03/09/2026 11:52:02	BG	1250	1110	140	,/,/,
50728	03/09/2026 10:05:07	CEDIS IDE QUILICURA	10033023	PLANTA IDEAL	Receptado	10000427	03/09/2026 11:52:02	P5T	19	13	6	,/,/,
50733	03/09/2026 10:46:46	LA LIGUA	10005088	CEDIS IDE QUILICURA	Receptado	10033023	04/09/2026 07:11:07	BG	2368	2368	0	0/0/0
50733	03/09/2026 10:46:46	LA LIGUA	10005088	CEDIS IDE QUILICURA	Receptado	10033023	04/09/2026 07:11:07	P5T	15	15	0	0/0/0
50752	03/09/2026 16:05:10	CEDIS IDE QUILICURA	10033023	LO ESPEJO	Receptado	10461749	04/09/2026 05:11:08	BG	1024	1024	0	VRZL40/HXDF11/HKOOB37724593
50752	03/09/2026 16:05:10	CEDIS IDE QUILICURA	10033023	LO ESPEJO	Receptado	10461749	04/09/2026 05:11:08	P5T	15	15	0	VRZL40/HXDF11/HKOOB37724593
50770	03/09/2026 20:25:12	PLANTA IDEAL	10033115	CEDIS IDE QUILICURA	Receptado	10032939	03/09/2026 20:27:09	BG	1089	1089	0	49/49/CHKL478367
50770	03/09/2026 20:25:12	PLANTA IDEAL	10033115	CEDIS IDE QUILICURA	Receptado	10032939	03/09/2026 20:27:09	P5T	17	17	0	49/49/CHKL478367
50771	03/09/2026 20:26:16	GRANDES CLIENTES	10001302	ECCOFEED SPA	Receptado	10005088	04/09/2026 20:25:09	BG	90	90	0	NO APLICA/NO APLICA/13159431-32
50771	03/09/2026 20:26:16	GRANDES CLIENTES	10001302	ECCOFEED SPA	Receptado	10005088	04/09/2026 20:25:09	P5T	2	2	0	NO APLICA/NO APLICA/13159431-32
50774	03/09/2026 20:28:14	PLANTA IDEAL	10033115	CEDIS IDE QUILICURA	Receptado	10032939	03/09/2026 21:36:57	BG	1188	1188	0	49/49/CHKL478369
50774	03/09/2026 20:28:14	PLANTA IDEAL	10033115	CEDIS IDE QUILICURA	Receptado	10032939	03/09/2026 21:36:57	P5T	15	15	0	49/49/CHKL478369
50777	03/09/2026 20:31:33	PLANTA IDEAL	10033115	CEDIS IDE QUILICURA	Receptado	10032939	03/09/2026 21:37:22	BG	1304	1304	0	50/50/CHKL478296
50777	03/09/2026 20:31:33	PLANTA IDEAL	10033115	CEDIS IDE QUILICURA	Receptado	10032939	03/09/2026 21:37:22	P5T	15	15	0	50/50/CHKL478296
50779	03/09/2026 20:42:17	CEDIS IDE QUILICURA	10032939	SAN FERNANDO	Receptado	10004891	04/09/2026 16:44:05	BCH	68	68	0	1/1/HKOOB37720970
50779	03/09/2026 20:42:17	CEDIS IDE QUILICURA	10032939	SAN FERNANDO	Receptado	10004891	04/09/2026 16:44:05	BG	926	926	0	1/1/HKOOB37720970
50779	03/09/2026 20:42:17	CEDIS IDE QUILICURA	10032939	SAN FERNANDO	Receptado	10004891	04/09/2026 16:44:05	P5T	19	19	0	1/1/HKOOB37720970
50782	03/09/2026 21:07:19	CEDIS IDE QUILICURA	10032939	TALCA	Receptado	10000096	04/09/2026 10:24:31	BG	1179	1179	0	1/1/HKOOB37720971
50782	03/09/2026 21:07:19	CEDIS IDE QUILICURA	10032939	TALCA	Receptado	10000096	04/09/2026 10:24:31	P5T	24	24	0	1/1/HKOOB37720971
50784	03/09/2026 20:41:23	PLANTA IDEAL	10033115	CEDIS IDE QUILICURA	Receptado	10032939	03/09/2026 21:37:38	BG	1068	1068	0	50/50/CHKL478385
50784	03/09/2026 20:41:23	PLANTA IDEAL	10033115	CEDIS IDE QUILICURA	Receptado	10032939	03/09/2026 21:37:38	P5T	16	16	0	50/50/CHKL478385
50785	03/09/2026 21:17:52	PLANTA IDEAL	10033115	CEDIS IDE QUILICURA	Receptado	10032939	03/09/2026 21:37:51	BG	1320	1320	0	50/50/CHKL478317
50785	03/09/2026 21:17:52	PLANTA IDEAL	10033115	CEDIS IDE QUILICURA	Receptado	10032939	03/09/2026 21:37:51	P5T	16	16	0	50/50/CHKL478317
50788	03/09/2026 21:22:19	PLANTA IDEAL	10033115	CEDIS IDE QUILICURA	Receptado	10032939	03/09/2026 22:07:59	BG	638	638	0	50/50/CHKL478371
50788	03/09/2026 21:22:19	PLANTA IDEAL	10033115	CEDIS IDE QUILICURA	Receptado	10032939	03/09/2026 22:07:59	P5T	13	13	0	50/50/CHKL478371
50792	03/09/2026 21:54:09	LO ESPEJO	10458156	ECCOFEED SPA	Receptado	10487508	05/09/2026 11:43:41	BG	720	720	0	IDEAL/IDEAL/IDEAL
50792	03/09/2026 21:54:09	LO ESPEJO	10458156	ECCOFEED SPA	Receptado	10487508	05/09/2026 11:43:41	P5T	12	12	0	IDEAL/IDEAL/IDEAL
50795	03/09/2026 22:12:13	CEDIS IDE QUILICURA	10032939	GRANDES CLIENTES	Receptado	10001251	04/09/2026 02:30:11	BCH	642	642	0	1/1/CHKO384405
50795	03/09/2026 22:12:13	CEDIS IDE QUILICURA	10032939	GRANDES CLIENTES	Receptado	10001251	04/09/2026 02:30:11	BG	3886	3886	0	1/1/CHKO384405
50795	03/09/2026 22:12:13	CEDIS IDE QUILICURA	10032939	GRANDES CLIENTES	Receptado	10001251	04/09/2026 02:30:11	P5T	60	60	0	1/1/CHKO384405
51033	05/09/2026 19:42:12	CEDIS IDE QUILICURA	10032939	GRANDES CLIENTES	Receptado	10119634	06/09/2026 06:29:45	BCH	89	89	0	1/1/CHKO384477
51033	05/09/2026 19:42:12	CEDIS IDE QUILICURA	10032939	GRANDES CLIENTES	Receptado	10119634	06/09/2026 06:29:45	BG	1040	1040	0	1/1/CHKO384477
51033	05/09/2026 19:42:12	CEDIS IDE QUILICURA	10032939	GRANDES CLIENTES	Receptado	10119634	06/09/2026 06:29:45	P5T	20	20	0	1/1/CHKO384477
51036	05/09/2026 20:34:28	CEDIS IDE QUILICURA	10032939	PLANTA IDEAL	Receptado	10001082	06/09/2026 01:00:49	BCH	64	64	0	1/1/CEDIS A PLANTA
51036	05/09/2026 20:34:28	CEDIS IDE QUILICURA	10032939	PLANTA IDEAL	Receptado	10001082	06/09/2026 01:00:49	BG	1056	1056	0	1/1/CEDIS A PLANTA
51036	05/09/2026 20:34:28	CEDIS IDE QUILICURA	10032939	PLANTA IDEAL	Receptado	10001082	06/09/2026 01:00:49	P5T	20	20	0	1/1/CEDIS A PLANTA
51037	05/09/2026 20:40:34	CEDIS IDE QUILICURA	10032939	VIÑA DEL MAR	Receptado	10493513	07/09/2026 08:35:22	BG	1382	1382	0	1/1/HKOOB37726720
51037	05/09/2026 20:40:34	CEDIS IDE QUILICURA	10032939	VIÑA DEL MAR	Receptado	10493513	07/09/2026 08:35:22	P5T	18	18	0	1/1/HKOOB37726720
51038	05/09/2026 20:49:44	PLANTA IDEAL	10033115	CEDIS IDE QUILICURA	Receptado	10032939	05/09/2026 20:52:50	BCH	300	300	0	50/50/CHKL478507
51038	05/09/2026 20:49:44	PLANTA IDEAL	10033115	CEDIS IDE QUILICURA	Receptado	10032939	05/09/2026 20:52:50	BG	1180	1180	0	50/50/CHKL478507
51038	05/09/2026 20:49:44	PLANTA IDEAL	10033115	CEDIS IDE QUILICURA	Receptado	10032939	05/09/2026 20:52:50	P5T	22	22	0	50/50/CHKL478507
51039	05/09/2026 20:52:35	PLANTA IDEAL	10033115	CEDIS IDE QUILICURA	Receptado	10032939	05/09/2026 20:58:38	BG	1320	1320	0	50/50/CHKL478508
51039	05/09/2026 20:52:35	PLANTA IDEAL	10033115	CEDIS IDE QUILICURA	Receptado	10032939	05/09/2026 20:58:38	P5T	15	15	0	50/50/CHKL478508
51040	05/09/2026 20:54:38	PLANTA IDEAL	10033115	CEDIS IDE QUILICURA	Receptado	10032939	05/09/2026 20:58:53	BCH	100	100	0	50/50/CHKL478450
51040	05/09/2026 20:54:38	PLANTA IDEAL	10033115	CEDIS IDE QUILICURA	Receptado	10032939	05/09/2026 20:58:53	BG	1140	1140	0	50/50/CHKL478450
51040	05/09/2026 20:54:38	PLANTA IDEAL	10033115	CEDIS IDE QUILICURA	Receptado	10032939	05/09/2026 20:58:53	P5T	22	22	0	50/50/CHKL478450
49896	27/08/2026 14:40:20	CEDIS IDE QUILICURA	10033023	LO ESPEJO	Receptado	10461749	28/08/2026 01:52:19	BG	1171	1171	0	VRZL40/PXJD34/HKOOB37682199
49896	27/08/2026 14:40:20	CEDIS IDE QUILICURA	10033023	LO ESPEJO	Receptado	10461749	28/08/2026 01:52:19	P5T	20	20	0	VRZL40/PXJD34/HKOOB37682199
50620	02/09/2026 18:46:27	CEDIS IDE QUILICURA	10032939	LO ESPEJO	Receptado	10461749	03/09/2026 01:04:07	BG	960	960	0	1/1/HKOOB37713347
50620	02/09/2026 18:46:27	CEDIS IDE QUILICURA	10032939	LO ESPEJO	Receptado	10461749	03/09/2026 01:04:07	P5T	16	16	0	1/1/HKOOB37713347
50621	02/09/2026 18:57:59	CEDIS IDE QUILICURA	10032939	TALCA	Receptado	10000096	03/09/2026 14:01:47	BCH	48	48	0	1/1/HKOOB37710054
50621	02/09/2026 18:57:59	CEDIS IDE QUILICURA	10032939	TALCA	Receptado	10000096	03/09/2026 14:01:47	BG	1420	1420	0	1/1/HKOOB37710054
50621	02/09/2026 18:57:59	CEDIS IDE QUILICURA	10032939	TALCA	Receptado	10000096	03/09/2026 14:01:47	P5T	22	22	0	1/1/HKOOB37710054
50631	02/09/2026 20:44:13	GRANDES CLIENTES	10001302	ECCOFEED SPA	Receptado	10005088	04/09/2026 19:51:10	BG	189	189	0	NO APLICA/NO APLICA/13158980-81
50631	02/09/2026 20:44:13	GRANDES CLIENTES	10001302	ECCOFEED SPA	Receptado	10005088	04/09/2026 19:51:10	P5T	4	4	0	NO APLICA/NO APLICA/13158980-81
50651	02/09/2026 22:31:58	PLANTA IDEAL	10033115	CEDIS IDE QUILICURA	Receptado	10032939	02/09/2026 22:47:25	BG	732	732	0	50/50/CHKL478289
50651	02/09/2026 22:31:58	PLANTA IDEAL	10033115	CEDIS IDE QUILICURA	Receptado	10032939	02/09/2026 22:47:25	BCH	500	500	0	50/50/CHKL478289
50651	02/09/2026 22:31:58	PLANTA IDEAL	10033115	CEDIS IDE QUILICURA	Receptado	10032939	02/09/2026 22:47:25	P5T	19	19	0	50/50/CHKL478289
50659	02/09/2026 23:56:21	CEDIS IDE QUILICURA	10001100	LO ESPEJO	Receptado	10461749	03/09/2026 01:04:35	BG	948	948	0	1/1/HKOOB37713348
50659	02/09/2026 23:56:21	CEDIS IDE QUILICURA	10001100	LO ESPEJO	Receptado	10461749	03/09/2026 01:04:35	P5T	16	16	0	1/1/HKOOB37713348
49839	27/08/2026 06:43:02	OSORNO	10001704	ECCOFEED SPA	Receptado	10487508	02/09/2026 10:39:51	BG	204	204	0	:LTGY82 /PWZH34/0
49839	27/08/2026 06:43:02	OSORNO	10001704	ECCOFEED SPA	Receptado	10487508	02/09/2026 10:39:51	P5T	4	4	0	:LTGY82 /PWZH34/0
49840	27/08/2026 06:42:22	RANCAGUA	10000032	PLANTA IDEAL	Receptado	10001082	27/08/2026 10:31:38	BCH	93	97	-4	CZYT-30/JH-3200/10535796
49840	27/08/2026 06:42:22	RANCAGUA	10000032	PLANTA IDEAL	Receptado	10001082	27/08/2026 10:31:38	BG	1255	1295	-40	CZYT-30/JH-3200/10535796
49840	27/08/2026 06:42:22	RANCAGUA	10000032	PLANTA IDEAL	Receptado	10001082	27/08/2026 10:31:38	P5T	15	15	0	CZYT-30/JH-3200/10535796
50045	28/08/2026 15:01:56	GRANDES CLIENTES	10000772	PLANTA IDEAL	Receptado	10000427	28/08/2026 15:40:46	BCH	800	800	0	HXDF12/HXDF12/10535944
50045	28/08/2026 15:01:56	GRANDES CLIENTES	10000772	PLANTA IDEAL	Receptado	10000427	28/08/2026 15:40:46	BG	720	720	0	HXDF12/HXDF12/10535944
50045	28/08/2026 15:01:56	GRANDES CLIENTES	10000772	PLANTA IDEAL	Receptado	10000427	28/08/2026 15:40:46	P5T	42	42	0	HXDF12/HXDF12/10535944
50056	28/08/2026 16:35:06	PLANTA IDEAL	10000427	CEDIS IDE QUILICURA	Receptado	10033023	28/08/2026 16:52:22	BG	468	468	0	FYLB83/KYLZ 25/CHKL477821
50056	28/08/2026 16:35:06	PLANTA IDEAL	10000427	CEDIS IDE QUILICURA	Receptado	10033023	28/08/2026 16:52:22	P5T	10	10	0	FYLB83/KYLZ 25/CHKL477821
50057	28/08/2026 16:48:05	GRANDES CLIENTES	10001302	PLANTA IDEAL	Receptado	10000427	28/08/2026 19:18:48	BCH	200	200	0	JG4930/JG4930/10535950
50057	28/08/2026 16:48:05	GRANDES CLIENTES	10001302	PLANTA IDEAL	Receptado	10000427	28/08/2026 19:18:48	BG	1080	1080	0	JG4930/JG4930/10535950
50057	28/08/2026 16:48:05	GRANDES CLIENTES	10001302	PLANTA IDEAL	Receptado	10000427	28/08/2026 19:18:48	P5T	41	41	0	JG4930/JG4930/10535950
50119	29/08/2026 04:22:56	VIÑA DEL MAR	10450104	QUILICURA	Receptado	10397048	31/08/2026 09:07:29	P5T	1	1	0	VRLZ40/PXKD32/12407791
50120	29/08/2026 04:28:14	CEDIS IDE QUILICURA	10032939	LOS ANDES	Receptado	10486010	31/08/2026 07:59:21	BCH	29	29	0	1/1/HKOOB37691165
50120	29/08/2026 04:28:14	CEDIS IDE QUILICURA	10032939	LOS ANDES	Receptado	10486010	31/08/2026 07:59:21	BG	924	900	24	1/1/HKOOB37691165
50120	29/08/2026 04:28:14	CEDIS IDE QUILICURA	10032939	LOS ANDES	Receptado	10486010	31/08/2026 07:59:21	P5T	19	19	0	1/1/HKOOB37691165
50204	29/08/2026 23:45:15	CEDIS IDE QUILICURA	10032939	PLANTA IDEAL	Receptado	10033115	30/08/2026 03:48:50	BG	1127	1127	0	1/1/CEDIS A PLANTA
50204	29/08/2026 23:45:15	CEDIS IDE QUILICURA	10032939	PLANTA IDEAL	Receptado	10033115	30/08/2026 03:48:50	P5T	22	22	0	1/1/CEDIS A PLANTA
50205	30/08/2026 00:08:09	CEDIS IDE QUILICURA	10032939	MELIPILLA	Receptado	10291937	31/08/2026 11:38:08	BCH	26	27	-1	1/1/HKOOB37693508
50205	30/08/2026 00:08:09	CEDIS IDE QUILICURA	10032939	MELIPILLA	Receptado	10291937	31/08/2026 11:38:08	BG	1150	909	241	1/1/HKOOB37693508
50205	30/08/2026 00:08:09	CEDIS IDE QUILICURA	10032939	MELIPILLA	Receptado	10291937	31/08/2026 11:38:08	P5T	24	21	3	1/1/HKOOB37693508
50206	30/08/2026 00:25:49	CEDIS IDE QUILICURA	10032939	LOS ANDES	Receptado	10486010	31/08/2026 09:55:36	BCH	92	92	0	1/1/HKOOB37693550
50206	30/08/2026 00:25:49	CEDIS IDE QUILICURA	10032939	LOS ANDES	Receptado	10486010	31/08/2026 09:55:36	BG	1281	1274	7	1/1/HKOOB37693550
50206	30/08/2026 00:25:49	CEDIS IDE QUILICURA	10032939	LOS ANDES	Receptado	10486010	31/08/2026 09:55:36	P5T	20	20	0	1/1/HKOOB37693550
50207	30/08/2026 01:20:16	CEDIS IDE QUILICURA	10032939	RANCAGUA	Receptado	10000032	31/08/2026 09:33:53	BG	1154	1154	0	1/1/HKOOB37693502
50207	30/08/2026 01:20:16	CEDIS IDE QUILICURA	10032939	RANCAGUA	Receptado	10000032	31/08/2026 09:33:53	P5T	19	19	0	1/1/HKOOB37693502
50208	30/08/2026 01:36:13	CEDIS IDE QUILICURA	10032939	VIÑA DEL MAR	Receptado	10001841	31/08/2026 10:08:48	BG	1469	1470	-1	1/1/HKOOB37695367
50208	30/08/2026 01:36:13	CEDIS IDE QUILICURA	10032939	VIÑA DEL MAR	Receptado	10001841	31/08/2026 10:08:48	P5T	20	23	-3	1/1/HKOOB37695367
50243	31/08/2026 08:09:01	SAN FERNANDO	10005088	PLANTA IDEAL	Receptado	10000427	31/08/2026 14:35:03	BCH	53	53	0	SHDT82/JJ4817/10536033
50243	31/08/2026 08:09:01	SAN FERNANDO	10005088	PLANTA IDEAL	Receptado	10000427	31/08/2026 14:35:03	BG	1240	1240	0	SHDT82/JJ4817/10536033
50243	31/08/2026 08:09:01	SAN FERNANDO	10005088	PLANTA IDEAL	Receptado	10000427	31/08/2026 14:35:03	P5T	14	14	0	SHDT82/JJ4817/10536033
50245	31/08/2026 08:11:36	ECCOFEED SPA	10487508	PLANTA IDEAL	Receptado	10487508	31/08/2026 08:14:42	BG	5040	5040	0	0/0/0
50245	31/08/2026 08:11:36	ECCOFEED SPA	10487508	PLANTA IDEAL	Receptado	10487508	31/08/2026 08:14:42	P5T	42	42	0	0/0/0
50255	31/08/2026 09:50:12	PLANTA IDEAL	10000427	CEDIS IDE QUILICURA	Receptado	10033023	31/08/2026 10:40:34	BG	1164	1164	0	FYLB 83/KYLZ 25/CHKL478127
50255	31/08/2026 09:50:12	PLANTA IDEAL	10000427	CEDIS IDE QUILICURA	Receptado	10033023	31/08/2026 10:40:34	P5T	21	21	0	FYLB 83/KYLZ 25/CHKL478127
50258	31/08/2026 10:08:23	PUERTO MONTT	10001696	PLANTA CHILLAN	Receptado	10000416	01/09/2026 18:06:58	BCH	74	74	0	PSLY-27/PWZP-19/10536037
50258	31/08/2026 10:08:23	PUERTO MONTT	10001696	PLANTA CHILLAN	Receptado	10000416	01/09/2026 18:06:58	BG	1680	1680	0	PSLY-27/PWZP-19/10536037
50258	31/08/2026 10:08:23	PUERTO MONTT	10001696	PLANTA CHILLAN	Receptado	10000416	01/09/2026 18:06:58	P5T	19	19	0	PSLY-27/PWZP-19/10536037
50588	02/09/2026 12:45:30	PLANTA IDEAL	10000427	CEDIS IDE QUILICURA	Receptado	10033023	02/09/2026 13:19:33	BG	744	744	0	FYLB 83/KYLZ 25/CHKL478305
50588	02/09/2026 12:45:30	PLANTA IDEAL	10000427	CEDIS IDE QUILICURA	Receptado	10033023	02/09/2026 13:19:33	P5T	18	18	0	FYLB 83/KYLZ 25/CHKL478305
50662	03/09/2026 00:31:47	PLANTA IDEAL	10001082	CEDIS IDE QUILICURA	Receptado	10001100	03/09/2026 06:54:51	BCH	200	200	0	1/1/CHKL478312
50662	03/09/2026 00:31:47	PLANTA IDEAL	10001082	CEDIS IDE QUILICURA	Receptado	10001100	03/09/2026 06:54:51	BG	884	884	0	1/1/CHKL478312
50662	03/09/2026 00:31:47	PLANTA IDEAL	10001082	CEDIS IDE QUILICURA	Receptado	10001100	03/09/2026 06:54:51	P5T	18	18	0	1/1/CHKL478312
50663	03/09/2026 00:48:06	CEDIS IDE QUILICURA	10001100	VIÑA DEL MAR	Receptado	10391451	04/09/2026 08:54:53	BCH	480	480	0	1/1/HKOOB37713340
50663	03/09/2026 00:48:06	CEDIS IDE QUILICURA	10001100	VIÑA DEL MAR	Receptado	10391451	04/09/2026 08:54:53	BG	995	995	0	1/1/HKOOB37713340
50663	03/09/2026 00:48:06	CEDIS IDE QUILICURA	10001100	VIÑA DEL MAR	Receptado	10391451	04/09/2026 08:54:53	P5T	21	21	0	1/1/HKOOB37713340
50677	03/09/2026 03:53:11	PLANTA IDEAL	10001082	CEDIS IDE QUILICURA	Receptado	10001100	03/09/2026 06:56:52	BG	768	768	0	1/1/CHKL478291
50677	03/09/2026 03:53:11	PLANTA IDEAL	10001082	CEDIS IDE QUILICURA	Receptado	10001100	03/09/2026 06:56:52	P5T	18	18	0	1/1/CHKL478291
50810	04/09/2026 02:27:51	PLANTA IDEAL	10001082	CEDIS IDE QUILICURA	Receptado	10001100	04/09/2026 06:44:22	BG	1128	1128	0	1/1/CHKL478409
50810	04/09/2026 02:27:51	PLANTA IDEAL	10001082	CEDIS IDE QUILICURA	Receptado	10001100	04/09/2026 06:44:22	P5T	21	21	0	1/1/CHKL478409
50813	04/09/2026 02:36:38	CEDIS IDE QUILICURA	10001100	VIÑA DEL MAR	Receptado	10391451	04/09/2026 08:56:09	BG	214	147	67	1/1/HKOOB37726718
50813	04/09/2026 02:36:38	CEDIS IDE QUILICURA	10001100	VIÑA DEL MAR	Receptado	10391451	04/09/2026 08:56:09	P5T	5	5	0	1/1/HKOOB37726718
50818	04/09/2026 04:13:11	CEDIS IDE QUILICURA	10001100	ARICA	Receptado	10154469	07/09/2026 05:29:23	BCH	42	42	0	1/1/HKOOB37722856
50818	04/09/2026 04:13:11	CEDIS IDE QUILICURA	10001100	ARICA	Receptado	10154469	07/09/2026 05:29:23	BG	960	960	0	1/1/HKOOB37722856
49730	26/08/2026 11:04:28	CEDIS IDE QUILICURA	10001100	LO ESPEJO	Receptado	10461749	27/08/2026 04:15:20	BG	932	932	0	1/1/HKOOB37676188
49730	26/08/2026 11:04:28	CEDIS IDE QUILICURA	10001100	LO ESPEJO	Receptado	10461749	27/08/2026 04:15:20	P5T	15	15	0	1/1/HKOOB37676188
49731	26/08/2026 11:21:28	SALON QUILICURA	10000981	QUILICURA	Receptado	101196341	27/08/2026 18:18:05	BG	42	42	0	0/0/0
50818	04/09/2026 04:13:11	CEDIS IDE QUILICURA	10001100	ARICA	Receptado	10154469	07/09/2026 05:29:23	P5T	15	15	0	1/1/HKOOB37722856
50828	04/09/2026 06:10:06	CEDIS IDE QUILICURA	10001100	SALON EL CORTIJO	Receptado	10000989	04/09/2026 09:12:58	BG	20	20	0	1/1/1
50828	04/09/2026 06:10:06	CEDIS IDE QUILICURA	10001100	SALON EL CORTIJO	Receptado	10000989	04/09/2026 09:12:58	P5T	1	0	1	1/1/1
50857	04/09/2026 10:24:02	CEDIS IDE QUILICURA	10033023	LO ESPEJO	Receptado	10461749	05/09/2026 04:29:02	BG	1138	1138	0	VRZL40/PWVW35/HKOOB37726661
50857	04/09/2026 10:24:02	CEDIS IDE QUILICURA	10033023	LO ESPEJO	Receptado	10461749	05/09/2026 04:29:02	P5T	16	16	0	VRZL40/PWVW35/HKOOB37726661
50860	04/09/2026 10:47:51	PLANTA IDEAL	10000427	CEDIS IDE QUILICURA	Receptado	10033023	04/09/2026 13:32:35	BG	1240	1240	0	FYLB 83/KYLZ 25/CHKL478412
50860	04/09/2026 10:47:51	PLANTA IDEAL	10000427	CEDIS IDE QUILICURA	Receptado	10033023	04/09/2026 13:32:35	P5T	14	14	0	FYLB 83/KYLZ 25/CHKL478412
50866	04/09/2026 11:05:44	PLANTA CHILLAN	10000416	CEDIS IDE QUILICURA	Receptado	10001100	05/09/2026 03:39:16	BG	1440	1440	0	PFBS16/KYLG77/CGAX00044024
50866	04/09/2026 11:05:44	PLANTA CHILLAN	10000416	CEDIS IDE QUILICURA	Receptado	10001100	05/09/2026 03:39:16	P5T	24	24	0	PFBS16/KYLG77/CGAX00044024
50868	04/09/2026 11:23:10	LO ESPEJO	10429055	PLANTA IDEAL	Receptado	10033115	06/09/2026 10:24:12	P5T	120	120	0	499/54/10536367
50869	04/09/2026 11:52:29	PLANTA CHILLAN	10000416	CEDIS IDE QUILICURA	Receptado	10001100	05/09/2026 03:28:06	BG	1449	1449	0	LZRG89/PXJF27/CGAX00044025
50869	04/09/2026 11:52:29	PLANTA CHILLAN	10000416	CEDIS IDE QUILICURA	Receptado	10001100	05/09/2026 03:28:06	P5T	24	24	0	LZRG89/PXJF27/CGAX00044025
50872	04/09/2026 12:20:20	CEDIS IDE QUILICURA	10033023	LO ESPEJO	Receptado	10461749	05/09/2026 04:29:26	BG	622	622	0	VRZL40/HXDF11/HKOOB37726662
50872	04/09/2026 12:20:20	CEDIS IDE QUILICURA	10033023	LO ESPEJO	Receptado	10461749	05/09/2026 04:29:26	P5T	11	11	0	VRZL40/HXDF11/HKOOB37726662
50873	04/09/2026 12:23:39	SALON CEDIS	10000848-1	QUILICURA	Receptado	101196341	04/09/2026 18:45:07	BG	49	49	0	0/0/0
50874	04/09/2026 12:34:16	CEDIS IDE QUILICURA	10033023	VIÑA DEL MAR	Receptado	10000599	04/09/2026 20:49:26	BCH	10	10	0	VRZL40/KYPH94/HKOOB37726719
50874	04/09/2026 12:34:16	CEDIS IDE QUILICURA	10033023	VIÑA DEL MAR	Receptado	10000599	04/09/2026 20:49:26	BG	1369	1369	0	VRZL40/KYPH94/HKOOB37726719
50874	04/09/2026 12:34:16	CEDIS IDE QUILICURA	10033023	VIÑA DEL MAR	Receptado	10000599	04/09/2026 20:49:26	P5T	18	17	1	VRZL40/KYPH94/HKOOB37726719
50875	04/09/2026 12:41:00	PLANTA IDEAL	10000427	CEDIS IDE QUILICURA	Receptado	10033023	04/09/2026 13:31:31	BG	1221	1221	0	FYLB 83/KYLZ 2/CHKL478414
50875	04/09/2026 12:41:00	PLANTA IDEAL	10000427	CEDIS IDE QUILICURA	Receptado	10033023	04/09/2026 13:31:31	P5T	13	13	0	FYLB 83/KYLZ 2/CHKL478414
50876	04/09/2026 12:54:09	CEDIS IDE QUILICURA	10033023	TALCA	Receptado	10000096	05/09/2026 13:14:00	BCH	200	200	0	PSLY20/PWZH30/HKOOB37722845
50876	04/09/2026 12:54:09	CEDIS IDE QUILICURA	10033023	TALCA	Receptado	10000096	05/09/2026 13:14:00	BG	1126	1126	0	PSLY20/PWZH30/HKOOB37722845
50876	04/09/2026 12:54:09	CEDIS IDE QUILICURA	10033023	TALCA	Receptado	10000096	05/09/2026 13:14:00	P5T	18	18	0	PSLY20/PWZH30/HKOOB37722845
49718	26/08/2026 09:21:28	PUERTO MONTT	10001696	PLANTA CHILLAN	Receptado	10000416	28/08/2026 11:42:53	BG	1920	1730	190	LTGY-83/PWZP-18/10535747
49718	26/08/2026 09:21:28	PUERTO MONTT	10001696	PLANTA CHILLAN	Receptado	10000416	28/08/2026 11:42:53	P5T	20	20	0	LTGY-83/PWZP-18/10535747
49721	26/08/2026 09:34:46	PLANTA IDEAL	10001082	CEDIS IDE QUILICURA	Receptado	10001100	26/08/2026 12:55:16	BG	1236	1236	0	1/1/CHKL477661
49721	26/08/2026 09:34:46	PLANTA IDEAL	10001082	CEDIS IDE QUILICURA	Receptado	10001100	26/08/2026 12:55:16	P5T	20	20	0	1/1/CHKL477661
49723	26/08/2026 09:54:12	PLANTA CHILLAN	10000416	CEDIS IDE QUILICURA	Receptado	10033023	26/08/2026 21:09:37	BG	1440	1440	0	PGKD18/PWZP17/CGAX00043682
49723	26/08/2026 09:54:12	PLANTA CHILLAN	10000416	CEDIS IDE QUILICURA	Receptado	10033023	26/08/2026 21:09:37	P5T	24	24	0	PGKD18/PWZP17/CGAX00043682
49727	26/08/2026 10:35:24	CEDIS IDE QUILICURA	10001100	QUILICURA	Receptado	10397048	31/08/2026 08:49:18	BG	300	300	0	1/1/HKOOB37675850
49727	26/08/2026 10:35:24	CEDIS IDE QUILICURA	10001100	QUILICURA	Receptado	10397048	31/08/2026 08:49:18	P5T	5	0	5	1/1/HKOOB37675850
49732	26/08/2026 11:01:32	PLANTA IDEAL	10001082	CEDIS IDE QUILICURA	Receptado	10033023	26/08/2026 14:33:30	BG	836	836	0	1/1/CHKL477730
49732	26/08/2026 11:01:32	PLANTA IDEAL	10001082	CEDIS IDE QUILICURA	Receptado	10033023	26/08/2026 14:33:30	P5T	16	16	0	1/1/CHKL477730
49733	26/08/2026 11:25:04	PLANTA IDEAL	10001082	CEDIS IDE QUILICURA	Receptado	10033023	26/08/2026 14:33:16	BG	1176	1176	0	1/1/CHKL477732
49733	26/08/2026 11:25:04	PLANTA IDEAL	10001082	CEDIS IDE QUILICURA	Receptado	10033023	26/08/2026 14:33:16	P5T	18	18	0	1/1/CHKL477732
49737	26/08/2026 11:33:55	VIÑA DEL MAR	10001841	ECCOFEED SPA	Receptado	10487508	27/08/2026 10:12:10	BG	317	317	0	LWBV80/HXGP47/12405001/02/03 
49737	26/08/2026 11:33:55	VIÑA DEL MAR	10001841	ECCOFEED SPA	Receptado	10487508	27/08/2026 10:12:10	P5T	5	5	0	LWBV80/HXGP47/12405001/02/03 
50021	28/08/2026 11:22:04	CEDIS IDE QUILICURA	10001100	ARICA	Receptado	10154469	01/09/2026 01:17:40	BCH	36	36	0	1/1/HKOOB37685630
50021	28/08/2026 11:22:04	CEDIS IDE QUILICURA	10001100	ARICA	Receptado	10154469	01/09/2026 01:17:40	BG	527	527	0	1/1/HKOOB37685630
50021	28/08/2026 11:22:04	CEDIS IDE QUILICURA	10001100	ARICA	Receptado	10154469	01/09/2026 01:17:40	P5T	7	7	0	1/1/HKOOB37685630
50048	28/08/2026 15:09:17	VIÑA DEL MAR	10001291	PLANTA IDEAL	Receptado	10000427	28/08/2026 19:33:42	BCH	70	70	0	KDGT-92/64/10535945
50048	28/08/2026 15:09:17	VIÑA DEL MAR	10001291	PLANTA IDEAL	Receptado	10000427	28/08/2026 19:33:42	BG	930	930	0	KDGT-92/64/10535945
50048	28/08/2026 15:09:17	VIÑA DEL MAR	10001291	PLANTA IDEAL	Receptado	10000427	28/08/2026 19:33:42	P5T	35	35	0	KDGT-92/64/10535945
50055	28/08/2026 16:23:05	PLANTA CHILLAN	10000416	CEDIS IDE QUILICURA	Receptado	10161182	29/08/2026 11:54:40	BG	1440	1440	0	PSLY21/PTYJ58/CGAX00043822
50055	28/08/2026 16:23:05	PLANTA CHILLAN	10000416	CEDIS IDE QUILICURA	Receptado	10161182	29/08/2026 11:54:40	P5T	24	24	0	PSLY21/PTYJ58/CGAX00043822
50067	28/08/2026 18:47:11	PLANTA IDEAL	10000427	CEDIS IDE QUILICURA	Receptado	10033023	28/08/2026 19:02:42	BCH	73	73	0	ZDBLS 59/KYLZ 24/CHKL477822
50067	28/08/2026 18:47:11	PLANTA IDEAL	10000427	CEDIS IDE QUILICURA	Receptado	10033023	28/08/2026 19:02:42	BG	987	987	0	ZDBLS 59/KYLZ 24/CHKL477822
50067	28/08/2026 18:47:11	PLANTA IDEAL	10000427	CEDIS IDE QUILICURA	Receptado	10033023	28/08/2026 19:02:42	P5T	18	18	0	ZDBLS 59/KYLZ 24/CHKL477822
50068	28/08/2026 19:03:24	CEDIS IDE QUILICURA	10033023	EL PINAR	Receptado	10300015	29/08/2026 10:59:21	BG	746	746	0	VRZL40/JG5632/HKOOB37685602
50068	28/08/2026 19:03:24	CEDIS IDE QUILICURA	10033023	EL PINAR	Receptado	10300015	29/08/2026 10:59:21	P5T	20	20	0	VRZL40/JG5632/HKOOB37685602
50083	28/08/2026 21:18:45	PLANTA CHILLAN	10000416	PLANTA IDEAL	Receptado	10001082	31/08/2026 23:34:53	BCH	133	133	0	PGBY32 /PXJF25/10535964
50083	28/08/2026 21:18:45	PLANTA CHILLAN	10000416	PLANTA IDEAL	Receptado	10001082	31/08/2026 23:34:53	BG	139	393	-254	PGBY32 /PXJF25/10535964
50083	28/08/2026 21:18:45	PLANTA CHILLAN	10000416	PLANTA IDEAL	Receptado	10001082	31/08/2026 23:34:53	P5T	14	47	-33	PGBY32 /PXJF25/10535964
50085	28/08/2026 21:23:55	CEDIS IDE QUILICURA	10033023	GRANDES CLIENTES	Receptado	10001251	29/08/2026 02:45:14	BCH	1160	1160	0	,/,/CHKO384025
50085	28/08/2026 21:23:55	CEDIS IDE QUILICURA	10033023	GRANDES CLIENTES	Receptado	10001251	29/08/2026 02:45:14	BG	60	60	0	,/,/CHKO384025
50085	28/08/2026 21:23:55	CEDIS IDE QUILICURA	10033023	GRANDES CLIENTES	Receptado	10001251	29/08/2026 02:45:14	P5T	14	14	0	,/,/CHKO384025
50088	28/08/2026 22:21:45	EL PINAR	10149777	PLANTA IDEAL	Receptado	10033115	29/08/2026 03:23:50	BG	1288	1288	0	ideal/ideal/10535965
50088	28/08/2026 22:21:45	EL PINAR	10149777	PLANTA IDEAL	Receptado	10033115	29/08/2026 03:23:50	P5T	15	15	0	ideal/ideal/10535965
50089	28/08/2026 22:34:53	CONCEPCION	10001288	ECCOFEED SPA	Receptado	10487508	02/09/2026 10:29:56	BG	180	180	0	VJWL54/PXKH32/10535966
50089	28/08/2026 22:34:53	CONCEPCION	10001288	ECCOFEED SPA	Receptado	10487508	02/09/2026 10:29:56	P5T	4	4	0	VJWL54/PXKH32/10535966
50326	31/08/2026 20:38:05	ANTOFAGASTA	10299402	CEDIS IDE QUILICURA	Receptado	10033023	02/09/2026 08:04:23	BG	1142	1142	0	PWZH30/PEBS12/10536102
50326	31/08/2026 20:38:05	ANTOFAGASTA	10299402	CEDIS IDE QUILICURA	Receptado	10033023	02/09/2026 08:04:23	P5T	13	13	0	PWZH30/PEBS12/10536102
50328	31/08/2026 20:45:17	EL PINAR	10149777	PLANTA IDEAL	Receptado	10000427	03/09/2026 12:42:13	BG	360	360	0	ideal/ideal/10536105
50328	31/08/2026 20:45:17	EL PINAR	10149777	PLANTA IDEAL	Receptado	10000427	03/09/2026 12:42:13	P5T	4	4	0	ideal/ideal/10536105
50560	02/09/2026 08:48:23	CEDIS IDE QUILICURA	10033023	LO ESPEJO	Receptado	10461749	03/09/2026 01:03:21	BG	1352	1352	0	VRZL40/PXJD34/HKOOB37713344
50560	02/09/2026 08:48:23	CEDIS IDE QUILICURA	10033023	LO ESPEJO	Receptado	10461749	03/09/2026 01:03:21	P5T	24	24	0	VRZL40/PXJD34/HKOOB37713344
50561	02/09/2026 08:54:30	RANCAGUA	10000032	ECCOFEED SPA	Receptado	10005088	04/09/2026 19:38:23	BG	15	15	0	CZYT-30/JH-3200/10536215
50561	02/09/2026 08:54:30	RANCAGUA	10000032	ECCOFEED SPA	Receptado	10005088	04/09/2026 19:38:23	P5T	1	1	0	CZYT-30/JH-3200/10536215
50581	02/09/2026 11:24:40	QUILICURA	101196341	PLANTA IDEAL	Receptado	10000427	02/09/2026 11:54:11	BG	1440	1440	0	RSVZ88/RSVZ88/10536225
50581	02/09/2026 11:24:40	QUILICURA	101196341	PLANTA IDEAL	Receptado	10000427	02/09/2026 11:54:11	P5T	12	12	0	RSVZ88/RSVZ88/10536225
50584	02/09/2026 11:46:54	CEDIS IDE QUILICURA	10033023	LO ESPEJO	Receptado	10461749	03/09/2026 01:03:36	BG	288	288	0	DBLS59/PWVW35/HKOOB37713345
50584	02/09/2026 11:46:54	CEDIS IDE QUILICURA	10033023	LO ESPEJO	Receptado	10461749	03/09/2026 01:03:36	P5T	7	7	0	DBLS59/PWVW35/HKOOB37713345
50676	03/09/2026 03:53:44	LO ESPEJO	10461749	PLANTA IDEAL	Receptado	10000427	03/09/2026 07:57:26	BG	672	720	-48	001/001/10536265
50676	03/09/2026 03:53:44	LO ESPEJO	10461749	PLANTA IDEAL	Receptado	10000427	03/09/2026 07:57:26	P5T	6	5	1	001/001/10536265
50689	03/09/2026 05:52:34	PLANTA IDEAL	10001082	CEDIS IDE QUILICURA	Receptado	10033023	03/09/2026 09:40:30	BG	1004	1004	0	1/1/CHKL478345
50689	03/09/2026 05:52:34	PLANTA IDEAL	10001082	CEDIS IDE QUILICURA	Receptado	10033023	03/09/2026 09:40:30	P5T	18	18	0	1/1/CHKL478345
50690	03/09/2026 06:09:53	CEDIS IDE QUILICURA	10001100	RANCAGUA	Receptado	10000032	03/09/2026 09:36:30	BCH	45	45	0	1/1/HKOOB37720976
50690	03/09/2026 06:09:53	CEDIS IDE QUILICURA	10001100	RANCAGUA	Receptado	10000032	03/09/2026 09:36:30	BG	723	723	0	1/1/HKOOB37720976
50690	03/09/2026 06:09:53	CEDIS IDE QUILICURA	10001100	RANCAGUA	Receptado	10000032	03/09/2026 09:36:30	P5T	18	18	0	1/1/HKOOB37720976
50695	03/09/2026 06:46:03	CEDIS IDE QUILICURA	10001100	SALON CEDIS	Receptado	10000848-1	04/09/2026 12:23:12	BG	44	44	0	1/1/1
50695	03/09/2026 06:46:03	CEDIS IDE QUILICURA	10001100	SALON CEDIS	Receptado	10000848-1	04/09/2026 12:23:12	P5T	2	0	2	1/1/1
50698	03/09/2026 07:16:19	MELIPILLA	10291937	ECCOFEED SPA	Receptado	10487508	05/09/2026 11:45:05	BG	107	107	0	DRJD68/-/12667290-91-92
50698	03/09/2026 07:16:19	MELIPILLA	10291937	ECCOFEED SPA	Receptado	10487508	05/09/2026 11:45:05	P5T	3	3	0	DRJD68/-/12667290-91-92
50803	04/09/2026 01:28:42	PLANTA IDEAL	10001082	CEDIS IDE QUILICURA	Receptado	10001100	04/09/2026 06:43:52	BG	1096	1096	0	1/1/CHKL478408
50803	04/09/2026 01:28:42	PLANTA IDEAL	10001082	CEDIS IDE QUILICURA	Receptado	10001100	04/09/2026 06:43:52	P5T	15	15	0	1/1/CHKL478408
50946	05/09/2026 01:48:15	LA SERENA	10354846	PLANTA IDEAL	Receptado	10033115	05/09/2026 20:02:28	BG	2112	2112	0	LXHJ-99/PWXK-76/10536408
50946	05/09/2026 01:48:15	LA SERENA	10354846	PLANTA IDEAL	Receptado	10033115	05/09/2026 20:02:28	P5T	22	22	0	LXHJ-99/PWXK-76/10536408
50960	05/09/2026 04:01:20	CEDIS IDE QUILICURA	10001100	LOS ANDES	Receptado	10486010	05/09/2026 08:42:05	BCH	71	71	0	1/1/HKOOB37731268
50960	05/09/2026 04:01:20	CEDIS IDE QUILICURA	10001100	LOS ANDES	Receptado	10486010	05/09/2026 08:42:05	BG	1143	1110	33	1/1/HKOOB37731268
50960	05/09/2026 04:01:20	CEDIS IDE QUILICURA	10001100	LOS ANDES	Receptado	10486010	05/09/2026 08:42:05	P5T	17	17	0	1/1/HKOOB37731268
50230	30/08/2026 23:55:39	PLANTA IDEAL	10001082	CEDIS IDE QUILICURA	Receptado	10001100	31/08/2026 01:14:36	BG	360	360	0	1/1/CHKL478145
50230	30/08/2026 23:55:39	PLANTA IDEAL	10001082	CEDIS IDE QUILICURA	Receptado	10001100	31/08/2026 01:14:36	P5T	8	8	0	1/1/CHKL478145
50230	30/08/2026 23:55:39	PLANTA IDEAL	10001082	CEDIS IDE QUILICURA	Receptado	10001100	31/08/2026 01:14:36	BCH	80	80	0	1/1/CHKL478145
50231	31/08/2026 00:07:53	PLANTA IDEAL	10001082	CEDIS IDE QUILICURA	Receptado	10001100	31/08/2026 01:14:55	BG	564	564	0	1/1/CHKL478067
50231	31/08/2026 00:07:53	PLANTA IDEAL	10001082	CEDIS IDE QUILICURA	Receptado	10001100	31/08/2026 01:14:55	P5T	12	12	0	1/1/CHKL478067
50234	31/08/2026 05:58:10	PLANTA IDEAL	10001082	CEDIS IDE QUILICURA	Receptado	10033023	31/08/2026 07:42:10	BG	1224	1224	0	1/1/CHKL478126
50234	31/08/2026 05:58:10	PLANTA IDEAL	10001082	CEDIS IDE QUILICURA	Receptado	10033023	31/08/2026 07:42:10	P5T	21	21	0	1/1/CHKL478126
50532	02/09/2026 05:03:32	PLANTA IDEAL	10001082	CEDIS IDE QUILICURA	Receptado	10033023	02/09/2026 08:02:00	BG	936	936	0	1/1/CHKL478200
50532	02/09/2026 05:03:32	PLANTA IDEAL	10001082	CEDIS IDE QUILICURA	Receptado	10033023	02/09/2026 08:02:00	P5T	15	15	0	1/1/CHKL478200
50626	02/09/2026 20:21:34	SALON PEDRO DE VALDIVIA	10000349	QUILICURA	Receptado	101196341	02/09/2026 20:53:49	BG	23	23	0	0/0/0
50643	02/09/2026 21:55:26	PLANTA IDEAL	10033115	CEDIS IDE QUILICURA	Receptado	10032939	02/09/2026 22:46:22	BG	732	732	0	49/49/CHKL478269
50643	02/09/2026 21:55:26	PLANTA IDEAL	10033115	CEDIS IDE QUILICURA	Receptado	10032939	02/09/2026 22:46:22	P5T	19	19	0	49/49/CHKL478269
50653	02/09/2026 22:58:02	VIÑA DEL MAR	10001291	PLANTA IDEAL	Receptado	10000427	04/09/2026 10:50:10	BG	1320	1320	0	KDGT-92/IDEAL/10536260
50653	02/09/2026 22:58:02	VIÑA DEL MAR	10001291	PLANTA IDEAL	Receptado	10000427	04/09/2026 10:50:10	P5T	11	11	0	KDGT-92/IDEAL/10536260
50654	02/09/2026 23:09:50	EL PINAR	10149777	ECCOFEED SPA	Receptado	10005088	04/09/2026 20:21:12	BG	147	147	0	00/00/12584903-12584904
50654	02/09/2026 23:09:50	EL PINAR	10149777	ECCOFEED SPA	Receptado	10005088	04/09/2026 20:21:12	P5T	3	3	0	00/00/12584903-12584904
50655	02/09/2026 23:22:29	QUILICURA	101196341	ECCOFEED SPA	Cancelado			BG	315	0	315	0/0/0
50655	02/09/2026 23:22:29	QUILICURA	101196341	ECCOFEED SPA	Cancelado			P5T	6	0	6	0/0/0
50656	02/09/2026 23:30:42	QUILICURA	101196341	ECCOFEED SPA	Receptado	10005088	04/09/2026 19:54:06	BG	190	190	0	0/0/0
50656	02/09/2026 23:30:42	QUILICURA	101196341	ECCOFEED SPA	Receptado	10005088	04/09/2026 19:54:06	P5T	4	4	0	0/0/0
50657	02/09/2026 23:38:49	ARICA	10154469	PLANTA IDEAL	Receptado	10000427	05/09/2026 11:53:01	BG	845	845	0	LCTB55/KDHP45/10536261
50657	02/09/2026 23:38:49	ARICA	10154469	PLANTA IDEAL	Receptado	10000427	05/09/2026 11:53:01	P5T	18	18	0	LCTB55/KDHP45/10536261
50658	02/09/2026 23:40:45	ARICA	10154469	ECCOFEED SPA	Receptado	10487508	06/09/2026 10:41:25	BG	664	664	0	LCTB55/KDHP45/10536262
50658	02/09/2026 23:40:45	ARICA	10154469	ECCOFEED SPA	Receptado	10487508	06/09/2026 10:41:25	P5T	11	11	0	LCTB55/KDHP45/10536262
50660	02/09/2026 23:48:40	PLANTA IDEAL	10001082	CEDIS IDE QUILICURA	Receptado	10001100	03/09/2026 06:54:20	BCH	400	400	0	1/1/CHKL478311
50660	02/09/2026 23:48:40	PLANTA IDEAL	10001082	CEDIS IDE QUILICURA	Receptado	10001100	03/09/2026 06:54:20	BG	984	984	0	1/1/CHKL478311
50660	02/09/2026 23:48:40	PLANTA IDEAL	10001082	CEDIS IDE QUILICURA	Receptado	10001100	03/09/2026 06:54:20	P5T	22	22	0	1/1/CHKL478311
50686	03/09/2026 05:38:51	PLANTA IDEAL	10001082	CEDIS IDE QUILICURA	Receptado	10033023	03/09/2026 09:41:17	BG	582	582	0	1/1/CHKL478222
50686	03/09/2026 05:38:51	PLANTA IDEAL	10001082	CEDIS IDE QUILICURA	Receptado	10033023	03/09/2026 09:41:17	P5T	16	16	0	1/1/CHKL478222
50687	03/09/2026 05:44:41	CEDIS IDE QUILICURA	10001100	SALON EL CORTIJO	Receptado	10000989	03/09/2026 12:20:24	BG	8	8	0	1/1/1
50687	03/09/2026 05:44:41	CEDIS IDE QUILICURA	10001100	SALON EL CORTIJO	Receptado	10000989	03/09/2026 12:20:24	P5T	1	0	1	1/1/1
50832	04/09/2026 06:27:53	OSORNO	10001704	PLANTA CHILLAN	Receptado	10000416	05/09/2026 12:01:09	BG	390	390	0	LTGY83 /PWZP18/0
50832	04/09/2026 06:27:53	OSORNO	10001704	PLANTA CHILLAN	Receptado	10000416	05/09/2026 12:01:09	P5T	13	13	0	LTGY83 /PWZP18/0
50884	04/09/2026 15:09:28	SALON TOBALABA	10000349-1	QUILICURA	Receptado	101196341	04/09/2026 18:43:13	BG	3	3	0	0/0/0
50887	04/09/2026 15:19:04	CEDIS IDE QUILICURA	10032939	TALCA	Receptado	10000096	05/09/2026 13:13:25	BG	1105	1105	0	1/1/HKOOB37722846
49726	26/08/2026 10:10:55	PLANTA IDEAL	10001082	CEDIS IDE QUILICURA	Receptado	10001100	26/08/2026 12:53:54	BG	968	968	0	1/1/CHKL477660
49726	26/08/2026 10:10:55	PLANTA IDEAL	10001082	CEDIS IDE QUILICURA	Receptado	10001100	26/08/2026 12:53:54	P5T	20	20	0	1/1/CHKL477660
49903	27/08/2026 16:42:57	LO ESPEJO	10450102	PLANTA IDEAL	Receptado	10033115	28/08/2026 00:54:45	BG	1848	1848	0	IDEAL/IDEAL/10535851
49903	27/08/2026 16:42:57	LO ESPEJO	10450102	PLANTA IDEAL	Receptado	10033115	28/08/2026 00:54:45	P5T	17	17	0	IDEAL/IDEAL/10535851
49948	27/08/2026 23:44:39	GRANDES CLIENTES	10001251	PLANTA IDEAL	Receptado	10033115	28/08/2026 00:39:07	BG	1200	1200	0	0/0/10535874
49948	27/08/2026 23:44:39	GRANDES CLIENTES	10001251	PLANTA IDEAL	Receptado	10033115	28/08/2026 00:39:07	P5T	10	10	0	0/0/10535874
49949	27/08/2026 23:48:30	CEDIS IDE QUILICURA	10033023	EL PINAR	Receptado	10300015	28/08/2026 13:13:52	BG	705	705	0	1/1/HKOOB37682204
49949	27/08/2026 23:48:30	CEDIS IDE QUILICURA	10033023	EL PINAR	Receptado	10300015	28/08/2026 13:13:52	P5T	12	12	0	1/1/HKOOB37682204
49950	27/08/2026 23:52:08	VIÑA DEL MAR	10450104	PLANTA IDEAL	Receptado	10000427	28/08/2026 15:12:51	BG	960	960	0	RZVS88/KYPH94/10535875
49950	27/08/2026 23:52:08	VIÑA DEL MAR	10450104	PLANTA IDEAL	Receptado	10000427	28/08/2026 15:12:51	P5T	22	22	0	RZVS88/KYPH94/10535875
49951	27/08/2026 23:52:57	VIÑA DEL MAR	10450104	ECCOFEED SPA	Receptado	10487508	02/09/2026 10:08:22	BG	329	329	0	RZVS88/KYPH94/12405870-71-72
49951	27/08/2026 23:52:57	VIÑA DEL MAR	10450104	ECCOFEED SPA	Receptado	10487508	02/09/2026 10:08:22	P5T	6	6	0	RZVS88/KYPH94/12405870-71-72
49952	28/08/2026 00:36:36	CEDIS IDE QUILICURA	10033023	LOS ANGELES	Receptado	172705782	28/08/2026 11:28:37	BG	185	185	0	1/1/HKOOB37685595
49952	28/08/2026 00:36:36	CEDIS IDE QUILICURA	10033023	LOS ANGELES	Receptado	172705782	28/08/2026 11:28:37	P5T	4	4	0	1/1/HKOOB37685595
50499	01/09/2026 22:25:41	PLANTA IDEAL	10033115	CEDIS IDE QUILICURA	Receptado	10032939	01/09/2026 22:36:32	BG	1304	1304	0	49/49/CHKL478212
50499	01/09/2026 22:25:41	PLANTA IDEAL	10033115	CEDIS IDE QUILICURA	Receptado	10032939	01/09/2026 22:36:32	P5T	18	18	0	49/49/CHKL478212
50534	02/09/2026 05:39:30	CEDIS IDE QUILICURA	10001100	MELIPILLA	Receptado	10291937	02/09/2026 10:06:09	BCH	25	25	0	1/1/HKOOB37710047
50534	02/09/2026 05:39:30	CEDIS IDE QUILICURA	10001100	MELIPILLA	Receptado	10291937	02/09/2026 10:06:09	BG	983	921	62	1/1/HKOOB37710047
50534	02/09/2026 05:39:30	CEDIS IDE QUILICURA	10001100	MELIPILLA	Receptado	10291937	02/09/2026 10:06:09	P5T	16	16	0	1/1/HKOOB37710047
50666	03/09/2026 01:19:34	CEDIS IDE QUILICURA	10001100	RANCAGUA	Receptado	10000032	03/09/2026 08:36:55	BCH	158	158	0	1/1/HKOOB37720977
50666	03/09/2026 01:19:34	CEDIS IDE QUILICURA	10001100	RANCAGUA	Receptado	10000032	03/09/2026 08:36:55	BG	1389	1389	0	1/1/HKOOB37720977
50666	03/09/2026 01:19:34	CEDIS IDE QUILICURA	10001100	RANCAGUA	Receptado	10000032	03/09/2026 08:36:55	P5T	21	21	0	1/1/HKOOB37720977
50804	04/09/2026 01:39:00	CEDIS IDE QUILICURA	10001100	SALON LO ESPEJO	Receptado	10000848	04/09/2026 12:42:03	BG	39	39	0	1/1/1
50804	04/09/2026 01:39:00	CEDIS IDE QUILICURA	10001100	SALON LO ESPEJO	Receptado	10000848	04/09/2026 12:42:03	P5T	1	0	1	1/1/1
49838	27/08/2026 06:32:10	CEDIS IDE QUILICURA	10032939	MELIPILLA	Receptado	10291937	27/08/2026 10:53:35	BG	991	991	0	1/1/HKOOB37680054
49838	27/08/2026 06:32:10	CEDIS IDE QUILICURA	10032939	MELIPILLA	Receptado	10291937	27/08/2026 10:53:35	P5T	17	17	0	1/1/HKOOB37680054
49912	27/08/2026 18:16:46	QUILICURA	101196341	GRANDES CLIENTES	Receptado	101196341	27/08/2026 18:17:47	BG	840	840	0	0/0/0
49912	27/08/2026 18:16:46	QUILICURA	101196341	GRANDES CLIENTES	Receptado	101196341	27/08/2026 18:17:47	P5T	7	7	0	0/0/0
49917	27/08/2026 19:11:55	PLANTA IDEAL	10000427	CEDIS IDE QUILICURA	Receptado	10033023	27/08/2026 23:45:44	BG	821	821	0	DBLS 59/KYLZ 24/CHKL477845
49917	27/08/2026 19:11:55	PLANTA IDEAL	10000427	CEDIS IDE QUILICURA	Receptado	10033023	27/08/2026 23:45:44	P5T	17	17	0	DBLS 59/KYLZ 24/CHKL477845
50126	29/08/2026 05:48:45	PLANTA IDEAL	10033115	CEDIS IDE QUILICURA	Receptado	10032939	29/08/2026 06:06:09	BG	600	600	0	50/50/CHKL477967
50126	29/08/2026 05:48:45	PLANTA IDEAL	10033115	CEDIS IDE QUILICURA	Receptado	10032939	29/08/2026 06:06:09	P5T	10	10	0	50/50/CHKL477967
50127	29/08/2026 05:49:57	PLANTA IDEAL	10033115	CEDIS IDE QUILICURA	Receptado	10032939	29/08/2026 06:06:23	BG	1116	1116	0	50/50/CHKL477799
50127	29/08/2026 05:49:57	PLANTA IDEAL	10033115	CEDIS IDE QUILICURA	Receptado	10032939	29/08/2026 06:06:23	P5T	19	19	0	50/50/CHKL477799
50128	29/08/2026 05:53:35	CEDIS IDE QUILICURA	10032939	QUILICURA	Receptado	10397048	31/08/2026 08:52:26	BCH	2	2	0	1/1/CHKO384026
50128	29/08/2026 05:53:35	CEDIS IDE QUILICURA	10032939	QUILICURA	Receptado	10397048	31/08/2026 08:52:26	BG	1505	1505	0	1/1/CHKO384026
50128	29/08/2026 05:53:35	CEDIS IDE QUILICURA	10032939	QUILICURA	Receptado	10397048	31/08/2026 08:52:26	P5T	35	35	0	1/1/CHKO384026
50459	01/09/2026 18:12:15	CEDIS IDE QUILICURA	10032939	LOS ANGELES	Receptado	172705782	02/09/2026 08:44:27	BCH	75	75	0	1/1/HKOOB37705114
50459	01/09/2026 18:12:15	CEDIS IDE QUILICURA	10032939	LOS ANGELES	Receptado	172705782	02/09/2026 08:44:27	BG	1110	1110	0	1/1/HKOOB37705114
50459	01/09/2026 18:12:15	CEDIS IDE QUILICURA	10032939	LOS ANGELES	Receptado	172705782	02/09/2026 08:44:27	P5T	17	17	0	1/1/HKOOB37705114
50467	01/09/2026 19:08:58	CEDIS IDE QUILICURA	10032939	SAN FERNANDO	Receptado	10004891	01/09/2026 20:47:51	BCH	3	3	0	1/1/HKOOB37707582
50467	01/09/2026 19:08:58	CEDIS IDE QUILICURA	10032939	SAN FERNANDO	Receptado	10004891	01/09/2026 20:47:51	BG	1020	1020	0	1/1/HKOOB37707582
50467	01/09/2026 19:08:58	CEDIS IDE QUILICURA	10032939	SAN FERNANDO	Receptado	10004891	01/09/2026 20:47:51	P5T	18	18	0	1/1/HKOOB37707582
50470	01/09/2026 19:43:44	LO ESPEJO	10458156	PLANTA IDEAL	Receptado	10001082	01/09/2026 23:55:49	BG	1764	1764	0	IDEAL/IDEAL/IDEAL
50470	01/09/2026 19:43:44	LO ESPEJO	10458156	PLANTA IDEAL	Receptado	10001082	01/09/2026 23:55:49	P5T	23	23	0	IDEAL/IDEAL/IDEAL
50470	01/09/2026 19:43:44	LO ESPEJO	10458156	PLANTA IDEAL	Receptado	10001082	01/09/2026 23:55:49	BCH	1	1	0	IDEAL/IDEAL/IDEAL
50476	01/09/2026 20:24:52	LO ESPEJO	10458156	PLANTA IDEAL	Receptado	10001082	02/09/2026 01:24:32	BG	1680	1680	0	IDEAL/IDEAL/IDEAL
50476	01/09/2026 20:24:52	LO ESPEJO	10458156	PLANTA IDEAL	Receptado	10001082	02/09/2026 01:24:32	P5T	20	20	0	IDEAL/IDEAL/IDEAL
50478	01/09/2026 20:26:32	GRANDES CLIENTES	10001302	ECCOFEED SPA	Receptado	10005088	04/09/2026 19:34:57	BCH	18	18	0	NO APLICA/NO APLICA/13158541-42
50478	01/09/2026 20:26:32	GRANDES CLIENTES	10001302	ECCOFEED SPA	Receptado	10005088	04/09/2026 19:34:57	BG	110	110	0	NO APLICA/NO APLICA/13158541-42
50478	01/09/2026 20:26:32	GRANDES CLIENTES	10001302	ECCOFEED SPA	Receptado	10005088	04/09/2026 19:34:57	P5T	3	3	0	NO APLICA/NO APLICA/13158541-42
50479	01/09/2026 20:30:20	CEDIS IDE QUILICURA	10032939	VIÑA DEL MAR	Receptado	10001291	03/09/2026 23:15:44	BCH	92	92	0	1/1/HKOOB37707579
50479	01/09/2026 20:30:20	CEDIS IDE QUILICURA	10032939	VIÑA DEL MAR	Receptado	10001291	03/09/2026 23:15:44	BG	1169	1169	0	1/1/HKOOB37707579
50479	01/09/2026 20:30:20	CEDIS IDE QUILICURA	10032939	VIÑA DEL MAR	Receptado	10001291	03/09/2026 23:15:44	P5T	18	18	0	1/1/HKOOB37707579
50490	01/09/2026 21:21:23	EL PINAR	10149777	PLANTA IDEAL	Receptado	10000427	02/09/2026 09:26:35	BG	1260	1260	0	ideal/ideal/10536190
50490	01/09/2026 21:21:23	EL PINAR	10149777	PLANTA IDEAL	Receptado	10000427	02/09/2026 09:26:35	P5T	14	14	0	ideal/ideal/10536190
50491	01/09/2026 21:22:22	CEDIS IDE QUILICURA	10032939	PLANTA IDEAL	Cancelado			BG	1	0	1	1/1/1
50491	01/09/2026 21:22:22	CEDIS IDE QUILICURA	10032939	PLANTA IDEAL	Cancelado			P5T	1	0	1	1/1/1
50493	01/09/2026 21:27:44	PLANTA IDEAL	10033115	CEDIS IDE QUILICURA	Receptado	10032939	01/09/2026 22:11:48	BG	1312	1312	0	49/49/CHKL478161
50493	01/09/2026 21:27:44	PLANTA IDEAL	10033115	CEDIS IDE QUILICURA	Receptado	10032939	01/09/2026 22:11:48	P5T	20	20	0	49/49/CHKL478161
50497	01/09/2026 22:11:59	CEDIS IDE QUILICURA	10032939	LO ESPEJO	Receptado	10461749	02/09/2026 03:23:49	BG	828	828	0	1/1/HKOOB37707569
50497	01/09/2026 22:11:59	CEDIS IDE QUILICURA	10032939	LO ESPEJO	Receptado	10461749	02/09/2026 03:23:49	P5T	14	14	0	1/1/HKOOB37707569
50808	04/09/2026 02:16:03	SAN FERNANDO	10005031	ECCOFEED SPA	Receptado	10487508	05/09/2026 11:47:42	BG	173	173	0	FHDT-82/JJ-4817/10536328
50808	04/09/2026 02:16:03	SAN FERNANDO	10005031	ECCOFEED SPA	Receptado	10487508	05/09/2026 11:47:42	P5T	3	3	0	FHDT-82/JJ-4817/10536328
50887	04/09/2026 15:19:04	CEDIS IDE QUILICURA	10032939	TALCA	Receptado	10000096	05/09/2026 13:13:25	P5T	21	21	0	1/1/HKOOB37722846
50892	04/09/2026 16:23:36	GRANDES CLIENTES	10001302	PLANTA IDEAL	Receptado	10033115	04/09/2026 17:02:34	BG	1080	1080	0	HXDF11/HXDF11/10536385
50892	04/09/2026 16:23:36	GRANDES CLIENTES	10001302	PLANTA IDEAL	Receptado	10033115	04/09/2026 17:02:34	P5T	9	9	0	HXDF11/HXDF11/10536385
50897	04/09/2026 17:37:52	PLANTA CHILLAN	10000416	CEDIS IDE QUILICURA	Receptado	10001100	05/09/2026 04:17:35	BG	1440	1440	0	LTGY83/PTYJ59/CGAX00044026
50897	04/09/2026 17:37:52	PLANTA CHILLAN	10000416	CEDIS IDE QUILICURA	Receptado	10001100	05/09/2026 04:17:35	P5T	24	24	0	LTGY83/PTYJ59/CGAX00044026
50898	04/09/2026 17:37:13	GRANDES CLIENTES	10001302	PLANTA IDEAL	Receptado	10001082	04/09/2026 22:41:10	BCH	200	200	0	 JF4261/JF4261/10536389
50898	04/09/2026 17:37:13	GRANDES CLIENTES	10001302	PLANTA IDEAL	Receptado	10001082	04/09/2026 22:41:10	BG	960	960	0	 JF4261/JF4261/10536389
50901	04/09/2026 18:19:38	PLANTA IDEAL	10033115	CEDIS IDE QUILICURA	Receptado	10032939	04/09/2026 18:26:11	BG	1176	1176	0	49/49/CHKL478375
50901	04/09/2026 18:19:38	PLANTA IDEAL	10033115	CEDIS IDE QUILICURA	Receptado	10032939	04/09/2026 18:26:11	P5T	13	13	0	49/49/CHKL478375
50908	04/09/2026 19:07:16	CEDIS IDE QUILICURA	10032939	CONCEPCION	Receptado	10001026	05/09/2026 08:32:21	BCH	70	70	0	1/1/HKOOB37720960
50908	04/09/2026 19:07:16	CEDIS IDE QUILICURA	10032939	CONCEPCION	Receptado	10001026	05/09/2026 08:32:21	BG	1193	1193	0	1/1/HKOOB37720960
50908	04/09/2026 19:07:16	CEDIS IDE QUILICURA	10032939	CONCEPCION	Receptado	10001026	05/09/2026 08:32:21	P5T	27	27	0	1/1/HKOOB37720960
51121	07/09/2026 13:13:14	PLANTA IDEAL	10033115	CEDIS IDE QUILICURA	Receptado	10032939	07/09/2026 13:35:23	BG	1200	1200	0	50/50/CHKL478549
51121	07/09/2026 13:13:14	PLANTA IDEAL	10033115	CEDIS IDE QUILICURA	Receptado	10032939	07/09/2026 13:35:23	P5T	11	11	0	50/50/CHKL478549
51126	07/09/2026 13:20:50	PLANTA IDEAL	10033115	CEDIS IDE QUILICURA	Receptado	10032939	07/09/2026 13:36:20	BCH	131	131	0	50/50/CHKL478587
51126	07/09/2026 13:20:50	PLANTA IDEAL	10033115	CEDIS IDE QUILICURA	Receptado	10032939	07/09/2026 13:36:20	BG	839	839	0	50/50/CHKL478587
51126	07/09/2026 13:20:50	PLANTA IDEAL	10033115	CEDIS IDE QUILICURA	Receptado	10032939	07/09/2026 13:36:20	P5T	18	18	0	50/50/CHKL478587
51129	07/09/2026 13:47:58	PLANTA IDEAL	10033115	CEDIS IDE QUILICURA	Receptado	10161182	07/09/2026 15:34:34	BCH	1200	1200	0	50/50/CHKL478586
51129	07/09/2026 13:47:58	PLANTA IDEAL	10033115	CEDIS IDE QUILICURA	Receptado	10161182	07/09/2026 15:34:34	BG	508	508	0	50/50/CHKL478586
51129	07/09/2026 13:47:58	PLANTA IDEAL	10033115	CEDIS IDE QUILICURA	Receptado	10161182	07/09/2026 15:34:34	P5T	18	18	0	50/50/CHKL478586
49708	26/08/2026 07:59:41	RANCAGUA	10000032	PLANTA IDEAL	Receptado	10001082	26/08/2026 10:59:54	BCH	8	8	0	CZYT-30/JH-3200/10535741
49708	26/08/2026 07:59:41	RANCAGUA	10000032	PLANTA IDEAL	Receptado	10001082	26/08/2026 10:59:54	BG	1976	1976	0	CZYT-30/JH-3200/10535741
49708	26/08/2026 07:59:41	RANCAGUA	10000032	PLANTA IDEAL	Receptado	10001082	26/08/2026 10:59:54	P5T	18	18	0	CZYT-30/JH-3200/10535741
49759	26/08/2026 16:18:38	PLANTA IDEAL	10000427	CEDIS IDE QUILICURA	Receptado	10033023	26/08/2026 16:32:57	BG	660	660	0	FYLB 83/KYLZ 24/CHKL477745
49759	26/08/2026 16:18:38	PLANTA IDEAL	10000427	CEDIS IDE QUILICURA	Receptado	10033023	26/08/2026 16:32:57	P5T	21	21	0	FYLB 83/KYLZ 24/CHKL477745
49763	26/08/2026 17:07:40	EL PINAR	10149777	PLANTA IDEAL	Receptado	10000427	26/08/2026 19:45:18	P5T	18	18	0	ideal/ideal/10535766
49764	26/08/2026 17:26:33	CEDIS IDE QUILICURA	10033023	ANTOFAGASTA	Receptado	10299402	27/08/2026 22:05:58	BCH	96	96	0	 VJWK65/VJWK65/HKOOB37676196
49764	26/08/2026 17:26:33	CEDIS IDE QUILICURA	10033023	ANTOFAGASTA	Receptado	10299402	27/08/2026 22:05:58	BG	1308	1308	0	 VJWK65/VJWK65/HKOOB37676196
49764	26/08/2026 17:26:33	CEDIS IDE QUILICURA	10033023	ANTOFAGASTA	Receptado	10299402	27/08/2026 22:05:58	P5T	26	26	0	 VJWK65/VJWK65/HKOOB37676196
49861	27/08/2026 08:44:40	COPIAPO	10405300	PLANTA IDEAL	Receptado	10001082	28/08/2026 11:34:51	BG	1054	1054	0	LCTB55/KDHP45/10535810
49861	27/08/2026 08:44:40	COPIAPO	10405300	PLANTA IDEAL	Receptado	10001082	28/08/2026 11:34:51	P5T	25	25	0	LCTB55/KDHP45/10535810
49866	27/08/2026 09:03:40	MELIPILLA	10291937	ECCOFEED SPA	Receptado	10487508	02/09/2026 10:36:46	BG	110	110	0	JJ-4817/-/12665384-85
49866	27/08/2026 09:03:40	MELIPILLA	10291937	ECCOFEED SPA	Receptado	10487508	02/09/2026 10:36:46	P5T	2	2	0	JJ-4817/-/12665384-85
49873	27/08/2026 10:12:51	CEDIS IDE QUILICURA	10001100	QUILICURA	Receptado	10397048	31/08/2026 08:51:42	BG	60	60	0	1/1/1
49873	27/08/2026 10:12:51	CEDIS IDE QUILICURA	10001100	QUILICURA	Receptado	10397048	31/08/2026 08:51:42	P5T	1	1	0	1/1/1
49883	27/08/2026 11:42:09	CEDIS IDE QUILICURA	10001100	PUERTO MONTT	Receptado	10001696	28/08/2026 11:19:36	BCH	42	26	16	1/1/HKOOB37680776
49883	27/08/2026 11:42:09	CEDIS IDE QUILICURA	10001100	PUERTO MONTT	Receptado	10001696	28/08/2026 11:19:36	BG	976	976	0	1/1/HKOOB37680776
49883	27/08/2026 11:42:09	CEDIS IDE QUILICURA	10001100	PUERTO MONTT	Receptado	10001696	28/08/2026 11:19:36	P5T	16	16	0	1/1/HKOOB37680776
49886	27/08/2026 12:14:03	PLANTA IDEAL	10001082	CEDIS IDE QUILICURA	Receptado	10001100	27/08/2026 13:38:55	BG	825	825	0	1/1/CHKL477810
49886	27/08/2026 12:14:03	PLANTA IDEAL	10001082	CEDIS IDE QUILICURA	Receptado	10001100	27/08/2026 13:38:55	P5T	15	15	0	1/1/CHKL477810
49887	27/08/2026 12:28:24	CEDIS IDE QUILICURA	10001100	DISTRIBUIDOR CORCORAN	Receptado	10005088	04/09/2026 19:09:12	BG	827	827	0	1/1/CHKO383887
49889	27/08/2026 12:41:09	LA SERENA	10444394	IQUIQUE	Receptado	10012419	02/09/2026 10:36:07	BG	100	100	0	HXGP47/LWWB80/11480284
49889	27/08/2026 12:41:09	LA SERENA	10444394	IQUIQUE	Receptado	10012419	02/09/2026 10:36:07	P5T	2	2	0	HXGP47/LWWB80/11480284
49916	27/08/2026 19:03:23	PLANTA IDEAL	10000427	CEDIS IDE QUILICURA	Receptado	10033023	27/08/2026 23:43:27	BG	996	996	0	DBLS 59/KYLZ 24/CHKL477814
49916	27/08/2026 19:03:23	PLANTA IDEAL	10000427	CEDIS IDE QUILICURA	Receptado	10033023	27/08/2026 23:43:27	P5T	19	19	0	DBLS 59/KYLZ 24/CHKL477814
49920	27/08/2026 19:47:51	GRANDES CLIENTES	10001302	ECCOFEED SPA	Receptado	10487508	02/09/2026 10:10:31	BG	58	58	0	NO APLICA/NO APLICA/NO APLICA
49920	27/08/2026 19:47:51	GRANDES CLIENTES	10001302	ECCOFEED SPA	Receptado	10487508	02/09/2026 10:10:31	P5T	1	1	0	NO APLICA/NO APLICA/NO APLICA
49922	27/08/2026 20:12:57	GRANDES CLIENTES	10001302	PLANTA IDEAL	Receptado	10000427	27/08/2026 21:00:28	BCH	1000	1000	0	HXDF12/HXDF12/10535862
49922	27/08/2026 20:12:57	GRANDES CLIENTES	10001302	PLANTA IDEAL	Receptado	10000427	27/08/2026 21:00:28	BG	600	600	0	HXDF12/HXDF12/10535862
49922	27/08/2026 20:12:57	GRANDES CLIENTES	10001302	PLANTA IDEAL	Receptado	10000427	27/08/2026 21:00:28	P5T	10	10	0	HXDF12/HXDF12/10535862
49924	27/08/2026 20:22:20	MELIPILLA	10469278	QUILICURA	Receptado	10001353	02/09/2026 15:43:47	BG	97	97	0	Quilicura/Quilicura/N°12665752
49924	27/08/2026 20:22:20	MELIPILLA	10469278	QUILICURA	Receptado	10001353	02/09/2026 15:43:47	P5T	2	2	0	Quilicura/Quilicura/N°12665752
49928	27/08/2026 20:48:49	CEDIS IDE QUILICURA	10033023	ANTOFAGASTA	Receptado	10299402	31/08/2026 10:28:42	BG	1410	1410	0	TKXK-11/PXKH30/HKOOB37680779
49928	27/08/2026 20:48:49	CEDIS IDE QUILICURA	10033023	ANTOFAGASTA	Receptado	10299402	31/08/2026 10:28:42	P5T	28	28	0	TKXK-11/PXKH30/HKOOB37680779
49933	27/08/2026 21:24:11	GRANDES CLIENTES	10143848	PLANTA IDEAL	Receptado	10000427	27/08/2026 21:52:49	BG	1200	1200	0	0/0/10535867
49933	27/08/2026 21:24:11	GRANDES CLIENTES	10143848	PLANTA IDEAL	Receptado	10000427	27/08/2026 21:52:49	P5T	10	10	0	0/0/10535867
49934	27/08/2026 21:29:23	CEDIS IDE QUILICURA	10033023	CHILLAN	Receptado	10301699	29/08/2026 07:43:32	BG	970	970	0	PSLY27/PWZP-19/HKOOB37680055
49934	27/08/2026 21:29:23	CEDIS IDE QUILICURA	10033023	CHILLAN	Receptado	10301699	29/08/2026 07:43:32	P5T	15	15	0	PSLY27/PWZP-19/HKOOB37680055
49939	27/08/2026 21:58:59	PLANTA IDEAL	10000427	CEDIS IDE QUILICURA	Receptado	10033023	27/08/2026 23:48:07	BG	827	827	0	DBLS 59/KYLZ 25/CHKL477791
49939	27/08/2026 21:58:59	PLANTA IDEAL	10000427	CEDIS IDE QUILICURA	Receptado	10033023	27/08/2026 23:48:07	P5T	15	15	0	DBLS 59/KYLZ 25/CHKL477791
50025	28/08/2026 11:35:15	PLANTA IDEAL	10001082	CEDIS IDE QUILICURA	Receptado	10001100	28/08/2026 13:59:27	BG	912	912	0	1/1/CHKL477795
50025	28/08/2026 11:35:15	PLANTA IDEAL	10001082	CEDIS IDE QUILICURA	Receptado	10001100	28/08/2026 13:59:27	P5T	16	16	0	1/1/CHKL477795
50026	28/08/2026 12:01:21	GRANDES CLIENTES	10143848	PLANTA IDEAL	Receptado	10001082	28/08/2026 13:09:32	BG	600	600	0	PXJD-33/PXJD-33/ 10535933
50026	28/08/2026 12:01:21	GRANDES CLIENTES	10143848	PLANTA IDEAL	Receptado	10001082	28/08/2026 13:09:32	P5T	5	5	0	PXJD-33/PXJD-33/ 10535933
50027	28/08/2026 12:04:27	PLANTA IDEAL	10001082	CEDIS IDE QUILICURA	Receptado	10033023	28/08/2026 15:39:06	BG	1100	1100	0	1/1/CHKL477853
50027	28/08/2026 12:04:27	PLANTA IDEAL	10001082	CEDIS IDE QUILICURA	Receptado	10033023	28/08/2026 15:39:06	P5T	20	20	0	1/1/CHKL477853
50028	28/08/2026 12:19:47	CEDIS IDE QUILICURA	10001100	LO ESPEJO	Receptado	10461749	29/08/2026 06:05:41	BG	929	929	0	1/1/HKOOB37687546
50028	28/08/2026 12:19:47	CEDIS IDE QUILICURA	10001100	LO ESPEJO	Receptado	10461749	29/08/2026 06:05:41	P5T	17	17	0	1/1/HKOOB37687546
50329	31/08/2026 20:45:06	GRANDES CLIENTES	10001302	ECCOFEED SPA	Receptado	10487508	02/09/2026 10:13:32	BG	83	83	0	NO APLICA/NO APLICA/13157709-10
50329	31/08/2026 20:45:06	GRANDES CLIENTES	10001302	ECCOFEED SPA	Receptado	10487508	02/09/2026 10:13:32	P5T	3	3	0	NO APLICA/NO APLICA/13157709-10
50330	31/08/2026 20:51:37	CEDIS IDE QUILICURA	10000798	GRANDES CLIENTES	Receptado	10001251	01/09/2026 04:00:18	BCH	189	189	0	IDEAL/IDEAL/CHKO384145
50330	31/08/2026 20:51:37	CEDIS IDE QUILICURA	10000798	GRANDES CLIENTES	Receptado	10001251	01/09/2026 04:00:18	BG	2091	2091	0	IDEAL/IDEAL/CHKO384145
50330	31/08/2026 20:51:37	CEDIS IDE QUILICURA	10000798	GRANDES CLIENTES	Receptado	10001251	01/09/2026 04:00:18	P5T	49	49	0	IDEAL/IDEAL/CHKO384145
50333	31/08/2026 21:27:02	CEDIS IDE QUILICURA	10000798	VIÑA DEL MAR	Receptado	10001291	01/09/2026 06:45:44	BCH	185	185	0	DBLS59/KYPH95/HKOOB37695369
50333	31/08/2026 21:27:02	CEDIS IDE QUILICURA	10000798	VIÑA DEL MAR	Receptado	10001291	01/09/2026 06:45:44	BG	854	799	55	DBLS59/KYPH95/HKOOB37695369
50333	31/08/2026 21:27:02	CEDIS IDE QUILICURA	10000798	VIÑA DEL MAR	Receptado	10001291	01/09/2026 06:45:44	P5T	17	15	2	DBLS59/KYPH95/HKOOB37695369
50336	31/08/2026 22:09:06	GRANDES CLIENTES	10119634	PLANTA IDEAL	Receptado	10001082	31/08/2026 22:56:43	BG	1200	1200	0	0/0/10536117
50336	31/08/2026 22:09:06	GRANDES CLIENTES	10119634	PLANTA IDEAL	Receptado	10001082	31/08/2026 22:56:43	P5T	10	10	0	0/0/10536117
50337	31/08/2026 22:10:52	LO ESPEJO	10458156	PLANTA IDEAL	Receptado	10487508	01/09/2026 09:00:10	BG	446	446	0	IDEAL/IDEAL/IDEAL
50339	31/08/2026 22:20:55	QUILICURA	101196341	ECCOFEED SPA	Receptado	10487508	02/09/2026 10:13:57	BG	293	293	0	0/0/0
50339	31/08/2026 22:20:55	QUILICURA	101196341	ECCOFEED SPA	Receptado	10487508	02/09/2026 10:13:57	P5T	5	5	0	0/0/0
50340	31/08/2026 22:21:59	LO ESPEJO	10458156	ECCOFEED SPA	Receptado	10487508	02/09/2026 10:14:15	BG	334	334	0	IDEAL/IDEAL/IDEAL
50340	31/08/2026 22:21:59	LO ESPEJO	10458156	ECCOFEED SPA	Receptado	10487508	02/09/2026 10:14:15	P5T	6	6	0	IDEAL/IDEAL/IDEAL
50342	31/08/2026 23:07:43	GRANDES CLIENTES	10001251	PLANTA IDEAL	Receptado	10001082	31/08/2026 23:52:19	BG	1200	1200	0	0/0/10536121
50342	31/08/2026 23:07:43	GRANDES CLIENTES	10001251	PLANTA IDEAL	Receptado	10001082	31/08/2026 23:52:19	P5T	10	10	0	0/0/10536121
50346	31/08/2026 23:35:37	PLANTA IDEAL	10001082	CEDIS IDE QUILICURA	Receptado	10001100	01/09/2026 01:55:21	BCH	1900	1900	0	1/1/CHKL478148
50346	31/08/2026 23:35:37	PLANTA IDEAL	10001082	CEDIS IDE QUILICURA	Receptado	10001100	01/09/2026 01:55:21	BG	180	180	0	1/1/CHKL478148
50346	31/08/2026 23:35:37	PLANTA IDEAL	10001082	CEDIS IDE QUILICURA	Receptado	10001100	01/09/2026 01:55:21	P5T	19	19	0	1/1/CHKL478148
50903	04/09/2026 18:21:17	PLANTA IDEAL	10033115	CEDIS IDE QUILICURA	Receptado	10032939	04/09/2026 18:26:27	BG	444	444	0	49/49/CHKL478446
50903	04/09/2026 18:21:17	PLANTA IDEAL	10033115	CEDIS IDE QUILICURA	Receptado	10032939	04/09/2026 18:26:27	P5T	8	8	0	49/49/CHKL478446
50904	04/09/2026 18:23:32	PLANTA IDEAL	10033115	CEDIS IDE QUILICURA	Receptado	10032939	04/09/2026 18:26:52	BCH	1042	1042	0	50/50/CHKL478304
50904	04/09/2026 18:23:32	PLANTA IDEAL	10033115	CEDIS IDE QUILICURA	Receptado	10032939	04/09/2026 18:26:52	BG	486	486	0	50/50/CHKL478304
50904	04/09/2026 18:23:32	PLANTA IDEAL	10033115	CEDIS IDE QUILICURA	Receptado	10032939	04/09/2026 18:26:52	P5T	16	16	0	50/50/CHKL478304
50905	04/09/2026 18:24:57	PLANTA IDEAL	10033115	CEDIS IDE QUILICURA	Receptado	10032939	04/09/2026 18:27:14	BG	1320	1320	0	49/49/CHKL478416
50905	04/09/2026 18:24:57	PLANTA IDEAL	10033115	CEDIS IDE QUILICURA	Receptado	10032939	04/09/2026 18:27:14	P5T	11	11	0	49/49/CHKL478416
49824	27/08/2026 05:10:26	CEDIS IDE QUILICURA	10032939	SALON PEDRO DE VALDIVIA	Receptado	10000349	28/08/2026 14:56:00	BG	14	16	-2	1/1/CHKO383890
49824	27/08/2026 05:10:26	CEDIS IDE QUILICURA	10032939	SALON PEDRO DE VALDIVIA	Receptado	10000349	28/08/2026 14:56:00	P5T	1	0	1	1/1/CHKO383890
49830	27/08/2026 05:21:59	PLANTA IDEAL	10033115	CEDIS IDE QUILICURA	Receptado	10032939	27/08/2026 05:49:14	BG	1068	1068	0	50/50/CHKL477805
49830	27/08/2026 05:21:59	PLANTA IDEAL	10033115	CEDIS IDE QUILICURA	Receptado	10032939	27/08/2026 05:49:14	P5T	14	14	0	50/50/CHKL477805
50153	29/08/2026 09:16:15	IQUIQUE	10012419	ECCOFEED SPA	Receptado	10487508	02/09/2026 09:51:06	BG	287	287	0	LXHJ-99/PWXK-76/8420465
50153	29/08/2026 09:16:15	IQUIQUE	10012419	ECCOFEED SPA	Receptado	10487508	02/09/2026 09:51:06	P5T	6	6	0	LXHJ-99/PWXK-76/8420465
50157	29/08/2026 10:22:46	IQUIQUE	10012419	PLANTA IDEAL	Receptado	10001082	31/08/2026 03:21:17	BG	944	944	0	LXHJ-99/PWXK-76/10535988
50157	29/08/2026 10:22:46	IQUIQUE	10012419	PLANTA IDEAL	Receptado	10001082	31/08/2026 03:21:17	P5T	15	15	0	LXHJ-99/PWXK-76/10535988
50172	29/08/2026 12:43:56	CEDIS IDE QUILICURA	10161182	LO ESPEJO	Receptado	10461749	31/08/2026 04:20:25	BG	822	822	0	STJR25/JG4930/HKOOB37692487
50172	29/08/2026 12:43:56	CEDIS IDE QUILICURA	10161182	LO ESPEJO	Receptado	10461749	31/08/2026 04:20:25	P5T	12	12	0	STJR25/JG4930/HKOOB37692487
50233	31/08/2026 04:26:18	PLANTA IDEAL	10001082	CEDIS IDE QUILICURA	Receptado	10001100	31/08/2026 06:18:12	BG	852	852	0	1/1/CHKL478068
50233	31/08/2026 04:26:18	PLANTA IDEAL	10001082	CEDIS IDE QUILICURA	Receptado	10001100	31/08/2026 06:18:12	P5T	18	18	0	1/1/CHKL478068
50241	31/08/2026 07:34:28	TEMUCO	10344423	PLANTA CHILLAN	Receptado	10000416	31/08/2026 13:19:44	BG	896	896	0	PSLY22 /HGKY40 /10536029
50241	31/08/2026 07:34:28	TEMUCO	10344423	PLANTA CHILLAN	Receptado	10000416	31/08/2026 13:19:44	P5T	20	19	1	PSLY22 /HGKY40 /10536029
50246	31/08/2026 08:18:21	CONCEPCION	10001026	CEDIS IDE QUILICURA	Receptado	10001100	01/09/2026 01:23:25	BG	1188	1188	0	VJWL-64/PXKH-32/10536034
50246	31/08/2026 08:18:21	CONCEPCION	10001026	CEDIS IDE QUILICURA	Receptado	10001100	01/09/2026 01:23:25	P5T	17	17	0	VJWL-64/PXKH-32/10536034
50251	31/08/2026 09:25:02	CEDIS IDE QUILICURA	10033023	PUERTO MONTT	Receptado	10001696	01/09/2026 11:04:05	BCH	81	81	0	PFBS16/KYLG77/HKOOB37693515
50251	31/08/2026 09:25:02	CEDIS IDE QUILICURA	10033023	PUERTO MONTT	Receptado	10001696	01/09/2026 11:04:05	BG	768	768	0	PFBS16/KYLG77/HKOOB37693515
50251	31/08/2026 09:25:02	CEDIS IDE QUILICURA	10033023	PUERTO MONTT	Receptado	10001696	01/09/2026 11:04:05	P5T	13	13	0	PFBS16/KYLG77/HKOOB37693515
50252	31/08/2026 09:31:24	PUERTO MONTT	10001696	ECCOFEED SPA	Receptado	10005088	04/09/2026 19:22:19	BG	234	234	0	PSLY-27/PWZP-19/13057129-30-32-33
50252	31/08/2026 09:31:24	PUERTO MONTT	10001696	ECCOFEED SPA	Receptado	10005088	04/09/2026 19:22:19	P5T	4	4	0	PSLY-27/PWZP-19/13057129-30-32-33
50289	31/08/2026 12:50:49	SALON QUILICURA	10000981	QUILICURA	Receptado	101196341	31/08/2026 17:18:17	BG	28	28	0	0/0/0
50295	31/08/2026 13:19:18	CEDIS IDE QUILICURA	10033023	DISTRIBUIDOR CORCORAN	Pendiente			BCH	1	0	1	SFSF68/KDKD46/CHKO384085
50295	31/08/2026 13:19:18	CEDIS IDE QUILICURA	10033023	DISTRIBUIDOR CORCORAN	Pendiente			BG	853	0	853	SFSF68/KDKD46/CHKO384085
50303	31/08/2026 15:00:09	SALON PEDRO DE VALDIVIA	10000349	QUILICURA	Receptado	101196341	31/08/2026 17:16:30	BG	31	31	0	0/0/0
50305	31/08/2026 15:42:02	LO ESPEJO	10458156	PLANTA IDEAL	Receptado	10033115	31/08/2026 20:56:58	BG	1680	1680	0	IDEAL/IDEAL/IDEAL
50305	31/08/2026 15:42:02	LO ESPEJO	10458156	PLANTA IDEAL	Receptado	10033115	31/08/2026 20:56:58	P5T	17	17	0	IDEAL/IDEAL/IDEAL
50498	01/09/2026 22:22:07	PLANTA IDEAL	10033115	CEDIS IDE QUILICURA	Receptado	10032939	01/09/2026 22:36:17	BG	1320	1320	0	50/50/CHKL478197
50498	01/09/2026 22:22:07	PLANTA IDEAL	10033115	CEDIS IDE QUILICURA	Receptado	10032939	01/09/2026 22:36:17	P5T	16	16	0	50/50/CHKL478197
50500	01/09/2026 22:34:41	QUILICURA	10001353	ECCOFEED SPA	Receptado	10005088	04/09/2026 19:36:03	BG	236	236	0	NN/NN/NN
50500	01/09/2026 22:34:41	QUILICURA	10001353	ECCOFEED SPA	Receptado	10005088	04/09/2026 19:36:03	P5T	4	4	0	NN/NN/NN
50529	02/09/2026 04:40:00	PLANTA IDEAL	10001082	CEDIS IDE QUILICURA	Receptado	10033023	02/09/2026 08:02:14	BG	1214	1214	0	1/1/CHKL478214
50529	02/09/2026 04:40:00	PLANTA IDEAL	10001082	CEDIS IDE QUILICURA	Receptado	10033023	02/09/2026 08:02:14	P5T	12	12	0	1/1/CHKL478214
50585	02/09/2026 12:09:18	PLANTA CHILLAN	10000416	PLANTA IDEAL	Receptado	10001082	04/09/2026 01:16:15	BG	2230	2148	82	PFBS18/PWSS30/10536227
50585	02/09/2026 12:09:18	PLANTA CHILLAN	10000416	PLANTA IDEAL	Receptado	10001082	04/09/2026 01:16:15	P5T	22	18	4	PFBS18/PWSS30/10536227
50595	02/09/2026 13:43:32	CEDIS IDE QUILICURA	10033023	GRANDES CLIENTES	Receptado	10000772	02/09/2026 14:37:52	BCH	1512	1512	0	,/,/CHKO384294
50595	02/09/2026 13:43:32	CEDIS IDE QUILICURA	10033023	GRANDES CLIENTES	Receptado	10000772	02/09/2026 14:37:52	BG	4337	4337	0	,/,/CHKO384294
50595	02/09/2026 13:43:32	CEDIS IDE QUILICURA	10033023	GRANDES CLIENTES	Receptado	10000772	02/09/2026 14:37:52	P5T	99	99	0	,/,/CHKO384294
49707	26/08/2026 07:53:14	TEMUCO	10344423	PLANTA CHILLAN	Receptado	10000416	26/08/2026 13:55:38	BCH	134	134	0	LCTB56 /PTYJ57 /10535736
49707	26/08/2026 07:53:14	TEMUCO	10344423	PLANTA CHILLAN	Receptado	10000416	26/08/2026 13:55:38	BG	1770	1536	234	LCTB56 /PTYJ57 /10535736
49707	26/08/2026 07:53:14	TEMUCO	10344423	PLANTA CHILLAN	Receptado	10000416	26/08/2026 13:55:38	P5T	18	18	0	LCTB56 /PTYJ57 /10535736
49781	26/08/2026 19:56:38	CONCEPCION	10001288	PLANTA IDEAL	Receptado	10001082	27/08/2026 07:40:31	BG	1536	1536	0	CPGF97/PXFW98/10535780
49781	26/08/2026 19:56:38	CONCEPCION	10001288	PLANTA IDEAL	Receptado	10001082	27/08/2026 07:40:31	BCH	164	164	0	CPGF97/PXFW98/10535780
49781	26/08/2026 19:56:38	CONCEPCION	10001288	PLANTA IDEAL	Receptado	10001082	27/08/2026 07:40:31	P5T	32	32	0	CPGF97/PXFW98/10535780
49785	26/08/2026 20:22:55	MELIPILLA	10469278	QUILICURA	Receptado	101196341	27/08/2026 18:18:27	BG	33	33	0	Quilicura/Quilicura/N°12665381
49785	26/08/2026 20:22:55	MELIPILLA	10469278	QUILICURA	Receptado	101196341	27/08/2026 18:18:27	P5T	1	1	0	Quilicura/Quilicura/N°12665381
49786	26/08/2026 20:25:26	GRANDES CLIENTES	10001302	ECCOFEED SPA	Receptado	10487508	27/08/2026 10:19:33	BG	154	154	0	NO APLICA/NO APLICA/13155950-51
49786	26/08/2026 20:25:26	GRANDES CLIENTES	10001302	ECCOFEED SPA	Receptado	10487508	27/08/2026 10:19:33	P5T	3	3	0	NO APLICA/NO APLICA/13155950-51
49794	26/08/2026 21:45:32	PLANTA IDEAL	10000427	CEDIS IDE QUILICURA	Receptado	10033023	26/08/2026 22:42:19	BG	1269	1269	0	fylb 83/fylz 24/CHKL477738
49794	26/08/2026 21:45:32	PLANTA IDEAL	10000427	CEDIS IDE QUILICURA	Receptado	10033023	26/08/2026 22:42:19	P5T	22	22	0	fylb 83/fylz 24/CHKL477738
49795	26/08/2026 21:46:33	QUILICURA	101196341	ECCOFEED SPA	Receptado	10487508	27/08/2026 10:19:46	BG	198	198	0	0/0/0
49795	26/08/2026 21:46:33	QUILICURA	101196341	ECCOFEED SPA	Receptado	10487508	27/08/2026 10:19:46	P5T	4	4	0	0/0/0
49796	26/08/2026 22:04:08	CEDIS IDE QUILICURA	10033023	SAN FERNANDO	Receptado	10004891	27/08/2026 14:20:40	BCH	28	28	0	FHDT82/JJ4817/HKOOB37675835
49796	26/08/2026 22:04:08	CEDIS IDE QUILICURA	10033023	SAN FERNANDO	Receptado	10004891	27/08/2026 14:20:40	BG	1467	1467	0	FHDT82/JJ4817/HKOOB37675835
49796	26/08/2026 22:04:08	CEDIS IDE QUILICURA	10033023	SAN FERNANDO	Receptado	10004891	27/08/2026 14:20:40	P5T	23	23	0	FHDT82/JJ4817/HKOOB37675835
49799	26/08/2026 22:41:01	CEDIS IDE QUILICURA	10033023	QUILICURA	Receptado	10397048	31/08/2026 08:49:56	BG	294	294	0	,/,/CHKO383641
49799	26/08/2026 22:41:01	CEDIS IDE QUILICURA	10033023	QUILICURA	Receptado	10397048	31/08/2026 08:49:56	P5T	6	6	0	,/,/CHKO383641
49826	27/08/2026 05:12:49	PLANTA IDEAL	10033115	CEDIS IDE QUILICURA	Receptado	10032939	27/08/2026 05:48:27	BG	983	983	0	50/50/CHKL477787
49826	27/08/2026 05:12:49	PLANTA IDEAL	10033115	CEDIS IDE QUILICURA	Receptado	10032939	27/08/2026 05:48:27	P5T	20	20	0	50/50/CHKL477787
49828	27/08/2026 05:20:09	CEDIS IDE QUILICURA	10032939	IQUIQUE	Receptado	10012419	29/08/2026 09:16:03	BG	1224	1224	0	1/1/HKOOB37680777
49828	27/08/2026 05:20:09	CEDIS IDE QUILICURA	10032939	IQUIQUE	Receptado	10012419	29/08/2026 09:16:03	P5T	18	18	0	1/1/HKOOB37680777
49831	27/08/2026 05:23:09	PLANTA IDEAL	10033115	CEDIS IDE QUILICURA	Receptado	10032939	27/08/2026 05:49:35	BG	1320	1320	0	50/50/CHKL477789
49831	27/08/2026 05:23:09	PLANTA IDEAL	10033115	CEDIS IDE QUILICURA	Receptado	10032939	27/08/2026 05:49:35	P5T	20	20	0	50/50/CHKL477789
49911	27/08/2026 18:15:44	QUILICURA	101196341	GRANDES CLIENTES	Receptado	101196341	27/08/2026 18:17:36	BCH	6	6	0	0/0/0
49911	27/08/2026 18:15:44	QUILICURA	101196341	GRANDES CLIENTES	Receptado	101196341	27/08/2026 18:17:36	BG	33	33	0	0/0/0
49935	27/08/2026 21:42:26	CONCEPCION	10001288	ECCOFEED SPA	Receptado	10487508	02/09/2026 10:29:43	BG	238	238	0	VJWL64/PXKH32/10535868
49935	27/08/2026 21:42:26	CONCEPCION	10001288	ECCOFEED SPA	Receptado	10487508	02/09/2026 10:29:43	P5T	5	5	0	VJWL64/PXKH32/10535868
49941	27/08/2026 22:06:11	ANTOFAGASTA	10299402	CEDIS IDE QUILICURA	Receptado	10161182	29/08/2026 10:52:57	BG	1194	1194	0	VJWL65/PXKH33/10535870
49941	27/08/2026 22:06:11	ANTOFAGASTA	10299402	CEDIS IDE QUILICURA	Receptado	10161182	29/08/2026 10:52:57	P5T	16	16	0	VJWL65/PXKH33/10535870
49945	27/08/2026 22:38:50	CEDIS IDE QUILICURA	10033023	GRANDES CLIENTES	Receptado	10001251	28/08/2026 01:45:20	BCH	536	536	0	,/,/CHKO383848
49945	27/08/2026 22:38:50	CEDIS IDE QUILICURA	10033023	GRANDES CLIENTES	Receptado	10001251	28/08/2026 01:45:20	BG	6726	6726	0	,/,/CHKO383848
49945	27/08/2026 22:38:50	CEDIS IDE QUILICURA	10033023	GRANDES CLIENTES	Receptado	10001251	28/08/2026 01:45:20	P5T	124	124	0	,/,/CHKO383848
49974	28/08/2026 05:01:47	CEDIS IDE QUILICURA	10032939	MELIPILLA	Receptado	10291937	28/08/2026 09:47:30	BG	1034	864	170	1/1/HKOOB37685618
49974	28/08/2026 05:01:47	CEDIS IDE QUILICURA	10032939	MELIPILLA	Receptado	10291937	28/08/2026 09:47:30	P5T	19	17	2	1/1/HKOOB37685618
50031	28/08/2026 12:30:35	PLANTA IDEAL	10001082	CEDIS IDE QUILICURA	Receptado	10033023	28/08/2026 15:39:25	P5T	5	5	0	1/1/CHKL477796
50111	29/08/2026 03:32:54	PLANTA IDEAL	10033115	CEDIS IDE QUILICURA	Receptado	10032939	29/08/2026 04:25:24	BCH	149	149	0	50/50/CHKL477926
50111	29/08/2026 03:32:54	PLANTA IDEAL	10033115	CEDIS IDE QUILICURA	Receptado	10032939	29/08/2026 04:25:24	BG	336	336	0	50/50/CHKL477926
50111	29/08/2026 03:32:54	PLANTA IDEAL	10033115	CEDIS IDE QUILICURA	Receptado	10032939	29/08/2026 04:25:24	P5T	6	6	0	50/50/CHKL477926
50115	29/08/2026 03:38:39	PLANTA IDEAL	10033115	CEDIS IDE QUILICURA	Receptado	10032939	29/08/2026 04:26:20	BG	896	896	0	56/56/CHKL477861
50115	29/08/2026 03:38:39	PLANTA IDEAL	10033115	CEDIS IDE QUILICURA	Receptado	10032939	29/08/2026 04:26:20	P5T	10	10	0	56/56/CHKL477861
50117	29/08/2026 03:41:23	PLANTA IDEAL	10033115	CEDIS IDE QUILICURA	Receptado	10032939	29/08/2026 04:26:50	BG	1221	1221	0	50/50/CHKL477862
50117	29/08/2026 03:41:23	PLANTA IDEAL	10033115	CEDIS IDE QUILICURA	Receptado	10032939	29/08/2026 04:26:50	P5T	22	22	0	50/50/CHKL477862
50160	29/08/2026 10:39:26	CEDIS IDE QUILICURA	10161182	TEMUCO	Receptado	10344423	31/08/2026 12:37:23	BCH	19	19	0	LTGY82/PWZH34/HKOOB37691164
50160	29/08/2026 10:39:26	CEDIS IDE QUILICURA	10161182	TEMUCO	Receptado	10344423	31/08/2026 12:37:23	BG	865	865	0	LTGY82/PWZH34/HKOOB37691164
50160	29/08/2026 10:39:26	CEDIS IDE QUILICURA	10161182	TEMUCO	Receptado	10344423	31/08/2026 12:37:23	P5T	18	18	0	LTGY82/PWZH34/HKOOB37691164
50880	04/09/2026 13:21:54	SALON QUILICURA	10000981	QUILICURA	Receptado	101196341	04/09/2026 18:43:47	BG	55	55	0	0/0/0
50881	04/09/2026 13:34:40	PLANTA IDEAL	10000427	CEDIS IDE QUILICURA	Receptado	10033023	04/09/2026 13:50:19	BG	948	948	0	FYLB 83/KYLZ 25/CHKL478302
50881	04/09/2026 13:34:40	PLANTA IDEAL	10000427	CEDIS IDE QUILICURA	Receptado	10033023	04/09/2026 13:50:19	P5T	15	15	0	FYLB 83/KYLZ 25/CHKL478302
50923	04/09/2026 21:16:40	GRANDES CLIENTES	10001302	PLANTA IDEAL	Receptado	10487508	05/09/2026 11:59:15	BCH	148	148	0	NO APLICA/NO APLICA/NO APLICA
50923	04/09/2026 21:16:40	GRANDES CLIENTES	10001302	PLANTA IDEAL	Receptado	10487508	05/09/2026 11:59:15	BG	1671	1671	0	NO APLICA/NO APLICA/NO APLICA
50923	04/09/2026 21:16:40	GRANDES CLIENTES	10001302	PLANTA IDEAL	Receptado	10487508	05/09/2026 11:59:15	P5T	16	16	0	NO APLICA/NO APLICA/NO APLICA
50962	05/09/2026 04:16:01	CEDIS IDE QUILICURA	10001100	PUERTO MONTT	Receptado	10001696	07/09/2026 10:10:37	BCH	36	36	0	1/1/HKOOB37731238
50962	05/09/2026 04:16:01	CEDIS IDE QUILICURA	10001100	PUERTO MONTT	Receptado	10001696	07/09/2026 10:10:37	BG	1189	1189	0	1/1/HKOOB37731238
50962	05/09/2026 04:16:01	CEDIS IDE QUILICURA	10001100	PUERTO MONTT	Receptado	10001696	07/09/2026 10:10:37	P5T	14	12	2	1/1/HKOOB37731238
51142	07/09/2026 17:05:53	GRANDES CLIENTES	10119634	QUILICURA	Receptado	10119634	07/09/2026 17:06:57	BG	480	480	0	0/0/0
51142	07/09/2026 17:05:53	GRANDES CLIENTES	10119634	QUILICURA	Receptado	10119634	07/09/2026 17:06:57	P5T	4	4	0	0/0/0
49918	27/08/2026 19:15:12	PLANTA IDEAL	10000427	CEDIS IDE QUILICURA	Receptado	10033023	27/08/2026 23:45:58	BG	1070	1070	0	VRLZ 40/VRLZ 40/CHKL477815
49918	27/08/2026 19:15:12	PLANTA IDEAL	10000427	CEDIS IDE QUILICURA	Receptado	10033023	27/08/2026 23:45:58	P5T	15	15	0	VRLZ 40/VRLZ 40/CHKL477815
49921	27/08/2026 20:01:46	GRANDES CLIENTES	10001302	PLANTA IDEAL	Receptado	10001082	31/08/2026 00:02:43	BCH	165	165	0	NO APLICA/NO APLICA/NO APLICA
49921	27/08/2026 20:01:46	GRANDES CLIENTES	10001302	PLANTA IDEAL	Receptado	10001082	31/08/2026 00:02:43	BG	996	996	0	NO APLICA/NO APLICA/NO APLICA
49921	27/08/2026 20:01:46	GRANDES CLIENTES	10001302	PLANTA IDEAL	Receptado	10001082	31/08/2026 00:02:43	P5T	19	19	0	NO APLICA/NO APLICA/NO APLICA
49923	27/08/2026 20:15:02	TALCA	10395252	PLANTA IDEAL	Receptado	10033115	28/08/2026 02:45:49	BCH	100	100	0	JLRS27/PXFW99/0
49923	27/08/2026 20:15:02	TALCA	10395252	PLANTA IDEAL	Receptado	10033115	28/08/2026 02:45:49	BG	1740	1740	0	JLRS27/PXFW99/0
49923	27/08/2026 20:15:02	TALCA	10395252	PLANTA IDEAL	Receptado	10033115	28/08/2026 02:45:49	P5T	73	73	0	JLRS27/PXFW99/0
49925	27/08/2026 20:34:01	PLANTA IDEAL	10000427	CEDIS IDE QUILICURA	Receptado	10033023	27/08/2026 23:46:13	BG	584	584	0	DBLS 59/KYLZ 24/CHKL477865
49925	27/08/2026 20:34:01	PLANTA IDEAL	10000427	CEDIS IDE QUILICURA	Receptado	10033023	27/08/2026 23:46:13	P5T	18	18	0	DBLS 59/KYLZ 24/CHKL477865
49940	27/08/2026 22:00:39	PLANTA IDEAL	10000427	CEDIS IDE QUILICURA	Receptado	10033023	27/08/2026 23:48:21	P5T	17	17	0	DBLS 59/KYLZ 25/CHKL477756
49942	27/08/2026 22:07:38	ANTOFAGASTA	10299402	ECCOFEED SPA	Receptado	10487508	02/09/2026 09:51:50	BG	726	726	0	VJWL65/PXKH33/10535871
49942	27/08/2026 22:07:38	ANTOFAGASTA	10299402	ECCOFEED SPA	Receptado	10487508	02/09/2026 09:51:50	P5T	16	16	0	VJWL65/PXKH33/10535871
50301	31/08/2026 14:12:00	CEDIS IDE QUILICURA	10033023	LO ESPEJO	Receptado	10138605	31/08/2026 19:26:00	BG	875	875	0	TVTD89/HXDF12/HKOOB37695361
50301	31/08/2026 14:12:00	CEDIS IDE QUILICURA	10033023	LO ESPEJO	Receptado	10138605	31/08/2026 19:26:00	P5T	16	16	0	TVTD89/HXDF12/HKOOB37695361
50307	31/08/2026 16:10:04	ANTOFAGASTA	10299402	ECCOFEED SPA	Receptado	10005088	04/09/2026 19:24:12	BCH	6	6	0	pxkh33/vjwk65/10536074
50307	31/08/2026 16:10:04	ANTOFAGASTA	10299402	ECCOFEED SPA	Receptado	10005088	04/09/2026 19:24:12	BG	499	499	0	pxkh33/vjwk65/10536074
50307	31/08/2026 16:10:04	ANTOFAGASTA	10299402	ECCOFEED SPA	Receptado	10005088	04/09/2026 19:24:12	P5T	13	13	0	pxkh33/vjwk65/10536074
50310	31/08/2026 16:56:20	GRANDES CLIENTES	10119634	PLANTA IDEAL	Receptado	10000427	01/09/2026 09:17:45	BG	240	240	0	0/0/0
50310	31/08/2026 16:56:20	GRANDES CLIENTES	10119634	PLANTA IDEAL	Receptado	10000427	01/09/2026 09:17:45	P5T	2	2	0	0/0/0
50315	31/08/2026 17:18:55	GRANDES CLIENTES	10001302	PLANTA IDEAL	Receptado	10033115	31/08/2026 18:46:00	BCH	600	600	0	PWVX27/PWVX27/10536099
50315	31/08/2026 17:18:55	GRANDES CLIENTES	10001302	PLANTA IDEAL	Receptado	10033115	31/08/2026 18:46:00	BG	840	840	0	PWVX27/PWVX27/10536099
50315	31/08/2026 17:18:55	GRANDES CLIENTES	10001302	PLANTA IDEAL	Receptado	10033115	31/08/2026 18:46:00	P5T	51	51	0	PWVX27/PWVX27/10536099
50316	31/08/2026 17:38:10	CEDIS IDE QUILICURA	10000798	LO ESPEJO	Receptado	10138605	31/08/2026 19:26:25	BG	1100	1100	0	DBLS59/KYPH94/HKOOB37695362
50316	31/08/2026 17:38:10	CEDIS IDE QUILICURA	10000798	LO ESPEJO	Receptado	10138605	31/08/2026 19:26:25	P5T	18	18	0	DBLS59/KYPH94/HKOOB37695362
50439	01/09/2026 12:51:13	CEDIS IDE QUILICURA	10033023	LA SERENA	Receptado	10444394	02/09/2026 06:17:44	BG	388	388	0	DPDT12/PXDK69/HKOOB37705106
50439	01/09/2026 12:51:13	CEDIS IDE QUILICURA	10033023	LA SERENA	Receptado	10444394	02/09/2026 06:17:44	P5T	7	7	0	DPDT12/PXDK69/HKOOB37705106
50664	03/09/2026 01:04:58	CEDIS IDE QUILICURA	10001100	MELIPILLA	Receptado	10291937	03/09/2026 09:10:07	BG	1148	1084	64	1/1/HKOOB37720985
50664	03/09/2026 01:04:58	CEDIS IDE QUILICURA	10001100	MELIPILLA	Receptado	10291937	03/09/2026 09:10:07	P5T	19	19	0	1/1/HKOOB37720985
50667	03/09/2026 01:32:48	PLANTA IDEAL	10001082	CEDIS IDE QUILICURA	Receptado	10001100	03/09/2026 06:55:28	BG	1096	1096	0	1/1/CHKL478270
50667	03/09/2026 01:32:48	PLANTA IDEAL	10001082	CEDIS IDE QUILICURA	Receptado	10001100	03/09/2026 06:55:28	P5T	19	19	0	1/1/CHKL478270
50815	04/09/2026 03:46:02	CEDIS IDE QUILICURA	10001100	CONCEPCION	Receptado	10001288	04/09/2026 15:03:41	BG	1472	1472	0	1/1/HKOOB37720959
50815	04/09/2026 03:46:02	CEDIS IDE QUILICURA	10001100	CONCEPCION	Receptado	10001288	04/09/2026 15:03:41	P5T	20	20	0	1/1/HKOOB37720959
50816	04/09/2026 04:04:51	CEDIS IDE QUILICURA	10001100	TEMUCO	Receptado	10344423	04/09/2026 10:17:38	BG	1136	1040	96	1/1/HKOOB37722850
50816	04/09/2026 04:04:51	CEDIS IDE QUILICURA	10001100	TEMUCO	Receptado	10344423	04/09/2026 10:17:38	P5T	17	17	0	1/1/HKOOB37722850
50819	04/09/2026 04:23:08	CEDIS IDE QUILICURA	10001100	EL PINAR	Receptado	10149777	04/09/2026 19:07:23	BG	1068	1068	0	1/1/HKOOB37726706
50819	04/09/2026 04:23:08	CEDIS IDE QUILICURA	10001100	EL PINAR	Receptado	10149777	04/09/2026 19:07:23	P5T	18	18	0	1/1/HKOOB37726706
50821	04/09/2026 04:43:21	CEDIS IDE QUILICURA	10001100	QUILICURA	Receptado	10397048	04/09/2026 15:28:39	BG	2045	2045	0	11/1/1
50821	04/09/2026 04:43:21	CEDIS IDE QUILICURA	10001100	QUILICURA	Receptado	10397048	04/09/2026 15:28:39	P5T	44	44	0	11/1/1
50825	04/09/2026 05:34:05	PLANTA IDEAL	10001082	CEDIS IDE QUILICURA	Receptado	10033023	04/09/2026 07:11:20	BG	1140	1140	0	1/1/CHKL478411
50825	04/09/2026 05:34:05	PLANTA IDEAL	10001082	CEDIS IDE QUILICURA	Receptado	10033023	04/09/2026 07:11:20	P5T	21	21	0	1/1/CHKL478411
50827	04/09/2026 05:40:53	CEDIS IDE QUILICURA	10001100	LA SERENA	Receptado	10444394	04/09/2026 15:10:59	BCH	35	35	0	1/1/CHKO382954
50827	04/09/2026 05:40:53	CEDIS IDE QUILICURA	10001100	LA SERENA	Receptado	10444394	04/09/2026 15:10:59	BG	1071	1071	0	1/1/CHKO382954
50827	04/09/2026 05:40:53	CEDIS IDE QUILICURA	10001100	LA SERENA	Receptado	10444394	04/09/2026 15:10:59	P5T	24	24	0	1/1/CHKO382954
50829	04/09/2026 05:59:25	PLANTA IDEAL	10001082	CEDIS IDE QUILICURA	Receptado	10033023	04/09/2026 07:11:33	BG	1122	1122	0	1/1/CHKL478324
50829	04/09/2026 05:59:25	PLANTA IDEAL	10001082	CEDIS IDE QUILICURA	Receptado	10033023	04/09/2026 07:11:33	P5T	16	16	0	1/1/CHKL478324
50830	04/09/2026 06:18:19	CEDIS IDE QUILICURA	10001100	LOS ANGELES	Receptado	172705782	05/09/2026 13:01:06	BCH	32	32	0	1/1/HKOOB37726742
50830	04/09/2026 06:18:19	CEDIS IDE QUILICURA	10001100	LOS ANGELES	Receptado	172705782	05/09/2026 13:01:06	BG	820	820	0	1/1/HKOOB37726742
50830	04/09/2026 06:18:19	CEDIS IDE QUILICURA	10001100	LOS ANGELES	Receptado	172705782	05/09/2026 13:01:06	P5T	18	18	0	1/1/HKOOB37726742
50833	04/09/2026 06:34:48	CEDIS IDE QUILICURA	10001100	COPIAPO	Receptado	10405300	05/09/2026 08:16:49	BCH	30	30	0	1/1/HKOOB37722847
50833	04/09/2026 06:34:48	CEDIS IDE QUILICURA	10001100	COPIAPO	Receptado	10405300	05/09/2026 08:16:49	BG	1283	1283	0	1/1/HKOOB37722847
50833	04/09/2026 06:34:48	CEDIS IDE QUILICURA	10001100	COPIAPO	Receptado	10405300	05/09/2026 08:16:49	P5T	19	19	0	1/1/HKOOB37722847
50839	04/09/2026 07:40:09	TEMUCO	10344423	PLANTA CHILLAN	Receptado	10000416	04/09/2026 12:29:36	BCH	86	84	2	LZRG89 /PXJF27  /10536339
50839	04/09/2026 07:40:09	TEMUCO	10344423	PLANTA CHILLAN	Receptado	10000416	04/09/2026 12:29:36	BG	1610	1600	10	LZRG89 /PXJF27  /10536339
50839	04/09/2026 07:40:09	TEMUCO	10344423	PLANTA CHILLAN	Receptado	10000416	04/09/2026 12:29:36	P5T	22	17	5	LZRG89 /PXJF27  /10536339
50842	04/09/2026 07:51:18	VALDIVIA	10421004	ECCOFEED SPA	Pendiente			P5T	2	0	2	PSLY27/PWZP19/10536340
50842	04/09/2026 07:51:18	VALDIVIA	10421004	ECCOFEED SPA	Pendiente			BG	94	0	94	PSLY27/PWZP19/10536340
50843	04/09/2026 07:51:53	MELIPILLA	10291937	ECCOFEED SPA	Receptado	10487508	05/09/2026 11:44:52	BG	120	120	0	FXRL-17/-/12667652-53
50843	04/09/2026 07:51:53	MELIPILLA	10291937	ECCOFEED SPA	Receptado	10487508	05/09/2026 11:44:52	P5T	3	3	0	FXRL-17/-/12667652-53
50909	04/09/2026 19:15:42	PLANTA CHILLAN	10000416	PLANTA IDEAL	Receptado	10000427	07/09/2026 02:12:10	BG	2140	1680	460	PSLY21/PTYJ58/10536393
50909	04/09/2026 19:15:42	PLANTA CHILLAN	10000416	PLANTA IDEAL	Receptado	10000427	07/09/2026 02:12:10	P5T	22	22	0	PSLY21/PTYJ58/10536393
50910	04/09/2026 19:28:08	CEDIS IDE QUILICURA	10032939	LO ESPEJO	Receptado	10461749	05/09/2026 04:31:58	BG	698	698	0	1/1/HKOOB37726666
50910	04/09/2026 19:28:08	CEDIS IDE QUILICURA	10032939	LO ESPEJO	Receptado	10461749	05/09/2026 04:31:58	P5T	11	11	0	1/1/HKOOB37726666
50911	04/09/2026 19:35:00	TALCA	10395252	PLANTA IDEAL	Receptado	10001082	05/09/2026 01:07:25	BG	2160	2160	0	PSLY20/PWZH30/0
50911	04/09/2026 19:35:00	TALCA	10395252	PLANTA IDEAL	Receptado	10001082	05/09/2026 01:07:25	P5T	24	18	6	PSLY20/PWZH30/0
50914	04/09/2026 20:52:00	PLANTA IDEAL	10033115	CEDIS IDE QUILICURA	Receptado	10032939	04/09/2026 21:35:56	BCH	500	500	0	49/49/CHKL478447
50914	04/09/2026 20:52:00	PLANTA IDEAL	10033115	CEDIS IDE QUILICURA	Receptado	10032939	04/09/2026 21:35:56	BG	992	992	0	49/49/CHKL478447
50914	04/09/2026 20:52:00	PLANTA IDEAL	10033115	CEDIS IDE QUILICURA	Receptado	10032939	04/09/2026 21:35:56	P5T	15	15	0	49/49/CHKL478447
50917	04/09/2026 20:57:05	PLANTA IDEAL	10033115	CEDIS IDE QUILICURA	Receptado	10032939	04/09/2026 21:36:55	BCH	400	400	0	49/49/CHKL478379
50917	04/09/2026 20:57:05	PLANTA IDEAL	10033115	CEDIS IDE QUILICURA	Receptado	10032939	04/09/2026 21:36:55	BG	940	940	0	49/49/CHKL478379
50917	04/09/2026 20:57:05	PLANTA IDEAL	10033115	CEDIS IDE QUILICURA	Receptado	10032939	04/09/2026 21:36:55	P5T	16	16	0	49/49/CHKL478379
50919	04/09/2026 21:01:23	PLANTA CHILLAN	10000416	PLANTA IDEAL	Receptado	10033115	05/09/2026 20:06:11	BG	2210	2210	0	PJJV11/KYRC26/10536399
50919	04/09/2026 21:01:23	PLANTA CHILLAN	10000416	PLANTA IDEAL	Receptado	10033115	05/09/2026 20:06:11	P5T	23	23	0	PJJV11/KYRC26/10536399
50925	04/09/2026 22:09:42	LO ESPEJO	10458156	PLANTA IDEAL	Receptado	10487508	05/09/2026 12:00:23	BG	784	784	0	IDEAL/IDEAL/IDEAL
